date,fluxadjflux,target_flux,lag1,lag2,lag3,lag4,lag5,lag6,lag7,lag8,lag9,lag10,lag11,lag12,lag13,lag14,lag15,lag16,lag17,lag18,lag19,lag20,lag21,lag22,lag23,lag24,lag25,lag26,lag27,year,month,day,date_str,mgii_index,source_id,mgii_lag1,mgii_lag2,mgii_lag3,mgii_lag4,mgii_lag5,mgii_lag6,mgii_lag7,mgii_lag27
2004-11-24,105.43333333333334,108.86666666666667,105.76666666666667,103.76666666666667,99.0,97.46666666666665,101.13333333333333,102.89999999999999,103.23333333333333,103.8,103.56666666666666,97.7,95.0,94.23333333333333,93.53333333333335,103.53333333333335,196.39999999999998,122.0,135.1,125.36666666666667,135.26666666666668,138.13333333333333,135.20000000000002,131.20000000000002,132.7,137.20000000000002,139.46666666666667,130.55,132.45,2004,11,24,11/24/2004,-999.0,0.0,0.27241,0.27249,0.2721,0.27187,0.27156,0.27124,0.27153,0.27425
2004-11-25,106.93333333333334,102.46666666666665,105.43333333333334,105.76666666666667,103.76666666666667,99.0,97.46666666666665,101.13333333333333,102.89999999999999,103.23333333333333,103.8,103.56666666666666,97.7,95.0,94.23333333333333,93.53333333333335,103.53333333333335,196.39999999999998,122.0,135.1,125.36666666666667,135.26666666666668,138.13333333333333,135.20000000000002,131.20000000000002,132.7,137.20000000000002,139.46666666666667,130.55,2004,11,25,11/25/2004,0.27352,6.0,-999.0,0.27241,0.27249,0.2721,0.27187,0.27156,0.27124,0.27458
2004-11-26,109.33333333333333,98.16666666666667,106.93333333333334,105.43333333333334,105.76666666666667,103.76666666666667,99.0,97.46666666666665,101.13333333333333,102.89999999999999,103.23333333333333,103.8,103.56666666666666,97.7,95.0,94.23333333333333,93.53333333333335,103.53333333333335,196.39999999999998,122.0,135.1,125.36666666666667,135.26666666666668,138.13333333333333,135.20000000000002,131.20000000000002,132.7,137.20000000000002,139.46666666666667,2004,11,26,11/26/2004,0.27367,6.0,0.27352,-999.0,0.27241,0.27249,0.2721,0.27187,0.27156,0.27438
2004-11-27,107.63333333333333,94.53333333333335,109.33333333333333,106.93333333333334,105.43333333333334,105.76666666666667,103.76666666666667,99.0,97.46666666666665,101.13333333333333,102.89999999999999,103.23333333333333,103.8,103.56666666666666,97.7,95.0,94.23333333333333,93.53333333333335,103.53333333333335,196.39999999999998,122.0,135.1,125.36666666666667,135.26666666666668,138.13333333333333,135.20000000000002,131.20000000000002,132.7,137.20000000000002,2004,11,27,11/27/2004,0.27441,6.0,0.27367,0.27352,-999.0,0.27241,0.27249,0.2721,0.27187,0.27468
2004-11-28,109.10000000000001,93.63333333333333,107.63333333333333,109.33333333333333,106.93333333333334,105.43333333333334,105.76666666666667,103.76666666666667,99.0,97.46666666666665,101.13333333333333,102.89999999999999,103.23333333333333,103.8,103.56666666666666,97.7,95.0,94.23333333333333,93.53333333333335,103.53333333333335,196.39999999999998,122.0,135.1,125.36666666666667,135.26666666666668,138.13333333333333,135.20000000000002,131.20000000000002,132.7,2004,11,28,11/28/2004,0.27445,6.0,0.27441,0.27367,0.27352,-999.0,0.27241,0.27249,0.2721,0.27393
2004-11-29,108.96666666666665,90.2,109.10000000000001,107.63333333333333,109.33333333333333,106.93333333333334,105.43333333333334,105.76666666666667,103.76666666666667,99.0,97.46666666666665,101.13333333333333,102.89999999999999,103.23333333333333,103.8,103.56666666666666,97.7,95.0,94.23333333333333,93.53333333333335,103.53333333333335,196.39999999999998,122.0,135.1,125.36666666666667,135.26666666666668,138.13333333333333,135.20000000000002,131.20000000000002,2004,11,29,11/29/2004,0.27407,6.0,0.27445,0.27441,0.27367,0.27352,-999.0,0.27241,0.27249,0.27312
2004-11-30,106.93333333333334,87.46666666666665,108.96666666666665,109.10000000000001,107.63333333333333,109.33333333333333,106.93333333333334,105.43333333333334,105.76666666666667,103.76666666666667,99.0,97.46666666666665,101.13333333333333,102.89999999999999,103.23333333333333,103.8,103.56666666666666,97.7,95.0,94.23333333333333,93.53333333333335,103.53333333333335,196.39999999999998,122.0,135.1,125.36666666666667,135.26666666666668,138.13333333333333,135.20000000000002,2004,11,30,11/30/2004,0.27359,6.0,0.27407,0.27445,0.27441,0.27367,0.27352,-999.0,0.27241,0.27286
2004-12-01,108.86666666666667,87.86666666666667,106.93333333333334,108.96666666666665,109.10000000000001,107.63333333333333,109.33333333333333,106.93333333333334,105.43333333333334,105.76666666666667,103.76666666666667,99.0,97.46666666666665,101.13333333333333,102.89999999999999,103.23333333333333,103.8,103.56666666666666,97.7,95.0,94.23333333333333,93.53333333333335,103.53333333333335,196.39999999999998,122.0,135.1,125.36666666666667,135.26666666666668,138.13333333333333,2004,12,1,12/01/2004,0.27288,6.0,0.27359,0.27407,0.27445,0.27441,0.27367,0.27352,-999.0,0.27249
2004-12-02,102.46666666666665,84.83333333333333,108.86666666666667,106.93333333333334,108.96666666666665,109.10000000000001,107.63333333333333,109.33333333333333,106.93333333333334,105.43333333333334,105.76666666666667,103.76666666666667,99.0,97.46666666666665,101.13333333333333,102.89999999999999,103.23333333333333,103.8,103.56666666666666,97.7,95.0,94.23333333333333,93.53333333333335,103.53333333333335,196.39999999999998,122.0,135.1,125.36666666666667,135.26666666666668,2004,12,2,12/02/2004,0.27227,6.0,0.27288,0.27359,0.27407,0.27445,0.27441,0.27367,0.27352,0.27224
2004-12-03,98.16666666666667,82.86666666666667,102.46666666666665,108.86666666666667,106.93333333333334,108.96666666666665,109.10000000000001,107.63333333333333,109.33333333333333,106.93333333333334,105.43333333333334,105.76666666666667,103.76666666666667,99.0,97.46666666666665,101.13333333333333,102.89999999999999,103.23333333333333,103.8,103.56666666666666,97.7,95.0,94.23333333333333,93.53333333333335,103.53333333333335,196.39999999999998,122.0,135.1,125.36666666666667,2004,12,3,12/03/2004,0.27235,6.0,0.27227,0.27288,0.27359,0.27407,0.27445,0.27441,0.27367,0.27277
2004-12-04,94.53333333333335,87.5,98.16666666666667,102.46666666666665,108.86666666666667,106.93333333333334,108.96666666666665,109.10000000000001,107.63333333333333,109.33333333333333,106.93333333333334,105.43333333333334,105.76666666666667,103.76666666666667,99.0,97.46666666666665,101.13333333333333,102.89999999999999,103.23333333333333,103.8,103.56666666666666,97.7,95.0,94.23333333333333,93.53333333333335,103.53333333333335,196.39999999999998,122.0,135.1,2004,12,4,12/04/2004,0.272,6.0,0.27235,0.27227,0.27288,0.27359,0.27407,0.27445,0.27441,0.27213
2004-12-05,93.63333333333333,88.5,94.53333333333335,98.16666666666667,102.46666666666665,108.86666666666667,106.93333333333334,108.96666666666665,109.10000000000001,107.63333333333333,109.33333333333333,106.93333333333334,105.43333333333334,105.76666666666667,103.76666666666667,99.0,97.46666666666665,101.13333333333333,102.89999999999999,103.23333333333333,103.8,103.56666666666666,97.7,95.0,94.23333333333333,93.53333333333335,103.53333333333335,196.39999999999998,122.0,2004,12,5,12/05/2004,0.27141,6.0,0.272,0.27235,0.27227,0.27288,0.27359,0.27407,0.27445,0.27214
2004-12-06,90.2,86.5,93.63333333333333,94.53333333333335,98.16666666666667,102.46666666666665,108.86666666666667,106.93333333333334,108.96666666666665,109.10000000000001,107.63333333333333,109.33333333333333,106.93333333333334,105.43333333333334,105.76666666666667,103.76666666666667,99.0,97.46666666666665,101.13333333333333,102.89999999999999,103.23333333333333,103.8,103.56666666666666,97.7,95.0,94.23333333333333,93.53333333333335,103.53333333333335,196.39999999999998,2004,12,6,12/06/2004,0.27087,6.0,0.27141,0.272,0.27235,0.27227,0.27288,0.27359,0.27407,0.27173
2004-12-07,87.46666666666665,86.03333333333335,90.2,93.63333333333333,94.53333333333335,98.16666666666667,102.46666666666665,108.86666666666667,106.93333333333334,108.96666666666665,109.10000000000001,107.63333333333333,109.33333333333333,106.93333333333334,105.43333333333334,105.76666666666667,103.76666666666667,99.0,97.46666666666665,101.13333333333333,102.89999999999999,103.23333333333333,103.8,103.56666666666666,97.7,95.0,94.23333333333333,93.53333333333335,103.53333333333335,2004,12,7,12/07/2004,0.27051,6.0,0.27087,0.27141,0.272,0.27235,0.27227,0.27288,0.27359,0.27115
2004-12-08,87.86666666666667,86.2,87.46666666666665,90.2,93.63333333333333,94.53333333333335,98.16666666666667,102.46666666666665,108.86666666666667,106.93333333333334,108.96666666666665,109.10000000000001,107.63333333333333,109.33333333333333,106.93333333333334,105.43333333333334,105.76666666666667,103.76666666666667,99.0,97.46666666666665,101.13333333333333,102.89999999999999,103.23333333333333,103.8,103.56666666666666,97.7,95.0,94.23333333333333,93.53333333333335,2004,12,8,12/08/2004,0.27021,6.0,0.27051,0.27087,0.27141,0.272,0.27235,0.27227,0.27288,0.27066
2004-12-09,84.83333333333333,97.80000000000001,87.86666666666667,87.46666666666665,90.2,93.63333333333333,94.53333333333335,98.16666666666667,102.46666666666665,108.86666666666667,106.93333333333334,108.96666666666665,109.10000000000001,107.63333333333333,109.33333333333333,106.93333333333334,105.43333333333334,105.76666666666667,103.76666666666667,99.0,97.46666666666665,101.13333333333333,102.89999999999999,103.23333333333333,103.8,103.56666666666666,97.7,95.0,94.23333333333333,2004,12,9,12/09/2004,0.27043,6.0,0.27021,0.27051,0.27087,0.27141,0.272,0.27235,0.27227,0.27084
2004-12-10,82.86666666666667,95.89999999999999,84.83333333333333,87.86666666666667,87.46666666666665,90.2,93.63333333333333,94.53333333333335,98.16666666666667,102.46666666666665,108.86666666666667,106.93333333333334,108.96666666666665,109.10000000000001,107.63333333333333,109.33333333333333,106.93333333333334,105.43333333333334,105.76666666666667,103.76666666666667,99.0,97.46666666666665,101.13333333333333,102.89999999999999,103.23333333333333,103.8,103.56666666666666,97.7,95.0,2004,12,10,12/10/2004,0.27024,6.0,0.27043,0.27021,0.27051,0.27087,0.27141,0.272,0.27235,0.2708
2004-12-11,87.5,93.53333333333335,82.86666666666667,84.83333333333333,87.86666666666667,87.46666666666665,90.2,93.63333333333333,94.53333333333335,98.16666666666667,102.46666666666665,108.86666666666667,106.93333333333334,108.96666666666665,109.10000000000001,107.63333333333333,109.33333333333333,106.93333333333334,105.43333333333334,105.76666666666667,103.76666666666667,99.0,97.46666666666665,101.13333333333333,102.89999999999999,103.23333333333333,103.8,103.56666666666666,97.7,2004,12,11,12/11/2004,0.27022,6.0,0.27024,0.27043,0.27021,0.27051,0.27087,0.27141,0.272,0.2712
2004-12-12,88.5,93.96666666666665,87.5,82.86666666666667,84.83333333333333,87.86666666666667,87.46666666666665,90.2,93.63333333333333,94.53333333333335,98.16666666666667,102.46666666666665,108.86666666666667,106.93333333333334,108.96666666666665,109.10000000000001,107.63333333333333,109.33333333333333,106.93333333333334,105.43333333333334,105.76666666666667,103.76666666666667,99.0,97.46666666666665,101.13333333333333,102.89999999999999,103.23333333333333,103.8,103.56666666666666,2004,12,12,12/12/2004,0.27018,6.0,0.27022,0.27024,0.27043,0.27021,0.27051,0.27087,0.27141,0.2713
2004-12-13,86.5,90.06666666666666,88.5,87.5,82.86666666666667,84.83333333333333,87.86666666666667,87.46666666666665,90.2,93.63333333333333,94.53333333333335,98.16666666666667,102.46666666666665,108.86666666666667,106.93333333333334,108.96666666666665,109.10000000000001,107.63333333333333,109.33333333333333,106.93333333333334,105.43333333333334,105.76666666666667,103.76666666666667,99.0,97.46666666666665,101.13333333333333,102.89999999999999,103.23333333333333,103.8,2004,12,13,12/13/2004,0.27011,6.0,0.27018,0.27022,0.27024,0.27043,0.27021,0.27051,0.27087,0.27122
2004-12-14,86.03333333333335,89.06666666666666,86.5,88.5,87.5,82.86666666666667,84.83333333333333,87.86666666666667,87.46666666666665,90.2,93.63333333333333,94.53333333333335,98.16666666666667,102.46666666666665,108.86666666666667,106.93333333333334,108.96666666666665,109.10000000000001,107.63333333333333,109.33333333333333,106.93333333333334,105.43333333333334,105.76666666666667,103.76666666666667,99.0,97.46666666666665,101.13333333333333,102.89999999999999,103.23333333333333,2004,12,14,12/14/2004,-999.0,0.0,0.27011,0.27018,0.27022,0.27024,0.27043,0.27021,0.27051,0.27153
2004-12-15,86.2,93.5,86.03333333333335,86.5,88.5,87.5,82.86666666666667,84.83333333333333,87.86666666666667,87.46666666666665,90.2,93.63333333333333,94.53333333333335,98.16666666666667,102.46666666666665,108.86666666666667,106.93333333333334,108.96666666666665,109.10000000000001,107.63333333333333,109.33333333333333,106.93333333333334,105.43333333333334,105.76666666666667,103.76666666666667,99.0,97.46666666666665,101.13333333333333,102.89999999999999,2004,12,15,12/15/2004,0.26931,6.0,-999.0,0.27011,0.27018,0.27022,0.27024,0.27043,0.27021,0.27124
2004-12-21,97.80000000000001,103.3,86.2,86.03333333333335,86.5,88.5,87.5,82.86666666666667,84.83333333333333,87.86666666666667,87.46666666666665,90.2,93.63333333333333,94.53333333333335,98.16666666666667,102.46666666666665,108.86666666666667,106.93333333333334,108.96666666666665,109.10000000000001,107.63333333333333,109.33333333333333,106.93333333333334,105.43333333333334,105.76666666666667,103.76666666666667,99.0,97.46666666666665,101.13333333333333,2004,12,21,12/21/2004,0.27067,6.0,0.27042,0.27004,0.26984,0.26918,0.26931,-999.0,0.27011,0.27241
2004-12-22,95.89999999999999,97.10000000000001,97.80000000000001,86.2,86.03333333333335,86.5,88.5,87.5,82.86666666666667,84.83333333333333,87.86666666666667,87.46666666666665,90.2,93.63333333333333,94.53333333333335,98.16666666666667,102.46666666666665,108.86666666666667,106.93333333333334,108.96666666666665,109.10000000000001,107.63333333333333,109.33333333333333,106.93333333333334,105.43333333333334,105.76666666666667,103.76666666666667,99.0,97.46666666666665,2004,12,22,12/22/2004,0.27137,6.0,0.27067,0.27042,0.27004,0.26984,0.26918,0.26931,-999.0,-999.0
2004-12-23,93.53333333333335,96.93333333333334,95.89999999999999,97.80000000000001,86.2,86.03333333333335,86.5,88.5,87.5,82.86666666666667,84.83333333333333,87.86666666666667,87.46666666666665,90.2,93.63333333333333,94.53333333333335,98.16666666666667,102.46666666666665,108.86666666666667,106.93333333333334,108.96666666666665,109.10000000000001,107.63333333333333,109.33333333333333,106.93333333333334,105.43333333333334,105.76666666666667,103.76666666666667,99.0,2004,12,23,12/23/2004,0.27204,6.0,0.27137,0.27067,0.27042,0.27004,0.26984,0.26918,0.26931,0.27352
2004-12-24,93.96666666666665,94.93333333333334,93.53333333333335,95.89999999999999,97.80000000000001,86.2,86.03333333333335,86.5,88.5,87.5,82.86666666666667,84.83333333333333,87.86666666666667,87.46666666666665,90.2,93.63333333333333,94.53333333333335,98.16666666666667,102.46666666666665,108.86666666666667,106.93333333333334,108.96666666666665,109.10000000000001,107.63333333333333,109.33333333333333,106.93333333333334,105.43333333333334,105.76666666666667,103.76666666666667,2004,12,24,12/24/2004,0.27272,6.0,0.27204,0.27137,0.27067,0.27042,0.27004,0.26984,0.26918,0.27367
2004-12-25,90.06666666666666,95.46666666666665,93.96666666666665,93.53333333333335,95.89999999999999,97.80000000000001,86.2,86.03333333333335,86.5,88.5,87.5,82.86666666666667,84.83333333333333,87.86666666666667,87.46666666666665,90.2,93.63333333333333,94.53333333333335,98.16666666666667,102.46666666666665,108.86666666666667,106.93333333333334,108.96666666666665,109.10000000000001,107.63333333333333,109.33333333333333,106.93333333333334,105.43333333333334,105.76666666666667,2004,12,25,12/25/2004,0.27292,6.0,0.27272,0.27204,0.27137,0.27067,0.27042,0.27004,0.26984,0.27441
2004-12-26,89.06666666666666,95.8,90.06666666666666,93.96666666666665,93.53333333333335,95.89999999999999,97.80000000000001,86.2,86.03333333333335,86.5,88.5,87.5,82.86666666666667,84.83333333333333,87.86666666666667,87.46666666666665,90.2,93.63333333333333,94.53333333333335,98.16666666666667,102.46666666666665,108.86666666666667,106.93333333333334,108.96666666666665,109.10000000000001,107.63333333333333,109.33333333333333,106.93333333333334,105.43333333333334,2004,12,26,12/26/2004,0.27259,6.0,0.27292,0.27272,0.27204,0.27137,0.27067,0.27042,0.27004,0.27445
2004-12-27,93.5,90.16666666666667,89.06666666666666,90.06666666666666,93.96666666666665,93.53333333333335,95.89999999999999,97.80000000000001,86.2,86.03333333333335,86.5,88.5,87.5,82.86666666666667,84.83333333333333,87.86666666666667,87.46666666666665,90.2,93.63333333333333,94.53333333333335,98.16666666666667,102.46666666666665,108.86666666666667,106.93333333333334,108.96666666666665,109.10000000000001,107.63333333333333,109.33333333333333,106.93333333333334,2004,12,27,12/27/2004,0.27238,6.0,0.27259,0.27292,0.27272,0.27204,0.27137,0.27067,0.27042,0.27407
2004-12-28,103.3,85.06666666666666,93.5,89.06666666666666,90.06666666666666,93.96666666666665,93.53333333333335,95.89999999999999,97.80000000000001,86.2,86.03333333333335,86.5,88.5,87.5,82.86666666666667,84.83333333333333,87.86666666666667,87.46666666666665,90.2,93.63333333333333,94.53333333333335,98.16666666666667,102.46666666666665,108.86666666666667,106.93333333333334,108.96666666666665,109.10000000000001,107.63333333333333,109.33333333333333,2004,12,28,12/28/2004,0.27226,6.0,0.27238,0.27259,0.27292,0.27272,0.27204,0.27137,0.27067,0.27359
2004-12-29,97.10000000000001,84.2,103.3,93.5,89.06666666666666,90.06666666666666,93.96666666666665,93.53333333333335,95.89999999999999,97.80000000000001,86.2,86.03333333333335,86.5,88.5,87.5,82.86666666666667,84.83333333333333,87.86666666666667,87.46666666666665,90.2,93.63333333333333,94.53333333333335,98.16666666666667,102.46666666666665,108.86666666666667,106.93333333333334,108.96666666666665,109.10000000000001,107.63333333333333,2004,12,29,12/29/2004,0.27173,6.0,0.27226,0.27238,0.27259,0.27292,0.27272,0.27204,0.27137,0.27288
2004-12-30,96.93333333333334,80.66666666666667,97.10000000000001,103.3,93.5,89.06666666666666,90.06666666666666,93.96666666666665,93.53333333333335,95.89999999999999,97.80000000000001,86.2,86.03333333333335,86.5,88.5,87.5,82.86666666666667,84.83333333333333,87.86666666666667,87.46666666666665,90.2,93.63333333333333,94.53333333333335,98.16666666666667,102.46666666666665,108.86666666666667,106.93333333333334,108.96666666666665,109.10000000000001,2004,12,30,12/30/2004,0.27163,6.0,0.27173,0.27226,0.27238,0.27259,0.27292,0.27272,0.27204,0.27227
2004-12-31,94.93333333333334,80.76666666666667,96.93333333333334,97.10000000000001,103.3,93.5,89.06666666666666,90.06666666666666,93.96666666666665,93.53333333333335,95.89999999999999,97.80000000000001,86.2,86.03333333333335,86.5,88.5,87.5,82.86666666666667,84.83333333333333,87.86666666666667,87.46666666666665,90.2,93.63333333333333,94.53333333333335,98.16666666666667,102.46666666666665,108.86666666666667,106.93333333333334,108.96666666666665,2004,12,31,12/31/2004,0.27162,6.0,0.27163,0.27173,0.27226,0.27238,0.27259,0.27292,0.27272,0.27235
2005-01-01,95.46666666666665,83.8,94.93333333333334,96.93333333333334,97.10000000000001,103.3,93.5,89.06666666666666,90.06666666666666,93.96666666666665,93.53333333333335,95.89999999999999,97.80000000000001,86.2,86.03333333333335,86.5,88.5,87.5,82.86666666666667,84.83333333333333,87.86666666666667,87.46666666666665,90.2,93.63333333333333,94.53333333333335,98.16666666666667,102.46666666666665,108.86666666666667,106.93333333333334,2005,1,1,1/01/2005,0.27244,6.0,0.27162,0.27163,0.27173,0.27226,0.27238,0.27259,0.27292,0.272
2005-01-03,90.16666666666667,87.53333333333335,95.8,95.46666666666665,94.93333333333334,96.93333333333334,97.10000000000001,103.3,93.5,89.06666666666666,90.06666666666666,93.96666666666665,93.53333333333335,95.89999999999999,97.80000000000001,86.2,86.03333333333335,86.5,88.5,87.5,82.86666666666667,84.83333333333333,87.86666666666667,87.46666666666665,90.2,93.63333333333333,94.53333333333335,98.16666666666667,102.46666666666665,2005,1,3,1/03/2005,0.27065,6.0,0.27244,0.27162,0.27163,0.27173,0.27226,0.27238,0.27259,0.27141
2005-01-04,85.06666666666666,91.43333333333334,90.16666666666667,95.8,95.46666666666665,94.93333333333334,96.93333333333334,97.10000000000001,103.3,93.5,89.06666666666666,90.06666666666666,93.96666666666665,93.53333333333335,95.89999999999999,97.80000000000001,86.2,86.03333333333335,86.5,88.5,87.5,82.86666666666667,84.83333333333333,87.86666666666667,87.46666666666665,90.2,93.63333333333333,94.53333333333335,98.16666666666667,2005,1,4,1/04/2005,0.27023,6.0,0.27065,0.27244,0.27162,0.27163,0.27173,0.27226,0.27238,0.27087
2005-01-05,84.2,98.7,85.06666666666666,90.16666666666667,95.8,95.46666666666665,94.93333333333334,96.93333333333334,97.10000000000001,103.3,93.5,89.06666666666666,90.06666666666666,93.96666666666665,93.53333333333335,95.89999999999999,97.80000000000001,86.2,86.03333333333335,86.5,88.5,87.5,82.86666666666667,84.83333333333333,87.86666666666667,87.46666666666665,90.2,93.63333333333333,94.53333333333335,2005,1,5,1/05/2005,0.26972,6.0,0.27023,0.27065,0.27244,0.27162,0.27163,0.27173,0.27226,0.27051
2005-01-06,80.66666666666667,111.60000000000001,84.2,85.06666666666666,90.16666666666667,95.8,95.46666666666665,94.93333333333334,96.93333333333334,97.10000000000001,103.3,93.5,89.06666666666666,90.06666666666666,93.96666666666665,93.53333333333335,95.89999999999999,97.80000000000001,86.2,86.03333333333335,86.5,88.5,87.5,82.86666666666667,84.83333333333333,87.86666666666667,87.46666666666665,90.2,93.63333333333333,2005,1,6,1/06/2005,0.2694,6.0,0.26972,0.27023,0.27065,0.27244,0.27162,0.27163,0.27173,0.27021
2005-01-07,80.76666666666667,126.89999999999999,80.66666666666667,84.2,85.06666666666666,90.16666666666667,95.8,95.46666666666665,94.93333333333334,96.93333333333334,97.10000000000001,103.3,93.5,89.06666666666666,90.06666666666666,93.96666666666665,93.53333333333335,95.89999999999999,97.80000000000001,86.2,86.03333333333335,86.5,88.5,87.5,82.86666666666667,84.83333333333333,87.86666666666667,87.46666666666665,90.2,2005,1,7,1/07/2005,0.26925,6.0,0.2694,0.26972,0.27023,0.27065,0.27244,0.27162,0.27163,0.27043
2005-01-08,83.8,152.6,80.76666666666667,80.66666666666667,84.2,85.06666666666666,90.16666666666667,95.8,95.46666666666665,94.93333333333334,96.93333333333334,97.10000000000001,103.3,93.5,89.06666666666666,90.06666666666666,93.96666666666665,93.53333333333335,95.89999999999999,97.80000000000001,86.2,86.03333333333335,86.5,88.5,87.5,82.86666666666667,84.83333333333333,87.86666666666667,87.46666666666665,2005,1,8,1/08/2005,0.26907,6.0,0.26925,0.2694,0.26972,0.27023,0.27065,0.27244,0.27162,0.27024
2005-01-09,86.10000000000001,141.13333333333333,83.8,80.76666666666667,80.66666666666667,84.2,85.06666666666666,90.16666666666667,95.8,95.46666666666665,94.93333333333334,96.93333333333334,97.10000000000001,103.3,93.5,89.06666666666666,90.06666666666666,93.96666666666665,93.53333333333335,95.89999999999999,97.80000000000001,86.2,86.03333333333335,86.5,88.5,87.5,82.86666666666667,84.83333333333333,87.86666666666667,2005,1,9,1/09/2005,0.26872,6.0,0.26907,0.26925,0.2694,0.26972,0.27023,0.27065,0.27244,0.27022
2005-01-10,87.53333333333335,133.86666666666667,86.10000000000001,83.8,80.76666666666667,80.66666666666667,84.2,85.06666666666666,90.16666666666667,95.8,95.46666666666665,94.93333333333334,96.93333333333334,97.10000000000001,103.3,93.5,89.06666666666666,90.06666666666666,93.96666666666665,93.53333333333335,95.89999999999999,97.80000000000001,86.2,86.03333333333335,86.5,88.5,87.5,82.86666666666667,84.83333333333333,2005,1,10,1/10/2005,0.26885,6.0,0.26872,0.26907,0.26925,0.2694,0.26972,0.27023,0.27065,0.27018
2005-01-11,91.43333333333334,125.60000000000001,87.53333333333335,86.10000000000001,83.8,80.76666666666667,80.66666666666667,84.2,85.06666666666666,90.16666666666667,95.8,95.46666666666665,94.93333333333334,96.93333333333334,97.10000000000001,103.3,93.5,89.06666666666666,90.06666666666666,93.96666666666665,93.53333333333335,95.89999999999999,97.80000000000001,86.2,86.03333333333335,86.5,88.5,87.5,82.86666666666667,2005,1,11,1/11/2005,0.26873,6.0,0.26885,0.26872,0.26907,0.26925,0.2694,0.26972,0.27023,0.27011
2005-01-12,98.7,128.86666666666667,91.43333333333334,87.53333333333335,86.10000000000001,83.8,80.76666666666667,80.66666666666667,84.2,85.06666666666666,90.16666666666667,95.8,95.46666666666665,94.93333333333334,96.93333333333334,97.10000000000001,103.3,93.5,89.06666666666666,90.06666666666666,93.96666666666665,93.53333333333335,95.89999999999999,97.80000000000001,86.2,86.03333333333335,86.5,88.5,87.5,2005,1,12,1/12/2005,0.26921,6.0,0.26873,0.26885,0.26872,0.26907,0.26925,0.2694,0.26972,-999.0
2005-01-13,111.60000000000001,118.86666666666667,98.7,91.43333333333334,87.53333333333335,86.10000000000001,83.8,80.76666666666667,80.66666666666667,84.2,85.06666666666666,90.16666666666667,95.8,95.46666666666665,94.93333333333334,96.93333333333334,97.10000000000001,103.3,93.5,89.06666666666666,90.06666666666666,93.96666666666665,93.53333333333335,95.89999999999999,97.80000000000001,86.2,86.03333333333335,86.5,88.5,2005,1,13,1/13/2005,0.2698,6.0,0.26921,0.26873,0.26885,0.26872,0.26907,0.26925,0.2694,0.26931
2005-01-14,126.89999999999999,110.39999999999999,111.60000000000001,98.7,91.43333333333334,87.53333333333335,86.10000000000001,83.8,80.76666666666667,80.66666666666667,84.2,85.06666666666666,90.16666666666667,95.8,95.46666666666665,94.93333333333334,96.93333333333334,97.10000000000001,103.3,93.5,89.06666666666666,90.06666666666666,93.96666666666665,93.53333333333335,95.89999999999999,97.80000000000001,86.2,86.03333333333335,86.5,2005,1,14,1/14/2005,0.27069,6.0,0.2698,0.26921,0.26873,0.26885,0.26872,0.26907,0.26925,0.26918
2005-01-15,152.6,100.10000000000001,126.89999999999999,111.60000000000001,98.7,91.43333333333334,87.53333333333335,86.10000000000001,83.8,80.76666666666667,80.66666666666667,84.2,85.06666666666666,90.16666666666667,95.8,95.46666666666665,94.93333333333334,96.93333333333334,97.10000000000001,103.3,93.5,89.06666666666666,90.06666666666666,93.96666666666665,93.53333333333335,95.89999999999999,97.80000000000001,86.2,86.03333333333335,2005,1,15,1/15/2005,0.27161,6.0,0.27069,0.2698,0.26921,0.26873,0.26885,0.26872,0.26907,0.26984
2005-01-16,141.13333333333333,92.89999999999999,152.6,126.89999999999999,111.60000000000001,98.7,91.43333333333334,87.53333333333335,86.10000000000001,83.8,80.76666666666667,80.66666666666667,84.2,85.06666666666666,90.16666666666667,95.8,95.46666666666665,94.93333333333334,96.93333333333334,97.10000000000001,103.3,93.5,89.06666666666666,90.06666666666666,93.96666666666665,93.53333333333335,95.89999999999999,97.80000000000001,86.2,2005,1,16,1/16/2005,0.27216,6.0,0.27161,0.27069,0.2698,0.26921,0.26873,0.26885,0.26872,0.27004
2005-01-17,133.86666666666667,91.43333333333334,141.13333333333333,152.6,126.89999999999999,111.60000000000001,98.7,91.43333333333334,87.53333333333335,86.10000000000001,83.8,80.76666666666667,80.66666666666667,84.2,85.06666666666666,90.16666666666667,95.8,95.46666666666665,94.93333333333334,96.93333333333334,97.10000000000001,103.3,93.5,89.06666666666666,90.06666666666666,93.96666666666665,93.53333333333335,95.89999999999999,97.80000000000001,2005,1,17,1/17/2005,0.27257,6.0,0.27216,0.27161,0.27069,0.2698,0.26921,0.26873,0.26885,0.27042
2005-01-18,125.60000000000001,90.0,133.86666666666667,141.13333333333333,152.6,126.89999999999999,111.60000000000001,98.7,91.43333333333334,87.53333333333335,86.10000000000001,83.8,80.76666666666667,80.66666666666667,84.2,85.06666666666666,90.16666666666667,95.8,95.46666666666665,94.93333333333334,96.93333333333334,97.10000000000001,103.3,93.5,89.06666666666666,90.06666666666666,93.96666666666665,93.53333333333335,95.89999999999999,2005,1,18,1/18/2005,0.27284,6.0,0.27257,0.27216,0.27161,0.27069,0.2698,0.26921,0.26873,0.27067
2005-01-19,128.86666666666667,86.73333333333333,125.60000000000001,133.86666666666667,141.13333333333333,152.6,126.89999999999999,111.60000000000001,98.7,91.43333333333334,87.53333333333335,86.10000000000001,83.8,80.76666666666667,80.66666666666667,84.2,85.06666666666666,90.16666666666667,95.8,95.46666666666665,94.93333333333334,96.93333333333334,97.10000000000001,103.3,93.5,89.06666666666666,90.06666666666666,93.96666666666665,93.53333333333335,2005,1,19,1/19/2005,0.27307,6.0,0.27284,0.27257,0.27216,0.27161,0.27069,0.2698,0.26921,0.27137
2005-01-20,118.86666666666667,83.53333333333333,128.86666666666667,125.60000000000001,133.86666666666667,141.13333333333333,152.6,126.89999999999999,111.60000000000001,98.7,91.43333333333334,87.53333333333335,86.10000000000001,83.8,80.76666666666667,80.66666666666667,84.2,85.06666666666666,90.16666666666667,95.8,95.46666666666665,94.93333333333334,96.93333333333334,97.10000000000001,103.3,93.5,89.06666666666666,90.06666666666666,93.96666666666665,2005,1,20,1/20/2005,0.27287,6.0,0.27307,0.27284,0.27257,0.27216,0.27161,0.27069,0.2698,0.27204
2005-01-21,110.39999999999999,82.7,118.86666666666667,128.86666666666667,125.60000000000001,133.86666666666667,141.13333333333333,152.6,126.89999999999999,111.60000000000001,98.7,91.43333333333334,87.53333333333335,86.10000000000001,83.8,80.76666666666667,80.66666666666667,84.2,85.06666666666666,90.16666666666667,95.8,95.46666666666665,94.93333333333334,96.93333333333334,97.10000000000001,103.3,93.5,89.06666666666666,90.06666666666666,2005,1,21,1/21/2005,0.27293,6.0,0.27287,0.27307,0.27284,0.27257,0.27216,0.27161,0.27069,0.27272
2005-01-22,100.10000000000001,83.23333333333333,110.39999999999999,118.86666666666667,128.86666666666667,125.60000000000001,133.86666666666667,141.13333333333333,152.6,126.89999999999999,111.60000000000001,98.7,91.43333333333334,87.53333333333335,86.10000000000001,83.8,80.76666666666667,80.66666666666667,84.2,85.06666666666666,90.16666666666667,95.8,95.46666666666665,94.93333333333334,96.93333333333334,97.10000000000001,103.3,93.5,89.06666666666666,2005,1,22,1/22/2005,0.2723,6.0,0.27293,0.27287,0.27307,0.27284,0.27257,0.27216,0.27161,0.27292
2005-01-23,92.89999999999999,83.16666666666667,100.10000000000001,110.39999999999999,118.86666666666667,128.86666666666667,125.60000000000001,133.86666666666667,141.13333333333333,152.6,126.89999999999999,111.60000000000001,98.7,91.43333333333334,87.53333333333335,86.10000000000001,83.8,80.76666666666667,80.66666666666667,84.2,85.06666666666666,90.16666666666667,95.8,95.46666666666665,94.93333333333334,96.93333333333334,97.10000000000001,103.3,93.5,2005,1,23,1/23/2005,0.27181,6.0,0.2723,0.27293,0.27287,0.27307,0.27284,0.27257,0.27216,0.27259
2005-01-24,91.43333333333334,83.83333333333333,92.89999999999999,100.10000000000001,110.39999999999999,118.86666666666667,128.86666666666667,125.60000000000001,133.86666666666667,141.13333333333333,152.6,126.89999999999999,111.60000000000001,98.7,91.43333333333334,87.53333333333335,86.10000000000001,83.8,80.76666666666667,80.66666666666667,84.2,85.06666666666666,90.16666666666667,95.8,95.46666666666665,94.93333333333334,96.93333333333334,97.10000000000001,103.3,2005,1,24,1/24/2005,0.27162,6.0,0.27181,0.2723,0.27293,0.27287,0.27307,0.27284,0.27257,0.27238
2005-01-25,90.0,81.33333333333333,91.43333333333334,92.89999999999999,100.10000000000001,110.39999999999999,118.86666666666667,128.86666666666667,125.60000000000001,133.86666666666667,141.13333333333333,152.6,126.89999999999999,111.60000000000001,98.7,91.43333333333334,87.53333333333335,86.10000000000001,83.8,80.76666666666667,80.66666666666667,84.2,85.06666666666666,90.16666666666667,95.8,95.46666666666665,94.93333333333334,96.93333333333334,97.10000000000001,2005,1,25,1/25/2005,0.27095,6.0,0.27162,0.27181,0.2723,0.27293,0.27287,0.27307,0.27284,0.27226
2005-01-26,86.73333333333333,79.66666666666667,90.0,91.43333333333334,92.89999999999999,100.10000000000001,110.39999999999999,118.86666666666667,128.86666666666667,125.60000000000001,133.86666666666667,141.13333333333333,152.6,126.89999999999999,111.60000000000001,98.7,91.43333333333334,87.53333333333335,86.10000000000001,83.8,80.76666666666667,80.66666666666667,84.2,85.06666666666666,90.16666666666667,95.8,95.46666666666665,94.93333333333334,96.93333333333334,2005,1,26,1/26/2005,0.27074,6.0,0.27095,0.27162,0.27181,0.2723,0.27293,0.27287,0.27307,0.27173
2005-01-27,83.53333333333333,81.0,86.73333333333333,90.0,91.43333333333334,92.89999999999999,100.10000000000001,110.39999999999999,118.86666666666667,128.86666666666667,125.60000000000001,133.86666666666667,141.13333333333333,152.6,126.89999999999999,111.60000000000001,98.7,91.43333333333334,87.53333333333335,86.10000000000001,83.8,80.76666666666667,80.66666666666667,84.2,85.06666666666666,90.16666666666667,95.8,95.46666666666665,94.93333333333334,2005,1,27,1/27/2005,0.27054,6.0,0.27074,0.27095,0.27162,0.27181,0.2723,0.27293,0.27287,0.27163
2005-01-28,82.7,82.13333333333333,83.53333333333333,86.73333333333333,90.0,91.43333333333334,92.89999999999999,100.10000000000001,110.39999999999999,118.86666666666667,128.86666666666667,125.60000000000001,133.86666666666667,141.13333333333333,152.6,126.89999999999999,111.60000000000001,98.7,91.43333333333334,87.53333333333335,86.10000000000001,83.8,80.76666666666667,80.66666666666667,84.2,85.06666666666666,90.16666666666667,95.8,95.46666666666665,2005,1,28,1/28/2005,0.26967,6.0,0.27054,0.27074,0.27095,0.27162,0.27181,0.2723,0.27293,0.27162
2005-01-29,83.23333333333333,91.76666666666667,82.7,83.53333333333333,86.73333333333333,90.0,91.43333333333334,92.89999999999999,100.10000000000001,110.39999999999999,118.86666666666667,128.86666666666667,125.60000000000001,133.86666666666667,141.13333333333333,152.6,126.89999999999999,111.60000000000001,98.7,91.43333333333334,87.53333333333335,86.10000000000001,83.8,80.76666666666667,80.66666666666667,84.2,85.06666666666666,90.16666666666667,95.8,2005,1,29,1/29/2005,0.26954,6.0,0.26967,0.27054,0.27074,0.27095,0.27162,0.27181,0.2723,0.27244
2005-01-30,83.16666666666667,95.60000000000001,83.23333333333333,82.7,83.53333333333333,86.73333333333333,90.0,91.43333333333334,92.89999999999999,100.10000000000001,110.39999999999999,118.86666666666667,128.86666666666667,125.60000000000001,133.86666666666667,141.13333333333333,152.6,126.89999999999999,111.60000000000001,98.7,91.43333333333334,87.53333333333335,86.10000000000001,83.8,80.76666666666667,80.66666666666667,84.2,85.06666666666666,90.16666666666667,2005,1,30,1/30/2005,0.2691,6.0,0.26954,0.26967,0.27054,0.27074,0.27095,0.27162,0.27181,0.27065
2005-01-31,83.83333333333333,99.93333333333334,83.16666666666667,83.23333333333333,82.7,83.53333333333333,86.73333333333333,90.0,91.43333333333334,92.89999999999999,100.10000000000001,110.39999999999999,118.86666666666667,128.86666666666667,125.60000000000001,133.86666666666667,141.13333333333333,152.6,126.89999999999999,111.60000000000001,98.7,91.43333333333334,87.53333333333335,86.10000000000001,83.8,80.76666666666667,80.66666666666667,84.2,85.06666666666666,2005,1,31,1/31/2005,0.26885,6.0,0.2691,0.26954,0.26967,0.27054,0.27074,0.27095,0.27162,0.27023
2005-02-01,81.33333333333333,105.96666666666665,83.83333333333333,83.16666666666667,83.23333333333333,82.7,83.53333333333333,86.73333333333333,90.0,91.43333333333334,92.89999999999999,100.10000000000001,110.39999999999999,118.86666666666667,128.86666666666667,125.60000000000001,133.86666666666667,141.13333333333333,152.6,126.89999999999999,111.60000000000001,98.7,91.43333333333334,87.53333333333335,86.10000000000001,83.8,80.76666666666667,80.66666666666667,84.2,2005,2,1,2/01/2005,0.26872,6.0,0.26885,0.2691,0.26954,0.26967,0.27054,0.27074,0.27095,0.26972
2005-02-02,79.66666666666667,105.96666666666665,81.33333333333333,83.83333333333333,83.16666666666667,83.23333333333333,82.7,83.53333333333333,86.73333333333333,90.0,91.43333333333334,92.89999999999999,100.10000000000001,110.39999999999999,118.86666666666667,128.86666666666667,125.60000000000001,133.86666666666667,141.13333333333333,152.6,126.89999999999999,111.60000000000001,98.7,91.43333333333334,87.53333333333335,86.10000000000001,83.8,80.76666666666667,80.66666666666667,2005,2,2,2/02/2005,0.26853,6.0,0.26872,0.26885,0.2691,0.26954,0.26967,0.27054,0.27074,0.2694
2005-02-03,81.0,110.3,79.66666666666667,81.33333333333333,83.83333333333333,83.16666666666667,83.23333333333333,82.7,83.53333333333333,86.73333333333333,90.0,91.43333333333334,92.89999999999999,100.10000000000001,110.39999999999999,118.86666666666667,128.86666666666667,125.60000000000001,133.86666666666667,141.13333333333333,152.6,126.89999999999999,111.60000000000001,98.7,91.43333333333334,87.53333333333335,86.10000000000001,83.8,80.76666666666667,2005,2,3,2/03/2005,0.26831,6.0,0.26853,0.26872,0.26885,0.2691,0.26954,0.26967,0.27054,0.26925
2005-02-04,82.13333333333333,112.03333333333335,81.0,79.66666666666667,81.33333333333333,83.83333333333333,83.16666666666667,83.23333333333333,82.7,83.53333333333333,86.73333333333333,90.0,91.43333333333334,92.89999999999999,100.10000000000001,110.39999999999999,118.86666666666667,128.86666666666667,125.60000000000001,133.86666666666667,141.13333333333333,152.6,126.89999999999999,111.60000000000001,98.7,91.43333333333334,87.53333333333335,86.10000000000001,83.8,2005,2,4,2/04/2005,0.26818,6.0,0.26831,0.26853,0.26872,0.26885,0.2691,0.26954,0.26967,0.26907
2005-02-05,91.76666666666667,113.66666666666667,82.13333333333333,81.0,79.66666666666667,81.33333333333333,83.83333333333333,83.16666666666667,83.23333333333333,82.7,83.53333333333333,86.73333333333333,90.0,91.43333333333334,92.89999999999999,100.10000000000001,110.39999999999999,118.86666666666667,128.86666666666667,125.60000000000001,133.86666666666667,141.13333333333333,152.6,126.89999999999999,111.60000000000001,98.7,91.43333333333334,87.53333333333335,86.10000000000001,2005,2,5,2/05/2005,0.26826,6.0,0.26818,0.26831,0.26853,0.26872,0.26885,0.2691,0.26954,0.26872
2005-02-06,95.60000000000001,113.5,91.76666666666667,82.13333333333333,81.0,79.66666666666667,81.33333333333333,83.83333333333333,83.16666666666667,83.23333333333333,82.7,83.53333333333333,86.73333333333333,90.0,91.43333333333334,92.89999999999999,100.10000000000001,110.39999999999999,118.86666666666667,128.86666666666667,125.60000000000001,133.86666666666667,141.13333333333333,152.6,126.89999999999999,111.60000000000001,98.7,91.43333333333334,87.53333333333335,2005,2,6,2/06/2005,0.26914,6.0,0.26826,0.26818,0.26831,0.26853,0.26872,0.26885,0.2691,0.26885
2005-02-07,99.93333333333334,114.76666666666667,95.60000000000001,91.76666666666667,82.13333333333333,81.0,79.66666666666667,81.33333333333333,83.83333333333333,83.16666666666667,83.23333333333333,82.7,83.53333333333333,86.73333333333333,90.0,91.43333333333334,92.89999999999999,100.10000000000001,110.39999999999999,118.86666666666667,128.86666666666667,125.60000000000001,133.86666666666667,141.13333333333333,152.6,126.89999999999999,111.60000000000001,98.7,91.43333333333334,2005,2,7,2/07/2005,0.27012,6.0,0.26914,0.26826,0.26818,0.26831,0.26853,0.26872,0.26885,0.26873
2005-02-08,105.96666666666665,117.10000000000001,99.93333333333334,95.60000000000001,91.76666666666667,82.13333333333333,81.0,79.66666666666667,81.33333333333333,83.83333333333333,83.16666666666667,83.23333333333333,82.7,83.53333333333333,86.73333333333333,90.0,91.43333333333334,92.89999999999999,100.10000000000001,110.39999999999999,118.86666666666667,128.86666666666667,125.60000000000001,133.86666666666667,141.13333333333333,152.6,126.89999999999999,111.60000000000001,98.7,2005,2,8,2/08/2005,0.27092,6.0,0.27012,0.26914,0.26826,0.26818,0.26831,0.26853,0.26872,0.26921
2005-02-09,105.96666666666665,110.2,105.96666666666665,99.93333333333334,95.60000000000001,91.76666666666667,82.13333333333333,81.0,79.66666666666667,81.33333333333333,83.83333333333333,83.16666666666667,83.23333333333333,82.7,83.53333333333333,86.73333333333333,90.0,91.43333333333334,92.89999999999999,100.10000000000001,110.39999999999999,118.86666666666667,128.86666666666667,125.60000000000001,133.86666666666667,141.13333333333333,152.6,126.89999999999999,111.60000000000001,2005,2,9,2/09/2005,0.27191,6.0,0.27092,0.27012,0.26914,0.26826,0.26818,0.26831,0.26853,0.2698
2005-02-10,110.3,107.83333333333333,105.96666666666665,105.96666666666665,99.93333333333334,95.60000000000001,91.76666666666667,82.13333333333333,81.0,79.66666666666667,81.33333333333333,83.83333333333333,83.16666666666667,83.23333333333333,82.7,83.53333333333333,86.73333333333333,90.0,91.43333333333334,92.89999999999999,100.10000000000001,110.39999999999999,118.86666666666667,128.86666666666667,125.60000000000001,133.86666666666667,141.13333333333333,152.6,126.89999999999999,2005,2,10,2/10/2005,0.27236,6.0,0.27191,0.27092,0.27012,0.26914,0.26826,0.26818,0.26831,0.27069
2005-02-11,112.03333333333335,102.06666666666666,110.3,105.96666666666665,105.96666666666665,99.93333333333334,95.60000000000001,91.76666666666667,82.13333333333333,81.0,79.66666666666667,81.33333333333333,83.83333333333333,83.16666666666667,83.23333333333333,82.7,83.53333333333333,86.73333333333333,90.0,91.43333333333334,92.89999999999999,100.10000000000001,110.39999999999999,118.86666666666667,128.86666666666667,125.60000000000001,133.86666666666667,141.13333333333333,152.6,2005,2,11,2/11/2005,0.27245,6.0,0.27236,0.27191,0.27092,0.27012,0.26914,0.26826,0.26818,0.27161
2005-02-12,113.66666666666667,96.53333333333335,112.03333333333335,110.3,105.96666666666665,105.96666666666665,99.93333333333334,95.60000000000001,91.76666666666667,82.13333333333333,81.0,79.66666666666667,81.33333333333333,83.83333333333333,83.16666666666667,83.23333333333333,82.7,83.53333333333333,86.73333333333333,90.0,91.43333333333334,92.89999999999999,100.10000000000001,110.39999999999999,118.86666666666667,128.86666666666667,125.60000000000001,133.86666666666667,141.13333333333333,2005,2,12,2/12/2005,0.27316,6.0,0.27245,0.27236,0.27191,0.27092,0.27012,0.26914,0.26826,0.27216
2005-02-13,113.5,93.53333333333335,113.66666666666667,112.03333333333335,110.3,105.96666666666665,105.96666666666665,99.93333333333334,95.60000000000001,91.76666666666667,82.13333333333333,81.0,79.66666666666667,81.33333333333333,83.83333333333333,83.16666666666667,83.23333333333333,82.7,83.53333333333333,86.73333333333333,90.0,91.43333333333334,92.89999999999999,100.10000000000001,110.39999999999999,118.86666666666667,128.86666666666667,125.60000000000001,133.86666666666667,2005,2,13,2/13/2005,0.27344,6.0,0.27316,0.27245,0.27236,0.27191,0.27092,0.27012,0.26914,0.27257
2005-02-14,114.76666666666667,92.10000000000001,113.5,113.66666666666667,112.03333333333335,110.3,105.96666666666665,105.96666666666665,99.93333333333334,95.60000000000001,91.76666666666667,82.13333333333333,81.0,79.66666666666667,81.33333333333333,83.83333333333333,83.16666666666667,83.23333333333333,82.7,83.53333333333333,86.73333333333333,90.0,91.43333333333334,92.89999999999999,100.10000000000001,110.39999999999999,118.86666666666667,128.86666666666667,125.60000000000001,2005,2,14,2/14/2005,0.27357,6.0,0.27344,0.27316,0.27245,0.27236,0.27191,0.27092,0.27012,0.27284
2005-02-15,117.10000000000001,89.63333333333333,114.76666666666667,113.5,113.66666666666667,112.03333333333335,110.3,105.96666666666665,105.96666666666665,99.93333333333334,95.60000000000001,91.76666666666667,82.13333333333333,81.0,79.66666666666667,81.33333333333333,83.83333333333333,83.16666666666667,83.23333333333333,82.7,83.53333333333333,86.73333333333333,90.0,91.43333333333334,92.89999999999999,100.10000000000001,110.39999999999999,118.86666666666667,128.86666666666667,2005,2,15,2/15/2005,0.27355,6.0,0.27357,0.27344,0.27316,0.27245,0.27236,0.27191,0.27092,0.27307
2005-02-16,110.2,83.36666666666666,117.10000000000001,114.76666666666667,113.5,113.66666666666667,112.03333333333335,110.3,105.96666666666665,105.96666666666665,99.93333333333334,95.60000000000001,91.76666666666667,82.13333333333333,81.0,79.66666666666667,81.33333333333333,83.83333333333333,83.16666666666667,83.23333333333333,82.7,83.53333333333333,86.73333333333333,90.0,91.43333333333334,92.89999999999999,100.10000000000001,110.39999999999999,118.86666666666667,2005,2,16,2/16/2005,0.27324,6.0,0.27355,0.27357,0.27344,0.27316,0.27245,0.27236,0.27191,0.27287
2005-02-17,107.83333333333333,78.83333333333333,110.2,117.10000000000001,114.76666666666667,113.5,113.66666666666667,112.03333333333335,110.3,105.96666666666665,105.96666666666665,99.93333333333334,95.60000000000001,91.76666666666667,82.13333333333333,81.0,79.66666666666667,81.33333333333333,83.83333333333333,83.16666666666667,83.23333333333333,82.7,83.53333333333333,86.73333333333333,90.0,91.43333333333334,92.89999999999999,100.10000000000001,110.39999999999999,2005,2,17,2/17/2005,0.27281,6.0,0.27324,0.27355,0.27357,0.27344,0.27316,0.27245,0.27236,0.27293
2005-02-18,102.06666666666666,76.63333333333333,107.83333333333333,110.2,117.10000000000001,114.76666666666667,113.5,113.66666666666667,112.03333333333335,110.3,105.96666666666665,105.96666666666665,99.93333333333334,95.60000000000001,91.76666666666667,82.13333333333333,81.0,79.66666666666667,81.33333333333333,83.83333333333333,83.16666666666667,83.23333333333333,82.7,83.53333333333333,86.73333333333333,90.0,91.43333333333334,92.89999999999999,100.10000000000001,2005,2,18,2/18/2005,0.27171,6.0,0.27281,0.27324,0.27355,0.27357,0.27344,0.27316,0.27245,0.2723
2005-02-19,96.53333333333335,75.10000000000001,102.06666666666666,107.83333333333333,110.2,117.10000000000001,114.76666666666667,113.5,113.66666666666667,112.03333333333335,110.3,105.96666666666665,105.96666666666665,99.93333333333334,95.60000000000001,91.76666666666667,82.13333333333333,81.0,79.66666666666667,81.33333333333333,83.83333333333333,83.16666666666667,83.23333333333333,82.7,83.53333333333333,86.73333333333333,90.0,91.43333333333334,92.89999999999999,2005,2,19,2/19/2005,0.27115,6.0,0.27171,0.27281,0.27324,0.27355,0.27357,0.27344,0.27316,0.27181
2005-02-20,93.53333333333335,74.39999999999999,96.53333333333335,102.06666666666666,107.83333333333333,110.2,117.10000000000001,114.76666666666667,113.5,113.66666666666667,112.03333333333335,110.3,105.96666666666665,105.96666666666665,99.93333333333334,95.60000000000001,91.76666666666667,82.13333333333333,81.0,79.66666666666667,81.33333333333333,83.83333333333333,83.16666666666667,83.23333333333333,82.7,83.53333333333333,86.73333333333333,90.0,91.43333333333334,2005,2,20,2/20/2005,0.27061,6.0,0.27115,0.27171,0.27281,0.27324,0.27355,0.27357,0.27344,0.27162
2005-02-21,92.10000000000001,73.56666666666666,93.53333333333335,96.53333333333335,102.06666666666666,107.83333333333333,110.2,117.10000000000001,114.76666666666667,113.5,113.66666666666667,112.03333333333335,110.3,105.96666666666665,105.96666666666665,99.93333333333334,95.60000000000001,91.76666666666667,82.13333333333333,81.0,79.66666666666667,81.33333333333333,83.83333333333333,83.16666666666667,83.23333333333333,82.7,83.53333333333333,86.73333333333333,90.0,2005,2,21,2/21/2005,0.27005,6.0,0.27061,0.27115,0.27171,0.27281,0.27324,0.27355,0.27357,0.27095
2005-02-22,89.63333333333333,72.66666666666667,92.10000000000001,93.53333333333335,96.53333333333335,102.06666666666666,107.83333333333333,110.2,117.10000000000001,114.76666666666667,113.5,113.66666666666667,112.03333333333335,110.3,105.96666666666665,105.96666666666665,99.93333333333334,95.60000000000001,91.76666666666667,82.13333333333333,81.0,79.66666666666667,81.33333333333333,83.83333333333333,83.16666666666667,83.23333333333333,82.7,83.53333333333333,86.73333333333333,2005,2,22,2/22/2005,0.2698,6.0,0.27005,0.27061,0.27115,0.27171,0.27281,0.27324,0.27355,0.27074
2005-02-23,83.36666666666666,73.53333333333335,89.63333333333333,92.10000000000001,93.53333333333335,96.53333333333335,102.06666666666666,107.83333333333333,110.2,117.10000000000001,114.76666666666667,113.5,113.66666666666667,112.03333333333335,110.3,105.96666666666665,105.96666666666665,99.93333333333334,95.60000000000001,91.76666666666667,82.13333333333333,81.0,79.66666666666667,81.33333333333333,83.83333333333333,83.16666666666667,83.23333333333333,82.7,83.53333333333333,2005,2,23,2/23/2005,0.26929,6.0,0.2698,0.27005,0.27061,0.27115,0.27171,0.27281,0.27324,0.27054
2005-02-24,78.83333333333333,76.13333333333333,83.36666666666666,89.63333333333333,92.10000000000001,93.53333333333335,96.53333333333335,102.06666666666666,107.83333333333333,110.2,117.10000000000001,114.76666666666667,113.5,113.66666666666667,112.03333333333335,110.3,105.96666666666665,105.96666666666665,99.93333333333334,95.60000000000001,91.76666666666667,82.13333333333333,81.0,79.66666666666667,81.33333333333333,83.83333333333333,83.16666666666667,83.23333333333333,82.7,2005,2,24,2/24/2005,0.26889,6.0,0.26929,0.2698,0.27005,0.27061,0.27115,0.27171,0.27281,0.26967
2005-02-25,76.63333333333333,78.0,78.83333333333333,83.36666666666666,89.63333333333333,92.10000000000001,93.53333333333335,96.53333333333335,102.06666666666666,107.83333333333333,110.2,117.10000000000001,114.76666666666667,113.5,113.66666666666667,112.03333333333335,110.3,105.96666666666665,105.96666666666665,99.93333333333334,95.60000000000001,91.76666666666667,82.13333333333333,81.0,79.66666666666667,81.33333333333333,83.83333333333333,83.16666666666667,83.23333333333333,2005,2,25,2/25/2005,0.26862,6.0,0.26889,0.26929,0.2698,0.27005,0.27061,0.27115,0.27171,0.26954
2005-02-26,75.10000000000001,80.13333333333334,76.63333333333333,78.83333333333333,83.36666666666666,89.63333333333333,92.10000000000001,93.53333333333335,96.53333333333335,102.06666666666666,107.83333333333333,110.2,117.10000000000001,114.76666666666667,113.5,113.66666666666667,112.03333333333335,110.3,105.96666666666665,105.96666666666665,99.93333333333334,95.60000000000001,91.76666666666667,82.13333333333333,81.0,79.66666666666667,81.33333333333333,83.83333333333333,83.16666666666667,2005,2,26,2/26/2005,0.26837,6.0,0.26862,0.26889,0.26929,0.2698,0.27005,0.27061,0.27115,0.2691
2005-02-27,74.39999999999999,82.43333333333334,75.10000000000001,76.63333333333333,78.83333333333333,83.36666666666666,89.63333333333333,92.10000000000001,93.53333333333335,96.53333333333335,102.06666666666666,107.83333333333333,110.2,117.10000000000001,114.76666666666667,113.5,113.66666666666667,112.03333333333335,110.3,105.96666666666665,105.96666666666665,99.93333333333334,95.60000000000001,91.76666666666667,82.13333333333333,81.0,79.66666666666667,81.33333333333333,83.83333333333333,2005,2,27,2/27/2005,0.26769,6.0,0.26837,0.26862,0.26889,0.26929,0.2698,0.27005,0.27061,0.26885
2005-02-28,73.56666666666666,86.16666666666667,74.39999999999999,75.10000000000001,76.63333333333333,78.83333333333333,83.36666666666666,89.63333333333333,92.10000000000001,93.53333333333335,96.53333333333335,102.06666666666666,107.83333333333333,110.2,117.10000000000001,114.76666666666667,113.5,113.66666666666667,112.03333333333335,110.3,105.96666666666665,105.96666666666665,99.93333333333334,95.60000000000001,91.76666666666667,82.13333333333333,81.0,79.66666666666667,81.33333333333333,2005,2,28,2/28/2005,0.26761,6.0,0.26769,0.26837,0.26862,0.26889,0.26929,0.2698,0.27005,0.26872
2005-03-01,72.66666666666667,92.46666666666665,73.56666666666666,74.39999999999999,75.10000000000001,76.63333333333333,78.83333333333333,83.36666666666666,89.63333333333333,92.10000000000001,93.53333333333335,96.53333333333335,102.06666666666666,107.83333333333333,110.2,117.10000000000001,114.76666666666667,113.5,113.66666666666667,112.03333333333335,110.3,105.96666666666665,105.96666666666665,99.93333333333334,95.60000000000001,91.76666666666667,82.13333333333333,81.0,79.66666666666667,2005,3,1,3/01/2005,0.26752,6.0,0.26761,0.26769,0.26837,0.26862,0.26889,0.26929,0.2698,0.26853
2005-03-02,73.53333333333335,98.7,72.66666666666667,73.56666666666666,74.39999999999999,75.10000000000001,76.63333333333333,78.83333333333333,83.36666666666666,89.63333333333333,92.10000000000001,93.53333333333335,96.53333333333335,102.06666666666666,107.83333333333333,110.2,117.10000000000001,114.76666666666667,113.5,113.66666666666667,112.03333333333335,110.3,105.96666666666665,105.96666666666665,99.93333333333334,95.60000000000001,91.76666666666667,82.13333333333333,81.0,2005,3,2,3/02/2005,0.26733,6.0,0.26752,0.26761,0.26769,0.26837,0.26862,0.26889,0.26929,0.26831
2005-03-03,76.13333333333333,100.7,73.53333333333335,72.66666666666667,73.56666666666666,74.39999999999999,75.10000000000001,76.63333333333333,78.83333333333333,83.36666666666666,89.63333333333333,92.10000000000001,93.53333333333335,96.53333333333335,102.06666666666666,107.83333333333333,110.2,117.10000000000001,114.76666666666667,113.5,113.66666666666667,112.03333333333335,110.3,105.96666666666665,105.96666666666665,99.93333333333334,95.60000000000001,91.76666666666667,82.13333333333333,2005,3,3,3/03/2005,0.26731,6.0,0.26733,0.26752,0.26761,0.26769,0.26837,0.26862,0.26889,0.26818
2005-03-04,78.0,104.13333333333333,76.13333333333333,73.53333333333335,72.66666666666667,73.56666666666666,74.39999999999999,75.10000000000001,76.63333333333333,78.83333333333333,83.36666666666666,89.63333333333333,92.10000000000001,93.53333333333335,96.53333333333335,102.06666666666666,107.83333333333333,110.2,117.10000000000001,114.76666666666667,113.5,113.66666666666667,112.03333333333335,110.3,105.96666666666665,105.96666666666665,99.93333333333334,95.60000000000001,91.76666666666667,2005,3,4,3/04/2005,0.26744,6.0,0.26731,0.26733,0.26752,0.26761,0.26769,0.26837,0.26862,0.26826
2005-03-05,80.13333333333334,109.53333333333335,78.0,76.13333333333333,73.53333333333335,72.66666666666667,73.56666666666666,74.39999999999999,75.10000000000001,76.63333333333333,78.83333333333333,83.36666666666666,89.63333333333333,92.10000000000001,93.53333333333335,96.53333333333335,102.06666666666666,107.83333333333333,110.2,117.10000000000001,114.76666666666667,113.5,113.66666666666667,112.03333333333335,110.3,105.96666666666665,105.96666666666665,99.93333333333334,95.60000000000001,2005,3,5,3/05/2005,0.26768,6.0,0.26744,0.26731,0.26733,0.26752,0.26761,0.26769,0.26837,0.26914
2005-03-06,82.43333333333334,112.60000000000001,80.13333333333334,78.0,76.13333333333333,73.53333333333335,72.66666666666667,73.56666666666666,74.39999999999999,75.10000000000001,76.63333333333333,78.83333333333333,83.36666666666666,89.63333333333333,92.10000000000001,93.53333333333335,96.53333333333335,102.06666666666666,107.83333333333333,110.2,117.10000000000001,114.76666666666667,113.5,113.66666666666667,112.03333333333335,110.3,105.96666666666665,105.96666666666665,99.93333333333334,2005,3,6,3/06/2005,0.2681,6.0,0.26768,0.26744,0.26731,0.26733,0.26752,0.26761,0.26769,0.27012
2005-03-07,86.16666666666667,111.33333333333333,82.43333333333334,80.13333333333334,78.0,76.13333333333333,73.53333333333335,72.66666666666667,73.56666666666666,74.39999999999999,75.10000000000001,76.63333333333333,78.83333333333333,83.36666666666666,89.63333333333333,92.10000000000001,93.53333333333335,96.53333333333335,102.06666666666666,107.83333333333333,110.2,117.10000000000001,114.76666666666667,113.5,113.66666666666667,112.03333333333335,110.3,105.96666666666665,105.96666666666665,2005,3,7,3/07/2005,0.26868,6.0,0.2681,0.26768,0.26744,0.26731,0.26733,0.26752,0.26761,0.27092
2005-03-08,92.46666666666665,107.26666666666667,86.16666666666667,82.43333333333334,80.13333333333334,78.0,76.13333333333333,73.53333333333335,72.66666666666667,73.56666666666666,74.39999999999999,75.10000000000001,76.63333333333333,78.83333333333333,83.36666666666666,89.63333333333333,92.10000000000001,93.53333333333335,96.53333333333335,102.06666666666666,107.83333333333333,110.2,117.10000000000001,114.76666666666667,113.5,113.66666666666667,112.03333333333335,110.3,105.96666666666665,2005,3,8,3/08/2005,0.26926,6.0,0.26868,0.2681,0.26768,0.26744,0.26731,0.26733,0.26752,0.27191
2005-03-09,98.7,102.3,92.46666666666665,86.16666666666667,82.43333333333334,80.13333333333334,78.0,76.13333333333333,73.53333333333335,72.66666666666667,73.56666666666666,74.39999999999999,75.10000000000001,76.63333333333333,78.83333333333333,83.36666666666666,89.63333333333333,92.10000000000001,93.53333333333335,96.53333333333335,102.06666666666666,107.83333333333333,110.2,117.10000000000001,114.76666666666667,113.5,113.66666666666667,112.03333333333335,110.3,2005,3,9,3/09/2005,0.26984,6.0,0.26926,0.26868,0.2681,0.26768,0.26744,0.26731,0.26733,0.27236
2005-03-10,100.7,100.76666666666667,98.7,92.46666666666665,86.16666666666667,82.43333333333334,80.13333333333334,78.0,76.13333333333333,73.53333333333335,72.66666666666667,73.56666666666666,74.39999999999999,75.10000000000001,76.63333333333333,78.83333333333333,83.36666666666666,89.63333333333333,92.10000000000001,93.53333333333335,96.53333333333335,102.06666666666666,107.83333333333333,110.2,117.10000000000001,114.76666666666667,113.5,113.66666666666667,112.03333333333335,2005,3,10,3/10/2005,0.27084,6.0,0.26984,0.26926,0.26868,0.2681,0.26768,0.26744,0.26731,0.27245
2005-03-11,104.13333333333333,95.7,100.7,98.7,92.46666666666665,86.16666666666667,82.43333333333334,80.13333333333334,78.0,76.13333333333333,73.53333333333335,72.66666666666667,73.56666666666666,74.39999999999999,75.10000000000001,76.63333333333333,78.83333333333333,83.36666666666666,89.63333333333333,92.10000000000001,93.53333333333335,96.53333333333335,102.06666666666666,107.83333333333333,110.2,117.10000000000001,114.76666666666667,113.5,113.66666666666667,2005,3,11,3/11/2005,0.27175,6.0,0.27084,0.26984,0.26926,0.26868,0.2681,0.26768,0.26744,0.27316
2005-03-12,109.53333333333335,91.06666666666666,104.13333333333333,100.7,98.7,92.46666666666665,86.16666666666667,82.43333333333334,80.13333333333334,78.0,76.13333333333333,73.53333333333335,72.66666666666667,73.56666666666666,74.39999999999999,75.10000000000001,76.63333333333333,78.83333333333333,83.36666666666666,89.63333333333333,92.10000000000001,93.53333333333335,96.53333333333335,102.06666666666666,107.83333333333333,110.2,117.10000000000001,114.76666666666667,113.5,2005,3,12,3/12/2005,0.2722,6.0,0.27175,0.27084,0.26984,0.26926,0.26868,0.2681,0.26768,0.27344
2005-03-13,112.60000000000001,86.60000000000001,109.53333333333335,104.13333333333333,100.7,98.7,92.46666666666665,86.16666666666667,82.43333333333334,80.13333333333334,78.0,76.13333333333333,73.53333333333335,72.66666666666667,73.56666666666666,74.39999999999999,75.10000000000001,76.63333333333333,78.83333333333333,83.36666666666666,89.63333333333333,92.10000000000001,93.53333333333335,96.53333333333335,102.06666666666666,107.83333333333333,110.2,117.10000000000001,114.76666666666667,2005,3,13,3/13/2005,0.27248,6.0,0.2722,0.27175,0.27084,0.26984,0.26926,0.26868,0.2681,0.27357
2005-03-14,111.33333333333333,89.23333333333333,112.60000000000001,109.53333333333335,104.13333333333333,100.7,98.7,92.46666666666665,86.16666666666667,82.43333333333334,80.13333333333334,78.0,76.13333333333333,73.53333333333335,72.66666666666667,73.56666666666666,74.39999999999999,75.10000000000001,76.63333333333333,78.83333333333333,83.36666666666666,89.63333333333333,92.10000000000001,93.53333333333335,96.53333333333335,102.06666666666666,107.83333333333333,110.2,117.10000000000001,2005,3,14,3/14/2005,0.27262,6.0,0.27248,0.2722,0.27175,0.27084,0.26984,0.26926,0.26868,0.27355
2005-03-15,107.26666666666667,87.23333333333333,111.33333333333333,112.60000000000001,109.53333333333335,104.13333333333333,100.7,98.7,92.46666666666665,86.16666666666667,82.43333333333334,80.13333333333334,78.0,76.13333333333333,73.53333333333335,72.66666666666667,73.56666666666666,74.39999999999999,75.10000000000001,76.63333333333333,78.83333333333333,83.36666666666666,89.63333333333333,92.10000000000001,93.53333333333335,96.53333333333335,102.06666666666666,107.83333333333333,110.2,2005,3,15,3/15/2005,0.27252,6.0,0.27262,0.27248,0.2722,0.27175,0.27084,0.26984,0.26926,0.27324
2005-03-16,102.3,87.53333333333335,107.26666666666667,111.33333333333333,112.60000000000001,109.53333333333335,104.13333333333333,100.7,98.7,92.46666666666665,86.16666666666667,82.43333333333334,80.13333333333334,78.0,76.13333333333333,73.53333333333335,72.66666666666667,73.56666666666666,74.39999999999999,75.10000000000001,76.63333333333333,78.83333333333333,83.36666666666666,89.63333333333333,92.10000000000001,93.53333333333335,96.53333333333335,102.06666666666666,107.83333333333333,2005,3,16,3/16/2005,0.27232,6.0,0.27252,0.27262,0.27248,0.2722,0.27175,0.27084,0.26984,0.27281
2005-03-17,100.76666666666667,86.60000000000001,102.3,107.26666666666667,111.33333333333333,112.60000000000001,109.53333333333335,104.13333333333333,100.7,98.7,92.46666666666665,86.16666666666667,82.43333333333334,80.13333333333334,78.0,76.13333333333333,73.53333333333335,72.66666666666667,73.56666666666666,74.39999999999999,75.10000000000001,76.63333333333333,78.83333333333333,83.36666666666666,89.63333333333333,92.10000000000001,93.53333333333335,96.53333333333335,102.06666666666666,2005,3,17,3/17/2005,0.2721,6.0,0.27232,0.27252,0.27262,0.27248,0.2722,0.27175,0.27084,0.27171
2005-03-18,95.7,81.5,100.76666666666667,102.3,107.26666666666667,111.33333333333333,112.60000000000001,109.53333333333335,104.13333333333333,100.7,98.7,92.46666666666665,86.16666666666667,82.43333333333334,80.13333333333334,78.0,76.13333333333333,73.53333333333335,72.66666666666667,73.56666666666666,74.39999999999999,75.10000000000001,76.63333333333333,78.83333333333333,83.36666666666666,89.63333333333333,92.10000000000001,93.53333333333335,96.53333333333335,2005,3,18,3/18/2005,0.27119,6.0,0.2721,0.27232,0.27252,0.27262,0.27248,0.2722,0.27175,0.27115
2005-03-19,91.06666666666666,78.76666666666667,95.7,100.76666666666667,102.3,107.26666666666667,111.33333333333333,112.60000000000001,109.53333333333335,104.13333333333333,100.7,98.7,92.46666666666665,86.16666666666667,82.43333333333334,80.13333333333334,78.0,76.13333333333333,73.53333333333335,72.66666666666667,73.56666666666666,74.39999999999999,75.10000000000001,76.63333333333333,78.83333333333333,83.36666666666666,89.63333333333333,92.10000000000001,93.53333333333335,2005,3,19,3/19/2005,0.27077,6.0,0.27119,0.2721,0.27232,0.27252,0.27262,0.27248,0.2722,0.27061
2005-03-20,86.60000000000001,77.39999999999999,91.06666666666666,95.7,100.76666666666667,102.3,107.26666666666667,111.33333333333333,112.60000000000001,109.53333333333335,104.13333333333333,100.7,98.7,92.46666666666665,86.16666666666667,82.43333333333334,80.13333333333334,78.0,76.13333333333333,73.53333333333335,72.66666666666667,73.56666666666666,74.39999999999999,75.10000000000001,76.63333333333333,78.83333333333333,83.36666666666666,89.63333333333333,92.10000000000001,2005,3,20,3/20/2005,0.27009,6.0,0.27077,0.27119,0.2721,0.27232,0.27252,0.27262,0.27248,0.27005
2005-03-21,89.23333333333333,78.46666666666667,86.60000000000001,91.06666666666666,95.7,100.76666666666667,102.3,107.26666666666667,111.33333333333333,112.60000000000001,109.53333333333335,104.13333333333333,100.7,98.7,92.46666666666665,86.16666666666667,82.43333333333334,80.13333333333334,78.0,76.13333333333333,73.53333333333335,72.66666666666667,73.56666666666666,74.39999999999999,75.10000000000001,76.63333333333333,78.83333333333333,83.36666666666666,89.63333333333333,2005,3,21,3/21/2005,0.2699,6.0,0.27009,0.27077,0.27119,0.2721,0.27232,0.27252,0.27262,0.2698
2005-03-22,87.23333333333333,77.66666666666667,89.23333333333333,86.60000000000001,91.06666666666666,95.7,100.76666666666667,102.3,107.26666666666667,111.33333333333333,112.60000000000001,109.53333333333335,104.13333333333333,100.7,98.7,92.46666666666665,86.16666666666667,82.43333333333334,80.13333333333334,78.0,76.13333333333333,73.53333333333335,72.66666666666667,73.56666666666666,74.39999999999999,75.10000000000001,76.63333333333333,78.83333333333333,83.36666666666666,2005,3,22,3/22/2005,0.26968,6.0,0.2699,0.27009,0.27077,0.27119,0.2721,0.27232,0.27252,0.26929
2005-03-23,87.53333333333335,77.43333333333334,87.23333333333333,89.23333333333333,86.60000000000001,91.06666666666666,95.7,100.76666666666667,102.3,107.26666666666667,111.33333333333333,112.60000000000001,109.53333333333335,104.13333333333333,100.7,98.7,92.46666666666665,86.16666666666667,82.43333333333334,80.13333333333334,78.0,76.13333333333333,73.53333333333335,72.66666666666667,73.56666666666666,74.39999999999999,75.10000000000001,76.63333333333333,78.83333333333333,2005,3,23,3/23/2005,0.26918,6.0,0.26968,0.2699,0.27009,0.27077,0.27119,0.2721,0.27232,0.26889
2005-03-24,86.60000000000001,76.66666666666667,87.53333333333335,87.23333333333333,89.23333333333333,86.60000000000001,91.06666666666666,95.7,100.76666666666667,102.3,107.26666666666667,111.33333333333333,112.60000000000001,109.53333333333335,104.13333333333333,100.7,98.7,92.46666666666665,86.16666666666667,82.43333333333334,80.13333333333334,78.0,76.13333333333333,73.53333333333335,72.66666666666667,73.56666666666666,74.39999999999999,75.10000000000001,76.63333333333333,2005,3,24,3/24/2005,0.26943,6.0,0.26918,0.26968,0.2699,0.27009,0.27077,0.27119,0.2721,0.26862
2005-03-25,81.5,78.3,86.60000000000001,87.53333333333335,87.23333333333333,89.23333333333333,86.60000000000001,91.06666666666666,95.7,100.76666666666667,102.3,107.26666666666667,111.33333333333333,112.60000000000001,109.53333333333335,104.13333333333333,100.7,98.7,92.46666666666665,86.16666666666667,82.43333333333334,80.13333333333334,78.0,76.13333333333333,73.53333333333335,72.66666666666667,73.56666666666666,74.39999999999999,75.10000000000001,2005,3,25,3/25/2005,0.26926,6.0,0.26943,0.26918,0.26968,0.2699,0.27009,0.27077,0.27119,0.26837
2005-03-26,78.76666666666667,80.2,81.5,86.60000000000001,87.53333333333335,87.23333333333333,89.23333333333333,86.60000000000001,91.06666666666666,95.7,100.76666666666667,102.3,107.26666666666667,111.33333333333333,112.60000000000001,109.53333333333335,104.13333333333333,100.7,98.7,92.46666666666665,86.16666666666667,82.43333333333334,80.13333333333334,78.0,76.13333333333333,73.53333333333335,72.66666666666667,73.56666666666666,74.39999999999999,2005,3,26,3/26/2005,0.26901,6.0,0.26926,0.26943,0.26918,0.26968,0.2699,0.27009,0.27077,0.26769
2005-03-27,77.39999999999999,81.06666666666666,78.76666666666667,81.5,86.60000000000001,87.53333333333335,87.23333333333333,89.23333333333333,86.60000000000001,91.06666666666666,95.7,100.76666666666667,102.3,107.26666666666667,111.33333333333333,112.60000000000001,109.53333333333335,104.13333333333333,100.7,98.7,92.46666666666665,86.16666666666667,82.43333333333334,80.13333333333334,78.0,76.13333333333333,73.53333333333335,72.66666666666667,73.56666666666666,2005,3,27,3/27/2005,0.26869,6.0,0.26901,0.26926,0.26943,0.26918,0.26968,0.2699,0.27009,0.26761
2005-03-28,78.46666666666667,84.66666666666667,77.39999999999999,78.76666666666667,81.5,86.60000000000001,87.53333333333335,87.23333333333333,89.23333333333333,86.60000000000001,91.06666666666666,95.7,100.76666666666667,102.3,107.26666666666667,111.33333333333333,112.60000000000001,109.53333333333335,104.13333333333333,100.7,98.7,92.46666666666665,86.16666666666667,82.43333333333334,80.13333333333334,78.0,76.13333333333333,73.53333333333335,72.66666666666667,2005,3,28,3/28/2005,0.26839,6.0,0.26869,0.26901,0.26926,0.26943,0.26918,0.26968,0.2699,0.26752
2005-03-29,77.66666666666667,88.10000000000001,78.46666666666667,77.39999999999999,78.76666666666667,81.5,86.60000000000001,87.53333333333335,87.23333333333333,89.23333333333333,86.60000000000001,91.06666666666666,95.7,100.76666666666667,102.3,107.26666666666667,111.33333333333333,112.60000000000001,109.53333333333335,104.13333333333333,100.7,98.7,92.46666666666665,86.16666666666667,82.43333333333334,80.13333333333334,78.0,76.13333333333333,73.53333333333335,2005,3,29,3/29/2005,0.26819,6.0,0.26839,0.26869,0.26901,0.26926,0.26943,0.26918,0.26968,0.26733
2005-03-30,77.43333333333334,88.43333333333334,77.66666666666667,78.46666666666667,77.39999999999999,78.76666666666667,81.5,86.60000000000001,87.53333333333335,87.23333333333333,89.23333333333333,86.60000000000001,91.06666666666666,95.7,100.76666666666667,102.3,107.26666666666667,111.33333333333333,112.60000000000001,109.53333333333335,104.13333333333333,100.7,98.7,92.46666666666665,86.16666666666667,82.43333333333334,80.13333333333334,78.0,76.13333333333333,2005,3,30,3/30/2005,0.26803,6.0,0.26819,0.26839,0.26869,0.26901,0.26926,0.26943,0.26918,0.26731
2005-03-31,76.66666666666667,87.93333333333334,77.43333333333334,77.66666666666667,78.46666666666667,77.39999999999999,78.76666666666667,81.5,86.60000000000001,87.53333333333335,87.23333333333333,89.23333333333333,86.60000000000001,91.06666666666666,95.7,100.76666666666667,102.3,107.26666666666667,111.33333333333333,112.60000000000001,109.53333333333335,104.13333333333333,100.7,98.7,92.46666666666665,86.16666666666667,82.43333333333334,80.13333333333334,78.0,2005,3,31,3/31/2005,0.26782,6.0,0.26803,0.26819,0.26839,0.26869,0.26901,0.26926,0.26943,0.26744
2005-04-01,78.3,87.73333333333333,76.66666666666667,77.43333333333334,77.66666666666667,78.46666666666667,77.39999999999999,78.76666666666667,81.5,86.60000000000001,87.53333333333335,87.23333333333333,89.23333333333333,86.60000000000001,91.06666666666666,95.7,100.76666666666667,102.3,107.26666666666667,111.33333333333333,112.60000000000001,109.53333333333335,104.13333333333333,100.7,98.7,92.46666666666665,86.16666666666667,82.43333333333334,80.13333333333334,2005,4,1,4/01/2005,0.26774,6.0,0.26782,0.26803,0.26819,0.26839,0.26869,0.26901,0.26926,0.26768
2005-04-02,80.2,88.39999999999999,78.3,76.66666666666667,77.43333333333334,77.66666666666667,78.46666666666667,77.39999999999999,78.76666666666667,81.5,86.60000000000001,87.53333333333335,87.23333333333333,89.23333333333333,86.60000000000001,91.06666666666666,95.7,100.76666666666667,102.3,107.26666666666667,111.33333333333333,112.60000000000001,109.53333333333335,104.13333333333333,100.7,98.7,92.46666666666665,86.16666666666667,82.43333333333334,2005,4,2,4/02/2005,0.26777,6.0,0.26774,0.26782,0.26803,0.26819,0.26839,0.26869,0.26901,0.2681
2005-04-03,81.06666666666666,88.53333333333335,80.2,78.3,76.66666666666667,77.43333333333334,77.66666666666667,78.46666666666667,77.39999999999999,78.76666666666667,81.5,86.60000000000001,87.53333333333335,87.23333333333333,89.23333333333333,86.60000000000001,91.06666666666666,95.7,100.76666666666667,102.3,107.26666666666667,111.33333333333333,112.60000000000001,109.53333333333335,104.13333333333333,100.7,98.7,92.46666666666665,86.16666666666667,2005,4,3,4/03/2005,0.26849,6.0,0.26777,0.26774,0.26782,0.26803,0.26819,0.26839,0.26869,0.26868
2005-04-04,84.66666666666667,87.73333333333333,81.06666666666666,80.2,78.3,76.66666666666667,77.43333333333334,77.66666666666667,78.46666666666667,77.39999999999999,78.76666666666667,81.5,86.60000000000001,87.53333333333335,87.23333333333333,89.23333333333333,86.60000000000001,91.06666666666666,95.7,100.76666666666667,102.3,107.26666666666667,111.33333333333333,112.60000000000001,109.53333333333335,104.13333333333333,100.7,98.7,92.46666666666665,2005,4,4,4/04/2005,0.26887,6.0,0.26849,0.26777,0.26774,0.26782,0.26803,0.26819,0.26839,0.26926
2005-04-06,88.43333333333334,84.26666666666667,88.10000000000001,84.66666666666667,81.06666666666666,80.2,78.3,76.66666666666667,77.43333333333334,77.66666666666667,78.46666666666667,77.39999999999999,78.76666666666667,81.5,86.60000000000001,87.53333333333335,87.23333333333333,89.23333333333333,86.60000000000001,91.06666666666666,95.7,100.76666666666667,102.3,107.26666666666667,111.33333333333333,112.60000000000001,109.53333333333335,104.13333333333333,100.7,2005,4,6,4/06/2005,0.26986,6.0,0.26887,0.26849,0.26777,0.26774,0.26782,0.26803,0.26819,0.26984
2005-04-07,87.93333333333334,86.23333333333333,88.43333333333334,88.10000000000001,84.66666666666667,81.06666666666666,80.2,78.3,76.66666666666667,77.43333333333334,77.66666666666667,78.46666666666667,77.39999999999999,78.76666666666667,81.5,86.60000000000001,87.53333333333335,87.23333333333333,89.23333333333333,86.60000000000001,91.06666666666666,95.7,100.76666666666667,102.3,107.26666666666667,111.33333333333333,112.60000000000001,109.53333333333335,104.13333333333333,2005,4,7,4/07/2005,0.27057,6.0,0.26986,0.26887,0.26849,0.26777,0.26774,0.26782,0.26803,0.27084
2005-04-08,87.73333333333333,85.60000000000001,87.93333333333334,88.43333333333334,88.10000000000001,84.66666666666667,81.06666666666666,80.2,78.3,76.66666666666667,77.43333333333334,77.66666666666667,78.46666666666667,77.39999999999999,78.76666666666667,81.5,86.60000000000001,87.53333333333335,87.23333333333333,89.23333333333333,86.60000000000001,91.06666666666666,95.7,100.76666666666667,102.3,107.26666666666667,111.33333333333333,112.60000000000001,109.53333333333335,2005,4,8,4/08/2005,0.27062,6.0,0.27057,0.26986,0.26887,0.26849,0.26777,0.26774,0.26782,0.27175
2005-04-09,88.39999999999999,83.03333333333333,87.73333333333333,87.93333333333334,88.43333333333334,88.10000000000001,84.66666666666667,81.06666666666666,80.2,78.3,76.66666666666667,77.43333333333334,77.66666666666667,78.46666666666667,77.39999999999999,78.76666666666667,81.5,86.60000000000001,87.53333333333335,87.23333333333333,89.23333333333333,86.60000000000001,91.06666666666666,95.7,100.76666666666667,102.3,107.26666666666667,111.33333333333333,112.60000000000001,2005,4,9,4/09/2005,0.2709,6.0,0.27062,0.27057,0.26986,0.26887,0.26849,0.26777,0.26774,0.2722
2005-04-10,88.53333333333335,84.33333333333333,88.39999999999999,87.73333333333333,87.93333333333334,88.43333333333334,88.10000000000001,84.66666666666667,81.06666666666666,80.2,78.3,76.66666666666667,77.43333333333334,77.66666666666667,78.46666666666667,77.39999999999999,78.76666666666667,81.5,86.60000000000001,87.53333333333335,87.23333333333333,89.23333333333333,86.60000000000001,91.06666666666666,95.7,100.76666666666667,102.3,107.26666666666667,111.33333333333333,2005,4,10,4/10/2005,0.27115,6.0,0.2709,0.27062,0.27057,0.26986,0.26887,0.26849,0.26777,0.27248
2005-04-11,87.73333333333333,82.3,88.53333333333335,88.39999999999999,87.73333333333333,87.93333333333334,88.43333333333334,88.10000000000001,84.66666666666667,81.06666666666666,80.2,78.3,76.66666666666667,77.43333333333334,77.66666666666667,78.46666666666667,77.39999999999999,78.76666666666667,81.5,86.60000000000001,87.53333333333335,87.23333333333333,89.23333333333333,86.60000000000001,91.06666666666666,95.7,100.76666666666667,102.3,107.26666666666667,2005,4,11,4/11/2005,0.27075,6.0,0.27115,0.2709,0.27062,0.27057,0.26986,0.26887,0.26849,0.27262
2005-04-12,85.03333333333333,80.43333333333334,87.73333333333333,88.53333333333335,88.39999999999999,87.73333333333333,87.93333333333334,88.43333333333334,88.10000000000001,84.66666666666667,81.06666666666666,80.2,78.3,76.66666666666667,77.43333333333334,77.66666666666667,78.46666666666667,77.39999999999999,78.76666666666667,81.5,86.60000000000001,87.53333333333335,87.23333333333333,89.23333333333333,86.60000000000001,91.06666666666666,95.7,100.76666666666667,102.3,2005,4,12,4/12/2005,0.27061,6.0,0.27075,0.27115,0.2709,0.27062,0.27057,0.26986,0.26887,0.27252
2005-04-13,84.26666666666667,77.89999999999999,85.03333333333333,87.73333333333333,88.53333333333335,88.39999999999999,87.73333333333333,87.93333333333334,88.43333333333334,88.10000000000001,84.66666666666667,81.06666666666666,80.2,78.3,76.66666666666667,77.43333333333334,77.66666666666667,78.46666666666667,77.39999999999999,78.76666666666667,81.5,86.60000000000001,87.53333333333335,87.23333333333333,89.23333333333333,86.60000000000001,91.06666666666666,95.7,100.76666666666667,2005,4,13,4/13/2005,0.27029,6.0,0.27061,0.27075,0.27115,0.2709,0.27062,0.27057,0.26986,0.27232
2005-04-14,86.23333333333333,77.96666666666667,84.26666666666667,85.03333333333333,87.73333333333333,88.53333333333335,88.39999999999999,87.73333333333333,87.93333333333334,88.43333333333334,88.10000000000001,84.66666666666667,81.06666666666666,80.2,78.3,76.66666666666667,77.43333333333334,77.66666666666667,78.46666666666667,77.39999999999999,78.76666666666667,81.5,86.60000000000001,87.53333333333335,87.23333333333333,89.23333333333333,86.60000000000001,91.06666666666666,95.7,2005,4,14,4/14/2005,0.27028,6.0,0.27029,0.27061,0.27075,0.27115,0.2709,0.27062,0.27057,0.2721
2005-04-15,85.60000000000001,77.96666666666665,86.23333333333333,84.26666666666667,85.03333333333333,87.73333333333333,88.53333333333335,88.39999999999999,87.73333333333333,87.93333333333334,88.43333333333334,88.10000000000001,84.66666666666667,81.06666666666666,80.2,78.3,76.66666666666667,77.43333333333334,77.66666666666667,78.46666666666667,77.39999999999999,78.76666666666667,81.5,86.60000000000001,87.53333333333335,87.23333333333333,89.23333333333333,86.60000000000001,91.06666666666666,2005,4,15,4/15/2005,0.27032,6.0,0.27028,0.27029,0.27061,0.27075,0.27115,0.2709,0.27062,0.27119
2005-04-16,83.03333333333333,80.2,85.60000000000001,86.23333333333333,84.26666666666667,85.03333333333333,87.73333333333333,88.53333333333335,88.39999999999999,87.73333333333333,87.93333333333334,88.43333333333334,88.10000000000001,84.66666666666667,81.06666666666666,80.2,78.3,76.66666666666667,77.43333333333334,77.66666666666667,78.46666666666667,77.39999999999999,78.76666666666667,81.5,86.60000000000001,87.53333333333335,87.23333333333333,89.23333333333333,86.60000000000001,2005,4,16,4/16/2005,0.26996,6.0,0.27032,0.27028,0.27029,0.27061,0.27075,0.27115,0.2709,0.27077
2005-04-17,84.33333333333333,83.13333333333334,83.03333333333333,85.60000000000001,86.23333333333333,84.26666666666667,85.03333333333333,87.73333333333333,88.53333333333335,88.39999999999999,87.73333333333333,87.93333333333334,88.43333333333334,88.10000000000001,84.66666666666667,81.06666666666666,80.2,78.3,76.66666666666667,77.43333333333334,77.66666666666667,78.46666666666667,77.39999999999999,78.76666666666667,81.5,86.60000000000001,87.53333333333335,87.23333333333333,89.23333333333333,2005,4,17,4/17/2005,0.26987,6.0,0.26996,0.27032,0.27028,0.27029,0.27061,0.27075,0.27115,0.27009
2005-04-18,82.3,86.83333333333333,84.33333333333333,83.03333333333333,85.60000000000001,86.23333333333333,84.26666666666667,85.03333333333333,87.73333333333333,88.53333333333335,88.39999999999999,87.73333333333333,87.93333333333334,88.43333333333334,88.10000000000001,84.66666666666667,81.06666666666666,80.2,78.3,76.66666666666667,77.43333333333334,77.66666666666667,78.46666666666667,77.39999999999999,78.76666666666667,81.5,86.60000000000001,87.53333333333335,87.23333333333333,2005,4,18,4/18/2005,0.26972,6.0,0.26987,0.26996,0.27032,0.27028,0.27029,0.27061,0.27075,0.2699
2005-04-19,80.43333333333334,90.93333333333334,82.3,84.33333333333333,83.03333333333333,85.60000000000001,86.23333333333333,84.26666666666667,85.03333333333333,87.73333333333333,88.53333333333335,88.39999999999999,87.73333333333333,87.93333333333334,88.43333333333334,88.10000000000001,84.66666666666667,81.06666666666666,80.2,78.3,76.66666666666667,77.43333333333334,77.66666666666667,78.46666666666667,77.39999999999999,78.76666666666667,81.5,86.60000000000001,87.53333333333335,2005,4,19,4/19/2005,0.26918,6.0,0.26972,0.26987,0.26996,0.27032,0.27028,0.27029,0.27061,0.26968
2005-04-20,77.89999999999999,96.13333333333333,80.43333333333334,82.3,84.33333333333333,83.03333333333333,85.60000000000001,86.23333333333333,84.26666666666667,85.03333333333333,87.73333333333333,88.53333333333335,88.39999999999999,87.73333333333333,87.93333333333334,88.43333333333334,88.10000000000001,84.66666666666667,81.06666666666666,80.2,78.3,76.66666666666667,77.43333333333334,77.66666666666667,78.46666666666667,77.39999999999999,78.76666666666667,81.5,86.60000000000001,2005,4,20,4/20/2005,0.2689,6.0,0.26918,0.26972,0.26987,0.26996,0.27032,0.27028,0.27029,0.26918
2005-04-21,77.96666666666667,99.73333333333333,77.89999999999999,80.43333333333334,82.3,84.33333333333333,83.03333333333333,85.60000000000001,86.23333333333333,84.26666666666667,85.03333333333333,87.73333333333333,88.53333333333335,88.39999999999999,87.73333333333333,87.93333333333334,88.43333333333334,88.10000000000001,84.66666666666667,81.06666666666666,80.2,78.3,76.66666666666667,77.43333333333334,77.66666666666667,78.46666666666667,77.39999999999999,78.76666666666667,81.5,2005,4,21,4/21/2005,0.26885,6.0,0.2689,0.26918,0.26972,0.26987,0.26996,0.27032,0.27028,0.26943
2005-04-22,77.96666666666665,105.03333333333335,77.96666666666667,77.89999999999999,80.43333333333334,82.3,84.33333333333333,83.03333333333333,85.60000000000001,86.23333333333333,84.26666666666667,85.03333333333333,87.73333333333333,88.53333333333335,88.39999999999999,87.73333333333333,87.93333333333334,88.43333333333334,88.10000000000001,84.66666666666667,81.06666666666666,80.2,78.3,76.66666666666667,77.43333333333334,77.66666666666667,78.46666666666667,77.39999999999999,78.76666666666667,2005,4,22,4/22/2005,0.2685,6.0,0.26885,0.2689,0.26918,0.26972,0.26987,0.26996,0.27032,0.26926
2005-04-23,80.2,108.3,77.96666666666665,77.96666666666667,77.89999999999999,80.43333333333334,82.3,84.33333333333333,83.03333333333333,85.60000000000001,86.23333333333333,84.26666666666667,85.03333333333333,87.73333333333333,88.53333333333335,88.39999999999999,87.73333333333333,87.93333333333334,88.43333333333334,88.10000000000001,84.66666666666667,81.06666666666666,80.2,78.3,76.66666666666667,77.43333333333334,77.66666666666667,78.46666666666667,77.39999999999999,2005,4,23,4/23/2005,0.26802,6.0,0.2685,0.26885,0.2689,0.26918,0.26972,0.26987,0.26996,0.26901
2005-04-24,83.13333333333334,113.26666666666667,80.2,77.96666666666665,77.96666666666667,77.89999999999999,80.43333333333334,82.3,84.33333333333333,83.03333333333333,85.60000000000001,86.23333333333333,84.26666666666667,85.03333333333333,87.73333333333333,88.53333333333335,88.39999999999999,87.73333333333333,87.93333333333334,88.43333333333334,88.10000000000001,84.66666666666667,81.06666666666666,80.2,78.3,76.66666666666667,77.43333333333334,77.66666666666667,78.46666666666667,2005,4,24,4/24/2005,0.26809,6.0,0.26802,0.2685,0.26885,0.2689,0.26918,0.26972,0.26987,0.26869
2005-04-25,86.83333333333333,122.2,83.13333333333334,80.2,77.96666666666665,77.96666666666667,77.89999999999999,80.43333333333334,82.3,84.33333333333333,83.03333333333333,85.60000000000001,86.23333333333333,84.26666666666667,85.03333333333333,87.73333333333333,88.53333333333335,88.39999999999999,87.73333333333333,87.93333333333334,88.43333333333334,88.10000000000001,84.66666666666667,81.06666666666666,80.2,78.3,76.66666666666667,77.43333333333334,77.66666666666667,2005,4,25,4/25/2005,0.26769,6.0,0.26809,0.26802,0.2685,0.26885,0.2689,0.26918,0.26972,0.26839
2005-04-26,90.93333333333334,114.5,86.83333333333333,83.13333333333334,80.2,77.96666666666665,77.96666666666667,77.89999999999999,80.43333333333334,82.3,84.33333333333333,83.03333333333333,85.60000000000001,86.23333333333333,84.26666666666667,85.03333333333333,87.73333333333333,88.53333333333335,88.39999999999999,87.73333333333333,87.93333333333334,88.43333333333334,88.10000000000001,84.66666666666667,81.06666666666666,80.2,78.3,76.66666666666667,77.43333333333334,2005,4,26,4/26/2005,0.26854,6.0,0.26769,0.26809,0.26802,0.2685,0.26885,0.2689,0.26918,0.26819
2005-04-27,96.13333333333333,112.56666666666666,90.93333333333334,86.83333333333333,83.13333333333334,80.2,77.96666666666665,77.96666666666667,77.89999999999999,80.43333333333334,82.3,84.33333333333333,83.03333333333333,85.60000000000001,86.23333333333333,84.26666666666667,85.03333333333333,87.73333333333333,88.53333333333335,88.39999999999999,87.73333333333333,87.93333333333334,88.43333333333334,88.10000000000001,84.66666666666667,81.06666666666666,80.2,78.3,76.66666666666667,2005,4,27,4/27/2005,0.26888,6.0,0.26854,0.26769,0.26809,0.26802,0.2685,0.26885,0.2689,0.26803
2005-04-28,99.73333333333333,112.7,96.13333333333333,90.93333333333334,86.83333333333333,83.13333333333334,80.2,77.96666666666665,77.96666666666667,77.89999999999999,80.43333333333334,82.3,84.33333333333333,83.03333333333333,85.60000000000001,86.23333333333333,84.26666666666667,85.03333333333333,87.73333333333333,88.53333333333335,88.39999999999999,87.73333333333333,87.93333333333334,88.43333333333334,88.10000000000001,84.66666666666667,81.06666666666666,80.2,78.3,2005,4,28,4/28/2005,0.26951,6.0,0.26888,0.26854,0.26769,0.26809,0.26802,0.2685,0.26885,0.26782
2005-04-29,105.03333333333335,111.13333333333333,99.73333333333333,96.13333333333333,90.93333333333334,86.83333333333333,83.13333333333334,80.2,77.96666666666665,77.96666666666667,77.89999999999999,80.43333333333334,82.3,84.33333333333333,83.03333333333333,85.60000000000001,86.23333333333333,84.26666666666667,85.03333333333333,87.73333333333333,88.53333333333335,88.39999999999999,87.73333333333333,87.93333333333334,88.43333333333334,88.10000000000001,84.66666666666667,81.06666666666666,80.2,2005,4,29,4/29/2005,0.26974,6.0,0.26951,0.26888,0.26854,0.26769,0.26809,0.26802,0.2685,0.26774
2005-04-30,108.3,101.86666666666667,105.03333333333335,99.73333333333333,96.13333333333333,90.93333333333334,86.83333333333333,83.13333333333334,80.2,77.96666666666665,77.96666666666667,77.89999999999999,80.43333333333334,82.3,84.33333333333333,83.03333333333333,85.60000000000001,86.23333333333333,84.26666666666667,85.03333333333333,87.73333333333333,88.53333333333335,88.39999999999999,87.73333333333333,87.93333333333334,88.43333333333334,88.10000000000001,84.66666666666667,81.06666666666666,2005,4,30,4/30/2005,0.27003,6.0,0.26974,0.26951,0.26888,0.26854,0.26769,0.26809,0.26802,0.26777
2005-05-01,113.26666666666667,104.0,108.3,105.03333333333335,99.73333333333333,96.13333333333333,90.93333333333334,86.83333333333333,83.13333333333334,80.2,77.96666666666665,77.96666666666667,77.89999999999999,80.43333333333334,82.3,84.33333333333333,83.03333333333333,85.60000000000001,86.23333333333333,84.26666666666667,85.03333333333333,87.73333333333333,88.53333333333335,88.39999999999999,87.73333333333333,87.93333333333334,88.43333333333334,88.10000000000001,84.66666666666667,2005,5,1,5/01/2005,0.2706,6.0,0.27003,0.26974,0.26951,0.26888,0.26854,0.26769,0.26809,0.26849
2005-05-02,122.2,112.33333333333333,113.26666666666667,108.3,105.03333333333335,99.73333333333333,96.13333333333333,90.93333333333334,86.83333333333333,83.13333333333334,80.2,77.96666666666665,77.96666666666667,77.89999999999999,80.43333333333334,82.3,84.33333333333333,83.03333333333333,85.60000000000001,86.23333333333333,84.26666666666667,85.03333333333333,87.73333333333333,88.53333333333335,88.39999999999999,87.73333333333333,87.93333333333334,88.43333333333334,88.10000000000001,2005,5,2,5/02/2005,0.27073,6.0,0.2706,0.27003,0.26974,0.26951,0.26888,0.26854,0.26769,0.26887
2005-05-03,114.5,119.83333333333333,122.2,113.26666666666667,108.3,105.03333333333335,99.73333333333333,96.13333333333333,90.93333333333334,86.83333333333333,83.13333333333334,80.2,77.96666666666665,77.96666666666667,77.89999999999999,80.43333333333334,82.3,84.33333333333333,83.03333333333333,85.60000000000001,86.23333333333333,84.26666666666667,85.03333333333333,87.73333333333333,88.53333333333335,88.39999999999999,87.73333333333333,87.93333333333334,88.43333333333334,2005,5,3,5/03/2005,0.27176,6.0,0.27073,0.2706,0.27003,0.26974,0.26951,0.26888,0.26854,0.26986
2005-05-04,112.56666666666666,124.2,114.5,122.2,113.26666666666667,108.3,105.03333333333335,99.73333333333333,96.13333333333333,90.93333333333334,86.83333333333333,83.13333333333334,80.2,77.96666666666665,77.96666666666667,77.89999999999999,80.43333333333334,82.3,84.33333333333333,83.03333333333333,85.60000000000001,86.23333333333333,84.26666666666667,85.03333333333333,87.73333333333333,88.53333333333335,88.39999999999999,87.73333333333333,87.93333333333334,2005,5,4,5/04/2005,0.272,6.0,0.27176,0.27073,0.2706,0.27003,0.26974,0.26951,0.26888,0.27057
2005-05-05,112.7,119.3,112.56666666666666,114.5,122.2,113.26666666666667,108.3,105.03333333333335,99.73333333333333,96.13333333333333,90.93333333333334,86.83333333333333,83.13333333333334,80.2,77.96666666666665,77.96666666666667,77.89999999999999,80.43333333333334,82.3,84.33333333333333,83.03333333333333,85.60000000000001,86.23333333333333,84.26666666666667,85.03333333333333,87.73333333333333,88.53333333333335,88.39999999999999,87.73333333333333,2005,5,5,5/05/2005,0.27186,6.0,0.272,0.27176,0.27073,0.2706,0.27003,0.26974,0.26951,0.27062
2005-05-06,111.13333333333333,180.4,112.7,112.56666666666666,114.5,122.2,113.26666666666667,108.3,105.03333333333335,99.73333333333333,96.13333333333333,90.93333333333334,86.83333333333333,83.13333333333334,80.2,77.96666666666665,77.96666666666667,77.89999999999999,80.43333333333334,82.3,84.33333333333333,83.03333333333333,85.60000000000001,86.23333333333333,84.26666666666667,85.03333333333333,87.73333333333333,88.53333333333335,88.39999999999999,2005,5,6,5/06/2005,0.27207,6.0,0.27186,0.272,0.27176,0.27073,0.2706,0.27003,0.26974,0.2709
2005-05-07,101.86666666666667,103.13333333333333,111.13333333333333,112.7,112.56666666666666,114.5,122.2,113.26666666666667,108.3,105.03333333333335,99.73333333333333,96.13333333333333,90.93333333333334,86.83333333333333,83.13333333333334,80.2,77.96666666666665,77.96666666666667,77.89999999999999,80.43333333333334,82.3,84.33333333333333,83.03333333333333,85.60000000000001,86.23333333333333,84.26666666666667,85.03333333333333,87.73333333333333,88.53333333333335,2005,5,7,5/07/2005,0.27154,6.0,0.27207,0.27186,0.272,0.27176,0.27073,0.2706,0.27003,0.27115
2005-05-08,104.0,106.73333333333333,101.86666666666667,111.13333333333333,112.7,112.56666666666666,114.5,122.2,113.26666666666667,108.3,105.03333333333335,99.73333333333333,96.13333333333333,90.93333333333334,86.83333333333333,83.13333333333334,80.2,77.96666666666665,77.96666666666667,77.89999999999999,80.43333333333334,82.3,84.33333333333333,83.03333333333333,85.60000000000001,86.23333333333333,84.26666666666667,85.03333333333333,87.73333333333333,2005,5,8,5/08/2005,-999.0,0.0,0.27154,0.27207,0.27186,0.272,0.27176,0.27073,0.2706,0.27075
2005-05-09,112.33333333333333,103.33333333333333,104.0,101.86666666666667,111.13333333333333,112.7,112.56666666666666,114.5,122.2,113.26666666666667,108.3,105.03333333333335,99.73333333333333,96.13333333333333,90.93333333333334,86.83333333333333,83.13333333333334,80.2,77.96666666666665,77.96666666666667,77.89999999999999,80.43333333333334,82.3,84.33333333333333,83.03333333333333,85.60000000000001,86.23333333333333,84.26666666666667,85.03333333333333,2005,5,9,5/09/2005,-999.0,0.0,-999.0,0.27154,0.27207,0.27186,0.272,0.27176,0.27073,0.27061
2005-05-10,119.83333333333333,92.53333333333335,112.33333333333333,104.0,101.86666666666667,111.13333333333333,112.7,112.56666666666666,114.5,122.2,113.26666666666667,108.3,105.03333333333335,99.73333333333333,96.13333333333333,90.93333333333334,86.83333333333333,83.13333333333334,80.2,77.96666666666665,77.96666666666667,77.89999999999999,80.43333333333334,82.3,84.33333333333333,83.03333333333333,85.60000000000001,86.23333333333333,84.26666666666667,2005,5,10,5/10/2005,-999.0,0.0,-999.0,-999.0,0.27154,0.27207,0.27186,0.272,0.27176,0.27029
2005-05-11,124.2,88.06666666666666,119.83333333333333,112.33333333333333,104.0,101.86666666666667,111.13333333333333,112.7,112.56666666666666,114.5,122.2,113.26666666666667,108.3,105.03333333333335,99.73333333333333,96.13333333333333,90.93333333333334,86.83333333333333,83.13333333333334,80.2,77.96666666666665,77.96666666666667,77.89999999999999,80.43333333333334,82.3,84.33333333333333,83.03333333333333,85.60000000000001,86.23333333333333,2005,5,11,5/11/2005,-999.0,0.0,-999.0,-999.0,-999.0,0.27154,0.27207,0.27186,0.272,0.27028
2005-05-12,119.3,86.93333333333334,124.2,119.83333333333333,112.33333333333333,104.0,101.86666666666667,111.13333333333333,112.7,112.56666666666666,114.5,122.2,113.26666666666667,108.3,105.03333333333335,99.73333333333333,96.13333333333333,90.93333333333334,86.83333333333333,83.13333333333334,80.2,77.96666666666665,77.96666666666667,77.89999999999999,80.43333333333334,82.3,84.33333333333333,83.03333333333333,85.60000000000001,2005,5,12,5/12/2005,-999.0,0.0,-999.0,-999.0,-999.0,-999.0,0.27154,0.27207,0.27186,0.27032
2005-05-13,180.4,85.93333333333334,119.3,124.2,119.83333333333333,112.33333333333333,104.0,101.86666666666667,111.13333333333333,112.7,112.56666666666666,114.5,122.2,113.26666666666667,108.3,105.03333333333335,99.73333333333333,96.13333333333333,90.93333333333334,86.83333333333333,83.13333333333334,80.2,77.96666666666665,77.96666666666667,77.89999999999999,80.43333333333334,82.3,84.33333333333333,83.03333333333333,2005,5,13,5/13/2005,-999.0,0.0,-999.0,-999.0,-999.0,-999.0,-999.0,0.27154,0.27207,0.26996
2005-05-14,103.13333333333333,84.23333333333333,180.4,119.3,124.2,119.83333333333333,112.33333333333333,104.0,101.86666666666667,111.13333333333333,112.7,112.56666666666666,114.5,122.2,113.26666666666667,108.3,105.03333333333335,99.73333333333333,96.13333333333333,90.93333333333334,86.83333333333333,83.13333333333334,80.2,77.96666666666665,77.96666666666667,77.89999999999999,80.43333333333334,82.3,84.33333333333333,2005,5,14,5/14/2005,-999.0,0.0,-999.0,-999.0,-999.0,-999.0,-999.0,-999.0,0.27154,0.26987
2005-05-15,106.73333333333333,84.26666666666667,103.13333333333333,180.4,119.3,124.2,119.83333333333333,112.33333333333333,104.0,101.86666666666667,111.13333333333333,112.7,112.56666666666666,114.5,122.2,113.26666666666667,108.3,105.03333333333335,99.73333333333333,96.13333333333333,90.93333333333334,86.83333333333333,83.13333333333334,80.2,77.96666666666665,77.96666666666667,77.89999999999999,80.43333333333334,82.3,2005,5,15,5/15/2005,-999.0,0.0,-999.0,-999.0,-999.0,-999.0,-999.0,-999.0,-999.0,0.26972
2005-05-16,103.33333333333333,85.96666666666665,106.73333333333333,103.13333333333333,180.4,119.3,124.2,119.83333333333333,112.33333333333333,104.0,101.86666666666667,111.13333333333333,112.7,112.56666666666666,114.5,122.2,113.26666666666667,108.3,105.03333333333335,99.73333333333333,96.13333333333333,90.93333333333334,86.83333333333333,83.13333333333334,80.2,77.96666666666665,77.96666666666667,77.89999999999999,80.43333333333334,2005,5,16,5/16/2005,-999.0,0.0,-999.0,-999.0,-999.0,-999.0,-999.0,-999.0,-999.0,0.26918
2005-05-17,92.53333333333335,87.5,103.33333333333333,106.73333333333333,103.13333333333333,180.4,119.3,124.2,119.83333333333333,112.33333333333333,104.0,101.86666666666667,111.13333333333333,112.7,112.56666666666666,114.5,122.2,113.26666666666667,108.3,105.03333333333335,99.73333333333333,96.13333333333333,90.93333333333334,86.83333333333333,83.13333333333334,80.2,77.96666666666665,77.96666666666667,77.89999999999999,2005,5,17,5/17/2005,-999.0,0.0,-999.0,-999.0,-999.0,-999.0,-999.0,-999.0,-999.0,0.2689
2005-05-18,88.06666666666666,86.0,92.53333333333335,103.33333333333333,106.73333333333333,103.13333333333333,180.4,119.3,124.2,119.83333333333333,112.33333333333333,104.0,101.86666666666667,111.13333333333333,112.7,112.56666666666666,114.5,122.2,113.26666666666667,108.3,105.03333333333335,99.73333333333333,96.13333333333333,90.93333333333334,86.83333333333333,83.13333333333334,80.2,77.96666666666665,77.96666666666667,2005,5,18,5/18/2005,-999.0,0.0,-999.0,-999.0,-999.0,-999.0,-999.0,-999.0,-999.0,0.26885
2005-05-19,86.93333333333334,93.0,88.06666666666666,92.53333333333335,103.33333333333333,106.73333333333333,103.13333333333333,180.4,119.3,124.2,119.83333333333333,112.33333333333333,104.0,101.86666666666667,111.13333333333333,112.7,112.56666666666666,114.5,122.2,113.26666666666667,108.3,105.03333333333335,99.73333333333333,96.13333333333333,90.93333333333334,86.83333333333333,83.13333333333334,80.2,77.96666666666665,2005,5,19,5/19/2005,-999.0,0.0,-999.0,-999.0,-999.0,-999.0,-999.0,-999.0,-999.0,0.2685
2005-05-20,85.93333333333334,96.56666666666666,86.93333333333334,88.06666666666666,92.53333333333335,103.33333333333333,106.73333333333333,103.13333333333333,180.4,119.3,124.2,119.83333333333333,112.33333333333333,104.0,101.86666666666667,111.13333333333333,112.7,112.56666666666666,114.5,122.2,113.26666666666667,108.3,105.03333333333335,99.73333333333333,96.13333333333333,90.93333333333334,86.83333333333333,83.13333333333334,80.2,2005,5,20,5/20/2005,-999.0,0.0,-999.0,-999.0,-999.0,-999.0,-999.0,-999.0,-999.0,0.26802
2005-05-21,84.23333333333333,96.5,85.93333333333334,86.93333333333334,88.06666666666666,92.53333333333335,103.33333333333333,106.73333333333333,103.13333333333333,180.4,119.3,124.2,119.83333333333333,112.33333333333333,104.0,101.86666666666667,111.13333333333333,112.7,112.56666666666666,114.5,122.2,113.26666666666667,108.3,105.03333333333335,99.73333333333333,96.13333333333333,90.93333333333334,86.83333333333333,83.13333333333334,2005,5,21,5/21/2005,-999.0,0.0,-999.0,-999.0,-999.0,-999.0,-999.0,-999.0,-999.0,0.26809
2005-05-22,84.26666666666667,95.76666666666667,84.23333333333333,85.93333333333334,86.93333333333334,88.06666666666666,92.53333333333335,103.33333333333333,106.73333333333333,103.13333333333333,180.4,119.3,124.2,119.83333333333333,112.33333333333333,104.0,101.86666666666667,111.13333333333333,112.7,112.56666666666666,114.5,122.2,113.26666666666667,108.3,105.03333333333335,99.73333333333333,96.13333333333333,90.93333333333334,86.83333333333333,2005,5,22,5/22/2005,-999.0,0.0,-999.0,-999.0,-999.0,-999.0,-999.0,-999.0,-999.0,0.26769
2005-05-23,85.96666666666665,97.73333333333333,84.26666666666667,84.23333333333333,85.93333333333334,86.93333333333334,88.06666666666666,92.53333333333335,103.33333333333333,106.73333333333333,103.13333333333333,180.4,119.3,124.2,119.83333333333333,112.33333333333333,104.0,101.86666666666667,111.13333333333333,112.7,112.56666666666666,114.5,122.2,113.26666666666667,108.3,105.03333333333335,99.73333333333333,96.13333333333333,90.93333333333334,2005,5,23,5/23/2005,-999.0,0.0,-999.0,-999.0,-999.0,-999.0,-999.0,-999.0,-999.0,0.26854
2005-05-24,87.5,98.26666666666667,85.96666666666665,84.26666666666667,84.23333333333333,85.93333333333334,86.93333333333334,88.06666666666666,92.53333333333335,103.33333333333333,106.73333333333333,103.13333333333333,180.4,119.3,124.2,119.83333333333333,112.33333333333333,104.0,101.86666666666667,111.13333333333333,112.7,112.56666666666666,114.5,122.2,113.26666666666667,108.3,105.03333333333335,99.73333333333333,96.13333333333333,2005,5,24,5/24/2005,-999.0,0.0,-999.0,-999.0,-999.0,-999.0,-999.0,-999.0,-999.0,0.26888
2005-05-25,86.0,99.3,87.5,85.96666666666665,84.26666666666667,84.23333333333333,85.93333333333334,86.93333333333334,88.06666666666666,92.53333333333335,103.33333333333333,106.73333333333333,103.13333333333333,180.4,119.3,124.2,119.83333333333333,112.33333333333333,104.0,101.86666666666667,111.13333333333333,112.7,112.56666666666666,114.5,122.2,113.26666666666667,108.3,105.03333333333335,99.73333333333333,2005,5,25,5/25/2005,-999.0,0.0,-999.0,-999.0,-999.0,-999.0,-999.0,-999.0,-999.0,0.26951
2005-05-26,93.0,96.73333333333333,86.0,87.5,85.96666666666665,84.26666666666667,84.23333333333333,85.93333333333334,86.93333333333334,88.06666666666666,92.53333333333335,103.33333333333333,106.73333333333333,103.13333333333333,180.4,119.3,124.2,119.83333333333333,112.33333333333333,104.0,101.86666666666667,111.13333333333333,112.7,112.56666666666666,114.5,122.2,113.26666666666667,108.3,105.03333333333335,2005,5,26,5/26/2005,-999.0,0.0,-999.0,-999.0,-999.0,-999.0,-999.0,-999.0,-999.0,0.26974
2005-05-27,96.56666666666666,98.93333333333334,93.0,86.0,87.5,85.96666666666665,84.26666666666667,84.23333333333333,85.93333333333334,86.93333333333334,88.06666666666666,92.53333333333335,103.33333333333333,106.73333333333333,103.13333333333333,180.4,119.3,124.2,119.83333333333333,112.33333333333333,104.0,101.86666666666667,111.13333333333333,112.7,112.56666666666666,114.5,122.2,113.26666666666667,108.3,2005,5,27,5/27/2005,-999.0,0.0,-999.0,-999.0,-999.0,-999.0,-999.0,-999.0,-999.0,0.27003
2005-05-28,96.5,101.5,96.56666666666666,93.0,86.0,87.5,85.96666666666665,84.26666666666667,84.23333333333333,85.93333333333334,86.93333333333334,88.06666666666666,92.53333333333335,103.33333333333333,106.73333333333333,103.13333333333333,180.4,119.3,124.2,119.83333333333333,112.33333333333333,104.0,101.86666666666667,111.13333333333333,112.7,112.56666666666666,114.5,122.2,113.26666666666667,2005,5,28,5/28/2005,0.27018,6.0,-999.0,-999.0,-999.0,-999.0,-999.0,-999.0,-999.0,0.2706
2005-05-29,95.76666666666667,106.59999999999998,96.5,96.56666666666666,93.0,86.0,87.5,85.96666666666665,84.26666666666667,84.23333333333333,85.93333333333334,86.93333333333334,88.06666666666666,92.53333333333335,103.33333333333333,106.73333333333333,103.13333333333333,180.4,119.3,124.2,119.83333333333333,112.33333333333333,104.0,101.86666666666667,111.13333333333333,112.7,112.56666666666666,114.5,122.2,2005,5,29,5/29/2005,0.27061,6.0,0.27018,-999.0,-999.0,-999.0,-999.0,-999.0,-999.0,0.27073
2005-05-30,97.73333333333333,109.16666666666667,95.76666666666667,96.5,96.56666666666666,93.0,86.0,87.5,85.96666666666665,84.26666666666667,84.23333333333333,85.93333333333334,86.93333333333334,88.06666666666666,92.53333333333335,103.33333333333333,106.73333333333333,103.13333333333333,180.4,119.3,124.2,119.83333333333333,112.33333333333333,104.0,101.86666666666667,111.13333333333333,112.7,112.56666666666666,114.5,2005,5,30,5/30/2005,0.27102,6.0,0.27061,0.27018,-999.0,-999.0,-999.0,-999.0,-999.0,0.27176
2005-05-31,98.26666666666667,111.0,97.73333333333333,95.76666666666667,96.5,96.56666666666666,93.0,86.0,87.5,85.96666666666665,84.26666666666667,84.23333333333333,85.93333333333334,86.93333333333334,88.06666666666666,92.53333333333335,103.33333333333333,106.73333333333333,103.13333333333333,180.4,119.3,124.2,119.83333333333333,112.33333333333333,104.0,101.86666666666667,111.13333333333333,112.7,112.56666666666666,2005,5,31,5/31/2005,0.27147,6.0,0.27102,0.27061,0.27018,-999.0,-999.0,-999.0,-999.0,0.272
2005-06-01,99.3,118.2,98.26666666666667,97.73333333333333,95.76666666666667,96.5,96.56666666666666,93.0,86.0,87.5,85.96666666666665,84.26666666666667,84.23333333333333,85.93333333333334,86.93333333333334,88.06666666666666,92.53333333333335,103.33333333333333,106.73333333333333,103.13333333333333,180.4,119.3,124.2,119.83333333333333,112.33333333333333,104.0,101.86666666666667,111.13333333333333,112.7,2005,6,1,6/01/2005,0.2718,6.0,0.27147,0.27102,0.27061,0.27018,-999.0,-999.0,-999.0,0.27186
2005-06-02,96.73333333333333,119.93333333333334,99.3,98.26666666666667,97.73333333333333,95.76666666666667,96.5,96.56666666666666,93.0,86.0,87.5,85.96666666666665,84.26666666666667,84.23333333333333,85.93333333333334,86.93333333333334,88.06666666666666,92.53333333333335,103.33333333333333,106.73333333333333,103.13333333333333,180.4,119.3,124.2,119.83333333333333,112.33333333333333,104.0,101.86666666666667,111.13333333333333,2005,6,2,6/02/2005,0.27163,6.0,0.2718,0.27147,0.27102,0.27061,0.27018,-999.0,-999.0,0.27207
2005-06-03,98.93333333333334,120.10000000000001,96.73333333333333,99.3,98.26666666666667,97.73333333333333,95.76666666666667,96.5,96.56666666666666,93.0,86.0,87.5,85.96666666666665,84.26666666666667,84.23333333333333,85.93333333333334,86.93333333333334,88.06666666666666,92.53333333333335,103.33333333333333,106.73333333333333,103.13333333333333,180.4,119.3,124.2,119.83333333333333,112.33333333333333,104.0,101.86666666666667,2005,6,3,6/03/2005,0.27101,6.0,0.27163,0.2718,0.27147,0.27102,0.27061,0.27018,-999.0,0.27154
2005-06-04,101.5,111.2,98.93333333333334,96.73333333333333,99.3,98.26666666666667,97.73333333333333,95.76666666666667,96.5,96.56666666666666,93.0,86.0,87.5,85.96666666666665,84.26666666666667,84.23333333333333,85.93333333333334,86.93333333333334,88.06666666666666,92.53333333333335,103.33333333333333,106.73333333333333,103.13333333333333,180.4,119.3,124.2,119.83333333333333,112.33333333333333,104.0,2005,6,4,6/04/2005,0.27079,6.0,0.27101,0.27163,0.2718,0.27147,0.27102,0.27061,0.27018,-999.0
2005-06-05,106.59999999999998,110.16666666666667,101.5,98.93333333333334,96.73333333333333,99.3,98.26666666666667,97.73333333333333,95.76666666666667,96.5,96.56666666666666,93.0,86.0,87.5,85.96666666666665,84.26666666666667,84.23333333333333,85.93333333333334,86.93333333333334,88.06666666666666,92.53333333333335,103.33333333333333,106.73333333333333,103.13333333333333,180.4,119.3,124.2,119.83333333333333,112.33333333333333,2005,6,5,6/05/2005,0.27116,6.0,0.27079,0.27101,0.27163,0.2718,0.27147,0.27102,0.27061,-999.0
2005-06-06,109.16666666666667,97.26666666666667,106.59999999999998,101.5,98.93333333333334,96.73333333333333,99.3,98.26666666666667,97.73333333333333,95.76666666666667,96.5,96.56666666666666,93.0,86.0,87.5,85.96666666666665,84.26666666666667,84.23333333333333,85.93333333333334,86.93333333333334,88.06666666666666,92.53333333333335,103.33333333333333,106.73333333333333,103.13333333333333,180.4,119.3,124.2,119.83333333333333,2005,6,6,6/06/2005,0.27146,6.0,0.27116,0.27079,0.27101,0.27163,0.2718,0.27147,0.27102,-999.0
2005-06-07,111.0,98.36666666666667,109.16666666666667,106.59999999999998,101.5,98.93333333333334,96.73333333333333,99.3,98.26666666666667,97.73333333333333,95.76666666666667,96.5,96.56666666666666,93.0,86.0,87.5,85.96666666666665,84.26666666666667,84.23333333333333,85.93333333333334,86.93333333333334,88.06666666666666,92.53333333333335,103.33333333333333,106.73333333333333,103.13333333333333,180.4,119.3,124.2,2005,6,7,6/07/2005,0.2717,6.0,0.27146,0.27116,0.27079,0.27101,0.27163,0.2718,0.27147,-999.0
2005-06-08,118.2,98.33333333333333,111.0,109.16666666666667,106.59999999999998,101.5,98.93333333333334,96.73333333333333,99.3,98.26666666666667,97.73333333333333,95.76666666666667,96.5,96.56666666666666,93.0,86.0,87.5,85.96666666666665,84.26666666666667,84.23333333333333,85.93333333333334,86.93333333333334,88.06666666666666,92.53333333333335,103.33333333333333,106.73333333333333,103.13333333333333,180.4,119.3,2005,6,8,6/08/2005,0.27178,6.0,0.2717,0.27146,0.27116,0.27079,0.27101,0.27163,0.2718,-999.0
2005-06-09,119.93333333333334,104.23333333333333,118.2,111.0,109.16666666666667,106.59999999999998,101.5,98.93333333333334,96.73333333333333,99.3,98.26666666666667,97.73333333333333,95.76666666666667,96.5,96.56666666666666,93.0,86.0,87.5,85.96666666666665,84.26666666666667,84.23333333333333,85.93333333333334,86.93333333333334,88.06666666666666,92.53333333333335,103.33333333333333,106.73333333333333,103.13333333333333,180.4,2005,6,9,6/09/2005,0.27159,6.0,0.27178,0.2717,0.27146,0.27116,0.27079,0.27101,0.27163,-999.0
2005-06-10,120.10000000000001,96.36666666666667,119.93333333333334,118.2,111.0,109.16666666666667,106.59999999999998,101.5,98.93333333333334,96.73333333333333,99.3,98.26666666666667,97.73333333333333,95.76666666666667,96.5,96.56666666666666,93.0,86.0,87.5,85.96666666666665,84.26666666666667,84.23333333333333,85.93333333333334,86.93333333333334,88.06666666666666,92.53333333333335,103.33333333333333,106.73333333333333,103.13333333333333,2005,6,10,6/10/2005,-999.0,0.0,0.27159,0.27178,0.2717,0.27146,0.27116,0.27079,0.27101,-999.0
2005-06-11,111.2,92.8,120.10000000000001,119.93333333333334,118.2,111.0,109.16666666666667,106.59999999999998,101.5,98.93333333333334,96.73333333333333,99.3,98.26666666666667,97.73333333333333,95.76666666666667,96.5,96.56666666666666,93.0,86.0,87.5,85.96666666666665,84.26666666666667,84.23333333333333,85.93333333333334,86.93333333333334,88.06666666666666,92.53333333333335,103.33333333333333,106.73333333333333,2005,6,11,6/11/2005,0.27079,6.0,-999.0,0.27159,0.27178,0.2717,0.27146,0.27116,0.27079,-999.0
2005-06-12,110.16666666666667,89.53333333333335,111.2,120.10000000000001,119.93333333333334,118.2,111.0,109.16666666666667,106.59999999999998,101.5,98.93333333333334,96.73333333333333,99.3,98.26666666666667,97.73333333333333,95.76666666666667,96.5,96.56666666666666,93.0,86.0,87.5,85.96666666666665,84.26666666666667,84.23333333333333,85.93333333333334,86.93333333333334,88.06666666666666,92.53333333333335,103.33333333333333,2005,6,12,6/12/2005,0.27066,6.0,0.27079,-999.0,0.27159,0.27178,0.2717,0.27146,0.27116,-999.0
2005-06-13,97.26666666666667,89.16666666666667,110.16666666666667,111.2,120.10000000000001,119.93333333333334,118.2,111.0,109.16666666666667,106.59999999999998,101.5,98.93333333333334,96.73333333333333,99.3,98.26666666666667,97.73333333333333,95.76666666666667,96.5,96.56666666666666,93.0,86.0,87.5,85.96666666666665,84.26666666666667,84.23333333333333,85.93333333333334,86.93333333333334,88.06666666666666,92.53333333333335,2005,6,13,6/13/2005,0.26987,6.0,0.27066,0.27079,-999.0,0.27159,0.27178,0.2717,0.27146,-999.0
2005-06-14,98.36666666666667,85.86666666666667,97.26666666666667,110.16666666666667,111.2,120.10000000000001,119.93333333333334,118.2,111.0,109.16666666666667,106.59999999999998,101.5,98.93333333333334,96.73333333333333,99.3,98.26666666666667,97.73333333333333,95.76666666666667,96.5,96.56666666666666,93.0,86.0,87.5,85.96666666666665,84.26666666666667,84.23333333333333,85.93333333333334,86.93333333333334,88.06666666666666,2005,6,14,6/14/2005,0.26904,6.0,0.26987,0.27066,0.27079,-999.0,0.27159,0.27178,0.2717,-999.0
2005-06-15,98.33333333333333,82.60000000000001,98.36666666666667,97.26666666666667,110.16666666666667,111.2,120.10000000000001,119.93333333333334,118.2,111.0,109.16666666666667,106.59999999999998,101.5,98.93333333333334,96.73333333333333,99.3,98.26666666666667,97.73333333333333,95.76666666666667,96.5,96.56666666666666,93.0,86.0,87.5,85.96666666666665,84.26666666666667,84.23333333333333,85.93333333333334,86.93333333333334,2005,6,15,6/15/2005,0.26902,6.0,0.26904,0.26987,0.27066,0.27079,-999.0,0.27159,0.27178,-999.0
2005-06-16,104.23333333333333,80.26666666666667,98.33333333333333,98.36666666666667,97.26666666666667,110.16666666666667,111.2,120.10000000000001,119.93333333333334,118.2,111.0,109.16666666666667,106.59999999999998,101.5,98.93333333333334,96.73333333333333,99.3,98.26666666666667,97.73333333333333,95.76666666666667,96.5,96.56666666666666,93.0,86.0,87.5,85.96666666666665,84.26666666666667,84.23333333333333,85.93333333333334,2005,6,16,6/16/2005,0.26856,6.0,0.26902,0.26904,0.26987,0.27066,0.27079,-999.0,0.27159,-999.0
2005-06-17,96.36666666666667,79.3,104.23333333333333,98.33333333333333,98.36666666666667,97.26666666666667,110.16666666666667,111.2,120.10000000000001,119.93333333333334,118.2,111.0,109.16666666666667,106.59999999999998,101.5,98.93333333333334,96.73333333333333,99.3,98.26666666666667,97.73333333333333,95.76666666666667,96.5,96.56666666666666,93.0,86.0,87.5,85.96666666666665,84.26666666666667,84.23333333333333,2005,6,17,6/17/2005,0.26826,6.0,0.26856,0.26902,0.26904,0.26987,0.27066,0.27079,-999.0,-999.0
2005-06-18,92.8,79.60000000000001,96.36666666666667,104.23333333333333,98.33333333333333,98.36666666666667,97.26666666666667,110.16666666666667,111.2,120.10000000000001,119.93333333333334,118.2,111.0,109.16666666666667,106.59999999999998,101.5,98.93333333333334,96.73333333333333,99.3,98.26666666666667,97.73333333333333,95.76666666666667,96.5,96.56666666666666,93.0,86.0,87.5,85.96666666666665,84.26666666666667,2005,6,18,6/18/2005,0.26848,6.0,0.26826,0.26856,0.26902,0.26904,0.26987,0.27066,0.27079,-999.0
2005-06-19,89.53333333333335,81.3,92.8,96.36666666666667,104.23333333333333,98.33333333333333,98.36666666666667,97.26666666666667,110.16666666666667,111.2,120.10000000000001,119.93333333333334,118.2,111.0,109.16666666666667,106.59999999999998,101.5,98.93333333333334,96.73333333333333,99.3,98.26666666666667,97.73333333333333,95.76666666666667,96.5,96.56666666666666,93.0,86.0,87.5,85.96666666666665,2005,6,19,6/19/2005,0.26852,6.0,0.26848,0.26826,0.26856,0.26902,0.26904,0.26987,0.27066,-999.0
2005-06-20,89.16666666666667,81.13333333333334,89.53333333333335,92.8,96.36666666666667,104.23333333333333,98.33333333333333,98.36666666666667,97.26666666666667,110.16666666666667,111.2,120.10000000000001,119.93333333333334,118.2,111.0,109.16666666666667,106.59999999999998,101.5,98.93333333333334,96.73333333333333,99.3,98.26666666666667,97.73333333333333,95.76666666666667,96.5,96.56666666666666,93.0,86.0,87.5,2005,6,20,6/20/2005,0.2687,6.0,0.26852,0.26848,0.26826,0.26856,0.26902,0.26904,0.26987,-999.0
2005-06-21,85.86666666666667,84.23333333333333,89.16666666666667,89.53333333333335,92.8,96.36666666666667,104.23333333333333,98.33333333333333,98.36666666666667,97.26666666666667,110.16666666666667,111.2,120.10000000000001,119.93333333333334,118.2,111.0,109.16666666666667,106.59999999999998,101.5,98.93333333333334,96.73333333333333,99.3,98.26666666666667,97.73333333333333,95.76666666666667,96.5,96.56666666666666,93.0,86.0,2005,6,21,6/21/2005,0.26876,6.0,0.2687,0.26852,0.26848,0.26826,0.26856,0.26902,0.26904,-999.0
2005-06-22,82.60000000000001,91.60000000000001,85.86666666666667,89.16666666666667,89.53333333333335,92.8,96.36666666666667,104.23333333333333,98.33333333333333,98.36666666666667,97.26666666666667,110.16666666666667,111.2,120.10000000000001,119.93333333333334,118.2,111.0,109.16666666666667,106.59999999999998,101.5,98.93333333333334,96.73333333333333,99.3,98.26666666666667,97.73333333333333,95.76666666666667,96.5,96.56666666666666,93.0,2005,6,22,6/22/2005,0.2691,6.0,0.26876,0.2687,0.26852,0.26848,0.26826,0.26856,0.26902,-999.0
2005-06-23,80.26666666666667,117.13333333333333,82.60000000000001,85.86666666666667,89.16666666666667,89.53333333333335,92.8,96.36666666666667,104.23333333333333,98.33333333333333,98.36666666666667,97.26666666666667,110.16666666666667,111.2,120.10000000000001,119.93333333333334,118.2,111.0,109.16666666666667,106.59999999999998,101.5,98.93333333333334,96.73333333333333,99.3,98.26666666666667,97.73333333333333,95.76666666666667,96.5,96.56666666666666,2005,6,23,6/23/2005,-999.0,0.0,0.2691,0.26876,0.2687,0.26852,0.26848,0.26826,0.26856,-999.0
2005-06-24,79.3,127.39999999999999,80.26666666666667,82.60000000000001,85.86666666666667,89.16666666666667,89.53333333333335,92.8,96.36666666666667,104.23333333333333,98.33333333333333,98.36666666666667,97.26666666666667,110.16666666666667,111.2,120.10000000000001,119.93333333333334,118.2,111.0,109.16666666666667,106.59999999999998,101.5,98.93333333333334,96.73333333333333,99.3,98.26666666666667,97.73333333333333,95.76666666666667,96.5,2005,6,24,6/24/2005,0.2688,6.0,-999.0,0.2691,0.26876,0.2687,0.26852,0.26848,0.26826,0.27018
2005-06-25,79.60000000000001,134.73333333333335,79.3,80.26666666666667,82.60000000000001,85.86666666666667,89.16666666666667,89.53333333333335,92.8,96.36666666666667,104.23333333333333,98.33333333333333,98.36666666666667,97.26666666666667,110.16666666666667,111.2,120.10000000000001,119.93333333333334,118.2,111.0,109.16666666666667,106.59999999999998,101.5,98.93333333333334,96.73333333333333,99.3,98.26666666666667,97.73333333333333,95.76666666666667,2005,6,25,6/25/2005,0.26895,6.0,0.2688,-999.0,0.2691,0.26876,0.2687,0.26852,0.26848,0.27061
2005-06-26,81.3,129.0,79.60000000000001,79.3,80.26666666666667,82.60000000000001,85.86666666666667,89.16666666666667,89.53333333333335,92.8,96.36666666666667,104.23333333333333,98.33333333333333,98.36666666666667,97.26666666666667,110.16666666666667,111.2,120.10000000000001,119.93333333333334,118.2,111.0,109.16666666666667,106.59999999999998,101.5,98.93333333333334,96.73333333333333,99.3,98.26666666666667,97.73333333333333,2005,6,26,6/26/2005,0.26921,6.0,0.26895,0.2688,-999.0,0.2691,0.26876,0.2687,0.26852,0.27102
2005-06-27,81.13333333333334,130.23333333333332,81.3,79.60000000000001,79.3,80.26666666666667,82.60000000000001,85.86666666666667,89.16666666666667,89.53333333333335,92.8,96.36666666666667,104.23333333333333,98.33333333333333,98.36666666666667,97.26666666666667,110.16666666666667,111.2,120.10000000000001,119.93333333333334,118.2,111.0,109.16666666666667,106.59999999999998,101.5,98.93333333333334,96.73333333333333,99.3,98.26666666666667,2005,6,27,6/27/2005,0.26943,6.0,0.26921,0.26895,0.2688,-999.0,0.2691,0.26876,0.2687,0.27147
2005-06-28,84.23333333333333,127.2,81.13333333333334,81.3,79.60000000000001,79.3,80.26666666666667,82.60000000000001,85.86666666666667,89.16666666666667,89.53333333333335,92.8,96.36666666666667,104.23333333333333,98.33333333333333,98.36666666666667,97.26666666666667,110.16666666666667,111.2,120.10000000000001,119.93333333333334,118.2,111.0,109.16666666666667,106.59999999999998,101.5,98.93333333333334,96.73333333333333,99.3,2005,6,28,6/28/2005,0.26978,6.0,0.26943,0.26921,0.26895,0.2688,-999.0,0.2691,0.26876,0.2718
2005-06-29,91.60000000000001,136.96666666666667,84.23333333333333,81.13333333333334,81.3,79.60000000000001,79.3,80.26666666666667,82.60000000000001,85.86666666666667,89.16666666666667,89.53333333333335,92.8,96.36666666666667,104.23333333333333,98.33333333333333,98.36666666666667,97.26666666666667,110.16666666666667,111.2,120.10000000000001,119.93333333333334,118.2,111.0,109.16666666666667,106.59999999999998,101.5,98.93333333333334,96.73333333333333,2005,6,29,6/29/2005,0.27022,6.0,0.26978,0.26943,0.26921,0.26895,0.2688,-999.0,0.2691,0.27163
2005-07-01,117.13333333333333,116.10000000000001,91.60000000000001,84.23333333333333,81.13333333333334,81.3,79.60000000000001,79.3,80.26666666666667,82.60000000000001,85.86666666666667,89.16666666666667,89.53333333333335,92.8,96.36666666666667,104.23333333333333,98.33333333333333,98.36666666666667,97.26666666666667,110.16666666666667,111.2,120.10000000000001,119.93333333333334,118.2,111.0,109.16666666666667,106.59999999999998,101.5,98.93333333333334,2005,7,1,7/01/2005,0.27154,6.0,0.27092,0.27022,0.26978,0.26943,0.26921,0.26895,0.2688,0.27079
2005-07-02,127.39999999999999,191.33333333333334,117.13333333333333,91.60000000000001,84.23333333333333,81.13333333333334,81.3,79.60000000000001,79.3,80.26666666666667,82.60000000000001,85.86666666666667,89.16666666666667,89.53333333333335,92.8,96.36666666666667,104.23333333333333,98.33333333333333,98.36666666666667,97.26666666666667,110.16666666666667,111.2,120.10000000000001,119.93333333333334,118.2,111.0,109.16666666666667,106.59999999999998,101.5,2005,7,2,7/02/2005,0.27262,6.0,0.27154,0.27092,0.27022,0.26978,0.26943,0.26921,0.26895,0.27116
2005-07-03,134.73333333333335,105.8,127.39999999999999,117.13333333333333,91.60000000000001,84.23333333333333,81.13333333333334,81.3,79.60000000000001,79.3,80.26666666666667,82.60000000000001,85.86666666666667,89.16666666666667,89.53333333333335,92.8,96.36666666666667,104.23333333333333,98.33333333333333,98.36666666666667,97.26666666666667,110.16666666666667,111.2,120.10000000000001,119.93333333333334,118.2,111.0,109.16666666666667,106.59999999999998,2005,7,3,7/03/2005,0.27319,6.0,0.27262,0.27154,0.27092,0.27022,0.26978,0.26943,0.26921,0.27146
2005-07-04,129.0,97.93333333333334,134.73333333333335,127.39999999999999,117.13333333333333,91.60000000000001,84.23333333333333,81.13333333333334,81.3,79.60000000000001,79.3,80.26666666666667,82.60000000000001,85.86666666666667,89.16666666666667,89.53333333333335,92.8,96.36666666666667,104.23333333333333,98.33333333333333,98.36666666666667,97.26666666666667,110.16666666666667,111.2,120.10000000000001,119.93333333333334,118.2,111.0,109.16666666666667,2005,7,4,7/04/2005,0.27377,6.0,0.27319,0.27262,0.27154,0.27092,0.27022,0.26978,0.26943,0.2717
2005-07-05,130.23333333333332,127.33333333333333,129.0,134.73333333333335,127.39999999999999,117.13333333333333,91.60000000000001,84.23333333333333,81.13333333333334,81.3,79.60000000000001,79.3,80.26666666666667,82.60000000000001,85.86666666666667,89.16666666666667,89.53333333333335,92.8,96.36666666666667,104.23333333333333,98.33333333333333,98.36666666666667,97.26666666666667,110.16666666666667,111.2,120.10000000000001,119.93333333333334,118.2,111.0,2005,7,5,7/05/2005,0.2739,6.0,0.27377,0.27319,0.27262,0.27154,0.27092,0.27022,0.26978,0.27178
2005-07-06,127.2,94.5,130.23333333333332,129.0,134.73333333333335,127.39999999999999,117.13333333333333,91.60000000000001,84.23333333333333,81.13333333333334,81.3,79.60000000000001,79.3,80.26666666666667,82.60000000000001,85.86666666666667,89.16666666666667,89.53333333333335,92.8,96.36666666666667,104.23333333333333,98.33333333333333,98.36666666666667,97.26666666666667,110.16666666666667,111.2,120.10000000000001,119.93333333333334,118.2,2005,7,6,7/06/2005,0.27372,6.0,0.2739,0.27377,0.27319,0.27262,0.27154,0.27092,0.27022,0.27159
2005-07-07,136.96666666666667,91.53333333333335,127.2,130.23333333333332,129.0,134.73333333333335,127.39999999999999,117.13333333333333,91.60000000000001,84.23333333333333,81.13333333333334,81.3,79.60000000000001,79.3,80.26666666666667,82.60000000000001,85.86666666666667,89.16666666666667,89.53333333333335,92.8,96.36666666666667,104.23333333333333,98.33333333333333,98.36666666666667,97.26666666666667,110.16666666666667,111.2,120.10000000000001,119.93333333333334,2005,7,7,7/07/2005,0.27301,6.0,0.27372,0.2739,0.27377,0.27319,0.27262,0.27154,0.27092,-999.0
2005-07-08,116.10000000000001,95.0,136.96666666666667,127.2,130.23333333333332,129.0,134.73333333333335,127.39999999999999,117.13333333333333,91.60000000000001,84.23333333333333,81.13333333333334,81.3,79.60000000000001,79.3,80.26666666666667,82.60000000000001,85.86666666666667,89.16666666666667,89.53333333333335,92.8,96.36666666666667,104.23333333333333,98.33333333333333,98.36666666666667,97.26666666666667,110.16666666666667,111.2,120.10000000000001,2005,7,8,7/08/2005,0.27256,6.0,0.27301,0.27372,0.2739,0.27377,0.27319,0.27262,0.27154,0.27079
2005-07-09,191.33333333333334,79.03333333333333,116.10000000000001,136.96666666666667,127.2,130.23333333333332,129.0,134.73333333333335,127.39999999999999,117.13333333333333,91.60000000000001,84.23333333333333,81.13333333333334,81.3,79.60000000000001,79.3,80.26666666666667,82.60000000000001,85.86666666666667,89.16666666666667,89.53333333333335,92.8,96.36666666666667,104.23333333333333,98.33333333333333,98.36666666666667,97.26666666666667,110.16666666666667,111.2,2005,7,9,7/09/2005,0.27178,6.0,0.27256,0.27301,0.27372,0.2739,0.27377,0.27319,0.27262,0.27066
2005-07-10,105.8,76.53333333333333,191.33333333333334,116.10000000000001,136.96666666666667,127.2,130.23333333333332,129.0,134.73333333333335,127.39999999999999,117.13333333333333,91.60000000000001,84.23333333333333,81.13333333333334,81.3,79.60000000000001,79.3,80.26666666666667,82.60000000000001,85.86666666666667,89.16666666666667,89.53333333333335,92.8,96.36666666666667,104.23333333333333,98.33333333333333,98.36666666666667,97.26666666666667,110.16666666666667,2005,7,10,7/10/2005,0.2708,6.0,0.27178,0.27256,0.27301,0.27372,0.2739,0.27377,0.27319,0.26987
2005-07-11,97.93333333333334,74.3,105.8,191.33333333333334,116.10000000000001,136.96666666666667,127.2,130.23333333333332,129.0,134.73333333333335,127.39999999999999,117.13333333333333,91.60000000000001,84.23333333333333,81.13333333333334,81.3,79.60000000000001,79.3,80.26666666666667,82.60000000000001,85.86666666666667,89.16666666666667,89.53333333333335,92.8,96.36666666666667,104.23333333333333,98.33333333333333,98.36666666666667,97.26666666666667,2005,7,11,7/11/2005,0.27018,6.0,0.2708,0.27178,0.27256,0.27301,0.27372,0.2739,0.27377,0.26904
2005-07-12,127.33333333333333,73.73333333333333,97.93333333333334,105.8,191.33333333333334,116.10000000000001,136.96666666666667,127.2,130.23333333333332,129.0,134.73333333333335,127.39999999999999,117.13333333333333,91.60000000000001,84.23333333333333,81.13333333333334,81.3,79.60000000000001,79.3,80.26666666666667,82.60000000000001,85.86666666666667,89.16666666666667,89.53333333333335,92.8,96.36666666666667,104.23333333333333,98.33333333333333,98.36666666666667,2005,7,12,7/12/2005,0.26936,6.0,0.27018,0.2708,0.27178,0.27256,0.27301,0.27372,0.2739,0.26902
2005-07-13,94.5,74.43333333333334,127.33333333333333,97.93333333333334,105.8,191.33333333333334,116.10000000000001,136.96666666666667,127.2,130.23333333333332,129.0,134.73333333333335,127.39999999999999,117.13333333333333,91.60000000000001,84.23333333333333,81.13333333333334,81.3,79.60000000000001,79.3,80.26666666666667,82.60000000000001,85.86666666666667,89.16666666666667,89.53333333333335,92.8,96.36666666666667,104.23333333333333,98.33333333333333,2005,7,13,7/13/2005,0.26907,6.0,0.26936,0.27018,0.2708,0.27178,0.27256,0.27301,0.27372,0.26856
2005-07-14,91.53333333333335,75.33333333333333,94.5,127.33333333333333,97.93333333333334,105.8,191.33333333333334,116.10000000000001,136.96666666666667,127.2,130.23333333333332,129.0,134.73333333333335,127.39999999999999,117.13333333333333,91.60000000000001,84.23333333333333,81.13333333333334,81.3,79.60000000000001,79.3,80.26666666666667,82.60000000000001,85.86666666666667,89.16666666666667,89.53333333333335,92.8,96.36666666666667,104.23333333333333,2005,7,14,7/14/2005,-999.0,0.0,0.26907,0.26936,0.27018,0.2708,0.27178,0.27256,0.27301,0.26826
2005-07-15,95.0,75.89999999999999,91.53333333333335,94.5,127.33333333333333,97.93333333333334,105.8,191.33333333333334,116.10000000000001,136.96666666666667,127.2,130.23333333333332,129.0,134.73333333333335,127.39999999999999,117.13333333333333,91.60000000000001,84.23333333333333,81.13333333333334,81.3,79.60000000000001,79.3,80.26666666666667,82.60000000000001,85.86666666666667,89.16666666666667,89.53333333333335,92.8,96.36666666666667,2005,7,15,7/15/2005,0.26845,6.0,-999.0,0.26907,0.26936,0.27018,0.2708,0.27178,0.27256,0.26848
2005-07-16,79.03333333333333,82.60000000000001,95.0,91.53333333333335,94.5,127.33333333333333,97.93333333333334,105.8,191.33333333333334,116.10000000000001,136.96666666666667,127.2,130.23333333333332,129.0,134.73333333333335,127.39999999999999,117.13333333333333,91.60000000000001,84.23333333333333,81.13333333333334,81.3,79.60000000000001,79.3,80.26666666666667,82.60000000000001,85.86666666666667,89.16666666666667,89.53333333333335,92.8,2005,7,16,7/16/2005,0.26811,6.0,0.26845,-999.0,0.26907,0.26936,0.27018,0.2708,0.27178,0.26852
2005-07-17,76.53333333333333,83.2,79.03333333333333,95.0,91.53333333333335,94.5,127.33333333333333,97.93333333333334,105.8,191.33333333333334,116.10000000000001,136.96666666666667,127.2,130.23333333333332,129.0,134.73333333333335,127.39999999999999,117.13333333333333,91.60000000000001,84.23333333333333,81.13333333333334,81.3,79.60000000000001,79.3,80.26666666666667,82.60000000000001,85.86666666666667,89.16666666666667,89.53333333333335,2005,7,17,7/17/2005,0.26788,6.0,0.26811,0.26845,-999.0,0.26907,0.26936,0.27018,0.2708,0.2687
2005-07-18,74.3,86.56666666666666,76.53333333333333,79.03333333333333,95.0,91.53333333333335,94.5,127.33333333333333,97.93333333333334,105.8,191.33333333333334,116.10000000000001,136.96666666666667,127.2,130.23333333333332,129.0,134.73333333333335,127.39999999999999,117.13333333333333,91.60000000000001,84.23333333333333,81.13333333333334,81.3,79.60000000000001,79.3,80.26666666666667,82.60000000000001,85.86666666666667,89.16666666666667,2005,7,18,7/18/2005,0.26743,6.0,0.26788,0.26811,0.26845,-999.0,0.26907,0.26936,0.27018,0.26876
2005-07-19,73.73333333333333,89.56666666666666,74.3,76.53333333333333,79.03333333333333,95.0,91.53333333333335,94.5,127.33333333333333,97.93333333333334,105.8,191.33333333333334,116.10000000000001,136.96666666666667,127.2,130.23333333333332,129.0,134.73333333333335,127.39999999999999,117.13333333333333,91.60000000000001,84.23333333333333,81.13333333333334,81.3,79.60000000000001,79.3,80.26666666666667,82.60000000000001,85.86666666666667,2005,7,19,7/19/2005,0.2672,6.0,0.26743,0.26788,0.26811,0.26845,-999.0,0.26907,0.26936,0.2691
2005-07-20,74.43333333333334,93.83333333333333,73.73333333333333,74.3,76.53333333333333,79.03333333333333,95.0,91.53333333333335,94.5,127.33333333333333,97.93333333333334,105.8,191.33333333333334,116.10000000000001,136.96666666666667,127.2,130.23333333333332,129.0,134.73333333333335,127.39999999999999,117.13333333333333,91.60000000000001,84.23333333333333,81.13333333333334,81.3,79.60000000000001,79.3,80.26666666666667,82.60000000000001,2005,7,20,7/20/2005,0.26735,6.0,0.2672,0.26743,0.26788,0.26811,0.26845,-999.0,0.26907,-999.0
2005-07-21,75.33333333333333,100.53333333333335,74.43333333333334,73.73333333333333,74.3,76.53333333333333,79.03333333333333,95.0,91.53333333333335,94.5,127.33333333333333,97.93333333333334,105.8,191.33333333333334,116.10000000000001,136.96666666666667,127.2,130.23333333333332,129.0,134.73333333333335,127.39999999999999,117.13333333333333,91.60000000000001,84.23333333333333,81.13333333333334,81.3,79.60000000000001,79.3,80.26666666666667,2005,7,21,7/21/2005,0.26758,6.0,0.26735,0.2672,0.26743,0.26788,0.26811,0.26845,-999.0,0.2688
2005-07-22,75.89999999999999,106.46666666666665,75.33333333333333,74.43333333333334,73.73333333333333,74.3,76.53333333333333,79.03333333333333,95.0,91.53333333333335,94.5,127.33333333333333,97.93333333333334,105.8,191.33333333333334,116.10000000000001,136.96666666666667,127.2,130.23333333333332,129.0,134.73333333333335,127.39999999999999,117.13333333333333,91.60000000000001,84.23333333333333,81.13333333333334,81.3,79.60000000000001,79.3,2005,7,22,7/22/2005,0.26773,6.0,0.26758,0.26735,0.2672,0.26743,0.26788,0.26811,0.26845,0.26895
2005-07-23,82.60000000000001,108.53333333333335,75.89999999999999,75.33333333333333,74.43333333333334,73.73333333333333,74.3,76.53333333333333,79.03333333333333,95.0,91.53333333333335,94.5,127.33333333333333,97.93333333333334,105.8,191.33333333333334,116.10000000000001,136.96666666666667,127.2,130.23333333333332,129.0,134.73333333333335,127.39999999999999,117.13333333333333,91.60000000000001,84.23333333333333,81.13333333333334,81.3,79.60000000000001,2005,7,23,7/23/2005,0.26817,6.0,0.26773,0.26758,0.26735,0.2672,0.26743,0.26788,0.26811,0.26921
2005-07-24,83.2,112.7,82.60000000000001,75.89999999999999,75.33333333333333,74.43333333333334,73.73333333333333,74.3,76.53333333333333,79.03333333333333,95.0,91.53333333333335,94.5,127.33333333333333,97.93333333333334,105.8,191.33333333333334,116.10000000000001,136.96666666666667,127.2,130.23333333333332,129.0,134.73333333333335,127.39999999999999,117.13333333333333,91.60000000000001,84.23333333333333,81.13333333333334,81.3,2005,7,24,7/24/2005,0.26877,6.0,0.26817,0.26773,0.26758,0.26735,0.2672,0.26743,0.26788,0.26943
2005-07-25,86.56666666666666,115.43333333333334,83.2,82.60000000000001,75.89999999999999,75.33333333333333,74.43333333333334,73.73333333333333,74.3,76.53333333333333,79.03333333333333,95.0,91.53333333333335,94.5,127.33333333333333,97.93333333333334,105.8,191.33333333333334,116.10000000000001,136.96666666666667,127.2,130.23333333333332,129.0,134.73333333333335,127.39999999999999,117.13333333333333,91.60000000000001,84.23333333333333,81.13333333333334,2005,7,25,7/25/2005,0.26937,6.0,0.26877,0.26817,0.26773,0.26758,0.26735,0.2672,0.26743,0.26978
2005-07-26,89.56666666666666,114.23333333333333,86.56666666666666,83.2,82.60000000000001,75.89999999999999,75.33333333333333,74.43333333333334,73.73333333333333,74.3,76.53333333333333,79.03333333333333,95.0,91.53333333333335,94.5,127.33333333333333,97.93333333333334,105.8,191.33333333333334,116.10000000000001,136.96666666666667,127.2,130.23333333333332,129.0,134.73333333333335,127.39999999999999,117.13333333333333,91.60000000000001,84.23333333333333,2005,7,26,7/26/2005,0.27009,6.0,0.26937,0.26877,0.26817,0.26773,0.26758,0.26735,0.2672,0.27022
2005-07-27,93.83333333333333,112.86666666666667,89.56666666666666,86.56666666666666,83.2,82.60000000000001,75.89999999999999,75.33333333333333,74.43333333333334,73.73333333333333,74.3,76.53333333333333,79.03333333333333,95.0,91.53333333333335,94.5,127.33333333333333,97.93333333333334,105.8,191.33333333333334,116.10000000000001,136.96666666666667,127.2,130.23333333333332,129.0,134.73333333333335,127.39999999999999,117.13333333333333,91.60000000000001,2005,7,27,7/27/2005,0.27023,6.0,0.27009,0.26937,0.26877,0.26817,0.26773,0.26758,0.26735,0.27092
2005-07-28,100.53333333333335,108.89999999999999,93.83333333333333,89.56666666666666,86.56666666666666,83.2,82.60000000000001,75.89999999999999,75.33333333333333,74.43333333333334,73.73333333333333,74.3,76.53333333333333,79.03333333333333,95.0,91.53333333333335,94.5,127.33333333333333,97.93333333333334,105.8,191.33333333333334,116.10000000000001,136.96666666666667,127.2,130.23333333333332,129.0,134.73333333333335,127.39999999999999,117.13333333333333,2005,7,28,7/28/2005,0.2707,6.0,0.27023,0.27009,0.26937,0.26877,0.26817,0.26773,0.26758,0.27154
2005-07-29,106.46666666666665,101.33333333333333,100.53333333333335,93.83333333333333,89.56666666666666,86.56666666666666,83.2,82.60000000000001,75.89999999999999,75.33333333333333,74.43333333333334,73.73333333333333,74.3,76.53333333333333,79.03333333333333,95.0,91.53333333333335,94.5,127.33333333333333,97.93333333333334,105.8,191.33333333333334,116.10000000000001,136.96666666666667,127.2,130.23333333333332,129.0,134.73333333333335,127.39999999999999,2005,7,29,7/29/2005,0.27135,6.0,0.2707,0.27023,0.27009,0.26937,0.26877,0.26817,0.26773,0.27262
2005-07-30,108.53333333333335,96.09999999999998,106.46666666666665,100.53333333333335,93.83333333333333,89.56666666666666,86.56666666666666,83.2,82.60000000000001,75.89999999999999,75.33333333333333,74.43333333333334,73.73333333333333,74.3,76.53333333333333,79.03333333333333,95.0,91.53333333333335,94.5,127.33333333333333,97.93333333333334,105.8,191.33333333333334,116.10000000000001,136.96666666666667,127.2,130.23333333333332,129.0,134.73333333333335,2005,7,30,7/30/2005,0.27197,6.0,0.27135,0.2707,0.27023,0.27009,0.26937,0.26877,0.26817,0.27319
2005-07-31,112.7,95.13333333333333,108.53333333333335,106.46666666666665,100.53333333333335,93.83333333333333,89.56666666666666,86.56666666666666,83.2,82.60000000000001,75.89999999999999,75.33333333333333,74.43333333333334,73.73333333333333,74.3,76.53333333333333,79.03333333333333,95.0,91.53333333333335,94.5,127.33333333333333,97.93333333333334,105.8,191.33333333333334,116.10000000000001,136.96666666666667,127.2,130.23333333333332,129.0,2005,7,31,7/31/2005,0.27236,6.0,0.27197,0.27135,0.2707,0.27023,0.27009,0.26937,0.26877,0.27377
2005-08-01,115.43333333333334,89.03333333333335,112.7,108.53333333333335,106.46666666666665,100.53333333333335,93.83333333333333,89.56666666666666,86.56666666666666,83.2,82.60000000000001,75.89999999999999,75.33333333333333,74.43333333333334,73.73333333333333,74.3,76.53333333333333,79.03333333333333,95.0,91.53333333333335,94.5,127.33333333333333,97.93333333333334,105.8,191.33333333333334,116.10000000000001,136.96666666666667,127.2,130.23333333333332,2005,8,1,8/01/2005,0.27293,6.0,0.27236,0.27197,0.27135,0.2707,0.27023,0.27009,0.26937,0.2739
2005-08-02,114.23333333333333,84.8,115.43333333333334,112.7,108.53333333333335,106.46666666666665,100.53333333333335,93.83333333333333,89.56666666666666,86.56666666666666,83.2,82.60000000000001,75.89999999999999,75.33333333333333,74.43333333333334,73.73333333333333,74.3,76.53333333333333,79.03333333333333,95.0,91.53333333333335,94.5,127.33333333333333,97.93333333333334,105.8,191.33333333333334,116.10000000000001,136.96666666666667,127.2,2005,8,2,8/02/2005,0.27333,6.0,0.27293,0.27236,0.27197,0.27135,0.2707,0.27023,0.27009,0.27372
2005-08-03,112.86666666666667,78.56666666666666,114.23333333333333,115.43333333333334,112.7,108.53333333333335,106.46666666666665,100.53333333333335,93.83333333333333,89.56666666666666,86.56666666666666,83.2,82.60000000000001,75.89999999999999,75.33333333333333,74.43333333333334,73.73333333333333,74.3,76.53333333333333,79.03333333333333,95.0,91.53333333333335,94.5,127.33333333333333,97.93333333333334,105.8,191.33333333333334,116.10000000000001,136.96666666666667,2005,8,3,8/03/2005,0.2729,6.0,0.27333,0.27293,0.27236,0.27197,0.27135,0.2707,0.27023,0.27301
2005-08-04,108.89999999999999,78.03333333333335,112.86666666666667,114.23333333333333,115.43333333333334,112.7,108.53333333333335,106.46666666666665,100.53333333333335,93.83333333333333,89.56666666666666,86.56666666666666,83.2,82.60000000000001,75.89999999999999,75.33333333333333,74.43333333333334,73.73333333333333,74.3,76.53333333333333,79.03333333333333,95.0,91.53333333333335,94.5,127.33333333333333,97.93333333333334,105.8,191.33333333333334,116.10000000000001,2005,8,4,8/04/2005,0.27254,6.0,0.2729,0.27333,0.27293,0.27236,0.27197,0.27135,0.2707,0.27256
2005-08-05,101.33333333333333,78.03333333333333,108.89999999999999,112.86666666666667,114.23333333333333,115.43333333333334,112.7,108.53333333333335,106.46666666666665,100.53333333333335,93.83333333333333,89.56666666666666,86.56666666666666,83.2,82.60000000000001,75.89999999999999,75.33333333333333,74.43333333333334,73.73333333333333,74.3,76.53333333333333,79.03333333333333,95.0,91.53333333333335,94.5,127.33333333333333,97.93333333333334,105.8,191.33333333333334,2005,8,5,8/05/2005,0.27174,6.0,0.27254,0.2729,0.27333,0.27293,0.27236,0.27197,0.27135,0.27178
2005-08-06,96.09999999999998,77.5,101.33333333333333,108.89999999999999,112.86666666666667,114.23333333333333,115.43333333333334,112.7,108.53333333333335,106.46666666666665,100.53333333333335,93.83333333333333,89.56666666666666,86.56666666666666,83.2,82.60000000000001,75.89999999999999,75.33333333333333,74.43333333333334,73.73333333333333,74.3,76.53333333333333,79.03333333333333,95.0,91.53333333333335,94.5,127.33333333333333,97.93333333333334,105.8,2005,8,6,8/06/2005,0.27063,6.0,0.27174,0.27254,0.2729,0.27333,0.27293,0.27236,0.27197,0.2708
2005-08-07,95.13333333333333,77.33333333333333,96.09999999999998,101.33333333333333,108.89999999999999,112.86666666666667,114.23333333333333,115.43333333333334,112.7,108.53333333333335,106.46666666666665,100.53333333333335,93.83333333333333,89.56666666666666,86.56666666666666,83.2,82.60000000000001,75.89999999999999,75.33333333333333,74.43333333333334,73.73333333333333,74.3,76.53333333333333,79.03333333333333,95.0,91.53333333333335,94.5,127.33333333333333,97.93333333333334,2005,8,7,8/07/2005,0.27,6.0,0.27063,0.27174,0.27254,0.2729,0.27333,0.27293,0.27236,0.27018
2005-08-08,89.03333333333335,77.66666666666667,95.13333333333333,96.09999999999998,101.33333333333333,108.89999999999999,112.86666666666667,114.23333333333333,115.43333333333334,112.7,108.53333333333335,106.46666666666665,100.53333333333335,93.83333333333333,89.56666666666666,86.56666666666666,83.2,82.60000000000001,75.89999999999999,75.33333333333333,74.43333333333334,73.73333333333333,74.3,76.53333333333333,79.03333333333333,95.0,91.53333333333335,94.5,127.33333333333333,2005,8,8,8/08/2005,0.26976,6.0,0.27,0.27063,0.27174,0.27254,0.2729,0.27333,0.27293,0.26936
2005-08-09,84.8,77.53333333333335,89.03333333333335,95.13333333333333,96.09999999999998,101.33333333333333,108.89999999999999,112.86666666666667,114.23333333333333,115.43333333333334,112.7,108.53333333333335,106.46666666666665,100.53333333333335,93.83333333333333,89.56666666666666,86.56666666666666,83.2,82.60000000000001,75.89999999999999,75.33333333333333,74.43333333333334,73.73333333333333,74.3,76.53333333333333,79.03333333333333,95.0,91.53333333333335,94.5,2005,8,9,8/09/2005,0.26911,6.0,0.26976,0.27,0.27063,0.27174,0.27254,0.2729,0.27333,0.26907
2005-08-10,78.56666666666666,79.2,84.8,89.03333333333335,95.13333333333333,96.09999999999998,101.33333333333333,108.89999999999999,112.86666666666667,114.23333333333333,115.43333333333334,112.7,108.53333333333335,106.46666666666665,100.53333333333335,93.83333333333333,89.56666666666666,86.56666666666666,83.2,82.60000000000001,75.89999999999999,75.33333333333333,74.43333333333334,73.73333333333333,74.3,76.53333333333333,79.03333333333333,95.0,91.53333333333335,2005,8,10,8/10/2005,0.26835,6.0,0.26911,0.26976,0.27,0.27063,0.27174,0.27254,0.2729,-999.0
2005-08-11,78.03333333333335,84.73333333333333,78.56666666666666,84.8,89.03333333333335,95.13333333333333,96.09999999999998,101.33333333333333,108.89999999999999,112.86666666666667,114.23333333333333,115.43333333333334,112.7,108.53333333333335,106.46666666666665,100.53333333333335,93.83333333333333,89.56666666666666,86.56666666666666,83.2,82.60000000000001,75.89999999999999,75.33333333333333,74.43333333333334,73.73333333333333,74.3,76.53333333333333,79.03333333333333,95.0,2005,8,11,8/11/2005,-999.0,0.0,0.26835,0.26911,0.26976,0.27,0.27063,0.27174,0.27254,0.26845
2005-08-12,78.03333333333333,95.60000000000001,78.03333333333335,78.56666666666666,84.8,89.03333333333335,95.13333333333333,96.09999999999998,101.33333333333333,108.89999999999999,112.86666666666667,114.23333333333333,115.43333333333334,112.7,108.53333333333335,106.46666666666665,100.53333333333335,93.83333333333333,89.56666666666666,86.56666666666666,83.2,82.60000000000001,75.89999999999999,75.33333333333333,74.43333333333334,73.73333333333333,74.3,76.53333333333333,79.03333333333333,2005,8,12,8/12/2005,0.26777,6.0,-999.0,0.26835,0.26911,0.26976,0.27,0.27063,0.27174,0.26811
2005-08-13,77.5,99.66666666666667,78.03333333333333,78.03333333333335,78.56666666666666,84.8,89.03333333333335,95.13333333333333,96.09999999999998,101.33333333333333,108.89999999999999,112.86666666666667,114.23333333333333,115.43333333333334,112.7,108.53333333333335,106.46666666666665,100.53333333333335,93.83333333333333,89.56666666666666,86.56666666666666,83.2,82.60000000000001,75.89999999999999,75.33333333333333,74.43333333333334,73.73333333333333,74.3,76.53333333333333,2005,8,13,8/13/2005,0.26757,6.0,0.26777,-999.0,0.26835,0.26911,0.26976,0.27,0.27063,0.26788
2005-08-14,77.33333333333333,101.7,77.5,78.03333333333333,78.03333333333335,78.56666666666666,84.8,89.03333333333335,95.13333333333333,96.09999999999998,101.33333333333333,108.89999999999999,112.86666666666667,114.23333333333333,115.43333333333334,112.7,108.53333333333335,106.46666666666665,100.53333333333335,93.83333333333333,89.56666666666666,86.56666666666666,83.2,82.60000000000001,75.89999999999999,75.33333333333333,74.43333333333334,73.73333333333333,74.3,2005,8,14,8/14/2005,0.26747,6.0,0.26757,0.26777,-999.0,0.26835,0.26911,0.26976,0.27,0.26743
2005-08-15,77.66666666666667,218.4333333333333,77.33333333333333,77.5,78.03333333333333,78.03333333333335,78.56666666666666,84.8,89.03333333333335,95.13333333333333,96.09999999999998,101.33333333333333,108.89999999999999,112.86666666666667,114.23333333333333,115.43333333333334,112.7,108.53333333333335,106.46666666666665,100.53333333333335,93.83333333333333,89.56666666666666,86.56666666666666,83.2,82.60000000000001,75.89999999999999,75.33333333333333,74.43333333333334,73.73333333333333,2005,8,15,8/15/2005,0.26743,6.0,0.26747,0.26757,0.26777,-999.0,0.26835,0.26911,0.26976,0.2672
2005-08-16,77.53333333333335,234.16666666666666,77.66666666666667,77.33333333333333,77.5,78.03333333333333,78.03333333333335,78.56666666666666,84.8,89.03333333333335,95.13333333333333,96.09999999999998,101.33333333333333,108.89999999999999,112.86666666666667,114.23333333333333,115.43333333333334,112.7,108.53333333333335,106.46666666666665,100.53333333333335,93.83333333333333,89.56666666666666,86.56666666666666,83.2,82.60000000000001,75.89999999999999,75.33333333333333,74.43333333333334,2005,8,16,8/16/2005,0.2675,6.0,0.26743,0.26747,0.26757,0.26777,-999.0,0.26835,0.26911,0.26735
2005-08-17,79.2,101.5,77.53333333333335,77.66666666666667,77.33333333333333,77.5,78.03333333333333,78.03333333333335,78.56666666666666,84.8,89.03333333333335,95.13333333333333,96.09999999999998,101.33333333333333,108.89999999999999,112.86666666666667,114.23333333333333,115.43333333333334,112.7,108.53333333333335,106.46666666666665,100.53333333333335,93.83333333333333,89.56666666666666,86.56666666666666,83.2,82.60000000000001,75.89999999999999,75.33333333333333,2005,8,17,8/17/2005,0.26777,6.0,0.2675,0.26743,0.26747,0.26757,0.26777,-999.0,0.26835,0.26758
2005-08-18,84.73333333333333,94.93333333333334,79.2,77.53333333333335,77.66666666666667,77.33333333333333,77.5,78.03333333333333,78.03333333333335,78.56666666666666,84.8,89.03333333333335,95.13333333333333,96.09999999999998,101.33333333333333,108.89999999999999,112.86666666666667,114.23333333333333,115.43333333333334,112.7,108.53333333333335,106.46666666666665,100.53333333333335,93.83333333333333,89.56666666666666,86.56666666666666,83.2,82.60000000000001,75.89999999999999,2005,8,18,8/18/2005,0.26811,6.0,0.26777,0.2675,0.26743,0.26747,0.26757,0.26777,-999.0,0.26773
2005-08-19,95.60000000000001,96.66666666666667,84.73333333333333,79.2,77.53333333333335,77.66666666666667,77.33333333333333,77.5,78.03333333333333,78.03333333333335,78.56666666666666,84.8,89.03333333333335,95.13333333333333,96.09999999999998,101.33333333333333,108.89999999999999,112.86666666666667,114.23333333333333,115.43333333333334,112.7,108.53333333333335,106.46666666666665,100.53333333333335,93.83333333333333,89.56666666666666,86.56666666666666,83.2,82.60000000000001,2005,8,19,8/19/2005,0.26891,6.0,0.26811,0.26777,0.2675,0.26743,0.26747,0.26757,0.26777,0.26817
2005-08-20,99.66666666666667,94.3,95.60000000000001,84.73333333333333,79.2,77.53333333333335,77.66666666666667,77.33333333333333,77.5,78.03333333333333,78.03333333333335,78.56666666666666,84.8,89.03333333333335,95.13333333333333,96.09999999999998,101.33333333333333,108.89999999999999,112.86666666666667,114.23333333333333,115.43333333333334,112.7,108.53333333333335,106.46666666666665,100.53333333333335,93.83333333333333,89.56666666666666,86.56666666666666,83.2,2005,8,20,8/20/2005,0.26972,6.0,0.26891,0.26811,0.26777,0.2675,0.26743,0.26747,0.26757,0.26877
2005-08-21,101.7,91.96666666666665,99.66666666666667,95.60000000000001,84.73333333333333,79.2,77.53333333333335,77.66666666666667,77.33333333333333,77.5,78.03333333333333,78.03333333333335,78.56666666666666,84.8,89.03333333333335,95.13333333333333,96.09999999999998,101.33333333333333,108.89999999999999,112.86666666666667,114.23333333333333,115.43333333333334,112.7,108.53333333333335,106.46666666666665,100.53333333333335,93.83333333333333,89.56666666666666,86.56666666666666,2005,8,21,8/21/2005,0.27018,6.0,0.26972,0.26891,0.26811,0.26777,0.2675,0.26743,0.26747,0.26937
2005-08-22,218.4333333333333,91.26666666666667,101.7,99.66666666666667,95.60000000000001,84.73333333333333,79.2,77.53333333333335,77.66666666666667,77.33333333333333,77.5,78.03333333333333,78.03333333333335,78.56666666666666,84.8,89.03333333333335,95.13333333333333,96.09999999999998,101.33333333333333,108.89999999999999,112.86666666666667,114.23333333333333,115.43333333333334,112.7,108.53333333333335,106.46666666666665,100.53333333333335,93.83333333333333,89.56666666666666,2005,8,22,8/22/2005,0.27097,6.0,0.27018,0.26972,0.26891,0.26811,0.26777,0.2675,0.26743,0.27009
2005-08-23,234.16666666666666,87.8,218.4333333333333,101.7,99.66666666666667,95.60000000000001,84.73333333333333,79.2,77.53333333333335,77.66666666666667,77.33333333333333,77.5,78.03333333333333,78.03333333333335,78.56666666666666,84.8,89.03333333333335,95.13333333333333,96.09999999999998,101.33333333333333,108.89999999999999,112.86666666666667,114.23333333333333,115.43333333333334,112.7,108.53333333333335,106.46666666666665,100.53333333333335,93.83333333333333,2005,8,23,8/23/2005,0.27073,6.0,0.27097,0.27018,0.26972,0.26891,0.26811,0.26777,0.2675,0.27023
2005-08-24,101.5,86.06666666666666,234.16666666666666,218.4333333333333,101.7,99.66666666666667,95.60000000000001,84.73333333333333,79.2,77.53333333333335,77.66666666666667,77.33333333333333,77.5,78.03333333333333,78.03333333333335,78.56666666666666,84.8,89.03333333333335,95.13333333333333,96.09999999999998,101.33333333333333,108.89999999999999,112.86666666666667,114.23333333333333,115.43333333333334,112.7,108.53333333333335,106.46666666666665,100.53333333333335,2005,8,24,8/24/2005,0.27136,6.0,0.27073,0.27097,0.27018,0.26972,0.26891,0.26811,0.26777,0.2707
2005-08-25,94.93333333333334,81.0,101.5,234.16666666666666,218.4333333333333,101.7,99.66666666666667,95.60000000000001,84.73333333333333,79.2,77.53333333333335,77.66666666666667,77.33333333333333,77.5,78.03333333333333,78.03333333333335,78.56666666666666,84.8,89.03333333333335,95.13333333333333,96.09999999999998,101.33333333333333,108.89999999999999,112.86666666666667,114.23333333333333,115.43333333333334,112.7,108.53333333333335,106.46666666666665,2005,8,25,8/25/2005,-999.0,0.0,0.27136,0.27073,0.27097,0.27018,0.26972,0.26891,0.26811,0.27135
2005-08-26,96.66666666666667,78.76666666666667,94.93333333333334,101.5,234.16666666666666,218.4333333333333,101.7,99.66666666666667,95.60000000000001,84.73333333333333,79.2,77.53333333333335,77.66666666666667,77.33333333333333,77.5,78.03333333333333,78.03333333333335,78.56666666666666,84.8,89.03333333333335,95.13333333333333,96.09999999999998,101.33333333333333,108.89999999999999,112.86666666666667,114.23333333333333,115.43333333333334,112.7,108.53333333333335,2005,8,26,8/26/2005,0.27197,6.0,-999.0,0.27136,0.27073,0.27097,0.27018,0.26972,0.26891,0.27197
2005-08-27,94.3,75.39999999999999,96.66666666666667,94.93333333333334,101.5,234.16666666666666,218.4333333333333,101.7,99.66666666666667,95.60000000000001,84.73333333333333,79.2,77.53333333333335,77.66666666666667,77.33333333333333,77.5,78.03333333333333,78.03333333333335,78.56666666666666,84.8,89.03333333333335,95.13333333333333,96.09999999999998,101.33333333333333,108.89999999999999,112.86666666666667,114.23333333333333,115.43333333333334,112.7,2005,8,27,8/27/2005,0.2722,6.0,0.27197,-999.0,0.27136,0.27073,0.27097,0.27018,0.26972,0.27236
2005-08-28,91.96666666666665,76.89999999999999,94.3,96.66666666666667,94.93333333333334,101.5,234.16666666666666,218.4333333333333,101.7,99.66666666666667,95.60000000000001,84.73333333333333,79.2,77.53333333333335,77.66666666666667,77.33333333333333,77.5,78.03333333333333,78.03333333333335,78.56666666666666,84.8,89.03333333333335,95.13333333333333,96.09999999999998,101.33333333333333,108.89999999999999,112.86666666666667,114.23333333333333,115.43333333333334,2005,8,28,8/28/2005,0.27225,6.0,0.2722,0.27197,-999.0,0.27136,0.27073,0.27097,0.27018,0.27293
2005-08-29,91.26666666666667,76.3,91.96666666666665,94.3,96.66666666666667,94.93333333333334,101.5,234.16666666666666,218.4333333333333,101.7,99.66666666666667,95.60000000000001,84.73333333333333,79.2,77.53333333333335,77.66666666666667,77.33333333333333,77.5,78.03333333333333,78.03333333333335,78.56666666666666,84.8,89.03333333333335,95.13333333333333,96.09999999999998,101.33333333333333,108.89999999999999,112.86666666666667,114.23333333333333,2005,8,29,8/29/2005,0.27198,6.0,0.27225,0.2722,0.27197,-999.0,0.27136,0.27073,0.27097,0.27333
2005-08-30,87.8,89.03333333333335,91.26666666666667,91.96666666666665,94.3,96.66666666666667,94.93333333333334,101.5,234.16666666666666,218.4333333333333,101.7,99.66666666666667,95.60000000000001,84.73333333333333,79.2,77.53333333333335,77.66666666666667,77.33333333333333,77.5,78.03333333333333,78.03333333333335,78.56666666666666,84.8,89.03333333333335,95.13333333333333,96.09999999999998,101.33333333333333,108.89999999999999,112.86666666666667,2005,8,30,8/30/2005,0.27168,6.0,0.27198,0.27225,0.2722,0.27197,-999.0,0.27136,0.27073,0.2729
2005-08-31,86.06666666666666,102.7,87.8,91.26666666666667,91.96666666666665,94.3,96.66666666666667,94.93333333333334,101.5,234.16666666666666,218.4333333333333,101.7,99.66666666666667,95.60000000000001,84.73333333333333,79.2,77.53333333333335,77.66666666666667,77.33333333333333,77.5,78.03333333333333,78.03333333333335,78.56666666666666,84.8,89.03333333333335,95.13333333333333,96.09999999999998,101.33333333333333,108.89999999999999,2005,8,31,8/31/2005,0.27077,6.0,0.27168,0.27198,0.27225,0.2722,0.27197,-999.0,0.27136,0.27254
2005-09-01,81.0,104.86666666666667,86.06666666666666,87.8,91.26666666666667,91.96666666666665,94.3,96.66666666666667,94.93333333333334,101.5,234.16666666666666,218.4333333333333,101.7,99.66666666666667,95.60000000000001,84.73333333333333,79.2,77.53333333333335,77.66666666666667,77.33333333333333,77.5,78.03333333333333,78.03333333333335,78.56666666666666,84.8,89.03333333333335,95.13333333333333,96.09999999999998,101.33333333333333,2005,9,1,9/01/2005,0.27044,6.0,0.27077,0.27168,0.27198,0.27225,0.2722,0.27197,-999.0,0.27174
2005-09-02,78.76666666666667,377.9666666666667,81.0,86.06666666666666,87.8,91.26666666666667,91.96666666666665,94.3,96.66666666666667,94.93333333333334,101.5,234.16666666666666,218.4333333333333,101.7,99.66666666666667,95.60000000000001,84.73333333333333,79.2,77.53333333333335,77.66666666666667,77.33333333333333,77.5,78.03333333333333,78.03333333333335,78.56666666666666,84.8,89.03333333333335,95.13333333333333,96.09999999999998,2005,9,2,9/02/2005,0.26986,6.0,0.27044,0.27077,0.27168,0.27198,0.27225,0.2722,0.27197,0.27063
2005-09-03,75.39999999999999,293.2,78.76666666666667,81.0,86.06666666666666,87.8,91.26666666666667,91.96666666666665,94.3,96.66666666666667,94.93333333333334,101.5,234.16666666666666,218.4333333333333,101.7,99.66666666666667,95.60000000000001,84.73333333333333,79.2,77.53333333333335,77.66666666666667,77.33333333333333,77.5,78.03333333333333,78.03333333333335,78.56666666666666,84.8,89.03333333333335,95.13333333333333,2005,9,3,9/03/2005,0.26893,6.0,0.26986,0.27044,0.27077,0.27168,0.27198,0.27225,0.2722,0.27
2005-09-04,76.89999999999999,114.76666666666665,75.39999999999999,78.76666666666667,81.0,86.06666666666666,87.8,91.26666666666667,91.96666666666665,94.3,96.66666666666667,94.93333333333334,101.5,234.16666666666666,218.4333333333333,101.7,99.66666666666667,95.60000000000001,84.73333333333333,79.2,77.53333333333335,77.66666666666667,77.33333333333333,77.5,78.03333333333333,78.03333333333335,78.56666666666666,84.8,89.03333333333335,2005,9,4,9/04/2005,-999.0,0.0,0.26893,0.26986,0.27044,0.27077,0.27168,0.27198,0.27225,0.26976
2005-09-05,76.3,120.89999999999999,76.89999999999999,75.39999999999999,78.76666666666667,81.0,86.06666666666666,87.8,91.26666666666667,91.96666666666665,94.3,96.66666666666667,94.93333333333334,101.5,234.16666666666666,218.4333333333333,101.7,99.66666666666667,95.60000000000001,84.73333333333333,79.2,77.53333333333335,77.66666666666667,77.33333333333333,77.5,78.03333333333333,78.03333333333335,78.56666666666666,84.8,2005,9,5,9/05/2005,-999.0,0.0,-999.0,0.26893,0.26986,0.27044,0.27077,0.27168,0.27198,0.26911
2005-09-06,89.03333333333335,186.4333333333333,76.3,76.89999999999999,75.39999999999999,78.76666666666667,81.0,86.06666666666666,87.8,91.26666666666667,91.96666666666665,94.3,96.66666666666667,94.93333333333334,101.5,234.16666666666666,218.4333333333333,101.7,99.66666666666667,95.60000000000001,84.73333333333333,79.2,77.53333333333335,77.66666666666667,77.33333333333333,77.5,78.03333333333333,78.03333333333335,78.56666666666666,2005,9,6,9/06/2005,0.26761,6.0,-999.0,-999.0,0.26893,0.26986,0.27044,0.27077,0.27168,0.26835
2005-09-07,102.7,117.53333333333335,89.03333333333335,76.3,76.89999999999999,75.39999999999999,78.76666666666667,81.0,86.06666666666666,87.8,91.26666666666667,91.96666666666665,94.3,96.66666666666667,94.93333333333334,101.5,234.16666666666666,218.4333333333333,101.7,99.66666666666667,95.60000000000001,84.73333333333333,79.2,77.53333333333335,77.66666666666667,77.33333333333333,77.5,78.03333333333333,78.03333333333335,2005,9,7,9/07/2005,0.26739,6.0,0.26761,-999.0,-999.0,0.26893,0.26986,0.27044,0.27077,-999.0
2005-09-08,104.86666666666667,117.53333333333335,102.7,89.03333333333335,76.3,76.89999999999999,75.39999999999999,78.76666666666667,81.0,86.06666666666666,87.8,91.26666666666667,91.96666666666665,94.3,96.66666666666667,94.93333333333334,101.5,234.16666666666666,218.4333333333333,101.7,99.66666666666667,95.60000000000001,84.73333333333333,79.2,77.53333333333335,77.66666666666667,77.33333333333333,77.5,78.03333333333333,2005,9,8,9/08/2005,0.2678,6.0,0.26739,0.26761,-999.0,-999.0,0.26893,0.26986,0.27044,0.26777
2005-09-09,377.9666666666667,118.83333333333333,104.86666666666667,102.7,89.03333333333335,76.3,76.89999999999999,75.39999999999999,78.76666666666667,81.0,86.06666666666666,87.8,91.26666666666667,91.96666666666665,94.3,96.66666666666667,94.93333333333334,101.5,234.16666666666666,218.4333333333333,101.7,99.66666666666667,95.60000000000001,84.73333333333333,79.2,77.53333333333335,77.66666666666667,77.33333333333333,77.5,2005,9,9,9/09/2005,0.26839,6.0,0.2678,0.26739,0.26761,-999.0,-999.0,0.26893,0.26986,0.26757
2005-09-10,293.2,105.23333333333335,377.9666666666667,104.86666666666667,102.7,89.03333333333335,76.3,76.89999999999999,75.39999999999999,78.76666666666667,81.0,86.06666666666666,87.8,91.26666666666667,91.96666666666665,94.3,96.66666666666667,94.93333333333334,101.5,234.16666666666666,218.4333333333333,101.7,99.66666666666667,95.60000000000001,84.73333333333333,79.2,77.53333333333335,77.66666666666667,77.33333333333333,2005,9,10,9/10/2005,0.26902,6.0,0.26839,0.2678,0.26739,0.26761,-999.0,-999.0,0.26893,0.26747
2005-09-11,114.76666666666665,102.76666666666667,293.2,377.9666666666667,104.86666666666667,102.7,89.03333333333335,76.3,76.89999999999999,75.39999999999999,78.76666666666667,81.0,86.06666666666666,87.8,91.26666666666667,91.96666666666665,94.3,96.66666666666667,94.93333333333334,101.5,234.16666666666666,218.4333333333333,101.7,99.66666666666667,95.60000000000001,84.73333333333333,79.2,77.53333333333335,77.66666666666667,2005,9,11,9/11/2005,0.26966,6.0,0.26902,0.26839,0.2678,0.26739,0.26761,-999.0,-999.0,0.26743
2005-09-12,120.89999999999999,92.86666666666667,114.76666666666665,293.2,377.9666666666667,104.86666666666667,102.7,89.03333333333335,76.3,76.89999999999999,75.39999999999999,78.76666666666667,81.0,86.06666666666666,87.8,91.26666666666667,91.96666666666665,94.3,96.66666666666667,94.93333333333334,101.5,234.16666666666666,218.4333333333333,101.7,99.66666666666667,95.60000000000001,84.73333333333333,79.2,77.53333333333335,2005,9,12,9/12/2005,0.27019,6.0,0.26966,0.26902,0.26839,0.2678,0.26739,0.26761,-999.0,0.2675
2005-09-13,186.4333333333333,89.76666666666667,120.89999999999999,114.76666666666665,293.2,377.9666666666667,104.86666666666667,102.7,89.03333333333335,76.3,76.89999999999999,75.39999999999999,78.76666666666667,81.0,86.06666666666666,87.8,91.26666666666667,91.96666666666665,94.3,96.66666666666667,94.93333333333334,101.5,234.16666666666666,218.4333333333333,101.7,99.66666666666667,95.60000000000001,84.73333333333333,79.2,2005,9,13,9/13/2005,0.27087,6.0,0.27019,0.26966,0.26902,0.26839,0.2678,0.26739,0.26761,0.26777
2005-09-14,117.53333333333335,87.39999999999999,186.4333333333333,120.89999999999999,114.76666666666665,293.2,377.9666666666667,104.86666666666667,102.7,89.03333333333335,76.3,76.89999999999999,75.39999999999999,78.76666666666667,81.0,86.06666666666666,87.8,91.26666666666667,91.96666666666665,94.3,96.66666666666667,94.93333333333334,101.5,234.16666666666666,218.4333333333333,101.7,99.66666666666667,95.60000000000001,84.73333333333333,2005,9,14,9/14/2005,0.27136,6.0,0.27087,0.27019,0.26966,0.26902,0.26839,0.2678,0.26739,0.26811
2005-09-15,117.53333333333335,84.86666666666666,117.53333333333335,186.4333333333333,120.89999999999999,114.76666666666665,293.2,377.9666666666667,104.86666666666667,102.7,89.03333333333335,76.3,76.89999999999999,75.39999999999999,78.76666666666667,81.0,86.06666666666666,87.8,91.26666666666667,91.96666666666665,94.3,96.66666666666667,94.93333333333334,101.5,234.16666666666666,218.4333333333333,101.7,99.66666666666667,95.60000000000001,2005,9,15,9/15/2005,0.2715,6.0,0.27136,0.27087,0.27019,0.26966,0.26902,0.26839,0.2678,0.26891
2005-09-16,118.83333333333333,83.16666666666667,117.53333333333335,117.53333333333335,186.4333333333333,120.89999999999999,114.76666666666665,293.2,377.9666666666667,104.86666666666667,102.7,89.03333333333335,76.3,76.89999999999999,75.39999999999999,78.76666666666667,81.0,86.06666666666666,87.8,91.26666666666667,91.96666666666665,94.3,96.66666666666667,94.93333333333334,101.5,234.16666666666666,218.4333333333333,101.7,99.66666666666667,2005,9,16,9/16/2005,0.27161,6.0,0.2715,0.27136,0.27087,0.27019,0.26966,0.26902,0.26839,0.26972
2005-09-17,105.23333333333335,81.9,118.83333333333333,117.53333333333335,117.53333333333335,186.4333333333333,120.89999999999999,114.76666666666665,293.2,377.9666666666667,104.86666666666667,102.7,89.03333333333335,76.3,76.89999999999999,75.39999999999999,78.76666666666667,81.0,86.06666666666666,87.8,91.26666666666667,91.96666666666665,94.3,96.66666666666667,94.93333333333334,101.5,234.16666666666666,218.4333333333333,101.7,2005,9,17,9/17/2005,0.2715,6.0,0.27161,0.2715,0.27136,0.27087,0.27019,0.26966,0.26902,0.27018
2005-09-18,102.76666666666667,81.5,105.23333333333335,118.83333333333333,117.53333333333335,117.53333333333335,186.4333333333333,120.89999999999999,114.76666666666665,293.2,377.9666666666667,104.86666666666667,102.7,89.03333333333335,76.3,76.89999999999999,75.39999999999999,78.76666666666667,81.0,86.06666666666666,87.8,91.26666666666667,91.96666666666665,94.3,96.66666666666667,94.93333333333334,101.5,234.16666666666666,218.4333333333333,2005,9,18,9/18/2005,0.27151,6.0,0.2715,0.27161,0.2715,0.27136,0.27087,0.27019,0.26966,0.27097
2005-09-19,92.86666666666667,81.86666666666667,102.76666666666667,105.23333333333335,118.83333333333333,117.53333333333335,117.53333333333335,186.4333333333333,120.89999999999999,114.76666666666665,293.2,377.9666666666667,104.86666666666667,102.7,89.03333333333335,76.3,76.89999999999999,75.39999999999999,78.76666666666667,81.0,86.06666666666666,87.8,91.26666666666667,91.96666666666665,94.3,96.66666666666667,94.93333333333334,101.5,234.16666666666666,2005,9,19,9/19/2005,-999.0,0.0,0.27151,0.2715,0.27161,0.2715,0.27136,0.27087,0.27019,0.27073
2005-09-20,89.76666666666667,77.43333333333334,92.86666666666667,102.76666666666667,105.23333333333335,118.83333333333333,117.53333333333335,117.53333333333335,186.4333333333333,120.89999999999999,114.76666666666665,293.2,377.9666666666667,104.86666666666667,102.7,89.03333333333335,76.3,76.89999999999999,75.39999999999999,78.76666666666667,81.0,86.06666666666666,87.8,91.26666666666667,91.96666666666665,94.3,96.66666666666667,94.93333333333334,101.5,2005,9,20,9/20/2005,0.27076,6.0,-999.0,0.27151,0.2715,0.27161,0.2715,0.27136,0.27087,0.27136
2005-09-21,87.39999999999999,75.36666666666667,89.76666666666667,92.86666666666667,102.76666666666667,105.23333333333335,118.83333333333333,117.53333333333335,117.53333333333335,186.4333333333333,120.89999999999999,114.76666666666665,293.2,377.9666666666667,104.86666666666667,102.7,89.03333333333335,76.3,76.89999999999999,75.39999999999999,78.76666666666667,81.0,86.06666666666666,87.8,91.26666666666667,91.96666666666665,94.3,96.66666666666667,94.93333333333334,2005,9,21,9/21/2005,0.27027,6.0,0.27076,-999.0,0.27151,0.2715,0.27161,0.2715,0.27136,-999.0
2005-09-22,84.86666666666666,74.23333333333333,87.39999999999999,89.76666666666667,92.86666666666667,102.76666666666667,105.23333333333335,118.83333333333333,117.53333333333335,117.53333333333335,186.4333333333333,120.89999999999999,114.76666666666665,293.2,377.9666666666667,104.86666666666667,102.7,89.03333333333335,76.3,76.89999999999999,75.39999999999999,78.76666666666667,81.0,86.06666666666666,87.8,91.26666666666667,91.96666666666665,94.3,96.66666666666667,2005,9,22,9/22/2005,0.27054,6.0,0.27027,0.27076,-999.0,0.27151,0.2715,0.27161,0.2715,0.27197
2005-09-23,83.16666666666667,72.7,84.86666666666666,87.39999999999999,89.76666666666667,92.86666666666667,102.76666666666667,105.23333333333335,118.83333333333333,117.53333333333335,117.53333333333335,186.4333333333333,120.89999999999999,114.76666666666665,293.2,377.9666666666667,104.86666666666667,102.7,89.03333333333335,76.3,76.89999999999999,75.39999999999999,78.76666666666667,81.0,86.06666666666666,87.8,91.26666666666667,91.96666666666665,94.3,2005,9,23,9/23/2005,0.27039,6.0,0.27054,0.27027,0.27076,-999.0,0.27151,0.2715,0.27161,0.2722
2005-09-24,81.9,72.3,83.16666666666667,84.86666666666666,87.39999999999999,89.76666666666667,92.86666666666667,102.76666666666667,105.23333333333335,118.83333333333333,117.53333333333335,117.53333333333335,186.4333333333333,120.89999999999999,114.76666666666665,293.2,377.9666666666667,104.86666666666667,102.7,89.03333333333335,76.3,76.89999999999999,75.39999999999999,78.76666666666667,81.0,86.06666666666666,87.8,91.26666666666667,91.96666666666665,2005,9,24,9/24/2005,0.27016,6.0,0.27039,0.27054,0.27027,0.27076,-999.0,0.27151,0.2715,0.27225
2005-09-25,81.5,74.86666666666667,81.9,83.16666666666667,84.86666666666666,87.39999999999999,89.76666666666667,92.86666666666667,102.76666666666667,105.23333333333335,118.83333333333333,117.53333333333335,117.53333333333335,186.4333333333333,120.89999999999999,114.76666666666665,293.2,377.9666666666667,104.86666666666667,102.7,89.03333333333335,76.3,76.89999999999999,75.39999999999999,78.76666666666667,81.0,86.06666666666666,87.8,91.26666666666667,2005,9,25,9/25/2005,0.27011,6.0,0.27016,0.27039,0.27054,0.27027,0.27076,-999.0,0.27151,0.27198
2005-09-26,81.86666666666667,73.33333333333333,81.5,81.9,83.16666666666667,84.86666666666666,87.39999999999999,89.76666666666667,92.86666666666667,102.76666666666667,105.23333333333335,118.83333333333333,117.53333333333335,117.53333333333335,186.4333333333333,120.89999999999999,114.76666666666665,293.2,377.9666666666667,104.86666666666667,102.7,89.03333333333335,76.3,76.89999999999999,75.39999999999999,78.76666666666667,81.0,86.06666666666666,87.8,2005,9,26,9/26/2005,0.26993,6.0,0.27011,0.27016,0.27039,0.27054,0.27027,0.27076,-999.0,0.27168
2005-09-27,77.43333333333334,82.56666666666666,81.86666666666667,81.5,81.9,83.16666666666667,84.86666666666666,87.39999999999999,89.76666666666667,92.86666666666667,102.76666666666667,105.23333333333335,118.83333333333333,117.53333333333335,117.53333333333335,186.4333333333333,120.89999999999999,114.76666666666665,293.2,377.9666666666667,104.86666666666667,102.7,89.03333333333335,76.3,76.89999999999999,75.39999999999999,78.76666666666667,81.0,86.06666666666666,2005,9,27,9/27/2005,0.26922,6.0,0.26993,0.27011,0.27016,0.27039,0.27054,0.27027,0.27076,0.27077
2005-09-28,75.36666666666667,81.36666666666667,77.43333333333334,81.86666666666667,81.5,81.9,83.16666666666667,84.86666666666666,87.39999999999999,89.76666666666667,92.86666666666667,102.76666666666667,105.23333333333335,118.83333333333333,117.53333333333335,117.53333333333335,186.4333333333333,120.89999999999999,114.76666666666665,293.2,377.9666666666667,104.86666666666667,102.7,89.03333333333335,76.3,76.89999999999999,75.39999999999999,78.76666666666667,81.0,2005,9,28,9/28/2005,0.26863,6.0,0.26922,0.26993,0.27011,0.27016,0.27039,0.27054,0.27027,0.27044
2005-09-29,74.23333333333333,79.63333333333334,75.36666666666667,77.43333333333334,81.86666666666667,81.5,81.9,83.16666666666667,84.86666666666666,87.39999999999999,89.76666666666667,92.86666666666667,102.76666666666667,105.23333333333335,118.83333333333333,117.53333333333335,117.53333333333335,186.4333333333333,120.89999999999999,114.76666666666665,293.2,377.9666666666667,104.86666666666667,102.7,89.03333333333335,76.3,76.89999999999999,75.39999999999999,78.76666666666667,2005,9,29,9/29/2005,0.26818,6.0,0.26863,0.26922,0.26993,0.27011,0.27016,0.27039,0.27054,0.26986
2005-09-30,72.7,78.63333333333333,74.23333333333333,75.36666666666667,77.43333333333334,81.86666666666667,81.5,81.9,83.16666666666667,84.86666666666666,87.39999999999999,89.76666666666667,92.86666666666667,102.76666666666667,105.23333333333335,118.83333333333333,117.53333333333335,117.53333333333335,186.4333333333333,120.89999999999999,114.76666666666665,293.2,377.9666666666667,104.86666666666667,102.7,89.03333333333335,76.3,76.89999999999999,75.39999999999999,2005,9,30,9/30/2005,0.26785,6.0,0.26818,0.26863,0.26922,0.26993,0.27011,0.27016,0.27039,0.26893
2005-10-01,72.3,78.26666666666667,72.7,74.23333333333333,75.36666666666667,77.43333333333334,81.86666666666667,81.5,81.9,83.16666666666667,84.86666666666666,87.39999999999999,89.76666666666667,92.86666666666667,102.76666666666667,105.23333333333335,118.83333333333333,117.53333333333335,117.53333333333335,186.4333333333333,120.89999999999999,114.76666666666665,293.2,377.9666666666667,104.86666666666667,102.7,89.03333333333335,76.3,76.89999999999999,2005,10,1,10/01/2005,0.26765,6.0,0.26785,0.26818,0.26863,0.26922,0.26993,0.27011,0.27016,-999.0
2005-10-02,74.86666666666667,78.86666666666667,72.3,72.7,74.23333333333333,75.36666666666667,77.43333333333334,81.86666666666667,81.5,81.9,83.16666666666667,84.86666666666666,87.39999999999999,89.76666666666667,92.86666666666667,102.76666666666667,105.23333333333335,118.83333333333333,117.53333333333335,117.53333333333335,186.4333333333333,120.89999999999999,114.76666666666665,293.2,377.9666666666667,104.86666666666667,102.7,89.03333333333335,76.3,2005,10,2,10/02/2005,0.26735,6.0,0.26765,0.26785,0.26818,0.26863,0.26922,0.26993,0.27011,-999.0
2005-10-03,73.33333333333333,79.0,74.86666666666667,72.3,72.7,74.23333333333333,75.36666666666667,77.43333333333334,81.86666666666667,81.5,81.9,83.16666666666667,84.86666666666666,87.39999999999999,89.76666666666667,92.86666666666667,102.76666666666667,105.23333333333335,118.83333333333333,117.53333333333335,117.53333333333335,186.4333333333333,120.89999999999999,114.76666666666665,293.2,377.9666666666667,104.86666666666667,102.7,89.03333333333335,2005,10,3,10/03/2005,0.26729,6.0,0.26735,0.26765,0.26785,0.26818,0.26863,0.26922,0.26993,0.26761
2005-10-04,82.56666666666666,77.46666666666665,73.33333333333333,74.86666666666667,72.3,72.7,74.23333333333333,75.36666666666667,77.43333333333334,81.86666666666667,81.5,81.9,83.16666666666667,84.86666666666666,87.39999999999999,89.76666666666667,92.86666666666667,102.76666666666667,105.23333333333335,118.83333333333333,117.53333333333335,117.53333333333335,186.4333333333333,120.89999999999999,114.76666666666665,293.2,377.9666666666667,104.86666666666667,102.7,2005,10,4,10/04/2005,0.26773,6.0,0.26729,0.26735,0.26765,0.26785,0.26818,0.26863,0.26922,0.26739
2005-10-05,81.36666666666667,76.46666666666667,82.56666666666666,73.33333333333333,74.86666666666667,72.3,72.7,74.23333333333333,75.36666666666667,77.43333333333334,81.86666666666667,81.5,81.9,83.16666666666667,84.86666666666666,87.39999999999999,89.76666666666667,92.86666666666667,102.76666666666667,105.23333333333335,118.83333333333333,117.53333333333335,117.53333333333335,186.4333333333333,120.89999999999999,114.76666666666665,293.2,377.9666666666667,104.86666666666667,2005,10,5,10/05/2005,0.26825,6.0,0.26773,0.26729,0.26735,0.26765,0.26785,0.26818,0.26863,0.2678
2005-10-06,79.63333333333334,77.83333333333333,81.36666666666667,82.56666666666666,73.33333333333333,74.86666666666667,72.3,72.7,74.23333333333333,75.36666666666667,77.43333333333334,81.86666666666667,81.5,81.9,83.16666666666667,84.86666666666666,87.39999999999999,89.76666666666667,92.86666666666667,102.76666666666667,105.23333333333335,118.83333333333333,117.53333333333335,117.53333333333335,186.4333333333333,120.89999999999999,114.76666666666665,293.2,377.9666666666667,2005,10,6,10/06/2005,0.26855,6.0,0.26825,0.26773,0.26729,0.26735,0.26765,0.26785,0.26818,0.26839
2005-10-07,78.63333333333333,78.03333333333335,79.63333333333334,81.36666666666667,82.56666666666666,73.33333333333333,74.86666666666667,72.3,72.7,74.23333333333333,75.36666666666667,77.43333333333334,81.86666666666667,81.5,81.9,83.16666666666667,84.86666666666666,87.39999999999999,89.76666666666667,92.86666666666667,102.76666666666667,105.23333333333335,118.83333333333333,117.53333333333335,117.53333333333335,186.4333333333333,120.89999999999999,114.76666666666665,293.2,2005,10,7,10/07/2005,0.26939,6.0,0.26855,0.26825,0.26773,0.26729,0.26735,0.26765,0.26785,0.26902
2005-10-08,78.26666666666667,78.66666666666667,78.63333333333333,79.63333333333334,81.36666666666667,82.56666666666666,73.33333333333333,74.86666666666667,72.3,72.7,74.23333333333333,75.36666666666667,77.43333333333334,81.86666666666667,81.5,81.9,83.16666666666667,84.86666666666666,87.39999999999999,89.76666666666667,92.86666666666667,102.76666666666667,105.23333333333335,118.83333333333333,117.53333333333335,117.53333333333335,186.4333333333333,120.89999999999999,114.76666666666665,2005,10,8,10/08/2005,0.26944,6.0,0.26939,0.26855,0.26825,0.26773,0.26729,0.26735,0.26765,0.26966
2005-10-09,78.86666666666667,78.60000000000001,78.26666666666667,78.63333333333333,79.63333333333334,81.36666666666667,82.56666666666666,73.33333333333333,74.86666666666667,72.3,72.7,74.23333333333333,75.36666666666667,77.43333333333334,81.86666666666667,81.5,81.9,83.16666666666667,84.86666666666666,87.39999999999999,89.76666666666667,92.86666666666667,102.76666666666667,105.23333333333335,118.83333333333333,117.53333333333335,117.53333333333335,186.4333333333333,120.89999999999999,2005,10,9,10/09/2005,0.26964,6.0,0.26944,0.26939,0.26855,0.26825,0.26773,0.26729,0.26735,0.27019
2005-10-10,79.0,78.26666666666667,78.86666666666667,78.26666666666667,78.63333333333333,79.63333333333334,81.36666666666667,82.56666666666666,73.33333333333333,74.86666666666667,72.3,72.7,74.23333333333333,75.36666666666667,77.43333333333334,81.86666666666667,81.5,81.9,83.16666666666667,84.86666666666666,87.39999999999999,89.76666666666667,92.86666666666667,102.76666666666667,105.23333333333335,118.83333333333333,117.53333333333335,117.53333333333335,186.4333333333333,2005,10,10,10/10/2005,0.26972,6.0,0.26964,0.26944,0.26939,0.26855,0.26825,0.26773,0.26729,0.27087
2005-10-11,77.46666666666665,77.76666666666667,79.0,78.86666666666667,78.26666666666667,78.63333333333333,79.63333333333334,81.36666666666667,82.56666666666666,73.33333333333333,74.86666666666667,72.3,72.7,74.23333333333333,75.36666666666667,77.43333333333334,81.86666666666667,81.5,81.9,83.16666666666667,84.86666666666666,87.39999999999999,89.76666666666667,92.86666666666667,102.76666666666667,105.23333333333335,118.83333333333333,117.53333333333335,117.53333333333335,2005,10,11,10/11/2005,0.26992,6.0,0.26972,0.26964,0.26944,0.26939,0.26855,0.26825,0.26773,0.27136
2005-10-12,76.46666666666667,77.3,77.46666666666665,79.0,78.86666666666667,78.26666666666667,78.63333333333333,79.63333333333334,81.36666666666667,82.56666666666666,73.33333333333333,74.86666666666667,72.3,72.7,74.23333333333333,75.36666666666667,77.43333333333334,81.86666666666667,81.5,81.9,83.16666666666667,84.86666666666666,87.39999999999999,89.76666666666667,92.86666666666667,102.76666666666667,105.23333333333335,118.83333333333333,117.53333333333335,2005,10,12,10/12/2005,0.27008,6.0,0.26992,0.26972,0.26964,0.26944,0.26939,0.26855,0.26825,0.2715
2005-10-13,77.83333333333333,75.89999999999999,76.46666666666667,77.46666666666665,79.0,78.86666666666667,78.26666666666667,78.63333333333333,79.63333333333334,81.36666666666667,82.56666666666666,73.33333333333333,74.86666666666667,72.3,72.7,74.23333333333333,75.36666666666667,77.43333333333334,81.86666666666667,81.5,81.9,83.16666666666667,84.86666666666666,87.39999999999999,89.76666666666667,92.86666666666667,102.76666666666667,105.23333333333335,118.83333333333333,2005,10,13,10/13/2005,0.26991,6.0,0.27008,0.26992,0.26972,0.26964,0.26944,0.26939,0.26855,0.27161
2005-10-14,78.03333333333335,74.76666666666667,77.83333333333333,76.46666666666667,77.46666666666665,79.0,78.86666666666667,78.26666666666667,78.63333333333333,79.63333333333334,81.36666666666667,82.56666666666666,73.33333333333333,74.86666666666667,72.3,72.7,74.23333333333333,75.36666666666667,77.43333333333334,81.86666666666667,81.5,81.9,83.16666666666667,84.86666666666666,87.39999999999999,89.76666666666667,92.86666666666667,102.76666666666667,105.23333333333335,2005,10,14,10/14/2005,0.26934,6.0,0.26991,0.27008,0.26992,0.26972,0.26964,0.26944,0.26939,0.2715
2005-10-15,78.66666666666667,74.2,78.03333333333335,77.83333333333333,76.46666666666667,77.46666666666665,79.0,78.86666666666667,78.26666666666667,78.63333333333333,79.63333333333334,81.36666666666667,82.56666666666666,73.33333333333333,74.86666666666667,72.3,72.7,74.23333333333333,75.36666666666667,77.43333333333334,81.86666666666667,81.5,81.9,83.16666666666667,84.86666666666666,87.39999999999999,89.76666666666667,92.86666666666667,102.76666666666667,2005,10,15,10/15/2005,0.26927,6.0,0.26934,0.26991,0.27008,0.26992,0.26972,0.26964,0.26944,0.27151
2005-10-16,78.60000000000001,73.73333333333333,78.66666666666667,78.03333333333335,77.83333333333333,76.46666666666667,77.46666666666665,79.0,78.86666666666667,78.26666666666667,78.63333333333333,79.63333333333334,81.36666666666667,82.56666666666666,73.33333333333333,74.86666666666667,72.3,72.7,74.23333333333333,75.36666666666667,77.43333333333334,81.86666666666667,81.5,81.9,83.16666666666667,84.86666666666666,87.39999999999999,89.76666666666667,92.86666666666667,2005,10,16,10/16/2005,0.26914,6.0,0.26927,0.26934,0.26991,0.27008,0.26992,0.26972,0.26964,-999.0
2005-10-17,78.26666666666667,72.8,78.60000000000001,78.66666666666667,78.03333333333335,77.83333333333333,76.46666666666667,77.46666666666665,79.0,78.86666666666667,78.26666666666667,78.63333333333333,79.63333333333334,81.36666666666667,82.56666666666666,73.33333333333333,74.86666666666667,72.3,72.7,74.23333333333333,75.36666666666667,77.43333333333334,81.86666666666667,81.5,81.9,83.16666666666667,84.86666666666666,87.39999999999999,89.76666666666667,2005,10,17,10/17/2005,0.26873,6.0,0.26914,0.26927,0.26934,0.26991,0.27008,0.26992,0.26972,0.27076
2005-10-18,77.76666666666667,72.23333333333333,78.26666666666667,78.60000000000001,78.66666666666667,78.03333333333335,77.83333333333333,76.46666666666667,77.46666666666665,79.0,78.86666666666667,78.26666666666667,78.63333333333333,79.63333333333334,81.36666666666667,82.56666666666666,73.33333333333333,74.86666666666667,72.3,72.7,74.23333333333333,75.36666666666667,77.43333333333334,81.86666666666667,81.5,81.9,83.16666666666667,84.86666666666666,87.39999999999999,2005,10,18,10/18/2005,0.26878,6.0,0.26873,0.26914,0.26927,0.26934,0.26991,0.27008,0.26992,0.27027
2005-10-19,77.3,71.56666666666666,77.76666666666667,78.26666666666667,78.60000000000001,78.66666666666667,78.03333333333335,77.83333333333333,76.46666666666667,77.46666666666665,79.0,78.86666666666667,78.26666666666667,78.63333333333333,79.63333333333334,81.36666666666667,82.56666666666666,73.33333333333333,74.86666666666667,72.3,72.7,74.23333333333333,75.36666666666667,77.43333333333334,81.86666666666667,81.5,81.9,83.16666666666667,84.86666666666666,2005,10,19,10/19/2005,0.26904,6.0,0.26878,0.26873,0.26914,0.26927,0.26934,0.26991,0.27008,0.27054
2005-10-20,75.89999999999999,71.03333333333333,77.3,77.76666666666667,78.26666666666667,78.60000000000001,78.66666666666667,78.03333333333335,77.83333333333333,76.46666666666667,77.46666666666665,79.0,78.86666666666667,78.26666666666667,78.63333333333333,79.63333333333334,81.36666666666667,82.56666666666666,73.33333333333333,74.86666666666667,72.3,72.7,74.23333333333333,75.36666666666667,77.43333333333334,81.86666666666667,81.5,81.9,83.16666666666667,2005,10,20,10/20/2005,0.26882,6.0,0.26904,0.26878,0.26873,0.26914,0.26927,0.26934,0.26991,0.27039
2005-10-21,74.76666666666667,72.26666666666667,75.89999999999999,77.3,77.76666666666667,78.26666666666667,78.60000000000001,78.66666666666667,78.03333333333335,77.83333333333333,76.46666666666667,77.46666666666665,79.0,78.86666666666667,78.26666666666667,78.63333333333333,79.63333333333334,81.36666666666667,82.56666666666666,73.33333333333333,74.86666666666667,72.3,72.7,74.23333333333333,75.36666666666667,77.43333333333334,81.86666666666667,81.5,81.9,2005,10,21,10/21/2005,0.26883,6.0,0.26882,0.26904,0.26878,0.26873,0.26914,0.26927,0.26934,0.27016
2005-10-22,74.2,73.16666666666667,74.76666666666667,75.89999999999999,77.3,77.76666666666667,78.26666666666667,78.60000000000001,78.66666666666667,78.03333333333335,77.83333333333333,76.46666666666667,77.46666666666665,79.0,78.86666666666667,78.26666666666667,78.63333333333333,79.63333333333334,81.36666666666667,82.56666666666666,73.33333333333333,74.86666666666667,72.3,72.7,74.23333333333333,75.36666666666667,77.43333333333334,81.86666666666667,81.5,2005,10,22,10/22/2005,0.26872,6.0,0.26883,0.26882,0.26904,0.26878,0.26873,0.26914,0.26927,0.27011
2005-10-23,73.73333333333333,74.7,74.2,74.76666666666667,75.89999999999999,77.3,77.76666666666667,78.26666666666667,78.60000000000001,78.66666666666667,78.03333333333335,77.83333333333333,76.46666666666667,77.46666666666665,79.0,78.86666666666667,78.26666666666667,78.63333333333333,79.63333333333334,81.36666666666667,82.56666666666666,73.33333333333333,74.86666666666667,72.3,72.7,74.23333333333333,75.36666666666667,77.43333333333334,81.86666666666667,2005,10,23,10/23/2005,0.26861,6.0,0.26872,0.26883,0.26882,0.26904,0.26878,0.26873,0.26914,0.26993
2005-10-24,72.8,77.0,73.73333333333333,74.2,74.76666666666667,75.89999999999999,77.3,77.76666666666667,78.26666666666667,78.60000000000001,78.66666666666667,78.03333333333335,77.83333333333333,76.46666666666667,77.46666666666665,79.0,78.86666666666667,78.26666666666667,78.63333333333333,79.63333333333334,81.36666666666667,82.56666666666666,73.33333333333333,74.86666666666667,72.3,72.7,74.23333333333333,75.36666666666667,77.43333333333334,2005,10,24,10/24/2005,0.26834,6.0,0.26861,0.26872,0.26883,0.26882,0.26904,0.26878,0.26873,0.26922
2005-10-25,72.23333333333333,76.03333333333333,72.8,73.73333333333333,74.2,74.76666666666667,75.89999999999999,77.3,77.76666666666667,78.26666666666667,78.60000000000001,78.66666666666667,78.03333333333335,77.83333333333333,76.46666666666667,77.46666666666665,79.0,78.86666666666667,78.26666666666667,78.63333333333333,79.63333333333334,81.36666666666667,82.56666666666666,73.33333333333333,74.86666666666667,72.3,72.7,74.23333333333333,75.36666666666667,2005,10,25,10/25/2005,0.26822,6.0,0.26834,0.26861,0.26872,0.26883,0.26882,0.26904,0.26878,0.26863
2005-10-26,71.56666666666666,76.43333333333334,72.23333333333333,72.8,73.73333333333333,74.2,74.76666666666667,75.89999999999999,77.3,77.76666666666667,78.26666666666667,78.60000000000001,78.66666666666667,78.03333333333335,77.83333333333333,76.46666666666667,77.46666666666665,79.0,78.86666666666667,78.26666666666667,78.63333333333333,79.63333333333334,81.36666666666667,82.56666666666666,73.33333333333333,74.86666666666667,72.3,72.7,74.23333333333333,2005,10,26,10/26/2005,0.26785,6.0,0.26822,0.26834,0.26861,0.26872,0.26883,0.26882,0.26904,0.26818
2005-10-27,71.03333333333333,75.43333333333334,71.56666666666666,72.23333333333333,72.8,73.73333333333333,74.2,74.76666666666667,75.89999999999999,77.3,77.76666666666667,78.26666666666667,78.60000000000001,78.66666666666667,78.03333333333335,77.83333333333333,76.46666666666667,77.46666666666665,79.0,78.86666666666667,78.26666666666667,78.63333333333333,79.63333333333334,81.36666666666667,82.56666666666666,73.33333333333333,74.86666666666667,72.3,72.7,2005,10,27,10/27/2005,0.26774,6.0,0.26785,0.26822,0.26834,0.26861,0.26872,0.26883,0.26882,0.26785
2005-10-28,72.26666666666667,76.46666666666665,71.03333333333333,71.56666666666666,72.23333333333333,72.8,73.73333333333333,74.2,74.76666666666667,75.89999999999999,77.3,77.76666666666667,78.26666666666667,78.60000000000001,78.66666666666667,78.03333333333335,77.83333333333333,76.46666666666667,77.46666666666665,79.0,78.86666666666667,78.26666666666667,78.63333333333333,79.63333333333334,81.36666666666667,82.56666666666666,73.33333333333333,74.86666666666667,72.3,2005,10,28,10/28/2005,0.26756,6.0,0.26774,0.26785,0.26822,0.26834,0.26861,0.26872,0.26883,0.26765
2005-10-29,73.16666666666667,78.0,72.26666666666667,71.03333333333333,71.56666666666666,72.23333333333333,72.8,73.73333333333333,74.2,74.76666666666667,75.89999999999999,77.3,77.76666666666667,78.26666666666667,78.60000000000001,78.66666666666667,78.03333333333335,77.83333333333333,76.46666666666667,77.46666666666665,79.0,78.86666666666667,78.26666666666667,78.63333333333333,79.63333333333334,81.36666666666667,82.56666666666666,73.33333333333333,74.86666666666667,2005,10,29,10/29/2005,0.26742,6.0,0.26756,0.26774,0.26785,0.26822,0.26834,0.26861,0.26872,0.26735
2005-10-30,74.7,80.10000000000001,73.16666666666667,72.26666666666667,71.03333333333333,71.56666666666666,72.23333333333333,72.8,73.73333333333333,74.2,74.76666666666667,75.89999999999999,77.3,77.76666666666667,78.26666666666667,78.60000000000001,78.66666666666667,78.03333333333335,77.83333333333333,76.46666666666667,77.46666666666665,79.0,78.86666666666667,78.26666666666667,78.63333333333333,79.63333333333334,81.36666666666667,82.56666666666666,73.33333333333333,2005,10,30,10/30/2005,0.26728,6.0,0.26742,0.26756,0.26774,0.26785,0.26822,0.26834,0.26861,0.26729
2005-10-31,77.0,78.76666666666667,74.7,73.16666666666667,72.26666666666667,71.03333333333333,71.56666666666666,72.23333333333333,72.8,73.73333333333333,74.2,74.76666666666667,75.89999999999999,77.3,77.76666666666667,78.26666666666667,78.60000000000001,78.66666666666667,78.03333333333335,77.83333333333333,76.46666666666667,77.46666666666665,79.0,78.86666666666667,78.26666666666667,78.63333333333333,79.63333333333334,81.36666666666667,82.56666666666666,2005,10,31,10/31/2005,0.26774,6.0,0.26728,0.26742,0.26756,0.26774,0.26785,0.26822,0.26834,0.26773
2005-11-01,76.03333333333333,78.26666666666667,77.0,74.7,73.16666666666667,72.26666666666667,71.03333333333333,71.56666666666666,72.23333333333333,72.8,73.73333333333333,74.2,74.76666666666667,75.89999999999999,77.3,77.76666666666667,78.26666666666667,78.60000000000001,78.66666666666667,78.03333333333335,77.83333333333333,76.46666666666667,77.46666666666665,79.0,78.86666666666667,78.26666666666667,78.63333333333333,79.63333333333334,81.36666666666667,2005,11,1,11/01/2005,0.26803,6.0,0.26774,0.26728,0.26742,0.26756,0.26774,0.26785,0.26822,0.26825
2005-11-02,76.43333333333334,76.96666666666665,76.03333333333333,77.0,74.7,73.16666666666667,72.26666666666667,71.03333333333333,71.56666666666666,72.23333333333333,72.8,73.73333333333333,74.2,74.76666666666667,75.89999999999999,77.3,77.76666666666667,78.26666666666667,78.60000000000001,78.66666666666667,78.03333333333335,77.83333333333333,76.46666666666667,77.46666666666665,79.0,78.86666666666667,78.26666666666667,78.63333333333333,79.63333333333334,2005,11,2,11/02/2005,0.26842,6.0,0.26803,0.26774,0.26728,0.26742,0.26756,0.26774,0.26785,0.26855
2005-11-03,75.43333333333334,76.46666666666667,76.43333333333334,76.03333333333333,77.0,74.7,73.16666666666667,72.26666666666667,71.03333333333333,71.56666666666666,72.23333333333333,72.8,73.73333333333333,74.2,74.76666666666667,75.89999999999999,77.3,77.76666666666667,78.26666666666667,78.60000000000001,78.66666666666667,78.03333333333335,77.83333333333333,76.46666666666667,77.46666666666665,79.0,78.86666666666667,78.26666666666667,78.63333333333333,2005,11,3,11/03/2005,0.26887,6.0,0.26842,0.26803,0.26774,0.26728,0.26742,0.26756,0.26774,0.26939
2005-11-04,76.46666666666665,76.8,75.43333333333334,76.43333333333334,76.03333333333333,77.0,74.7,73.16666666666667,72.26666666666667,71.03333333333333,71.56666666666666,72.23333333333333,72.8,73.73333333333333,74.2,74.76666666666667,75.89999999999999,77.3,77.76666666666667,78.26666666666667,78.60000000000001,78.66666666666667,78.03333333333335,77.83333333333333,76.46666666666667,77.46666666666665,79.0,78.86666666666667,78.26666666666667,2005,11,4,11/04/2005,0.26935,6.0,0.26887,0.26842,0.26803,0.26774,0.26728,0.26742,0.26756,0.26944
2005-11-05,78.0,81.63333333333334,76.46666666666665,75.43333333333334,76.43333333333334,76.03333333333333,77.0,74.7,73.16666666666667,72.26666666666667,71.03333333333333,71.56666666666666,72.23333333333333,72.8,73.73333333333333,74.2,74.76666666666667,75.89999999999999,77.3,77.76666666666667,78.26666666666667,78.60000000000001,78.66666666666667,78.03333333333335,77.83333333333333,76.46666666666667,77.46666666666665,79.0,78.86666666666667,2005,11,5,11/05/2005,0.26921,6.0,0.26935,0.26887,0.26842,0.26803,0.26774,0.26728,0.26742,0.26964
2005-11-06,80.10000000000001,86.63333333333333,78.0,76.46666666666665,75.43333333333334,76.43333333333334,76.03333333333333,77.0,74.7,73.16666666666667,72.26666666666667,71.03333333333333,71.56666666666666,72.23333333333333,72.8,73.73333333333333,74.2,74.76666666666667,75.89999999999999,77.3,77.76666666666667,78.26666666666667,78.60000000000001,78.66666666666667,78.03333333333335,77.83333333333333,76.46666666666667,77.46666666666665,79.0,2005,11,6,11/06/2005,0.26986,6.0,0.26921,0.26935,0.26887,0.26842,0.26803,0.26774,0.26728,0.26972
2005-11-07,78.76666666666667,91.3,80.10000000000001,78.0,76.46666666666665,75.43333333333334,76.43333333333334,76.03333333333333,77.0,74.7,73.16666666666667,72.26666666666667,71.03333333333333,71.56666666666666,72.23333333333333,72.8,73.73333333333333,74.2,74.76666666666667,75.89999999999999,77.3,77.76666666666667,78.26666666666667,78.60000000000001,78.66666666666667,78.03333333333335,77.83333333333333,76.46666666666667,77.46666666666665,2005,11,7,11/07/2005,0.26987,6.0,0.26986,0.26921,0.26935,0.26887,0.26842,0.26803,0.26774,0.26992
2005-11-08,78.26666666666667,94.66666666666667,78.76666666666667,80.10000000000001,78.0,76.46666666666665,75.43333333333334,76.43333333333334,76.03333333333333,77.0,74.7,73.16666666666667,72.26666666666667,71.03333333333333,71.56666666666666,72.23333333333333,72.8,73.73333333333333,74.2,74.76666666666667,75.89999999999999,77.3,77.76666666666667,78.26666666666667,78.60000000000001,78.66666666666667,78.03333333333335,77.83333333333333,76.46666666666667,2005,11,8,11/08/2005,0.26973,6.0,0.26987,0.26986,0.26921,0.26935,0.26887,0.26842,0.26803,0.27008
2005-11-09,76.96666666666665,92.23333333333333,78.26666666666667,78.76666666666667,80.10000000000001,78.0,76.46666666666665,75.43333333333334,76.43333333333334,76.03333333333333,77.0,74.7,73.16666666666667,72.26666666666667,71.03333333333333,71.56666666666666,72.23333333333333,72.8,73.73333333333333,74.2,74.76666666666667,75.89999999999999,77.3,77.76666666666667,78.26666666666667,78.60000000000001,78.66666666666667,78.03333333333335,77.83333333333333,2005,11,9,11/09/2005,0.26954,6.0,0.26973,0.26987,0.26986,0.26921,0.26935,0.26887,0.26842,0.26991
2005-11-10,76.46666666666667,98.0,76.96666666666665,78.26666666666667,78.76666666666667,80.10000000000001,78.0,76.46666666666665,75.43333333333334,76.43333333333334,76.03333333333333,77.0,74.7,73.16666666666667,72.26666666666667,71.03333333333333,71.56666666666666,72.23333333333333,72.8,73.73333333333333,74.2,74.76666666666667,75.89999999999999,77.3,77.76666666666667,78.26666666666667,78.60000000000001,78.66666666666667,78.03333333333335,2005,11,10,11/10/2005,0.26934,6.0,0.26954,0.26973,0.26987,0.26986,0.26921,0.26935,0.26887,0.26934
2005-11-11,76.8,98.36666666666667,76.46666666666667,76.96666666666665,78.26666666666667,78.76666666666667,80.10000000000001,78.0,76.46666666666665,75.43333333333334,76.43333333333334,76.03333333333333,77.0,74.7,73.16666666666667,72.26666666666667,71.03333333333333,71.56666666666666,72.23333333333333,72.8,73.73333333333333,74.2,74.76666666666667,75.89999999999999,77.3,77.76666666666667,78.26666666666667,78.60000000000001,78.66666666666667,2005,11,11,11/11/2005,0.26877,6.0,0.26934,0.26954,0.26973,0.26987,0.26986,0.26921,0.26935,0.26927
2005-11-12,81.63333333333334,99.76666666666667,76.8,76.46666666666667,76.96666666666665,78.26666666666667,78.76666666666667,80.10000000000001,78.0,76.46666666666665,75.43333333333334,76.43333333333334,76.03333333333333,77.0,74.7,73.16666666666667,72.26666666666667,71.03333333333333,71.56666666666666,72.23333333333333,72.8,73.73333333333333,74.2,74.76666666666667,75.89999999999999,77.3,77.76666666666667,78.26666666666667,78.60000000000001,2005,11,12,11/12/2005,0.26836,6.0,0.26877,0.26934,0.26954,0.26973,0.26987,0.26986,0.26921,0.26914
2005-11-13,86.63333333333333,94.83333333333333,81.63333333333334,76.8,76.46666666666667,76.96666666666665,78.26666666666667,78.76666666666667,80.10000000000001,78.0,76.46666666666665,75.43333333333334,76.43333333333334,76.03333333333333,77.0,74.7,73.16666666666667,72.26666666666667,71.03333333333333,71.56666666666666,72.23333333333333,72.8,73.73333333333333,74.2,74.76666666666667,75.89999999999999,77.3,77.76666666666667,78.26666666666667,2005,11,13,11/13/2005,0.2686,6.0,0.26836,0.26877,0.26934,0.26954,0.26973,0.26987,0.26986,0.26873
2005-11-14,91.3,92.76666666666667,86.63333333333333,81.63333333333334,76.8,76.46666666666667,76.96666666666665,78.26666666666667,78.76666666666667,80.10000000000001,78.0,76.46666666666665,75.43333333333334,76.43333333333334,76.03333333333333,77.0,74.7,73.16666666666667,72.26666666666667,71.03333333333333,71.56666666666666,72.23333333333333,72.8,73.73333333333333,74.2,74.76666666666667,75.89999999999999,77.3,77.76666666666667,2005,11,14,11/14/2005,0.26831,6.0,0.2686,0.26836,0.26877,0.26934,0.26954,0.26973,0.26987,0.26878
2005-11-15,94.66666666666667,90.73333333333333,91.3,86.63333333333333,81.63333333333334,76.8,76.46666666666667,76.96666666666665,78.26666666666667,78.76666666666667,80.10000000000001,78.0,76.46666666666665,75.43333333333334,76.43333333333334,76.03333333333333,77.0,74.7,73.16666666666667,72.26666666666667,71.03333333333333,71.56666666666666,72.23333333333333,72.8,73.73333333333333,74.2,74.76666666666667,75.89999999999999,77.3,2005,11,15,11/15/2005,0.26845,6.0,0.26831,0.2686,0.26836,0.26877,0.26934,0.26954,0.26973,0.26904
2005-11-16,92.23333333333333,87.66666666666667,94.66666666666667,91.3,86.63333333333333,81.63333333333334,76.8,76.46666666666667,76.96666666666665,78.26666666666667,78.76666666666667,80.10000000000001,78.0,76.46666666666665,75.43333333333334,76.43333333333334,76.03333333333333,77.0,74.7,73.16666666666667,72.26666666666667,71.03333333333333,71.56666666666666,72.23333333333333,72.8,73.73333333333333,74.2,74.76666666666667,75.89999999999999,2005,11,16,11/16/2005,0.26882,6.0,0.26845,0.26831,0.2686,0.26836,0.26877,0.26934,0.26954,0.26882
2005-11-17,98.0,85.23333333333333,92.23333333333333,94.66666666666667,91.3,86.63333333333333,81.63333333333334,76.8,76.46666666666667,76.96666666666665,78.26666666666667,78.76666666666667,80.10000000000001,78.0,76.46666666666665,75.43333333333334,76.43333333333334,76.03333333333333,77.0,74.7,73.16666666666667,72.26666666666667,71.03333333333333,71.56666666666666,72.23333333333333,72.8,73.73333333333333,74.2,74.76666666666667,2005,11,17,11/17/2005,0.26889,6.0,0.26882,0.26845,0.26831,0.2686,0.26836,0.26877,0.26934,0.26883
2005-11-18,98.36666666666667,78.46666666666667,98.0,92.23333333333333,94.66666666666667,91.3,86.63333333333333,81.63333333333334,76.8,76.46666666666667,76.96666666666665,78.26666666666667,78.76666666666667,80.10000000000001,78.0,76.46666666666665,75.43333333333334,76.43333333333334,76.03333333333333,77.0,74.7,73.16666666666667,72.26666666666667,71.03333333333333,71.56666666666666,72.23333333333333,72.8,73.73333333333333,74.2,2005,11,18,11/18/2005,-999.0,0.0,0.26889,0.26882,0.26845,0.26831,0.2686,0.26836,0.26877,0.26872
2005-11-19,99.76666666666667,78.86666666666666,98.36666666666667,98.0,92.23333333333333,94.66666666666667,91.3,86.63333333333333,81.63333333333334,76.8,76.46666666666667,76.96666666666665,78.26666666666667,78.76666666666667,80.10000000000001,78.0,76.46666666666665,75.43333333333334,76.43333333333334,76.03333333333333,77.0,74.7,73.16666666666667,72.26666666666667,71.03333333333333,71.56666666666666,72.23333333333333,72.8,73.73333333333333,2005,11,19,11/19/2005,0.26923,6.0,-999.0,0.26889,0.26882,0.26845,0.26831,0.2686,0.26836,0.26861
2005-11-20,94.83333333333333,78.96666666666665,99.76666666666667,98.36666666666667,98.0,92.23333333333333,94.66666666666667,91.3,86.63333333333333,81.63333333333334,76.8,76.46666666666667,76.96666666666665,78.26666666666667,78.76666666666667,80.10000000000001,78.0,76.46666666666665,75.43333333333334,76.43333333333334,76.03333333333333,77.0,74.7,73.16666666666667,72.26666666666667,71.03333333333333,71.56666666666666,72.23333333333333,72.8,2005,11,20,11/20/2005,0.2692,6.0,0.26923,-999.0,0.26889,0.26882,0.26845,0.26831,0.2686,0.26834
2005-11-21,92.76666666666667,79.63333333333334,94.83333333333333,99.76666666666667,98.36666666666667,98.0,92.23333333333333,94.66666666666667,91.3,86.63333333333333,81.63333333333334,76.8,76.46666666666667,76.96666666666665,78.26666666666667,78.76666666666667,80.10000000000001,78.0,76.46666666666665,75.43333333333334,76.43333333333334,76.03333333333333,77.0,74.7,73.16666666666667,72.26666666666667,71.03333333333333,71.56666666666666,72.23333333333333,2005,11,21,11/21/2005,0.26944,6.0,0.2692,0.26923,-999.0,0.26889,0.26882,0.26845,0.26831,0.26822
2005-11-22,90.73333333333333,83.93333333333334,92.76666666666667,94.83333333333333,99.76666666666667,98.36666666666667,98.0,92.23333333333333,94.66666666666667,91.3,86.63333333333333,81.63333333333334,76.8,76.46666666666667,76.96666666666665,78.26666666666667,78.76666666666667,80.10000000000001,78.0,76.46666666666665,75.43333333333334,76.43333333333334,76.03333333333333,77.0,74.7,73.16666666666667,72.26666666666667,71.03333333333333,71.56666666666666,2005,11,22,11/22/2005,0.2692,6.0,0.26944,0.2692,0.26923,-999.0,0.26889,0.26882,0.26845,0.26785
2005-11-23,87.66666666666667,90.8,90.73333333333333,92.76666666666667,94.83333333333333,99.76666666666667,98.36666666666667,98.0,92.23333333333333,94.66666666666667,91.3,86.63333333333333,81.63333333333334,76.8,76.46666666666667,76.96666666666665,78.26666666666667,78.76666666666667,80.10000000000001,78.0,76.46666666666665,75.43333333333334,76.43333333333334,76.03333333333333,77.0,74.7,73.16666666666667,72.26666666666667,71.03333333333333,2005,11,23,11/23/2005,0.26907,6.0,0.2692,0.26944,0.2692,0.26923,-999.0,0.26889,0.26882,0.26774
2005-11-24,85.23333333333333,95.66666666666667,87.66666666666667,90.73333333333333,92.76666666666667,94.83333333333333,99.76666666666667,98.36666666666667,98.0,92.23333333333333,94.66666666666667,91.3,86.63333333333333,81.63333333333334,76.8,76.46666666666667,76.96666666666665,78.26666666666667,78.76666666666667,80.10000000000001,78.0,76.46666666666665,75.43333333333334,76.43333333333334,76.03333333333333,77.0,74.7,73.16666666666667,72.26666666666667,2005,11,24,11/24/2005,0.26889,6.0,0.26907,0.2692,0.26944,0.2692,0.26923,-999.0,0.26889,0.26756
2005-11-25,78.46666666666667,109.7,85.23333333333333,87.66666666666667,90.73333333333333,92.76666666666667,94.83333333333333,99.76666666666667,98.36666666666667,98.0,92.23333333333333,94.66666666666667,91.3,86.63333333333333,81.63333333333334,76.8,76.46666666666667,76.96666666666665,78.26666666666667,78.76666666666667,80.10000000000001,78.0,76.46666666666665,75.43333333333334,76.43333333333334,76.03333333333333,77.0,74.7,73.16666666666667,2005,11,25,11/25/2005,0.26854,6.0,0.26889,0.26907,0.2692,0.26944,0.2692,0.26923,-999.0,0.26742
2005-11-26,78.86666666666666,98.3,78.46666666666667,85.23333333333333,87.66666666666667,90.73333333333333,92.76666666666667,94.83333333333333,99.76666666666667,98.36666666666667,98.0,92.23333333333333,94.66666666666667,91.3,86.63333333333333,81.63333333333334,76.8,76.46666666666667,76.96666666666665,78.26666666666667,78.76666666666667,80.10000000000001,78.0,76.46666666666665,75.43333333333334,76.43333333333334,76.03333333333333,77.0,74.7,2005,11,26,11/26/2005,0.26839,6.0,0.26854,0.26889,0.26907,0.2692,0.26944,0.2692,0.26923,0.26728
2005-11-27,78.96666666666665,92.3,78.86666666666666,78.46666666666667,85.23333333333333,87.66666666666667,90.73333333333333,92.76666666666667,94.83333333333333,99.76666666666667,98.36666666666667,98.0,92.23333333333333,94.66666666666667,91.3,86.63333333333333,81.63333333333334,76.8,76.46666666666667,76.96666666666665,78.26666666666667,78.76666666666667,80.10000000000001,78.0,76.46666666666665,75.43333333333334,76.43333333333334,76.03333333333333,77.0,2005,11,27,11/27/2005,0.26827,6.0,0.26839,0.26854,0.26889,0.26907,0.2692,0.26944,0.2692,0.26774
2005-11-28,79.63333333333334,88.83333333333333,78.96666666666665,78.86666666666666,78.46666666666667,85.23333333333333,87.66666666666667,90.73333333333333,92.76666666666667,94.83333333333333,99.76666666666667,98.36666666666667,98.0,92.23333333333333,94.66666666666667,91.3,86.63333333333333,81.63333333333334,76.8,76.46666666666667,76.96666666666665,78.26666666666667,78.76666666666667,80.10000000000001,78.0,76.46666666666665,75.43333333333334,76.43333333333334,76.03333333333333,2005,11,28,11/28/2005,-999.0,0.0,0.26827,0.26839,0.26854,0.26889,0.26907,0.2692,0.26944,0.26803
2005-11-29,83.93333333333334,86.39999999999999,79.63333333333334,78.96666666666665,78.86666666666666,78.46666666666667,85.23333333333333,87.66666666666667,90.73333333333333,92.76666666666667,94.83333333333333,99.76666666666667,98.36666666666667,98.0,92.23333333333333,94.66666666666667,91.3,86.63333333333333,81.63333333333334,76.8,76.46666666666667,76.96666666666665,78.26666666666667,78.76666666666667,80.10000000000001,78.0,76.46666666666665,75.43333333333334,76.43333333333334,2005,11,29,11/29/2005,0.26928,6.0,-999.0,0.26827,0.26839,0.26854,0.26889,0.26907,0.2692,0.26842
2005-11-30,90.8,84.53333333333333,83.93333333333334,79.63333333333334,78.96666666666665,78.86666666666666,78.46666666666667,85.23333333333333,87.66666666666667,90.73333333333333,92.76666666666667,94.83333333333333,99.76666666666667,98.36666666666667,98.0,92.23333333333333,94.66666666666667,91.3,86.63333333333333,81.63333333333334,76.8,76.46666666666667,76.96666666666665,78.26666666666667,78.76666666666667,80.10000000000001,78.0,76.46666666666665,75.43333333333334,2005,11,30,11/30/2005,0.26966,6.0,0.26928,-999.0,0.26827,0.26839,0.26854,0.26889,0.26907,0.26887
2005-12-01,95.66666666666667,86.60000000000001,90.8,83.93333333333334,79.63333333333334,78.96666666666665,78.86666666666666,78.46666666666667,85.23333333333333,87.66666666666667,90.73333333333333,92.76666666666667,94.83333333333333,99.76666666666667,98.36666666666667,98.0,92.23333333333333,94.66666666666667,91.3,86.63333333333333,81.63333333333334,76.8,76.46666666666667,76.96666666666665,78.26666666666667,78.76666666666667,80.10000000000001,78.0,76.46666666666665,2005,12,1,12/01/2005,0.27039,6.0,0.26966,0.26928,-999.0,0.26827,0.26839,0.26854,0.26889,0.26935
2005-12-02,109.7,86.33333333333333,95.66666666666667,90.8,83.93333333333334,79.63333333333334,78.96666666666665,78.86666666666666,78.46666666666667,85.23333333333333,87.66666666666667,90.73333333333333,92.76666666666667,94.83333333333333,99.76666666666667,98.36666666666667,98.0,92.23333333333333,94.66666666666667,91.3,86.63333333333333,81.63333333333334,76.8,76.46666666666667,76.96666666666665,78.26666666666667,78.76666666666667,80.10000000000001,78.0,2005,12,2,12/02/2005,-999.0,0.0,0.27039,0.26966,0.26928,-999.0,0.26827,0.26839,0.26854,0.26921
2005-12-03,98.3,88.16666666666667,109.7,95.66666666666667,90.8,83.93333333333334,79.63333333333334,78.96666666666665,78.86666666666666,78.46666666666667,85.23333333333333,87.66666666666667,90.73333333333333,92.76666666666667,94.83333333333333,99.76666666666667,98.36666666666667,98.0,92.23333333333333,94.66666666666667,91.3,86.63333333333333,81.63333333333334,76.8,76.46666666666667,76.96666666666665,78.26666666666667,78.76666666666667,80.10000000000001,2005,12,3,12/03/2005,0.27101,6.0,-999.0,0.27039,0.26966,0.26928,-999.0,0.26827,0.26839,0.26986
2005-12-04,92.3,89.26666666666667,98.3,109.7,95.66666666666667,90.8,83.93333333333334,79.63333333333334,78.96666666666665,78.86666666666666,78.46666666666667,85.23333333333333,87.66666666666667,90.73333333333333,92.76666666666667,94.83333333333333,99.76666666666667,98.36666666666667,98.0,92.23333333333333,94.66666666666667,91.3,86.63333333333333,81.63333333333334,76.8,76.46666666666667,76.96666666666665,78.26666666666667,78.76666666666667,2005,12,4,12/04/2005,0.27101,6.0,0.27101,-999.0,0.27039,0.26966,0.26928,-999.0,0.26827,0.26987
2005-12-05,88.83333333333333,85.0,92.3,98.3,109.7,95.66666666666667,90.8,83.93333333333334,79.63333333333334,78.96666666666665,78.86666666666666,78.46666666666667,85.23333333333333,87.66666666666667,90.73333333333333,92.76666666666667,94.83333333333333,99.76666666666667,98.36666666666667,98.0,92.23333333333333,94.66666666666667,91.3,86.63333333333333,81.63333333333334,76.8,76.46666666666667,76.96666666666665,78.26666666666667,2005,12,5,12/05/2005,0.27131,6.0,0.27101,0.27101,-999.0,0.27039,0.26966,0.26928,-999.0,0.26973
2005-12-06,86.39999999999999,86.16666666666667,88.83333333333333,92.3,98.3,109.7,95.66666666666667,90.8,83.93333333333334,79.63333333333334,78.96666666666665,78.86666666666666,78.46666666666667,85.23333333333333,87.66666666666667,90.73333333333333,92.76666666666667,94.83333333333333,99.76666666666667,98.36666666666667,98.0,92.23333333333333,94.66666666666667,91.3,86.63333333333333,81.63333333333334,76.8,76.46666666666667,76.96666666666665,2005,12,6,12/06/2005,0.2711,6.0,0.27131,0.27101,0.27101,-999.0,0.27039,0.26966,0.26928,0.26954
2005-12-07,84.53333333333333,85.93333333333334,86.39999999999999,88.83333333333333,92.3,98.3,109.7,95.66666666666667,90.8,83.93333333333334,79.63333333333334,78.96666666666665,78.86666666666666,78.46666666666667,85.23333333333333,87.66666666666667,90.73333333333333,92.76666666666667,94.83333333333333,99.76666666666667,98.36666666666667,98.0,92.23333333333333,94.66666666666667,91.3,86.63333333333333,81.63333333333334,76.8,76.46666666666667,2005,12,7,12/07/2005,0.27036,6.0,0.2711,0.27131,0.27101,0.27101,-999.0,0.27039,0.26966,0.26934
2005-12-08,86.60000000000001,83.86666666666666,84.53333333333333,86.39999999999999,88.83333333333333,92.3,98.3,109.7,95.66666666666667,90.8,83.93333333333334,79.63333333333334,78.96666666666665,78.86666666666666,78.46666666666667,85.23333333333333,87.66666666666667,90.73333333333333,92.76666666666667,94.83333333333333,99.76666666666667,98.36666666666667,98.0,92.23333333333333,94.66666666666667,91.3,86.63333333333333,81.63333333333334,76.8,2005,12,8,12/08/2005,0.26974,6.0,0.27036,0.2711,0.27131,0.27101,0.27101,-999.0,0.27039,0.26877
2005-12-09,86.33333333333333,83.03333333333333,86.60000000000001,84.53333333333333,86.39999999999999,88.83333333333333,92.3,98.3,109.7,95.66666666666667,90.8,83.93333333333334,79.63333333333334,78.96666666666665,78.86666666666666,78.46666666666667,85.23333333333333,87.66666666666667,90.73333333333333,92.76666666666667,94.83333333333333,99.76666666666667,98.36666666666667,98.0,92.23333333333333,94.66666666666667,91.3,86.63333333333333,81.63333333333334,2005,12,9,12/09/2005,0.26915,6.0,0.26974,0.27036,0.2711,0.27131,0.27101,0.27101,-999.0,0.26836
2005-12-10,88.16666666666667,82.06666666666666,86.33333333333333,86.60000000000001,84.53333333333333,86.39999999999999,88.83333333333333,92.3,98.3,109.7,95.66666666666667,90.8,83.93333333333334,79.63333333333334,78.96666666666665,78.86666666666666,78.46666666666667,85.23333333333333,87.66666666666667,90.73333333333333,92.76666666666667,94.83333333333333,99.76666666666667,98.36666666666667,98.0,92.23333333333333,94.66666666666667,91.3,86.63333333333333,2005,12,10,12/10/2005,0.26911,6.0,0.26915,0.26974,0.27036,0.2711,0.27131,0.27101,0.27101,0.2686
2005-12-11,89.26666666666667,82.83333333333333,88.16666666666667,86.33333333333333,86.60000000000001,84.53333333333333,86.39999999999999,88.83333333333333,92.3,98.3,109.7,95.66666666666667,90.8,83.93333333333334,79.63333333333334,78.96666666666665,78.86666666666666,78.46666666666667,85.23333333333333,87.66666666666667,90.73333333333333,92.76666666666667,94.83333333333333,99.76666666666667,98.36666666666667,98.0,92.23333333333333,94.66666666666667,91.3,2005,12,11,12/11/2005,0.26907,6.0,0.26911,0.26915,0.26974,0.27036,0.2711,0.27131,0.27101,0.26831
2005-12-12,85.0,86.10000000000001,89.26666666666667,88.16666666666667,86.33333333333333,86.60000000000001,84.53333333333333,86.39999999999999,88.83333333333333,92.3,98.3,109.7,95.66666666666667,90.8,83.93333333333334,79.63333333333334,78.96666666666665,78.86666666666666,78.46666666666667,85.23333333333333,87.66666666666667,90.73333333333333,92.76666666666667,94.83333333333333,99.76666666666667,98.36666666666667,98.0,92.23333333333333,94.66666666666667,2005,12,12,12/12/2005,0.26934,6.0,0.26907,0.26911,0.26915,0.26974,0.27036,0.2711,0.27131,0.26845
2005-12-13,86.16666666666667,85.10000000000001,85.0,89.26666666666667,88.16666666666667,86.33333333333333,86.60000000000001,84.53333333333333,86.39999999999999,88.83333333333333,92.3,98.3,109.7,95.66666666666667,90.8,83.93333333333334,79.63333333333334,78.96666666666665,78.86666666666666,78.46666666666667,85.23333333333333,87.66666666666667,90.73333333333333,92.76666666666667,94.83333333333333,99.76666666666667,98.36666666666667,98.0,92.23333333333333,2005,12,13,12/13/2005,0.26953,6.0,0.26934,0.26907,0.26911,0.26915,0.26974,0.27036,0.2711,0.26882
2005-12-14,85.93333333333334,83.83333333333333,86.16666666666667,85.0,89.26666666666667,88.16666666666667,86.33333333333333,86.60000000000001,84.53333333333333,86.39999999999999,88.83333333333333,92.3,98.3,109.7,95.66666666666667,90.8,83.93333333333334,79.63333333333334,78.96666666666665,78.86666666666666,78.46666666666667,85.23333333333333,87.66666666666667,90.73333333333333,92.76666666666667,94.83333333333333,99.76666666666667,98.36666666666667,98.0,2005,12,14,12/14/2005,0.26974,6.0,0.26953,0.26934,0.26907,0.26911,0.26915,0.26974,0.27036,0.26889
2005-12-15,83.86666666666666,87.5,85.93333333333334,86.16666666666667,85.0,89.26666666666667,88.16666666666667,86.33333333333333,86.60000000000001,84.53333333333333,86.39999999999999,88.83333333333333,92.3,98.3,109.7,95.66666666666667,90.8,83.93333333333334,79.63333333333334,78.96666666666665,78.86666666666666,78.46666666666667,85.23333333333333,87.66666666666667,90.73333333333333,92.76666666666667,94.83333333333333,99.76666666666667,98.36666666666667,2005,12,15,12/15/2005,0.26956,6.0,0.26974,0.26953,0.26934,0.26907,0.26911,0.26915,0.26974,-999.0
2005-12-16,83.03333333333333,90.16666666666667,83.86666666666666,85.93333333333334,86.16666666666667,85.0,89.26666666666667,88.16666666666667,86.33333333333333,86.60000000000001,84.53333333333333,86.39999999999999,88.83333333333333,92.3,98.3,109.7,95.66666666666667,90.8,83.93333333333334,79.63333333333334,78.96666666666665,78.86666666666666,78.46666666666667,85.23333333333333,87.66666666666667,90.73333333333333,92.76666666666667,94.83333333333333,99.76666666666667,2005,12,16,12/16/2005,0.26945,6.0,0.26956,0.26974,0.26953,0.26934,0.26907,0.26911,0.26915,0.26923
2005-12-17,82.06666666666666,89.39999999999999,83.03333333333333,83.86666666666666,85.93333333333334,86.16666666666667,85.0,89.26666666666667,88.16666666666667,86.33333333333333,86.60000000000001,84.53333333333333,86.39999999999999,88.83333333333333,92.3,98.3,109.7,95.66666666666667,90.8,83.93333333333334,79.63333333333334,78.96666666666665,78.86666666666666,78.46666666666667,85.23333333333333,87.66666666666667,90.73333333333333,92.76666666666667,94.83333333333333,2005,12,17,12/17/2005,0.26919,6.0,0.26945,0.26956,0.26974,0.26953,0.26934,0.26907,0.26911,0.2692
2005-12-18,82.83333333333333,88.93333333333334,82.06666666666666,83.03333333333333,83.86666666666666,85.93333333333334,86.16666666666667,85.0,89.26666666666667,88.16666666666667,86.33333333333333,86.60000000000001,84.53333333333333,86.39999999999999,88.83333333333333,92.3,98.3,109.7,95.66666666666667,90.8,83.93333333333334,79.63333333333334,78.96666666666665,78.86666666666666,78.46666666666667,85.23333333333333,87.66666666666667,90.73333333333333,92.76666666666667,2005,12,18,12/18/2005,0.26902,6.0,0.26919,0.26945,0.26956,0.26974,0.26953,0.26934,0.26907,0.26944
2005-12-19,86.10000000000001,89.23333333333333,82.83333333333333,82.06666666666666,83.03333333333333,83.86666666666666,85.93333333333334,86.16666666666667,85.0,89.26666666666667,88.16666666666667,86.33333333333333,86.60000000000001,84.53333333333333,86.39999999999999,88.83333333333333,92.3,98.3,109.7,95.66666666666667,90.8,83.93333333333334,79.63333333333334,78.96666666666665,78.86666666666666,78.46666666666667,85.23333333333333,87.66666666666667,90.73333333333333,2005,12,19,12/19/2005,0.26921,6.0,0.26902,0.26919,0.26945,0.26956,0.26974,0.26953,0.26934,0.2692
2005-12-20,85.10000000000001,87.86666666666667,86.10000000000001,82.83333333333333,82.06666666666666,83.03333333333333,83.86666666666666,85.93333333333334,86.16666666666667,85.0,89.26666666666667,88.16666666666667,86.33333333333333,86.60000000000001,84.53333333333333,86.39999999999999,88.83333333333333,92.3,98.3,109.7,95.66666666666667,90.8,83.93333333333334,79.63333333333334,78.96666666666665,78.86666666666666,78.46666666666667,85.23333333333333,87.66666666666667,2005,12,20,12/20/2005,0.26921,6.0,0.26921,0.26902,0.26919,0.26945,0.26956,0.26974,0.26953,0.26907
2005-12-21,83.83333333333333,85.33333333333333,85.10000000000001,86.10000000000001,82.83333333333333,82.06666666666666,83.03333333333333,83.86666666666666,85.93333333333334,86.16666666666667,85.0,89.26666666666667,88.16666666666667,86.33333333333333,86.60000000000001,84.53333333333333,86.39999999999999,88.83333333333333,92.3,98.3,109.7,95.66666666666667,90.8,83.93333333333334,79.63333333333334,78.96666666666665,78.86666666666666,78.46666666666667,85.23333333333333,2005,12,21,12/21/2005,0.26867,6.0,0.26921,0.26921,0.26902,0.26919,0.26945,0.26956,0.26974,0.26889
2005-12-22,87.5,88.8,83.83333333333333,85.10000000000001,86.10000000000001,82.83333333333333,82.06666666666666,83.03333333333333,83.86666666666666,85.93333333333334,86.16666666666667,85.0,89.26666666666667,88.16666666666667,86.33333333333333,86.60000000000001,84.53333333333333,86.39999999999999,88.83333333333333,92.3,98.3,109.7,95.66666666666667,90.8,83.93333333333334,79.63333333333334,78.96666666666665,78.86666666666666,78.46666666666667,2005,12,22,12/22/2005,0.26852,6.0,0.26867,0.26921,0.26921,0.26902,0.26919,0.26945,0.26956,0.26854
2005-12-23,90.16666666666667,86.83333333333333,87.5,83.83333333333333,85.10000000000001,86.10000000000001,82.83333333333333,82.06666666666666,83.03333333333333,83.86666666666666,85.93333333333334,86.16666666666667,85.0,89.26666666666667,88.16666666666667,86.33333333333333,86.60000000000001,84.53333333333333,86.39999999999999,88.83333333333333,92.3,98.3,109.7,95.66666666666667,90.8,83.93333333333334,79.63333333333334,78.96666666666665,78.86666666666666,2005,12,23,12/23/2005,0.26865,6.0,0.26852,0.26867,0.26921,0.26921,0.26902,0.26919,0.26945,0.26839
2005-12-24,89.39999999999999,84.23333333333333,90.16666666666667,87.5,83.83333333333333,85.10000000000001,86.10000000000001,82.83333333333333,82.06666666666666,83.03333333333333,83.86666666666666,85.93333333333334,86.16666666666667,85.0,89.26666666666667,88.16666666666667,86.33333333333333,86.60000000000001,84.53333333333333,86.39999999999999,88.83333333333333,92.3,98.3,109.7,95.66666666666667,90.8,83.93333333333334,79.63333333333334,78.96666666666665,2005,12,24,12/24/2005,0.26856,6.0,0.26865,0.26852,0.26867,0.26921,0.26921,0.26902,0.26919,0.26827
2005-12-25,88.93333333333334,84.36666666666667,89.39999999999999,90.16666666666667,87.5,83.83333333333333,85.10000000000001,86.10000000000001,82.83333333333333,82.06666666666666,83.03333333333333,83.86666666666666,85.93333333333334,86.16666666666667,85.0,89.26666666666667,88.16666666666667,86.33333333333333,86.60000000000001,84.53333333333333,86.39999999999999,88.83333333333333,92.3,98.3,109.7,95.66666666666667,90.8,83.93333333333334,79.63333333333334,2005,12,25,12/25/2005,0.26931,6.0,0.26856,0.26865,0.26852,0.26867,0.26921,0.26921,0.26902,-999.0
2005-12-26,89.23333333333333,81.56666666666666,88.93333333333334,89.39999999999999,90.16666666666667,87.5,83.83333333333333,85.10000000000001,86.10000000000001,82.83333333333333,82.06666666666666,83.03333333333333,83.86666666666666,85.93333333333334,86.16666666666667,85.0,89.26666666666667,88.16666666666667,86.33333333333333,86.60000000000001,84.53333333333333,86.39999999999999,88.83333333333333,92.3,98.3,109.7,95.66666666666667,90.8,83.93333333333334,2005,12,26,12/26/2005,0.27002,6.0,0.26931,0.26856,0.26865,0.26852,0.26867,0.26921,0.26921,0.26928
2005-12-27,87.86666666666667,81.63333333333333,89.23333333333333,88.93333333333334,89.39999999999999,90.16666666666667,87.5,83.83333333333333,85.10000000000001,86.10000000000001,82.83333333333333,82.06666666666666,83.03333333333333,83.86666666666666,85.93333333333334,86.16666666666667,85.0,89.26666666666667,88.16666666666667,86.33333333333333,86.60000000000001,84.53333333333333,86.39999999999999,88.83333333333333,92.3,98.3,109.7,95.66666666666667,90.8,2005,12,27,12/27/2005,0.27101,6.0,0.27002,0.26931,0.26856,0.26865,0.26852,0.26867,0.26921,0.26966
2005-12-28,85.33333333333333,81.13333333333334,87.86666666666667,89.23333333333333,88.93333333333334,89.39999999999999,90.16666666666667,87.5,83.83333333333333,85.10000000000001,86.10000000000001,82.83333333333333,82.06666666666666,83.03333333333333,83.86666666666666,85.93333333333334,86.16666666666667,85.0,89.26666666666667,88.16666666666667,86.33333333333333,86.60000000000001,84.53333333333333,86.39999999999999,88.83333333333333,92.3,98.3,109.7,95.66666666666667,2005,12,28,12/28/2005,0.27174,6.0,0.27101,0.27002,0.26931,0.26856,0.26865,0.26852,0.26867,0.27039
2005-12-29,88.8,80.16666666666667,85.33333333333333,87.86666666666667,89.23333333333333,88.93333333333334,89.39999999999999,90.16666666666667,87.5,83.83333333333333,85.10000000000001,86.10000000000001,82.83333333333333,82.06666666666666,83.03333333333333,83.86666666666666,85.93333333333334,86.16666666666667,85.0,89.26666666666667,88.16666666666667,86.33333333333333,86.60000000000001,84.53333333333333,86.39999999999999,88.83333333333333,92.3,98.3,109.7,2005,12,29,12/29/2005,0.2718,6.0,0.27174,0.27101,0.27002,0.26931,0.26856,0.26865,0.26852,-999.0
2005-12-30,86.83333333333333,79.03333333333333,88.8,85.33333333333333,87.86666666666667,89.23333333333333,88.93333333333334,89.39999999999999,90.16666666666667,87.5,83.83333333333333,85.10000000000001,86.10000000000001,82.83333333333333,82.06666666666666,83.03333333333333,83.86666666666666,85.93333333333334,86.16666666666667,85.0,89.26666666666667,88.16666666666667,86.33333333333333,86.60000000000001,84.53333333333333,86.39999999999999,88.83333333333333,92.3,98.3,2005,12,30,12/30/2005,0.27192,6.0,0.2718,0.27174,0.27101,0.27002,0.26931,0.26856,0.26865,0.27101
2005-12-31,84.23333333333333,76.23333333333333,86.83333333333333,88.8,85.33333333333333,87.86666666666667,89.23333333333333,88.93333333333334,89.39999999999999,90.16666666666667,87.5,83.83333333333333,85.10000000000001,86.10000000000001,82.83333333333333,82.06666666666666,83.03333333333333,83.86666666666666,85.93333333333334,86.16666666666667,85.0,89.26666666666667,88.16666666666667,86.33333333333333,86.60000000000001,84.53333333333333,86.39999999999999,88.83333333333333,92.3,2005,12,31,12/31/2005,0.27173,6.0,0.27192,0.2718,0.27174,0.27101,0.27002,0.26931,0.26856,0.27101
2006-01-01,84.36666666666667,75.7,84.23333333333333,86.83333333333333,88.8,85.33333333333333,87.86666666666667,89.23333333333333,88.93333333333334,89.39999999999999,90.16666666666667,87.5,83.83333333333333,85.10000000000001,86.10000000000001,82.83333333333333,82.06666666666666,83.03333333333333,83.86666666666666,85.93333333333334,86.16666666666667,85.0,89.26666666666667,88.16666666666667,86.33333333333333,86.60000000000001,84.53333333333333,86.39999999999999,88.83333333333333,2006,1,1,1/01/2006,0.27125,6.0,0.27173,0.27192,0.2718,0.27174,0.27101,0.27002,0.26931,0.27131
2006-01-02,81.56666666666666,74.8,84.36666666666667,84.23333333333333,86.83333333333333,88.8,85.33333333333333,87.86666666666667,89.23333333333333,88.93333333333334,89.39999999999999,90.16666666666667,87.5,83.83333333333333,85.10000000000001,86.10000000000001,82.83333333333333,82.06666666666666,83.03333333333333,83.86666666666666,85.93333333333334,86.16666666666667,85.0,89.26666666666667,88.16666666666667,86.33333333333333,86.60000000000001,84.53333333333333,86.39999999999999,2006,1,2,1/02/2006,0.27099,6.0,0.27125,0.27173,0.27192,0.2718,0.27174,0.27101,0.27002,0.2711
2006-01-03,81.63333333333333,74.7,81.56666666666666,84.36666666666667,84.23333333333333,86.83333333333333,88.8,85.33333333333333,87.86666666666667,89.23333333333333,88.93333333333334,89.39999999999999,90.16666666666667,87.5,83.83333333333333,85.10000000000001,86.10000000000001,82.83333333333333,82.06666666666666,83.03333333333333,83.86666666666666,85.93333333333334,86.16666666666667,85.0,89.26666666666667,88.16666666666667,86.33333333333333,86.60000000000001,84.53333333333333,2006,1,3,1/03/2006,0.27061,6.0,0.27099,0.27125,0.27173,0.27192,0.2718,0.27174,0.27101,0.27036
2006-01-04,81.13333333333334,74.46666666666667,81.63333333333333,81.56666666666666,84.36666666666667,84.23333333333333,86.83333333333333,88.8,85.33333333333333,87.86666666666667,89.23333333333333,88.93333333333334,89.39999999999999,90.16666666666667,87.5,83.83333333333333,85.10000000000001,86.10000000000001,82.83333333333333,82.06666666666666,83.03333333333333,83.86666666666666,85.93333333333334,86.16666666666667,85.0,89.26666666666667,88.16666666666667,86.33333333333333,86.60000000000001,2006,1,4,1/04/2006,0.27023,6.0,0.27061,0.27099,0.27125,0.27173,0.27192,0.2718,0.27174,0.26974
2006-01-05,80.16666666666667,73.63333333333334,81.13333333333334,81.63333333333333,81.56666666666666,84.36666666666667,84.23333333333333,86.83333333333333,88.8,85.33333333333333,87.86666666666667,89.23333333333333,88.93333333333334,89.39999999999999,90.16666666666667,87.5,83.83333333333333,85.10000000000001,86.10000000000001,82.83333333333333,82.06666666666666,83.03333333333333,83.86666666666666,85.93333333333334,86.16666666666667,85.0,89.26666666666667,88.16666666666667,86.33333333333333,2006,1,5,1/05/2006,0.26951,6.0,0.27023,0.27061,0.27099,0.27125,0.27173,0.27192,0.2718,0.26915
2006-01-06,79.03333333333333,73.86666666666667,80.16666666666667,81.13333333333334,81.63333333333333,81.56666666666666,84.36666666666667,84.23333333333333,86.83333333333333,88.8,85.33333333333333,87.86666666666667,89.23333333333333,88.93333333333334,89.39999999999999,90.16666666666667,87.5,83.83333333333333,85.10000000000001,86.10000000000001,82.83333333333333,82.06666666666666,83.03333333333333,83.86666666666666,85.93333333333334,86.16666666666667,85.0,89.26666666666667,88.16666666666667,2006,1,6,1/06/2006,0.26865,6.0,0.26951,0.27023,0.27061,0.27099,0.27125,0.27173,0.27192,0.26911
2006-01-07,76.23333333333333,74.83333333333333,79.03333333333333,80.16666666666667,81.13333333333334,81.63333333333333,81.56666666666666,84.36666666666667,84.23333333333333,86.83333333333333,88.8,85.33333333333333,87.86666666666667,89.23333333333333,88.93333333333334,89.39999999999999,90.16666666666667,87.5,83.83333333333333,85.10000000000001,86.10000000000001,82.83333333333333,82.06666666666666,83.03333333333333,83.86666666666666,85.93333333333334,86.16666666666667,85.0,89.26666666666667,2006,1,7,1/07/2006,0.2683,6.0,0.26865,0.26951,0.27023,0.27061,0.27099,0.27125,0.27173,0.26907
2006-01-08,75.7,78.43333333333334,76.23333333333333,79.03333333333333,80.16666666666667,81.13333333333334,81.63333333333333,81.56666666666666,84.36666666666667,84.23333333333333,86.83333333333333,88.8,85.33333333333333,87.86666666666667,89.23333333333333,88.93333333333334,89.39999999999999,90.16666666666667,87.5,83.83333333333333,85.10000000000001,86.10000000000001,82.83333333333333,82.06666666666666,83.03333333333333,83.86666666666666,85.93333333333334,86.16666666666667,85.0,2006,1,8,1/08/2006,0.26789,6.0,0.2683,0.26865,0.26951,0.27023,0.27061,0.27099,0.27125,0.26934
2006-01-09,74.8,80.8,75.7,76.23333333333333,79.03333333333333,80.16666666666667,81.13333333333334,81.63333333333333,81.56666666666666,84.36666666666667,84.23333333333333,86.83333333333333,88.8,85.33333333333333,87.86666666666667,89.23333333333333,88.93333333333334,89.39999999999999,90.16666666666667,87.5,83.83333333333333,85.10000000000001,86.10000000000001,82.83333333333333,82.06666666666666,83.03333333333333,83.86666666666666,85.93333333333334,86.16666666666667,2006,1,9,1/09/2006,0.26815,6.0,0.26789,0.2683,0.26865,0.26951,0.27023,0.27061,0.27099,0.26953
2006-01-10,74.7,79.13333333333334,74.8,75.7,76.23333333333333,79.03333333333333,80.16666666666667,81.13333333333334,81.63333333333333,81.56666666666666,84.36666666666667,84.23333333333333,86.83333333333333,88.8,85.33333333333333,87.86666666666667,89.23333333333333,88.93333333333334,89.39999999999999,90.16666666666667,87.5,83.83333333333333,85.10000000000001,86.10000000000001,82.83333333333333,82.06666666666666,83.03333333333333,83.86666666666666,85.93333333333334,2006,1,10,1/10/2006,0.26814,6.0,0.26815,0.26789,0.2683,0.26865,0.26951,0.27023,0.27061,0.26974
2006-01-11,74.46666666666667,82.96666666666667,74.7,74.8,75.7,76.23333333333333,79.03333333333333,80.16666666666667,81.13333333333334,81.63333333333333,81.56666666666666,84.36666666666667,84.23333333333333,86.83333333333333,88.8,85.33333333333333,87.86666666666667,89.23333333333333,88.93333333333334,89.39999999999999,90.16666666666667,87.5,83.83333333333333,85.10000000000001,86.10000000000001,82.83333333333333,82.06666666666666,83.03333333333333,83.86666666666666,2006,1,11,1/11/2006,0.26826,6.0,0.26814,0.26815,0.26789,0.2683,0.26865,0.26951,0.27023,0.26956
2006-01-12,73.63333333333334,85.76666666666667,74.46666666666667,74.7,74.8,75.7,76.23333333333333,79.03333333333333,80.16666666666667,81.13333333333334,81.63333333333333,81.56666666666666,84.36666666666667,84.23333333333333,86.83333333333333,88.8,85.33333333333333,87.86666666666667,89.23333333333333,88.93333333333334,89.39999999999999,90.16666666666667,87.5,83.83333333333333,85.10000000000001,86.10000000000001,82.83333333333333,82.06666666666666,83.03333333333333,2006,1,12,1/12/2006,0.26838,6.0,0.26826,0.26814,0.26815,0.26789,0.2683,0.26865,0.26951,0.26945
2006-01-13,73.86666666666667,88.16666666666667,73.63333333333334,74.46666666666667,74.7,74.8,75.7,76.23333333333333,79.03333333333333,80.16666666666667,81.13333333333334,81.63333333333333,81.56666666666666,84.36666666666667,84.23333333333333,86.83333333333333,88.8,85.33333333333333,87.86666666666667,89.23333333333333,88.93333333333334,89.39999999999999,90.16666666666667,87.5,83.83333333333333,85.10000000000001,86.10000000000001,82.83333333333333,82.06666666666666,2006,1,13,1/13/2006,0.26822,6.0,0.26838,0.26826,0.26814,0.26815,0.26789,0.2683,0.26865,0.26919
2006-01-14,74.83333333333333,90.7,73.86666666666667,73.63333333333334,74.46666666666667,74.7,74.8,75.7,76.23333333333333,79.03333333333333,80.16666666666667,81.13333333333334,81.63333333333333,81.56666666666666,84.36666666666667,84.23333333333333,86.83333333333333,88.8,85.33333333333333,87.86666666666667,89.23333333333333,88.93333333333334,89.39999999999999,90.16666666666667,87.5,83.83333333333333,85.10000000000001,86.10000000000001,82.83333333333333,2006,1,14,1/14/2006,0.26829,6.0,0.26822,0.26838,0.26826,0.26814,0.26815,0.26789,0.2683,0.26902
2006-01-15,78.43333333333334,89.86666666666667,74.83333333333333,73.86666666666667,73.63333333333334,74.46666666666667,74.7,74.8,75.7,76.23333333333333,79.03333333333333,80.16666666666667,81.13333333333334,81.63333333333333,81.56666666666666,84.36666666666667,84.23333333333333,86.83333333333333,88.8,85.33333333333333,87.86666666666667,89.23333333333333,88.93333333333334,89.39999999999999,90.16666666666667,87.5,83.83333333333333,85.10000000000001,86.10000000000001,2006,1,15,1/15/2006,0.26812,6.0,0.26829,0.26822,0.26838,0.26826,0.26814,0.26815,0.26789,0.26921
2006-01-16,80.8,89.5,78.43333333333334,74.83333333333333,73.86666666666667,73.63333333333334,74.46666666666667,74.7,74.8,75.7,76.23333333333333,79.03333333333333,80.16666666666667,81.13333333333334,81.63333333333333,81.56666666666666,84.36666666666667,84.23333333333333,86.83333333333333,88.8,85.33333333333333,87.86666666666667,89.23333333333333,88.93333333333334,89.39999999999999,90.16666666666667,87.5,83.83333333333333,85.10000000000001,2006,1,16,1/16/2006,0.26842,6.0,0.26812,0.26829,0.26822,0.26838,0.26826,0.26814,0.26815,0.26921
2006-01-17,79.13333333333334,89.16666666666667,80.8,78.43333333333334,74.83333333333333,73.86666666666667,73.63333333333334,74.46666666666667,74.7,74.8,75.7,76.23333333333333,79.03333333333333,80.16666666666667,81.13333333333334,81.63333333333333,81.56666666666666,84.36666666666667,84.23333333333333,86.83333333333333,88.8,85.33333333333333,87.86666666666667,89.23333333333333,88.93333333333334,89.39999999999999,90.16666666666667,87.5,83.83333333333333,2006,1,17,1/17/2006,0.26873,6.0,0.26842,0.26812,0.26829,0.26822,0.26838,0.26826,0.26814,0.26867
2006-01-18,82.96666666666667,87.0,79.13333333333334,80.8,78.43333333333334,74.83333333333333,73.86666666666667,73.63333333333334,74.46666666666667,74.7,74.8,75.7,76.23333333333333,79.03333333333333,80.16666666666667,81.13333333333334,81.63333333333333,81.56666666666666,84.36666666666667,84.23333333333333,86.83333333333333,88.8,85.33333333333333,87.86666666666667,89.23333333333333,88.93333333333334,89.39999999999999,90.16666666666667,87.5,2006,1,18,1/18/2006,0.26859,6.0,0.26873,0.26842,0.26812,0.26829,0.26822,0.26838,0.26826,0.26852
2006-01-19,85.76666666666667,84.39999999999999,82.96666666666667,79.13333333333334,80.8,78.43333333333334,74.83333333333333,73.86666666666667,73.63333333333334,74.46666666666667,74.7,74.8,75.7,76.23333333333333,79.03333333333333,80.16666666666667,81.13333333333334,81.63333333333333,81.56666666666666,84.36666666666667,84.23333333333333,86.83333333333333,88.8,85.33333333333333,87.86666666666667,89.23333333333333,88.93333333333334,89.39999999999999,90.16666666666667,2006,1,19,1/19/2006,0.26886,6.0,0.26859,0.26873,0.26842,0.26812,0.26829,0.26822,0.26838,0.26865
2006-01-20,88.16666666666667,81.0,85.76666666666667,82.96666666666667,79.13333333333334,80.8,78.43333333333334,74.83333333333333,73.86666666666667,73.63333333333334,74.46666666666667,74.7,74.8,75.7,76.23333333333333,79.03333333333333,80.16666666666667,81.13333333333334,81.63333333333333,81.56666666666666,84.36666666666667,84.23333333333333,86.83333333333333,88.8,85.33333333333333,87.86666666666667,89.23333333333333,88.93333333333334,89.39999999999999,2006,1,20,1/20/2006,0.26863,6.0,0.26886,0.26859,0.26873,0.26842,0.26812,0.26829,0.26822,0.26856
2006-01-21,90.7,78.44999999999999,88.16666666666667,85.76666666666667,82.96666666666667,79.13333333333334,80.8,78.43333333333334,74.83333333333333,73.86666666666667,73.63333333333334,74.46666666666667,74.7,74.8,75.7,76.23333333333333,79.03333333333333,80.16666666666667,81.13333333333334,81.63333333333333,81.56666666666666,84.36666666666667,84.23333333333333,86.83333333333333,88.8,85.33333333333333,87.86666666666667,89.23333333333333,88.93333333333334,2006,1,21,1/21/2006,0.26935,6.0,0.26863,0.26886,0.26859,0.26873,0.26842,0.26812,0.26829,0.26931
2006-01-22,89.86666666666667,77.06666666666666,90.7,88.16666666666667,85.76666666666667,82.96666666666667,79.13333333333334,80.8,78.43333333333334,74.83333333333333,73.86666666666667,73.63333333333334,74.46666666666667,74.7,74.8,75.7,76.23333333333333,79.03333333333333,80.16666666666667,81.13333333333334,81.63333333333333,81.56666666666666,84.36666666666667,84.23333333333333,86.83333333333333,88.8,85.33333333333333,87.86666666666667,89.23333333333333,2006,1,22,1/22/2006,-999.0,0.0,0.26935,0.26863,0.26886,0.26859,0.26873,0.26842,0.26812,0.27002
2006-01-23,89.5,76.26666666666667,89.86666666666667,90.7,88.16666666666667,85.76666666666667,82.96666666666667,79.13333333333334,80.8,78.43333333333334,74.83333333333333,73.86666666666667,73.63333333333334,74.46666666666667,74.7,74.8,75.7,76.23333333333333,79.03333333333333,80.16666666666667,81.13333333333334,81.63333333333333,81.56666666666666,84.36666666666667,84.23333333333333,86.83333333333333,88.8,85.33333333333333,87.86666666666667,2006,1,23,1/23/2006,0.27001,6.0,-999.0,0.26935,0.26863,0.26886,0.26859,0.26873,0.26842,0.27101
2006-01-24,89.16666666666667,75.2,89.5,89.86666666666667,90.7,88.16666666666667,85.76666666666667,82.96666666666667,79.13333333333334,80.8,78.43333333333334,74.83333333333333,73.86666666666667,73.63333333333334,74.46666666666667,74.7,74.8,75.7,76.23333333333333,79.03333333333333,80.16666666666667,81.13333333333334,81.63333333333333,81.56666666666666,84.36666666666667,84.23333333333333,86.83333333333333,88.8,85.33333333333333,2006,1,24,1/24/2006,0.2704,6.0,0.27001,-999.0,0.26935,0.26863,0.26886,0.26859,0.26873,0.27174
2006-01-25,87.0,75.10000000000001,89.16666666666667,89.5,89.86666666666667,90.7,88.16666666666667,85.76666666666667,82.96666666666667,79.13333333333334,80.8,78.43333333333334,74.83333333333333,73.86666666666667,73.63333333333334,74.46666666666667,74.7,74.8,75.7,76.23333333333333,79.03333333333333,80.16666666666667,81.13333333333334,81.63333333333333,81.56666666666666,84.36666666666667,84.23333333333333,86.83333333333333,88.8,2006,1,25,1/25/2006,0.27044,6.0,0.2704,0.27001,-999.0,0.26935,0.26863,0.26886,0.26859,0.2718
2006-01-26,84.39999999999999,75.06666666666666,87.0,89.16666666666667,89.5,89.86666666666667,90.7,88.16666666666667,85.76666666666667,82.96666666666667,79.13333333333334,80.8,78.43333333333334,74.83333333333333,73.86666666666667,73.63333333333334,74.46666666666667,74.7,74.8,75.7,76.23333333333333,79.03333333333333,80.16666666666667,81.13333333333334,81.63333333333333,81.56666666666666,84.36666666666667,84.23333333333333,86.83333333333333,2006,1,26,1/26/2006,0.27052,6.0,0.27044,0.2704,0.27001,-999.0,0.26935,0.26863,0.26886,0.27192
2006-01-27,81.0,76.5,84.39999999999999,87.0,89.16666666666667,89.5,89.86666666666667,90.7,88.16666666666667,85.76666666666667,82.96666666666667,79.13333333333334,80.8,78.43333333333334,74.83333333333333,73.86666666666667,73.63333333333334,74.46666666666667,74.7,74.8,75.7,76.23333333333333,79.03333333333333,80.16666666666667,81.13333333333334,81.63333333333333,81.56666666666666,84.36666666666667,84.23333333333333,2006,1,27,1/27/2006,0.27031,6.0,0.27052,0.27044,0.2704,0.27001,-999.0,0.26935,0.26863,0.27173
2006-01-28,78.44999999999999,74.93333333333334,81.0,84.39999999999999,87.0,89.16666666666667,89.5,89.86666666666667,90.7,88.16666666666667,85.76666666666667,82.96666666666667,79.13333333333334,80.8,78.43333333333334,74.83333333333333,73.86666666666667,73.63333333333334,74.46666666666667,74.7,74.8,75.7,76.23333333333333,79.03333333333333,80.16666666666667,81.13333333333334,81.63333333333333,81.56666666666666,84.36666666666667,2006,1,28,1/28/2006,0.27004,6.0,0.27031,0.27052,0.27044,0.2704,0.27001,-999.0,0.26935,0.27125
2006-01-29,77.06666666666666,73.89999999999999,78.44999999999999,81.0,84.39999999999999,87.0,89.16666666666667,89.5,89.86666666666667,90.7,88.16666666666667,85.76666666666667,82.96666666666667,79.13333333333334,80.8,78.43333333333334,74.83333333333333,73.86666666666667,73.63333333333334,74.46666666666667,74.7,74.8,75.7,76.23333333333333,79.03333333333333,80.16666666666667,81.13333333333334,81.63333333333333,81.56666666666666,2006,1,29,1/29/2006,0.26955,6.0,0.27004,0.27031,0.27052,0.27044,0.2704,0.27001,-999.0,0.27099
2006-01-30,76.26666666666667,72.9,77.06666666666666,78.44999999999999,81.0,84.39999999999999,87.0,89.16666666666667,89.5,89.86666666666667,90.7,88.16666666666667,85.76666666666667,82.96666666666667,79.13333333333334,80.8,78.43333333333334,74.83333333333333,73.86666666666667,73.63333333333334,74.46666666666667,74.7,74.8,75.7,76.23333333333333,79.03333333333333,80.16666666666667,81.13333333333334,81.63333333333333,2006,1,30,1/30/2006,0.26896,6.0,0.26955,0.27004,0.27031,0.27052,0.27044,0.2704,0.27001,0.27061
2006-01-31,75.2,72.16666666666667,76.26666666666667,77.06666666666666,78.44999999999999,81.0,84.39999999999999,87.0,89.16666666666667,89.5,89.86666666666667,90.7,88.16666666666667,85.76666666666667,82.96666666666667,79.13333333333334,80.8,78.43333333333334,74.83333333333333,73.86666666666667,73.63333333333334,74.46666666666667,74.7,74.8,75.7,76.23333333333333,79.03333333333333,80.16666666666667,81.13333333333334,2006,1,31,1/31/2006,0.26859,6.0,0.26896,0.26955,0.27004,0.27031,0.27052,0.27044,0.2704,0.27023
2006-02-01,75.10000000000001,71.96666666666665,75.2,76.26666666666667,77.06666666666666,78.44999999999999,81.0,84.39999999999999,87.0,89.16666666666667,89.5,89.86666666666667,90.7,88.16666666666667,85.76666666666667,82.96666666666667,79.13333333333334,80.8,78.43333333333334,74.83333333333333,73.86666666666667,73.63333333333334,74.46666666666667,74.7,74.8,75.7,76.23333333333333,79.03333333333333,80.16666666666667,2006,2,1,2/01/2006,0.26831,6.0,0.26859,0.26896,0.26955,0.27004,0.27031,0.27052,0.27044,0.26951
2006-02-02,75.06666666666666,72.73333333333333,75.10000000000001,75.2,76.26666666666667,77.06666666666666,78.44999999999999,81.0,84.39999999999999,87.0,89.16666666666667,89.5,89.86666666666667,90.7,88.16666666666667,85.76666666666667,82.96666666666667,79.13333333333334,80.8,78.43333333333334,74.83333333333333,73.86666666666667,73.63333333333334,74.46666666666667,74.7,74.8,75.7,76.23333333333333,79.03333333333333,2006,2,2,2/02/2006,0.26799,6.0,0.26831,0.26859,0.26896,0.26955,0.27004,0.27031,0.27052,0.26865
2006-02-03,76.5,73.3,75.06666666666666,75.10000000000001,75.2,76.26666666666667,77.06666666666666,78.44999999999999,81.0,84.39999999999999,87.0,89.16666666666667,89.5,89.86666666666667,90.7,88.16666666666667,85.76666666666667,82.96666666666667,79.13333333333334,80.8,78.43333333333334,74.83333333333333,73.86666666666667,73.63333333333334,74.46666666666667,74.7,74.8,75.7,76.23333333333333,2006,2,3,2/03/2006,0.26761,6.0,0.26799,0.26831,0.26859,0.26896,0.26955,0.27004,0.27031,0.2683
2006-02-04,74.93333333333334,74.2,76.5,75.06666666666666,75.10000000000001,75.2,76.26666666666667,77.06666666666666,78.44999999999999,81.0,84.39999999999999,87.0,89.16666666666667,89.5,89.86666666666667,90.7,88.16666666666667,85.76666666666667,82.96666666666667,79.13333333333334,80.8,78.43333333333334,74.83333333333333,73.86666666666667,73.63333333333334,74.46666666666667,74.7,74.8,75.7,2006,2,4,2/04/2006,0.26747,6.0,0.26761,0.26799,0.26831,0.26859,0.26896,0.26955,0.27004,0.26789
2006-02-05,73.89999999999999,73.89999999999999,74.93333333333334,76.5,75.06666666666666,75.10000000000001,75.2,76.26666666666667,77.06666666666666,78.44999999999999,81.0,84.39999999999999,87.0,89.16666666666667,89.5,89.86666666666667,90.7,88.16666666666667,85.76666666666667,82.96666666666667,79.13333333333334,80.8,78.43333333333334,74.83333333333333,73.86666666666667,73.63333333333334,74.46666666666667,74.7,74.8,2006,2,5,2/05/2006,0.26772,6.0,0.26747,0.26761,0.26799,0.26831,0.26859,0.26896,0.26955,0.26815
2006-02-06,72.9,74.5,73.89999999999999,74.93333333333334,76.5,75.06666666666666,75.10000000000001,75.2,76.26666666666667,77.06666666666666,78.44999999999999,81.0,84.39999999999999,87.0,89.16666666666667,89.5,89.86666666666667,90.7,88.16666666666667,85.76666666666667,82.96666666666667,79.13333333333334,80.8,78.43333333333334,74.83333333333333,73.86666666666667,73.63333333333334,74.46666666666667,74.7,2006,2,6,2/06/2006,0.26788,6.0,0.26772,0.26747,0.26761,0.26799,0.26831,0.26859,0.26896,0.26814
2006-02-07,72.16666666666667,75.26666666666667,72.9,73.89999999999999,74.93333333333334,76.5,75.06666666666666,75.10000000000001,75.2,76.26666666666667,77.06666666666666,78.44999999999999,81.0,84.39999999999999,87.0,89.16666666666667,89.5,89.86666666666667,90.7,88.16666666666667,85.76666666666667,82.96666666666667,79.13333333333334,80.8,78.43333333333334,74.83333333333333,73.86666666666667,73.63333333333334,74.46666666666667,2006,2,7,2/07/2006,0.26785,6.0,0.26788,0.26772,0.26747,0.26761,0.26799,0.26831,0.26859,0.26826
2006-02-08,71.96666666666665,76.63333333333333,72.16666666666667,72.9,73.89999999999999,74.93333333333334,76.5,75.06666666666666,75.10000000000001,75.2,76.26666666666667,77.06666666666666,78.44999999999999,81.0,84.39999999999999,87.0,89.16666666666667,89.5,89.86666666666667,90.7,88.16666666666667,85.76666666666667,82.96666666666667,79.13333333333334,80.8,78.43333333333334,74.83333333333333,73.86666666666667,73.63333333333334,2006,2,8,2/08/2006,0.26782,6.0,0.26785,0.26788,0.26772,0.26747,0.26761,0.26799,0.26831,0.26838
2006-02-09,72.73333333333333,76.93333333333334,71.96666666666665,72.16666666666667,72.9,73.89999999999999,74.93333333333334,76.5,75.06666666666666,75.10000000000001,75.2,76.26666666666667,77.06666666666666,78.44999999999999,81.0,84.39999999999999,87.0,89.16666666666667,89.5,89.86666666666667,90.7,88.16666666666667,85.76666666666667,82.96666666666667,79.13333333333334,80.8,78.43333333333334,74.83333333333333,73.86666666666667,2006,2,9,2/09/2006,0.26782,6.0,0.26782,0.26785,0.26788,0.26772,0.26747,0.26761,0.26799,0.26822
2006-02-10,73.3,77.39999999999999,72.73333333333333,71.96666666666665,72.16666666666667,72.9,73.89999999999999,74.93333333333334,76.5,75.06666666666666,75.10000000000001,75.2,76.26666666666667,77.06666666666666,78.44999999999999,81.0,84.39999999999999,87.0,89.16666666666667,89.5,89.86666666666667,90.7,88.16666666666667,85.76666666666667,82.96666666666667,79.13333333333334,80.8,78.43333333333334,74.83333333333333,2006,2,10,2/10/2006,0.26783,6.0,0.26782,0.26782,0.26785,0.26788,0.26772,0.26747,0.26761,0.26829
2006-02-11,74.2,76.8,73.3,72.73333333333333,71.96666666666665,72.16666666666667,72.9,73.89999999999999,74.93333333333334,76.5,75.06666666666666,75.10000000000001,75.2,76.26666666666667,77.06666666666666,78.44999999999999,81.0,84.39999999999999,87.0,89.16666666666667,89.5,89.86666666666667,90.7,88.16666666666667,85.76666666666667,82.96666666666667,79.13333333333334,80.8,78.43333333333334,2006,2,11,2/11/2006,0.26813,6.0,0.26783,0.26782,0.26782,0.26785,0.26788,0.26772,0.26747,0.26812
2006-02-12,73.89999999999999,74.7,74.2,73.3,72.73333333333333,71.96666666666665,72.16666666666667,72.9,73.89999999999999,74.93333333333334,76.5,75.06666666666666,75.10000000000001,75.2,76.26666666666667,77.06666666666666,78.44999999999999,81.0,84.39999999999999,87.0,89.16666666666667,89.5,89.86666666666667,90.7,88.16666666666667,85.76666666666667,82.96666666666667,79.13333333333334,80.8,2006,2,12,2/12/2006,0.26807,6.0,0.26813,0.26783,0.26782,0.26782,0.26785,0.26788,0.26772,0.26842
2006-02-13,74.5,74.43333333333334,73.89999999999999,74.2,73.3,72.73333333333333,71.96666666666665,72.16666666666667,72.9,73.89999999999999,74.93333333333334,76.5,75.06666666666666,75.10000000000001,75.2,76.26666666666667,77.06666666666666,78.44999999999999,81.0,84.39999999999999,87.0,89.16666666666667,89.5,89.86666666666667,90.7,88.16666666666667,85.76666666666667,82.96666666666667,79.13333333333334,2006,2,13,2/13/2006,0.26768,6.0,0.26807,0.26813,0.26783,0.26782,0.26782,0.26785,0.26788,0.26873
2006-02-14,75.26666666666667,74.2,74.5,73.89999999999999,74.2,73.3,72.73333333333333,71.96666666666665,72.16666666666667,72.9,73.89999999999999,74.93333333333334,76.5,75.06666666666666,75.10000000000001,75.2,76.26666666666667,77.06666666666666,78.44999999999999,81.0,84.39999999999999,87.0,89.16666666666667,89.5,89.86666666666667,90.7,88.16666666666667,85.76666666666667,82.96666666666667,2006,2,14,2/14/2006,0.26787,6.0,0.26768,0.26807,0.26813,0.26783,0.26782,0.26782,0.26785,0.26859
2006-02-15,76.63333333333333,74.2,75.26666666666667,74.5,73.89999999999999,74.2,73.3,72.73333333333333,71.96666666666665,72.16666666666667,72.9,73.89999999999999,74.93333333333334,76.5,75.06666666666666,75.10000000000001,75.2,76.26666666666667,77.06666666666666,78.44999999999999,81.0,84.39999999999999,87.0,89.16666666666667,89.5,89.86666666666667,90.7,88.16666666666667,85.76666666666667,2006,2,15,2/15/2006,0.26806,6.0,0.26787,0.26768,0.26807,0.26813,0.26783,0.26782,0.26782,0.26886
2006-02-16,76.93333333333334,73.76666666666667,76.63333333333333,75.26666666666667,74.5,73.89999999999999,74.2,73.3,72.73333333333333,71.96666666666665,72.16666666666667,72.9,73.89999999999999,74.93333333333334,76.5,75.06666666666666,75.10000000000001,75.2,76.26666666666667,77.06666666666666,78.44999999999999,81.0,84.39999999999999,87.0,89.16666666666667,89.5,89.86666666666667,90.7,88.16666666666667,2006,2,16,2/16/2006,0.2681,6.0,0.26806,0.26787,0.26768,0.26807,0.26813,0.26783,0.26782,0.26863
2006-02-17,77.39999999999999,74.5,76.93333333333334,76.63333333333333,75.26666666666667,74.5,73.89999999999999,74.2,73.3,72.73333333333333,71.96666666666665,72.16666666666667,72.9,73.89999999999999,74.93333333333334,76.5,75.06666666666666,75.10000000000001,75.2,76.26666666666667,77.06666666666666,78.44999999999999,81.0,84.39999999999999,87.0,89.16666666666667,89.5,89.86666666666667,90.7,2006,2,17,2/17/2006,0.26862,6.0,0.2681,0.26806,0.26787,0.26768,0.26807,0.26813,0.26783,0.26935
2006-02-18,76.8,74.46666666666667,77.39999999999999,76.93333333333334,76.63333333333333,75.26666666666667,74.5,73.89999999999999,74.2,73.3,72.73333333333333,71.96666666666665,72.16666666666667,72.9,73.89999999999999,74.93333333333334,76.5,75.06666666666666,75.10000000000001,75.2,76.26666666666667,77.06666666666666,78.44999999999999,81.0,84.39999999999999,87.0,89.16666666666667,89.5,89.86666666666667,2006,2,18,2/18/2006,0.26926,6.0,0.26862,0.2681,0.26806,0.26787,0.26768,0.26807,0.26813,-999.0
2006-02-19,74.7,75.06666666666666,76.8,77.39999999999999,76.93333333333334,76.63333333333333,75.26666666666667,74.5,73.89999999999999,74.2,73.3,72.73333333333333,71.96666666666665,72.16666666666667,72.9,73.89999999999999,74.93333333333334,76.5,75.06666666666666,75.10000000000001,75.2,76.26666666666667,77.06666666666666,78.44999999999999,81.0,84.39999999999999,87.0,89.16666666666667,89.5,2006,2,19,2/19/2006,0.26925,6.0,0.26926,0.26862,0.2681,0.26806,0.26787,0.26768,0.26807,0.27001
2006-02-20,74.43333333333334,75.73333333333333,74.7,76.8,77.39999999999999,76.93333333333334,76.63333333333333,75.26666666666667,74.5,73.89999999999999,74.2,73.3,72.73333333333333,71.96666666666665,72.16666666666667,72.9,73.89999999999999,74.93333333333334,76.5,75.06666666666666,75.10000000000001,75.2,76.26666666666667,77.06666666666666,78.44999999999999,81.0,84.39999999999999,87.0,89.16666666666667,2006,2,20,2/20/2006,0.26934,6.0,0.26925,0.26926,0.26862,0.2681,0.26806,0.26787,0.26768,0.2704
2006-02-21,74.2,75.60000000000001,74.43333333333334,74.7,76.8,77.39999999999999,76.93333333333334,76.63333333333333,75.26666666666667,74.5,73.89999999999999,74.2,73.3,72.73333333333333,71.96666666666665,72.16666666666667,72.9,73.89999999999999,74.93333333333334,76.5,75.06666666666666,75.10000000000001,75.2,76.26666666666667,77.06666666666666,78.44999999999999,81.0,84.39999999999999,87.0,2006,2,21,2/21/2006,0.26929,6.0,0.26934,0.26925,0.26926,0.26862,0.2681,0.26806,0.26787,0.27044
2006-02-22,74.2,75.60000000000001,74.2,74.43333333333334,74.7,76.8,77.39999999999999,76.93333333333334,76.63333333333333,75.26666666666667,74.5,73.89999999999999,74.2,73.3,72.73333333333333,71.96666666666665,72.16666666666667,72.9,73.89999999999999,74.93333333333334,76.5,75.06666666666666,75.10000000000001,75.2,76.26666666666667,77.06666666666666,78.44999999999999,81.0,84.39999999999999,2006,2,22,2/22/2006,0.26894,6.0,0.26929,0.26934,0.26925,0.26926,0.26862,0.2681,0.26806,0.27052
2006-02-23,73.76666666666667,74.89999999999999,74.2,74.2,74.43333333333334,74.7,76.8,77.39999999999999,76.93333333333334,76.63333333333333,75.26666666666667,74.5,73.89999999999999,74.2,73.3,72.73333333333333,71.96666666666665,72.16666666666667,72.9,73.89999999999999,74.93333333333334,76.5,75.06666666666666,75.10000000000001,75.2,76.26666666666667,77.06666666666666,78.44999999999999,81.0,2006,2,23,2/23/2006,0.26895,6.0,0.26894,0.26929,0.26934,0.26925,0.26926,0.26862,0.2681,0.27031
2006-02-24,74.5,74.26666666666667,73.76666666666667,74.2,74.2,74.43333333333334,74.7,76.8,77.39999999999999,76.93333333333334,76.63333333333333,75.26666666666667,74.5,73.89999999999999,74.2,73.3,72.73333333333333,71.96666666666665,72.16666666666667,72.9,73.89999999999999,74.93333333333334,76.5,75.06666666666666,75.10000000000001,75.2,76.26666666666667,77.06666666666666,78.44999999999999,2006,2,24,2/24/2006,0.26886,6.0,0.26895,0.26894,0.26929,0.26934,0.26925,0.26926,0.26862,0.27004
2006-02-25,74.46666666666667,73.76666666666667,74.5,73.76666666666667,74.2,74.2,74.43333333333334,74.7,76.8,77.39999999999999,76.93333333333334,76.63333333333333,75.26666666666667,74.5,73.89999999999999,74.2,73.3,72.73333333333333,71.96666666666665,72.16666666666667,72.9,73.89999999999999,74.93333333333334,76.5,75.06666666666666,75.10000000000001,75.2,76.26666666666667,77.06666666666666,2006,2,25,2/25/2006,0.26862,6.0,0.26886,0.26895,0.26894,0.26929,0.26934,0.26925,0.26926,0.26955
2006-02-26,75.06666666666666,72.86666666666666,74.46666666666667,74.5,73.76666666666667,74.2,74.2,74.43333333333334,74.7,76.8,77.39999999999999,76.93333333333334,76.63333333333333,75.26666666666667,74.5,73.89999999999999,74.2,73.3,72.73333333333333,71.96666666666665,72.16666666666667,72.9,73.89999999999999,74.93333333333334,76.5,75.06666666666666,75.10000000000001,75.2,76.26666666666667,2006,2,26,2/26/2006,0.26835,6.0,0.26862,0.26886,0.26895,0.26894,0.26929,0.26934,0.26925,0.26896
2006-02-27,75.73333333333333,72.56666666666666,75.06666666666666,74.46666666666667,74.5,73.76666666666667,74.2,74.2,74.43333333333334,74.7,76.8,77.39999999999999,76.93333333333334,76.63333333333333,75.26666666666667,74.5,73.89999999999999,74.2,73.3,72.73333333333333,71.96666666666665,72.16666666666667,72.9,73.89999999999999,74.93333333333334,76.5,75.06666666666666,75.10000000000001,75.2,2006,2,27,2/27/2006,0.26836,6.0,0.26835,0.26862,0.26886,0.26895,0.26894,0.26929,0.26934,0.26859
2006-02-28,75.60000000000001,73.39999999999999,75.73333333333333,75.06666666666666,74.46666666666667,74.5,73.76666666666667,74.2,74.2,74.43333333333334,74.7,76.8,77.39999999999999,76.93333333333334,76.63333333333333,75.26666666666667,74.5,73.89999999999999,74.2,73.3,72.73333333333333,71.96666666666665,72.16666666666667,72.9,73.89999999999999,74.93333333333334,76.5,75.06666666666666,75.10000000000001,2006,2,28,2/28/2006,0.26843,6.0,0.26836,0.26835,0.26862,0.26886,0.26895,0.26894,0.26929,0.26831
2006-03-01,75.60000000000001,70.83333333333333,75.60000000000001,75.73333333333333,75.06666666666666,74.46666666666667,74.5,73.76666666666667,74.2,74.2,74.43333333333334,74.7,76.8,77.39999999999999,76.93333333333334,76.63333333333333,75.26666666666667,74.5,73.89999999999999,74.2,73.3,72.73333333333333,71.96666666666665,72.16666666666667,72.9,73.89999999999999,74.93333333333334,76.5,75.06666666666666,2006,3,1,3/01/2006,0.26828,6.0,0.26843,0.26836,0.26835,0.26862,0.26886,0.26895,0.26894,0.26799
2006-03-02,74.89999999999999,71.5,75.60000000000001,75.60000000000001,75.73333333333333,75.06666666666666,74.46666666666667,74.5,73.76666666666667,74.2,74.2,74.43333333333334,74.7,76.8,77.39999999999999,76.93333333333334,76.63333333333333,75.26666666666667,74.5,73.89999999999999,74.2,73.3,72.73333333333333,71.96666666666665,72.16666666666667,72.9,73.89999999999999,74.93333333333334,76.5,2006,3,2,3/02/2006,0.26789,6.0,0.26828,0.26843,0.26836,0.26835,0.26862,0.26886,0.26895,0.26761
2006-03-03,74.26666666666667,71.66666666666667,74.89999999999999,75.60000000000001,75.60000000000001,75.73333333333333,75.06666666666666,74.46666666666667,74.5,73.76666666666667,74.2,74.2,74.43333333333334,74.7,76.8,77.39999999999999,76.93333333333334,76.63333333333333,75.26666666666667,74.5,73.89999999999999,74.2,73.3,72.73333333333333,71.96666666666665,72.16666666666667,72.9,73.89999999999999,74.93333333333334,2006,3,3,3/03/2006,0.26788,6.0,0.26789,0.26828,0.26843,0.26836,0.26835,0.26862,0.26886,0.26747
2006-03-04,73.76666666666667,73.2,74.26666666666667,74.89999999999999,75.60000000000001,75.60000000000001,75.73333333333333,75.06666666666666,74.46666666666667,74.5,73.76666666666667,74.2,74.2,74.43333333333334,74.7,76.8,77.39999999999999,76.93333333333334,76.63333333333333,75.26666666666667,74.5,73.89999999999999,74.2,73.3,72.73333333333333,71.96666666666665,72.16666666666667,72.9,73.89999999999999,2006,3,4,3/04/2006,0.26789,6.0,0.26788,0.26789,0.26828,0.26843,0.26836,0.26835,0.26862,0.26772
2006-03-05,72.86666666666666,72.3,73.76666666666667,74.26666666666667,74.89999999999999,75.60000000000001,75.60000000000001,75.73333333333333,75.06666666666666,74.46666666666667,74.5,73.76666666666667,74.2,74.2,74.43333333333334,74.7,76.8,77.39999999999999,76.93333333333334,76.63333333333333,75.26666666666667,74.5,73.89999999999999,74.2,73.3,72.73333333333333,71.96666666666665,72.16666666666667,72.9,2006,3,5,3/05/2006,0.26797,6.0,0.26789,0.26788,0.26789,0.26828,0.26843,0.26836,0.26835,0.26788
2006-03-06,72.56666666666666,71.73333333333333,72.86666666666666,73.76666666666667,74.26666666666667,74.89999999999999,75.60000000000001,75.60000000000001,75.73333333333333,75.06666666666666,74.46666666666667,74.5,73.76666666666667,74.2,74.2,74.43333333333334,74.7,76.8,77.39999999999999,76.93333333333334,76.63333333333333,75.26666666666667,74.5,73.89999999999999,74.2,73.3,72.73333333333333,71.96666666666665,72.16666666666667,2006,3,6,3/06/2006,0.26838,6.0,0.26797,0.26789,0.26788,0.26789,0.26828,0.26843,0.26836,0.26785
2006-03-07,73.39999999999999,72.8,72.56666666666666,72.86666666666666,73.76666666666667,74.26666666666667,74.89999999999999,75.60000000000001,75.60000000000001,75.73333333333333,75.06666666666666,74.46666666666667,74.5,73.76666666666667,74.2,74.2,74.43333333333334,74.7,76.8,77.39999999999999,76.93333333333334,76.63333333333333,75.26666666666667,74.5,73.89999999999999,74.2,73.3,72.73333333333333,71.96666666666665,2006,3,7,3/07/2006,0.26783,6.0,0.26838,0.26797,0.26789,0.26788,0.26789,0.26828,0.26843,0.26782
2006-03-08,70.83333333333333,73.2,73.39999999999999,72.56666666666666,72.86666666666666,73.76666666666667,74.26666666666667,74.89999999999999,75.60000000000001,75.60000000000001,75.73333333333333,75.06666666666666,74.46666666666667,74.5,73.76666666666667,74.2,74.2,74.43333333333334,74.7,76.8,77.39999999999999,76.93333333333334,76.63333333333333,75.26666666666667,74.5,73.89999999999999,74.2,73.3,72.73333333333333,2006,3,8,3/08/2006,0.26778,6.0,0.26783,0.26838,0.26797,0.26789,0.26788,0.26789,0.26828,0.26782
2006-03-09,71.5,71.8,70.83333333333333,73.39999999999999,72.56666666666666,72.86666666666666,73.76666666666667,74.26666666666667,74.89999999999999,75.60000000000001,75.60000000000001,75.73333333333333,75.06666666666666,74.46666666666667,74.5,73.76666666666667,74.2,74.2,74.43333333333334,74.7,76.8,77.39999999999999,76.93333333333334,76.63333333333333,75.26666666666667,74.5,73.89999999999999,74.2,73.3,2006,3,9,3/09/2006,0.26757,6.0,0.26778,0.26783,0.26838,0.26797,0.26789,0.26788,0.26789,0.26783
2006-03-10,71.66666666666667,71.60000000000001,71.5,70.83333333333333,73.39999999999999,72.56666666666666,72.86666666666666,73.76666666666667,74.26666666666667,74.89999999999999,75.60000000000001,75.60000000000001,75.73333333333333,75.06666666666666,74.46666666666667,74.5,73.76666666666667,74.2,74.2,74.43333333333334,74.7,76.8,77.39999999999999,76.93333333333334,76.63333333333333,75.26666666666667,74.5,73.89999999999999,74.2,2006,3,10,3/10/2006,0.2674,6.0,0.26757,0.26778,0.26783,0.26838,0.26797,0.26789,0.26788,0.26813
2006-03-11,73.2,72.2,71.66666666666667,71.5,70.83333333333333,73.39999999999999,72.56666666666666,72.86666666666666,73.76666666666667,74.26666666666667,74.89999999999999,75.60000000000001,75.60000000000001,75.73333333333333,75.06666666666666,74.46666666666667,74.5,73.76666666666667,74.2,74.2,74.43333333333334,74.7,76.8,77.39999999999999,76.93333333333334,76.63333333333333,75.26666666666667,74.5,73.89999999999999,2006,3,11,3/11/2006,0.26734,6.0,0.2674,0.26757,0.26778,0.26783,0.26838,0.26797,0.26789,0.26807
2006-03-12,72.3,74.46666666666665,73.2,71.66666666666667,71.5,70.83333333333333,73.39999999999999,72.56666666666666,72.86666666666666,73.76666666666667,74.26666666666667,74.89999999999999,75.60000000000001,75.60000000000001,75.73333333333333,75.06666666666666,74.46666666666667,74.5,73.76666666666667,74.2,74.2,74.43333333333334,74.7,76.8,77.39999999999999,76.93333333333334,76.63333333333333,75.26666666666667,74.5,2006,3,12,3/12/2006,0.26745,6.0,0.26734,0.2674,0.26757,0.26778,0.26783,0.26838,0.26797,0.26768
2006-03-13,71.73333333333333,75.89999999999999,72.3,73.2,71.66666666666667,71.5,70.83333333333333,73.39999999999999,72.56666666666666,72.86666666666666,73.76666666666667,74.26666666666667,74.89999999999999,75.60000000000001,75.60000000000001,75.73333333333333,75.06666666666666,74.46666666666667,74.5,73.76666666666667,74.2,74.2,74.43333333333334,74.7,76.8,77.39999999999999,76.93333333333334,76.63333333333333,75.26666666666667,2006,3,13,3/13/2006,0.26762,6.0,0.26745,0.26734,0.2674,0.26757,0.26778,0.26783,0.26838,0.26787
2006-03-14,72.8,77.13333333333333,71.73333333333333,72.3,73.2,71.66666666666667,71.5,70.83333333333333,73.39999999999999,72.56666666666666,72.86666666666666,73.76666666666667,74.26666666666667,74.89999999999999,75.60000000000001,75.60000000000001,75.73333333333333,75.06666666666666,74.46666666666667,74.5,73.76666666666667,74.2,74.2,74.43333333333334,74.7,76.8,77.39999999999999,76.93333333333334,76.63333333333333,2006,3,14,3/14/2006,0.2676,6.0,0.26762,0.26745,0.26734,0.2674,0.26757,0.26778,0.26783,0.26806
2006-03-15,73.2,75.8,72.8,71.73333333333333,72.3,73.2,71.66666666666667,71.5,70.83333333333333,73.39999999999999,72.56666666666666,72.86666666666666,73.76666666666667,74.26666666666667,74.89999999999999,75.60000000000001,75.60000000000001,75.73333333333333,75.06666666666666,74.46666666666667,74.5,73.76666666666667,74.2,74.2,74.43333333333334,74.7,76.8,77.39999999999999,76.93333333333334,2006,3,15,3/15/2006,0.26759,6.0,0.2676,0.26762,0.26745,0.26734,0.2674,0.26757,0.26778,0.2681
2006-03-16,71.8,75.8,73.2,72.8,71.73333333333333,72.3,73.2,71.66666666666667,71.5,70.83333333333333,73.39999999999999,72.56666666666666,72.86666666666666,73.76666666666667,74.26666666666667,74.89999999999999,75.60000000000001,75.60000000000001,75.73333333333333,75.06666666666666,74.46666666666667,74.5,73.76666666666667,74.2,74.2,74.43333333333334,74.7,76.8,77.39999999999999,2006,3,16,3/16/2006,0.26767,6.0,0.26759,0.2676,0.26762,0.26745,0.26734,0.2674,0.26757,0.26862
2006-03-17,71.60000000000001,75.2,71.8,73.2,72.8,71.73333333333333,72.3,73.2,71.66666666666667,71.5,70.83333333333333,73.39999999999999,72.56666666666666,72.86666666666666,73.76666666666667,74.26666666666667,74.89999999999999,75.60000000000001,75.60000000000001,75.73333333333333,75.06666666666666,74.46666666666667,74.5,73.76666666666667,74.2,74.2,74.43333333333334,74.7,76.8,2006,3,17,3/17/2006,0.26782,6.0,0.26767,0.26759,0.2676,0.26762,0.26745,0.26734,0.2674,0.26926
2006-03-18,72.2,75.0,71.60000000000001,71.8,73.2,72.8,71.73333333333333,72.3,73.2,71.66666666666667,71.5,70.83333333333333,73.39999999999999,72.56666666666666,72.86666666666666,73.76666666666667,74.26666666666667,74.89999999999999,75.60000000000001,75.60000000000001,75.73333333333333,75.06666666666666,74.46666666666667,74.5,73.76666666666667,74.2,74.2,74.43333333333334,74.7,2006,3,18,3/18/2006,0.26815,6.0,0.26782,0.26767,0.26759,0.2676,0.26762,0.26745,0.26734,0.26925
2006-03-19,74.46666666666665,73.60000000000001,72.2,71.60000000000001,71.8,73.2,72.8,71.73333333333333,72.3,73.2,71.66666666666667,71.5,70.83333333333333,73.39999999999999,72.56666666666666,72.86666666666666,73.76666666666667,74.26666666666667,74.89999999999999,75.60000000000001,75.60000000000001,75.73333333333333,75.06666666666666,74.46666666666667,74.5,73.76666666666667,74.2,74.2,74.43333333333334,2006,3,19,3/19/2006,0.26843,6.0,0.26815,0.26782,0.26767,0.26759,0.2676,0.26762,0.26745,0.26934
2006-03-20,75.89999999999999,74.26666666666667,74.46666666666665,72.2,71.60000000000001,71.8,73.2,72.8,71.73333333333333,72.3,73.2,71.66666666666667,71.5,70.83333333333333,73.39999999999999,72.56666666666666,72.86666666666666,73.76666666666667,74.26666666666667,74.89999999999999,75.60000000000001,75.60000000000001,75.73333333333333,75.06666666666666,74.46666666666667,74.5,73.76666666666667,74.2,74.2,2006,3,20,3/20/2006,0.26857,6.0,0.26843,0.26815,0.26782,0.26767,0.26759,0.2676,0.26762,0.26929
2006-03-21,77.13333333333333,78.43333333333334,75.89999999999999,74.46666666666665,72.2,71.60000000000001,71.8,73.2,72.8,71.73333333333333,72.3,73.2,71.66666666666667,71.5,70.83333333333333,73.39999999999999,72.56666666666666,72.86666666666666,73.76666666666667,74.26666666666667,74.89999999999999,75.60000000000001,75.60000000000001,75.73333333333333,75.06666666666666,74.46666666666667,74.5,73.76666666666667,74.2,2006,3,21,3/21/2006,0.26867,6.0,0.26857,0.26843,0.26815,0.26782,0.26767,0.26759,0.2676,0.26894
2006-03-22,75.8,81.7,77.13333333333333,75.89999999999999,74.46666666666665,72.2,71.60000000000001,71.8,73.2,72.8,71.73333333333333,72.3,73.2,71.66666666666667,71.5,70.83333333333333,73.39999999999999,72.56666666666666,72.86666666666666,73.76666666666667,74.26666666666667,74.89999999999999,75.60000000000001,75.60000000000001,75.73333333333333,75.06666666666666,74.46666666666667,74.5,73.76666666666667,2006,3,22,3/22/2006,0.26871,6.0,0.26867,0.26857,0.26843,0.26815,0.26782,0.26767,0.26759,0.26895
2006-03-23,75.8,84.03333333333335,75.8,77.13333333333333,75.89999999999999,74.46666666666665,72.2,71.60000000000001,71.8,73.2,72.8,71.73333333333333,72.3,73.2,71.66666666666667,71.5,70.83333333333333,73.39999999999999,72.56666666666666,72.86666666666666,73.76666666666667,74.26666666666667,74.89999999999999,75.60000000000001,75.60000000000001,75.73333333333333,75.06666666666666,74.46666666666667,74.5,2006,3,23,3/23/2006,0.26866,6.0,0.26871,0.26867,0.26857,0.26843,0.26815,0.26782,0.26767,0.26886
2006-03-24,75.2,85.7,75.8,75.8,77.13333333333333,75.89999999999999,74.46666666666665,72.2,71.60000000000001,71.8,73.2,72.8,71.73333333333333,72.3,73.2,71.66666666666667,71.5,70.83333333333333,73.39999999999999,72.56666666666666,72.86666666666666,73.76666666666667,74.26666666666667,74.89999999999999,75.60000000000001,75.60000000000001,75.73333333333333,75.06666666666666,74.46666666666667,2006,3,24,3/24/2006,0.26849,6.0,0.26866,0.26871,0.26867,0.26857,0.26843,0.26815,0.26782,0.26862
2006-03-25,75.0,86.89999999999999,75.2,75.8,75.8,77.13333333333333,75.89999999999999,74.46666666666665,72.2,71.60000000000001,71.8,73.2,72.8,71.73333333333333,72.3,73.2,71.66666666666667,71.5,70.83333333333333,73.39999999999999,72.56666666666666,72.86666666666666,73.76666666666667,74.26666666666667,74.89999999999999,75.60000000000001,75.60000000000001,75.73333333333333,75.06666666666666,2006,3,25,3/25/2006,0.26813,6.0,0.26849,0.26866,0.26871,0.26867,0.26857,0.26843,0.26815,0.26835
2006-03-26,73.60000000000001,91.16666666666667,75.0,75.2,75.8,75.8,77.13333333333333,75.89999999999999,74.46666666666665,72.2,71.60000000000001,71.8,73.2,72.8,71.73333333333333,72.3,73.2,71.66666666666667,71.5,70.83333333333333,73.39999999999999,72.56666666666666,72.86666666666666,73.76666666666667,74.26666666666667,74.89999999999999,75.60000000000001,75.60000000000001,75.73333333333333,2006,3,26,3/26/2006,0.26752,6.0,0.26813,0.26849,0.26866,0.26871,0.26867,0.26857,0.26843,0.26836
2006-03-27,74.26666666666667,102.03333333333335,73.60000000000001,75.0,75.2,75.8,75.8,77.13333333333333,75.89999999999999,74.46666666666665,72.2,71.60000000000001,71.8,73.2,72.8,71.73333333333333,72.3,73.2,71.66666666666667,71.5,70.83333333333333,73.39999999999999,72.56666666666666,72.86666666666666,73.76666666666667,74.26666666666667,74.89999999999999,75.60000000000001,75.60000000000001,2006,3,27,3/27/2006,0.2675,6.0,0.26752,0.26813,0.26849,0.26866,0.26871,0.26867,0.26857,0.26843
2006-03-28,78.43333333333334,99.7,74.26666666666667,73.60000000000001,75.0,75.2,75.8,75.8,77.13333333333333,75.89999999999999,74.46666666666665,72.2,71.60000000000001,71.8,73.2,72.8,71.73333333333333,72.3,73.2,71.66666666666667,71.5,70.83333333333333,73.39999999999999,72.56666666666666,72.86666666666666,73.76666666666667,74.26666666666667,74.89999999999999,75.60000000000001,2006,3,28,3/28/2006,0.26749,6.0,0.2675,0.26752,0.26813,0.26849,0.26866,0.26871,0.26867,0.26828
2006-03-29,81.7,99.89999999999999,78.43333333333334,74.26666666666667,73.60000000000001,75.0,75.2,75.8,75.8,77.13333333333333,75.89999999999999,74.46666666666665,72.2,71.60000000000001,71.8,73.2,72.8,71.73333333333333,72.3,73.2,71.66666666666667,71.5,70.83333333333333,73.39999999999999,72.56666666666666,72.86666666666666,73.76666666666667,74.26666666666667,74.89999999999999,2006,3,29,3/29/2006,0.26758,6.0,0.26749,0.2675,0.26752,0.26813,0.26849,0.26866,0.26871,0.26789
2006-03-30,84.03333333333335,100.2,81.7,78.43333333333334,74.26666666666667,73.60000000000001,75.0,75.2,75.8,75.8,77.13333333333333,75.89999999999999,74.46666666666665,72.2,71.60000000000001,71.8,73.2,72.8,71.73333333333333,72.3,73.2,71.66666666666667,71.5,70.83333333333333,73.39999999999999,72.56666666666666,72.86666666666666,73.76666666666667,74.26666666666667,2006,3,30,3/30/2006,0.26804,6.0,0.26758,0.26749,0.2675,0.26752,0.26813,0.26849,0.26866,0.26788
2006-03-31,85.7,95.23333333333333,84.03333333333335,81.7,78.43333333333334,74.26666666666667,73.60000000000001,75.0,75.2,75.8,75.8,77.13333333333333,75.89999999999999,74.46666666666665,72.2,71.60000000000001,71.8,73.2,72.8,71.73333333333333,72.3,73.2,71.66666666666667,71.5,70.83333333333333,73.39999999999999,72.56666666666666,72.86666666666666,73.76666666666667,2006,3,31,3/31/2006,0.26866,6.0,0.26804,0.26758,0.26749,0.2675,0.26752,0.26813,0.26849,0.26789
2006-04-01,86.89999999999999,91.16666666666667,85.7,84.03333333333335,81.7,78.43333333333334,74.26666666666667,73.60000000000001,75.0,75.2,75.8,75.8,77.13333333333333,75.89999999999999,74.46666666666665,72.2,71.60000000000001,71.8,73.2,72.8,71.73333333333333,72.3,73.2,71.66666666666667,71.5,70.83333333333333,73.39999999999999,72.56666666666666,72.86666666666666,2006,4,1,4/01/2006,0.26945,6.0,0.26866,0.26804,0.26758,0.26749,0.2675,0.26752,0.26813,0.26797
2006-04-02,91.16666666666667,89.46666666666665,86.89999999999999,85.7,84.03333333333335,81.7,78.43333333333334,74.26666666666667,73.60000000000001,75.0,75.2,75.8,75.8,77.13333333333333,75.89999999999999,74.46666666666665,72.2,71.60000000000001,71.8,73.2,72.8,71.73333333333333,72.3,73.2,71.66666666666667,71.5,70.83333333333333,73.39999999999999,72.56666666666666,2006,4,2,4/02/2006,0.26963,6.0,0.26945,0.26866,0.26804,0.26758,0.26749,0.2675,0.26752,0.26838
2006-04-03,102.03333333333335,88.2,91.16666666666667,86.89999999999999,85.7,84.03333333333335,81.7,78.43333333333334,74.26666666666667,73.60000000000001,75.0,75.2,75.8,75.8,77.13333333333333,75.89999999999999,74.46666666666665,72.2,71.60000000000001,71.8,73.2,72.8,71.73333333333333,72.3,73.2,71.66666666666667,71.5,70.83333333333333,73.39999999999999,2006,4,3,4/03/2006,0.2696,6.0,0.26963,0.26945,0.26866,0.26804,0.26758,0.26749,0.2675,0.26783
2006-04-04,99.7,86.8,102.03333333333335,91.16666666666667,86.89999999999999,85.7,84.03333333333335,81.7,78.43333333333334,74.26666666666667,73.60000000000001,75.0,75.2,75.8,75.8,77.13333333333333,75.89999999999999,74.46666666666665,72.2,71.60000000000001,71.8,73.2,72.8,71.73333333333333,72.3,73.2,71.66666666666667,71.5,70.83333333333333,2006,4,4,4/04/2006,0.26981,6.0,0.2696,0.26963,0.26945,0.26866,0.26804,0.26758,0.26749,0.26778
2006-04-05,99.89999999999999,81.73333333333333,99.7,102.03333333333335,91.16666666666667,86.89999999999999,85.7,84.03333333333335,81.7,78.43333333333334,74.26666666666667,73.60000000000001,75.0,75.2,75.8,75.8,77.13333333333333,75.89999999999999,74.46666666666665,72.2,71.60000000000001,71.8,73.2,72.8,71.73333333333333,72.3,73.2,71.66666666666667,71.5,2006,4,5,4/05/2006,0.26987,6.0,0.26981,0.2696,0.26963,0.26945,0.26866,0.26804,0.26758,0.26757
2006-04-06,100.2,80.26666666666667,99.89999999999999,99.7,102.03333333333335,91.16666666666667,86.89999999999999,85.7,84.03333333333335,81.7,78.43333333333334,74.26666666666667,73.60000000000001,75.0,75.2,75.8,75.8,77.13333333333333,75.89999999999999,74.46666666666665,72.2,71.60000000000001,71.8,73.2,72.8,71.73333333333333,72.3,73.2,71.66666666666667,2006,4,6,4/06/2006,0.26962,6.0,0.26987,0.26981,0.2696,0.26963,0.26945,0.26866,0.26804,0.2674
2006-04-07,95.23333333333333,79.16666666666667,100.2,99.89999999999999,99.7,102.03333333333335,91.16666666666667,86.89999999999999,85.7,84.03333333333335,81.7,78.43333333333334,74.26666666666667,73.60000000000001,75.0,75.2,75.8,75.8,77.13333333333333,75.89999999999999,74.46666666666665,72.2,71.60000000000001,71.8,73.2,72.8,71.73333333333333,72.3,73.2,2006,4,7,4/07/2006,0.26946,6.0,0.26962,0.26987,0.26981,0.2696,0.26963,0.26945,0.26866,0.26734
2006-04-08,91.16666666666667,78.66666666666667,95.23333333333333,100.2,99.89999999999999,99.7,102.03333333333335,91.16666666666667,86.89999999999999,85.7,84.03333333333335,81.7,78.43333333333334,74.26666666666667,73.60000000000001,75.0,75.2,75.8,75.8,77.13333333333333,75.89999999999999,74.46666666666665,72.2,71.60000000000001,71.8,73.2,72.8,71.73333333333333,72.3,2006,4,8,4/08/2006,0.26927,6.0,0.26946,0.26962,0.26987,0.26981,0.2696,0.26963,0.26945,0.26745
2006-04-09,89.46666666666665,77.23333333333333,91.16666666666667,95.23333333333333,100.2,99.89999999999999,99.7,102.03333333333335,91.16666666666667,86.89999999999999,85.7,84.03333333333335,81.7,78.43333333333334,74.26666666666667,73.60000000000001,75.0,75.2,75.8,75.8,77.13333333333333,75.89999999999999,74.46666666666665,72.2,71.60000000000001,71.8,73.2,72.8,71.73333333333333,2006,4,9,4/09/2006,0.26934,6.0,0.26927,0.26946,0.26962,0.26987,0.26981,0.2696,0.26963,0.26762
2006-04-10,88.2,77.43333333333334,89.46666666666665,91.16666666666667,95.23333333333333,100.2,99.89999999999999,99.7,102.03333333333335,91.16666666666667,86.89999999999999,85.7,84.03333333333335,81.7,78.43333333333334,74.26666666666667,73.60000000000001,75.0,75.2,75.8,75.8,77.13333333333333,75.89999999999999,74.46666666666665,72.2,71.60000000000001,71.8,73.2,72.8,2006,4,10,4/10/2006,0.26953,6.0,0.26934,0.26927,0.26946,0.26962,0.26987,0.26981,0.2696,0.2676
2006-04-11,86.8,76.3,88.2,89.46666666666665,91.16666666666667,95.23333333333333,100.2,99.89999999999999,99.7,102.03333333333335,91.16666666666667,86.89999999999999,85.7,84.03333333333335,81.7,78.43333333333334,74.26666666666667,73.60000000000001,75.0,75.2,75.8,75.8,77.13333333333333,75.89999999999999,74.46666666666665,72.2,71.60000000000001,71.8,73.2,2006,4,11,4/11/2006,0.26915,6.0,0.26953,0.26934,0.26927,0.26946,0.26962,0.26987,0.26981,0.26759
2006-04-12,81.73333333333333,76.36666666666667,86.8,88.2,89.46666666666665,91.16666666666667,95.23333333333333,100.2,99.89999999999999,99.7,102.03333333333335,91.16666666666667,86.89999999999999,85.7,84.03333333333335,81.7,78.43333333333334,74.26666666666667,73.60000000000001,75.0,75.2,75.8,75.8,77.13333333333333,75.89999999999999,74.46666666666665,72.2,71.60000000000001,71.8,2006,4,12,4/12/2006,0.26939,6.0,0.26915,0.26953,0.26934,0.26927,0.26946,0.26962,0.26987,0.26767
2006-04-13,80.26666666666667,79.23333333333333,81.73333333333333,86.8,88.2,89.46666666666665,91.16666666666667,95.23333333333333,100.2,99.89999999999999,99.7,102.03333333333335,91.16666666666667,86.89999999999999,85.7,84.03333333333335,81.7,78.43333333333334,74.26666666666667,73.60000000000001,75.0,75.2,75.8,75.8,77.13333333333333,75.89999999999999,74.46666666666665,72.2,71.60000000000001,2006,4,13,4/13/2006,0.26972,6.0,0.26939,0.26915,0.26953,0.26934,0.26927,0.26946,0.26962,0.26782
2006-04-14,79.16666666666667,80.23333333333333,80.26666666666667,81.73333333333333,86.8,88.2,89.46666666666665,91.16666666666667,95.23333333333333,100.2,99.89999999999999,99.7,102.03333333333335,91.16666666666667,86.89999999999999,85.7,84.03333333333335,81.7,78.43333333333334,74.26666666666667,73.60000000000001,75.0,75.2,75.8,75.8,77.13333333333333,75.89999999999999,74.46666666666665,72.2,2006,4,14,4/14/2006,0.26989,6.0,0.26972,0.26939,0.26915,0.26953,0.26934,0.26927,0.26946,0.26815
2006-04-15,78.66666666666667,83.89999999999999,79.16666666666667,80.26666666666667,81.73333333333333,86.8,88.2,89.46666666666665,91.16666666666667,95.23333333333333,100.2,99.89999999999999,99.7,102.03333333333335,91.16666666666667,86.89999999999999,85.7,84.03333333333335,81.7,78.43333333333334,74.26666666666667,73.60000000000001,75.0,75.2,75.8,75.8,77.13333333333333,75.89999999999999,74.46666666666665,2006,4,15,4/15/2006,0.26977,6.0,0.26989,0.26972,0.26939,0.26915,0.26953,0.26934,0.26927,0.26843
2006-04-16,77.23333333333333,87.66666666666667,78.66666666666667,79.16666666666667,80.26666666666667,81.73333333333333,86.8,88.2,89.46666666666665,91.16666666666667,95.23333333333333,100.2,99.89999999999999,99.7,102.03333333333335,91.16666666666667,86.89999999999999,85.7,84.03333333333335,81.7,78.43333333333334,74.26666666666667,73.60000000000001,75.0,75.2,75.8,75.8,77.13333333333333,75.89999999999999,2006,4,16,4/16/2006,0.26983,6.0,0.26977,0.26989,0.26972,0.26939,0.26915,0.26953,0.26934,0.26857
2006-04-17,77.43333333333334,93.53333333333335,77.23333333333333,78.66666666666667,79.16666666666667,80.26666666666667,81.73333333333333,86.8,88.2,89.46666666666665,91.16666666666667,95.23333333333333,100.2,99.89999999999999,99.7,102.03333333333335,91.16666666666667,86.89999999999999,85.7,84.03333333333335,81.7,78.43333333333334,74.26666666666667,73.60000000000001,75.0,75.2,75.8,75.8,77.13333333333333,2006,4,17,4/17/2006,0.2696,6.0,0.26983,0.26977,0.26989,0.26972,0.26939,0.26915,0.26953,0.26867
2006-04-18,76.3,97.26666666666667,77.43333333333334,77.23333333333333,78.66666666666667,79.16666666666667,80.26666666666667,81.73333333333333,86.8,88.2,89.46666666666665,91.16666666666667,95.23333333333333,100.2,99.89999999999999,99.7,102.03333333333335,91.16666666666667,86.89999999999999,85.7,84.03333333333335,81.7,78.43333333333334,74.26666666666667,73.60000000000001,75.0,75.2,75.8,75.8,2006,4,18,4/18/2006,0.26947,6.0,0.2696,0.26983,0.26977,0.26989,0.26972,0.26939,0.26915,0.26871
2006-04-19,76.36666666666667,101.2,76.3,77.43333333333334,77.23333333333333,78.66666666666667,79.16666666666667,80.26666666666667,81.73333333333333,86.8,88.2,89.46666666666665,91.16666666666667,95.23333333333333,100.2,99.89999999999999,99.7,102.03333333333335,91.16666666666667,86.89999999999999,85.7,84.03333333333335,81.7,78.43333333333334,74.26666666666667,73.60000000000001,75.0,75.2,75.8,2006,4,19,4/19/2006,0.26924,6.0,0.26947,0.2696,0.26983,0.26977,0.26989,0.26972,0.26939,0.26866
2006-04-20,79.23333333333333,104.3,76.36666666666667,76.3,77.43333333333334,77.23333333333333,78.66666666666667,79.16666666666667,80.26666666666667,81.73333333333333,86.8,88.2,89.46666666666665,91.16666666666667,95.23333333333333,100.2,99.89999999999999,99.7,102.03333333333335,91.16666666666667,86.89999999999999,85.7,84.03333333333335,81.7,78.43333333333334,74.26666666666667,73.60000000000001,75.0,75.2,2006,4,20,4/20/2006,0.26888,6.0,0.26924,0.26947,0.2696,0.26983,0.26977,0.26989,0.26972,0.26849
2006-04-21,80.23333333333333,102.36666666666667,79.23333333333333,76.36666666666667,76.3,77.43333333333334,77.23333333333333,78.66666666666667,79.16666666666667,80.26666666666667,81.73333333333333,86.8,88.2,89.46666666666665,91.16666666666667,95.23333333333333,100.2,99.89999999999999,99.7,102.03333333333335,91.16666666666667,86.89999999999999,85.7,84.03333333333335,81.7,78.43333333333334,74.26666666666667,73.60000000000001,75.0,2006,4,21,4/21/2006,0.2684,6.0,0.26888,0.26924,0.26947,0.2696,0.26983,0.26977,0.26989,0.26813
2006-04-22,83.89999999999999,103.53333333333335,80.23333333333333,79.23333333333333,76.36666666666667,76.3,77.43333333333334,77.23333333333333,78.66666666666667,79.16666666666667,80.26666666666667,81.73333333333333,86.8,88.2,89.46666666666665,91.16666666666667,95.23333333333333,100.2,99.89999999999999,99.7,102.03333333333335,91.16666666666667,86.89999999999999,85.7,84.03333333333335,81.7,78.43333333333334,74.26666666666667,73.60000000000001,2006,4,22,4/22/2006,0.26811,6.0,0.2684,0.26888,0.26924,0.26947,0.2696,0.26983,0.26977,0.26752
2006-04-23,87.66666666666667,101.23333333333333,83.89999999999999,80.23333333333333,79.23333333333333,76.36666666666667,76.3,77.43333333333334,77.23333333333333,78.66666666666667,79.16666666666667,80.26666666666667,81.73333333333333,86.8,88.2,89.46666666666665,91.16666666666667,95.23333333333333,100.2,99.89999999999999,99.7,102.03333333333335,91.16666666666667,86.89999999999999,85.7,84.03333333333335,81.7,78.43333333333334,74.26666666666667,2006,4,23,4/23/2006,0.26822,6.0,0.26811,0.2684,0.26888,0.26924,0.26947,0.2696,0.26983,0.2675
2006-04-24,93.53333333333335,95.03333333333335,87.66666666666667,83.89999999999999,80.23333333333333,79.23333333333333,76.36666666666667,76.3,77.43333333333334,77.23333333333333,78.66666666666667,79.16666666666667,80.26666666666667,81.73333333333333,86.8,88.2,89.46666666666665,91.16666666666667,95.23333333333333,100.2,99.89999999999999,99.7,102.03333333333335,91.16666666666667,86.89999999999999,85.7,84.03333333333335,81.7,78.43333333333334,2006,4,24,4/24/2006,0.26851,6.0,0.26822,0.26811,0.2684,0.26888,0.26924,0.26947,0.2696,0.26749
2006-04-25,97.26666666666667,90.96666666666665,93.53333333333335,87.66666666666667,83.89999999999999,80.23333333333333,79.23333333333333,76.36666666666667,76.3,77.43333333333334,77.23333333333333,78.66666666666667,79.16666666666667,80.26666666666667,81.73333333333333,86.8,88.2,89.46666666666665,91.16666666666667,95.23333333333333,100.2,99.89999999999999,99.7,102.03333333333335,91.16666666666667,86.89999999999999,85.7,84.03333333333335,81.7,2006,4,25,4/25/2006,0.26869,6.0,0.26851,0.26822,0.26811,0.2684,0.26888,0.26924,0.26947,0.26758
2006-04-26,101.2,90.60000000000001,97.26666666666667,93.53333333333335,87.66666666666667,83.89999999999999,80.23333333333333,79.23333333333333,76.36666666666667,76.3,77.43333333333334,77.23333333333333,78.66666666666667,79.16666666666667,80.26666666666667,81.73333333333333,86.8,88.2,89.46666666666665,91.16666666666667,95.23333333333333,100.2,99.89999999999999,99.7,102.03333333333335,91.16666666666667,86.89999999999999,85.7,84.03333333333335,2006,4,26,4/26/2006,0.26952,6.0,0.26869,0.26851,0.26822,0.26811,0.2684,0.26888,0.26924,0.26804
2006-04-27,104.3,92.5,101.2,97.26666666666667,93.53333333333335,87.66666666666667,83.89999999999999,80.23333333333333,79.23333333333333,76.36666666666667,76.3,77.43333333333334,77.23333333333333,78.66666666666667,79.16666666666667,80.26666666666667,81.73333333333333,86.8,88.2,89.46666666666665,91.16666666666667,95.23333333333333,100.2,99.89999999999999,99.7,102.03333333333335,91.16666666666667,86.89999999999999,85.7,2006,4,27,4/27/2006,0.27039,6.0,0.26952,0.26869,0.26851,0.26822,0.26811,0.2684,0.26888,0.26866
2006-04-28,102.36666666666667,88.83333333333333,104.3,101.2,97.26666666666667,93.53333333333335,87.66666666666667,83.89999999999999,80.23333333333333,79.23333333333333,76.36666666666667,76.3,77.43333333333334,77.23333333333333,78.66666666666667,79.16666666666667,80.26666666666667,81.73333333333333,86.8,88.2,89.46666666666665,91.16666666666667,95.23333333333333,100.2,99.89999999999999,99.7,102.03333333333335,91.16666666666667,86.89999999999999,2006,4,28,4/28/2006,0.27123,6.0,0.27039,0.26952,0.26869,0.26851,0.26822,0.26811,0.2684,0.26945
2006-04-29,103.53333333333335,88.06666666666666,102.36666666666667,104.3,101.2,97.26666666666667,93.53333333333335,87.66666666666667,83.89999999999999,80.23333333333333,79.23333333333333,76.36666666666667,76.3,77.43333333333334,77.23333333333333,78.66666666666667,79.16666666666667,80.26666666666667,81.73333333333333,86.8,88.2,89.46666666666665,91.16666666666667,95.23333333333333,100.2,99.89999999999999,99.7,102.03333333333335,91.16666666666667,2006,4,29,4/29/2006,0.27174,6.0,0.27123,0.27039,0.26952,0.26869,0.26851,0.26822,0.26811,0.26963
2006-04-30,101.23333333333333,87.76666666666667,103.53333333333335,102.36666666666667,104.3,101.2,97.26666666666667,93.53333333333335,87.66666666666667,83.89999999999999,80.23333333333333,79.23333333333333,76.36666666666667,76.3,77.43333333333334,77.23333333333333,78.66666666666667,79.16666666666667,80.26666666666667,81.73333333333333,86.8,88.2,89.46666666666665,91.16666666666667,95.23333333333333,100.2,99.89999999999999,99.7,102.03333333333335,2006,4,30,4/30/2006,0.27213,6.0,0.27174,0.27123,0.27039,0.26952,0.26869,0.26851,0.26822,0.2696
2006-05-01,95.03333333333335,86.33333333333333,101.23333333333333,103.53333333333335,102.36666666666667,104.3,101.2,97.26666666666667,93.53333333333335,87.66666666666667,83.89999999999999,80.23333333333333,79.23333333333333,76.36666666666667,76.3,77.43333333333334,77.23333333333333,78.66666666666667,79.16666666666667,80.26666666666667,81.73333333333333,86.8,88.2,89.46666666666665,91.16666666666667,95.23333333333333,100.2,99.89999999999999,99.7,2006,5,1,5/01/2006,0.27176,6.0,0.27213,0.27174,0.27123,0.27039,0.26952,0.26869,0.26851,0.26981
2006-05-02,90.96666666666665,83.93333333333334,95.03333333333335,101.23333333333333,103.53333333333335,102.36666666666667,104.3,101.2,97.26666666666667,93.53333333333335,87.66666666666667,83.89999999999999,80.23333333333333,79.23333333333333,76.36666666666667,76.3,77.43333333333334,77.23333333333333,78.66666666666667,79.16666666666667,80.26666666666667,81.73333333333333,86.8,88.2,89.46666666666665,91.16666666666667,95.23333333333333,100.2,99.89999999999999,2006,5,2,5/02/2006,0.2713,6.0,0.27176,0.27213,0.27174,0.27123,0.27039,0.26952,0.26869,0.26987
2006-05-03,90.60000000000001,79.60000000000001,90.96666666666665,95.03333333333335,101.23333333333333,103.53333333333335,102.36666666666667,104.3,101.2,97.26666666666667,93.53333333333335,87.66666666666667,83.89999999999999,80.23333333333333,79.23333333333333,76.36666666666667,76.3,77.43333333333334,77.23333333333333,78.66666666666667,79.16666666666667,80.26666666666667,81.73333333333333,86.8,88.2,89.46666666666665,91.16666666666667,95.23333333333333,100.2,2006,5,3,5/03/2006,0.27087,6.0,0.2713,0.27176,0.27213,0.27174,0.27123,0.27039,0.26952,0.26962
2006-05-04,92.5,77.7,90.60000000000001,90.96666666666665,95.03333333333335,101.23333333333333,103.53333333333335,102.36666666666667,104.3,101.2,97.26666666666667,93.53333333333335,87.66666666666667,83.89999999999999,80.23333333333333,79.23333333333333,76.36666666666667,76.3,77.43333333333334,77.23333333333333,78.66666666666667,79.16666666666667,80.26666666666667,81.73333333333333,86.8,88.2,89.46666666666665,91.16666666666667,95.23333333333333,2006,5,4,5/04/2006,0.27055,6.0,0.27087,0.2713,0.27176,0.27213,0.27174,0.27123,0.27039,0.26946
2006-05-05,88.83333333333333,77.0,92.5,90.60000000000001,90.96666666666665,95.03333333333335,101.23333333333333,103.53333333333335,102.36666666666667,104.3,101.2,97.26666666666667,93.53333333333335,87.66666666666667,83.89999999999999,80.23333333333333,79.23333333333333,76.36666666666667,76.3,77.43333333333334,77.23333333333333,78.66666666666667,79.16666666666667,80.26666666666667,81.73333333333333,86.8,88.2,89.46666666666665,91.16666666666667,2006,5,5,5/05/2006,0.27028,6.0,0.27055,0.27087,0.2713,0.27176,0.27213,0.27174,0.27123,0.26927
2006-05-06,88.06666666666666,75.03333333333333,88.83333333333333,92.5,90.60000000000001,90.96666666666665,95.03333333333335,101.23333333333333,103.53333333333335,102.36666666666667,104.3,101.2,97.26666666666667,93.53333333333335,87.66666666666667,83.89999999999999,80.23333333333333,79.23333333333333,76.36666666666667,76.3,77.43333333333334,77.23333333333333,78.66666666666667,79.16666666666667,80.26666666666667,81.73333333333333,86.8,88.2,89.46666666666665,2006,5,6,5/06/2006,0.26974,6.0,0.27028,0.27055,0.27087,0.2713,0.27176,0.27213,0.27174,0.26934
2006-05-07,87.76666666666667,73.76666666666667,88.06666666666666,88.83333333333333,92.5,90.60000000000001,90.96666666666665,95.03333333333335,101.23333333333333,103.53333333333335,102.36666666666667,104.3,101.2,97.26666666666667,93.53333333333335,87.66666666666667,83.89999999999999,80.23333333333333,79.23333333333333,76.36666666666667,76.3,77.43333333333334,77.23333333333333,78.66666666666667,79.16666666666667,80.26666666666667,81.73333333333333,86.8,88.2,2006,5,7,5/07/2006,0.26967,6.0,0.26974,0.27028,0.27055,0.27087,0.2713,0.27176,0.27213,0.26953
2006-05-08,86.33333333333333,73.3,87.76666666666667,88.06666666666666,88.83333333333333,92.5,90.60000000000001,90.96666666666665,95.03333333333335,101.23333333333333,103.53333333333335,102.36666666666667,104.3,101.2,97.26666666666667,93.53333333333335,87.66666666666667,83.89999999999999,80.23333333333333,79.23333333333333,76.36666666666667,76.3,77.43333333333334,77.23333333333333,78.66666666666667,79.16666666666667,80.26666666666667,81.73333333333333,86.8,2006,5,8,5/08/2006,0.2698,6.0,0.26967,0.26974,0.27028,0.27055,0.27087,0.2713,0.27176,0.26915
2006-05-09,83.93333333333334,72.93333333333334,86.33333333333333,87.76666666666667,88.06666666666666,88.83333333333333,92.5,90.60000000000001,90.96666666666665,95.03333333333335,101.23333333333333,103.53333333333335,102.36666666666667,104.3,101.2,97.26666666666667,93.53333333333335,87.66666666666667,83.89999999999999,80.23333333333333,79.23333333333333,76.36666666666667,76.3,77.43333333333334,77.23333333333333,78.66666666666667,79.16666666666667,80.26666666666667,81.73333333333333,2006,5,9,5/09/2006,0.26967,6.0,0.2698,0.26967,0.26974,0.27028,0.27055,0.27087,0.2713,0.26939
2006-05-10,79.60000000000001,73.89999999999999,83.93333333333334,86.33333333333333,87.76666666666667,88.06666666666666,88.83333333333333,92.5,90.60000000000001,90.96666666666665,95.03333333333335,101.23333333333333,103.53333333333335,102.36666666666667,104.3,101.2,97.26666666666667,93.53333333333335,87.66666666666667,83.89999999999999,80.23333333333333,79.23333333333333,76.36666666666667,76.3,77.43333333333334,77.23333333333333,78.66666666666667,79.16666666666667,80.26666666666667,2006,5,10,5/10/2006,0.26972,6.0,0.26967,0.2698,0.26967,0.26974,0.27028,0.27055,0.27087,0.26972
2006-05-11,77.7,74.89999999999999,79.60000000000001,83.93333333333334,86.33333333333333,87.76666666666667,88.06666666666666,88.83333333333333,92.5,90.60000000000001,90.96666666666665,95.03333333333335,101.23333333333333,103.53333333333335,102.36666666666667,104.3,101.2,97.26666666666667,93.53333333333335,87.66666666666667,83.89999999999999,80.23333333333333,79.23333333333333,76.36666666666667,76.3,77.43333333333334,77.23333333333333,78.66666666666667,79.16666666666667,2006,5,11,5/11/2006,0.2695,6.0,0.26972,0.26967,0.2698,0.26967,0.26974,0.27028,0.27055,0.26989
2006-05-12,77.0,77.16666666666667,77.7,79.60000000000001,83.93333333333334,86.33333333333333,87.76666666666667,88.06666666666666,88.83333333333333,92.5,90.60000000000001,90.96666666666665,95.03333333333335,101.23333333333333,103.53333333333335,102.36666666666667,104.3,101.2,97.26666666666667,93.53333333333335,87.66666666666667,83.89999999999999,80.23333333333333,79.23333333333333,76.36666666666667,76.3,77.43333333333334,77.23333333333333,78.66666666666667,2006,5,12,5/12/2006,0.26926,6.0,0.2695,0.26972,0.26967,0.2698,0.26967,0.26974,0.27028,0.26977
2006-05-13,75.03333333333333,78.26666666666667,77.0,77.7,79.60000000000001,83.93333333333334,86.33333333333333,87.76666666666667,88.06666666666666,88.83333333333333,92.5,90.60000000000001,90.96666666666665,95.03333333333335,101.23333333333333,103.53333333333335,102.36666666666667,104.3,101.2,97.26666666666667,93.53333333333335,87.66666666666667,83.89999999999999,80.23333333333333,79.23333333333333,76.36666666666667,76.3,77.43333333333334,77.23333333333333,2006,5,13,5/13/2006,0.26903,6.0,0.26926,0.2695,0.26972,0.26967,0.2698,0.26967,0.26974,0.26983
2006-05-14,73.76666666666667,79.3,75.03333333333333,77.0,77.7,79.60000000000001,83.93333333333334,86.33333333333333,87.76666666666667,88.06666666666666,88.83333333333333,92.5,90.60000000000001,90.96666666666665,95.03333333333335,101.23333333333333,103.53333333333335,102.36666666666667,104.3,101.2,97.26666666666667,93.53333333333335,87.66666666666667,83.89999999999999,80.23333333333333,79.23333333333333,76.36666666666667,76.3,77.43333333333334,2006,5,14,5/14/2006,0.2688,6.0,0.26903,0.26926,0.2695,0.26972,0.26967,0.2698,0.26967,0.2696
2006-05-15,73.3,84.10000000000001,73.76666666666667,75.03333333333333,77.0,77.7,79.60000000000001,83.93333333333334,86.33333333333333,87.76666666666667,88.06666666666666,88.83333333333333,92.5,90.60000000000001,90.96666666666665,95.03333333333335,101.23333333333333,103.53333333333335,102.36666666666667,104.3,101.2,97.26666666666667,93.53333333333335,87.66666666666667,83.89999999999999,80.23333333333333,79.23333333333333,76.36666666666667,76.3,2006,5,15,5/15/2006,0.26855,6.0,0.2688,0.26903,0.26926,0.2695,0.26972,0.26967,0.2698,0.26947
2006-05-16,72.93333333333334,86.7,73.3,73.76666666666667,75.03333333333333,77.0,77.7,79.60000000000001,83.93333333333334,86.33333333333333,87.76666666666667,88.06666666666666,88.83333333333333,92.5,90.60000000000001,90.96666666666665,95.03333333333335,101.23333333333333,103.53333333333335,102.36666666666667,104.3,101.2,97.26666666666667,93.53333333333335,87.66666666666667,83.89999999999999,80.23333333333333,79.23333333333333,76.36666666666667,2006,5,16,5/16/2006,0.26815,6.0,0.26855,0.2688,0.26903,0.26926,0.2695,0.26972,0.26967,0.26924
2006-05-17,73.89999999999999,85.66666666666667,72.93333333333334,73.3,73.76666666666667,75.03333333333333,77.0,77.7,79.60000000000001,83.93333333333334,86.33333333333333,87.76666666666667,88.06666666666666,88.83333333333333,92.5,90.60000000000001,90.96666666666665,95.03333333333335,101.23333333333333,103.53333333333335,102.36666666666667,104.3,101.2,97.26666666666667,93.53333333333335,87.66666666666667,83.89999999999999,80.23333333333333,79.23333333333333,2006,5,17,5/17/2006,0.26777,6.0,0.26815,0.26855,0.2688,0.26903,0.26926,0.2695,0.26972,0.26888
2006-05-18,74.89999999999999,85.10000000000001,73.89999999999999,72.93333333333334,73.3,73.76666666666667,75.03333333333333,77.0,77.7,79.60000000000001,83.93333333333334,86.33333333333333,87.76666666666667,88.06666666666666,88.83333333333333,92.5,90.60000000000001,90.96666666666665,95.03333333333335,101.23333333333333,103.53333333333335,102.36666666666667,104.3,101.2,97.26666666666667,93.53333333333335,87.66666666666667,83.89999999999999,80.23333333333333,2006,5,18,5/18/2006,0.26728,6.0,0.26777,0.26815,0.26855,0.2688,0.26903,0.26926,0.2695,0.2684
2006-05-19,77.16666666666667,84.0,74.89999999999999,73.89999999999999,72.93333333333334,73.3,73.76666666666667,75.03333333333333,77.0,77.7,79.60000000000001,83.93333333333334,86.33333333333333,87.76666666666667,88.06666666666666,88.83333333333333,92.5,90.60000000000001,90.96666666666665,95.03333333333335,101.23333333333333,103.53333333333335,102.36666666666667,104.3,101.2,97.26666666666667,93.53333333333335,87.66666666666667,83.89999999999999,2006,5,19,5/19/2006,0.26721,6.0,0.26728,0.26777,0.26815,0.26855,0.2688,0.26903,0.26926,0.26811
2006-05-20,78.26666666666667,85.73333333333333,77.16666666666667,74.89999999999999,73.89999999999999,72.93333333333334,73.3,73.76666666666667,75.03333333333333,77.0,77.7,79.60000000000001,83.93333333333334,86.33333333333333,87.76666666666667,88.06666666666666,88.83333333333333,92.5,90.60000000000001,90.96666666666665,95.03333333333335,101.23333333333333,103.53333333333335,102.36666666666667,104.3,101.2,97.26666666666667,93.53333333333335,87.66666666666667,2006,5,20,5/20/2006,0.2675,6.0,0.26721,0.26728,0.26777,0.26815,0.26855,0.2688,0.26903,0.26822
2006-05-21,79.3,86.93333333333334,78.26666666666667,77.16666666666667,74.89999999999999,73.89999999999999,72.93333333333334,73.3,73.76666666666667,75.03333333333333,77.0,77.7,79.60000000000001,83.93333333333334,86.33333333333333,87.76666666666667,88.06666666666666,88.83333333333333,92.5,90.60000000000001,90.96666666666665,95.03333333333335,101.23333333333333,103.53333333333335,102.36666666666667,104.3,101.2,97.26666666666667,93.53333333333335,2006,5,21,5/21/2006,0.26784,6.0,0.2675,0.26721,0.26728,0.26777,0.26815,0.26855,0.2688,0.26851
2006-05-22,84.10000000000001,83.3,79.3,78.26666666666667,77.16666666666667,74.89999999999999,73.89999999999999,72.93333333333334,73.3,73.76666666666667,75.03333333333333,77.0,77.7,79.60000000000001,83.93333333333334,86.33333333333333,87.76666666666667,88.06666666666666,88.83333333333333,92.5,90.60000000000001,90.96666666666665,95.03333333333335,101.23333333333333,103.53333333333335,102.36666666666667,104.3,101.2,97.26666666666667,2006,5,22,5/22/2006,0.26836,6.0,0.26784,0.2675,0.26721,0.26728,0.26777,0.26815,0.26855,0.26869
2006-05-23,86.7,82.23333333333333,84.10000000000001,79.3,78.26666666666667,77.16666666666667,74.89999999999999,73.89999999999999,72.93333333333334,73.3,73.76666666666667,75.03333333333333,77.0,77.7,79.60000000000001,83.93333333333334,86.33333333333333,87.76666666666667,88.06666666666666,88.83333333333333,92.5,90.60000000000001,90.96666666666665,95.03333333333335,101.23333333333333,103.53333333333335,102.36666666666667,104.3,101.2,2006,5,23,5/23/2006,0.26902,6.0,0.26836,0.26784,0.2675,0.26721,0.26728,0.26777,0.26815,0.26952
2006-05-24,85.66666666666667,80.60000000000001,86.7,84.10000000000001,79.3,78.26666666666667,77.16666666666667,74.89999999999999,73.89999999999999,72.93333333333334,73.3,73.76666666666667,75.03333333333333,77.0,77.7,79.60000000000001,83.93333333333334,86.33333333333333,87.76666666666667,88.06666666666666,88.83333333333333,92.5,90.60000000000001,90.96666666666665,95.03333333333335,101.23333333333333,103.53333333333335,102.36666666666667,104.3,2006,5,24,5/24/2006,0.26968,6.0,0.26902,0.26836,0.26784,0.2675,0.26721,0.26728,0.26777,0.27039
2006-05-25,85.10000000000001,79.43333333333334,85.66666666666667,86.7,84.10000000000001,79.3,78.26666666666667,77.16666666666667,74.89999999999999,73.89999999999999,72.93333333333334,73.3,73.76666666666667,75.03333333333333,77.0,77.7,79.60000000000001,83.93333333333334,86.33333333333333,87.76666666666667,88.06666666666666,88.83333333333333,92.5,90.60000000000001,90.96666666666665,95.03333333333335,101.23333333333333,103.53333333333335,102.36666666666667,2006,5,25,5/25/2006,0.26986,6.0,0.26968,0.26902,0.26836,0.26784,0.2675,0.26721,0.26728,0.27123
2006-05-26,84.0,77.60000000000001,85.10000000000001,85.66666666666667,86.7,84.10000000000001,79.3,78.26666666666667,77.16666666666667,74.89999999999999,73.89999999999999,72.93333333333334,73.3,73.76666666666667,75.03333333333333,77.0,77.7,79.60000000000001,83.93333333333334,86.33333333333333,87.76666666666667,88.06666666666666,88.83333333333333,92.5,90.60000000000001,90.96666666666665,95.03333333333335,101.23333333333333,103.53333333333335,2006,5,26,5/26/2006,0.27022,6.0,0.26986,0.26968,0.26902,0.26836,0.26784,0.2675,0.26721,0.27174
2006-05-27,85.73333333333333,78.10000000000001,84.0,85.10000000000001,85.66666666666667,86.7,84.10000000000001,79.3,78.26666666666667,77.16666666666667,74.89999999999999,73.89999999999999,72.93333333333334,73.3,73.76666666666667,75.03333333333333,77.0,77.7,79.60000000000001,83.93333333333334,86.33333333333333,87.76666666666667,88.06666666666666,88.83333333333333,92.5,90.60000000000001,90.96666666666665,95.03333333333335,101.23333333333333,2006,5,27,5/27/2006,0.27052,6.0,0.27022,0.26986,0.26968,0.26902,0.26836,0.26784,0.2675,0.27213
2006-05-28,86.93333333333334,78.2,85.73333333333333,84.0,85.10000000000001,85.66666666666667,86.7,84.10000000000001,79.3,78.26666666666667,77.16666666666667,74.89999999999999,73.89999999999999,72.93333333333334,73.3,73.76666666666667,75.03333333333333,77.0,77.7,79.60000000000001,83.93333333333334,86.33333333333333,87.76666666666667,88.06666666666666,88.83333333333333,92.5,90.60000000000001,90.96666666666665,95.03333333333335,2006,5,28,5/28/2006,0.27073,6.0,0.27052,0.27022,0.26986,0.26968,0.26902,0.26836,0.26784,0.27176
2006-05-29,83.3,79.86666666666667,86.93333333333334,85.73333333333333,84.0,85.10000000000001,85.66666666666667,86.7,84.10000000000001,79.3,78.26666666666667,77.16666666666667,74.89999999999999,73.89999999999999,72.93333333333334,73.3,73.76666666666667,75.03333333333333,77.0,77.7,79.60000000000001,83.93333333333334,86.33333333333333,87.76666666666667,88.06666666666666,88.83333333333333,92.5,90.60000000000001,90.96666666666665,2006,5,29,5/29/2006,0.2704,6.0,0.27073,0.27052,0.27022,0.26986,0.26968,0.26902,0.26836,0.2713
2006-05-30,82.23333333333333,80.73333333333333,83.3,86.93333333333334,85.73333333333333,84.0,85.10000000000001,85.66666666666667,86.7,84.10000000000001,79.3,78.26666666666667,77.16666666666667,74.89999999999999,73.89999999999999,72.93333333333334,73.3,73.76666666666667,75.03333333333333,77.0,77.7,79.60000000000001,83.93333333333334,86.33333333333333,87.76666666666667,88.06666666666666,88.83333333333333,92.5,90.60000000000001,2006,5,30,5/30/2006,0.27007,6.0,0.2704,0.27073,0.27052,0.27022,0.26986,0.26968,0.26902,0.27087
2006-05-31,80.60000000000001,85.39999999999999,82.23333333333333,83.3,86.93333333333334,85.73333333333333,84.0,85.10000000000001,85.66666666666667,86.7,84.10000000000001,79.3,78.26666666666667,77.16666666666667,74.89999999999999,73.89999999999999,72.93333333333334,73.3,73.76666666666667,75.03333333333333,77.0,77.7,79.60000000000001,83.93333333333334,86.33333333333333,87.76666666666667,88.06666666666666,88.83333333333333,92.5,2006,5,31,5/31/2006,0.26964,6.0,0.27007,0.2704,0.27073,0.27052,0.27022,0.26986,0.26968,0.27055
2006-06-01,79.43333333333334,83.26666666666667,80.60000000000001,82.23333333333333,83.3,86.93333333333334,85.73333333333333,84.0,85.10000000000001,85.66666666666667,86.7,84.10000000000001,79.3,78.26666666666667,77.16666666666667,74.89999999999999,73.89999999999999,72.93333333333334,73.3,73.76666666666667,75.03333333333333,77.0,77.7,79.60000000000001,83.93333333333334,86.33333333333333,87.76666666666667,88.06666666666666,88.83333333333333,2006,6,1,6/01/2006,0.26911,6.0,0.26964,0.27007,0.2704,0.27073,0.27052,0.27022,0.26986,0.27028
2006-06-02,77.60000000000001,80.3,79.43333333333334,80.60000000000001,82.23333333333333,83.3,86.93333333333334,85.73333333333333,84.0,85.10000000000001,85.66666666666667,86.7,84.10000000000001,79.3,78.26666666666667,77.16666666666667,74.89999999999999,73.89999999999999,72.93333333333334,73.3,73.76666666666667,75.03333333333333,77.0,77.7,79.60000000000001,83.93333333333334,86.33333333333333,87.76666666666667,88.06666666666666,2006,6,2,6/02/2006,0.2689,6.0,0.26911,0.26964,0.27007,0.2704,0.27073,0.27052,0.27022,0.26974
2006-06-03,78.10000000000001,79.2,77.60000000000001,79.43333333333334,80.60000000000001,82.23333333333333,83.3,86.93333333333334,85.73333333333333,84.0,85.10000000000001,85.66666666666667,86.7,84.10000000000001,79.3,78.26666666666667,77.16666666666667,74.89999999999999,73.89999999999999,72.93333333333334,73.3,73.76666666666667,75.03333333333333,77.0,77.7,79.60000000000001,83.93333333333334,86.33333333333333,87.76666666666667,2006,6,3,6/03/2006,0.26847,6.0,0.2689,0.26911,0.26964,0.27007,0.2704,0.27073,0.27052,0.26967
2006-06-04,78.2,76.83333333333333,78.10000000000001,77.60000000000001,79.43333333333334,80.60000000000001,82.23333333333333,83.3,86.93333333333334,85.73333333333333,84.0,85.10000000000001,85.66666666666667,86.7,84.10000000000001,79.3,78.26666666666667,77.16666666666667,74.89999999999999,73.89999999999999,72.93333333333334,73.3,73.76666666666667,75.03333333333333,77.0,77.7,79.60000000000001,83.93333333333334,86.33333333333333,2006,6,4,6/04/2006,0.26823,6.0,0.26847,0.2689,0.26911,0.26964,0.27007,0.2704,0.27073,0.2698
2006-06-05,79.86666666666667,76.43333333333334,78.2,78.10000000000001,77.60000000000001,79.43333333333334,80.60000000000001,82.23333333333333,83.3,86.93333333333334,85.73333333333333,84.0,85.10000000000001,85.66666666666667,86.7,84.10000000000001,79.3,78.26666666666667,77.16666666666667,74.89999999999999,73.89999999999999,72.93333333333334,73.3,73.76666666666667,75.03333333333333,77.0,77.7,79.60000000000001,83.93333333333334,2006,6,5,6/05/2006,0.2686,6.0,0.26823,0.26847,0.2689,0.26911,0.26964,0.27007,0.2704,0.26967
2006-06-06,80.73333333333333,79.33333333333333,79.86666666666667,78.2,78.10000000000001,77.60000000000001,79.43333333333334,80.60000000000001,82.23333333333333,83.3,86.93333333333334,85.73333333333333,84.0,85.10000000000001,85.66666666666667,86.7,84.10000000000001,79.3,78.26666666666667,77.16666666666667,74.89999999999999,73.89999999999999,72.93333333333334,73.3,73.76666666666667,75.03333333333333,77.0,77.7,79.60000000000001,2006,6,6,6/06/2006,0.26878,6.0,0.2686,0.26823,0.26847,0.2689,0.26911,0.26964,0.27007,0.26972
2006-06-07,85.39999999999999,78.23333333333333,80.73333333333333,79.86666666666667,78.2,78.10000000000001,77.60000000000001,79.43333333333334,80.60000000000001,82.23333333333333,83.3,86.93333333333334,85.73333333333333,84.0,85.10000000000001,85.66666666666667,86.7,84.10000000000001,79.3,78.26666666666667,77.16666666666667,74.89999999999999,73.89999999999999,72.93333333333334,73.3,73.76666666666667,75.03333333333333,77.0,77.7,2006,6,7,6/07/2006,0.26892,6.0,0.26878,0.2686,0.26823,0.26847,0.2689,0.26911,0.26964,0.2695
2006-06-08,83.26666666666667,78.89999999999999,85.39999999999999,80.73333333333333,79.86666666666667,78.2,78.10000000000001,77.60000000000001,79.43333333333334,80.60000000000001,82.23333333333333,83.3,86.93333333333334,85.73333333333333,84.0,85.10000000000001,85.66666666666667,86.7,84.10000000000001,79.3,78.26666666666667,77.16666666666667,74.89999999999999,73.89999999999999,72.93333333333334,73.3,73.76666666666667,75.03333333333333,77.0,2006,6,8,6/08/2006,0.26897,6.0,0.26892,0.26878,0.2686,0.26823,0.26847,0.2689,0.26911,0.26926
2006-06-09,80.3,78.03333333333335,83.26666666666667,85.39999999999999,80.73333333333333,79.86666666666667,78.2,78.10000000000001,77.60000000000001,79.43333333333334,80.60000000000001,82.23333333333333,83.3,86.93333333333334,85.73333333333333,84.0,85.10000000000001,85.66666666666667,86.7,84.10000000000001,79.3,78.26666666666667,77.16666666666667,74.89999999999999,73.89999999999999,72.93333333333334,73.3,73.76666666666667,75.03333333333333,2006,6,9,6/09/2006,0.26902,6.0,0.26897,0.26892,0.26878,0.2686,0.26823,0.26847,0.2689,0.26903
2006-06-10,79.2,75.83333333333333,80.3,83.26666666666667,85.39999999999999,80.73333333333333,79.86666666666667,78.2,78.10000000000001,77.60000000000001,79.43333333333334,80.60000000000001,82.23333333333333,83.3,86.93333333333334,85.73333333333333,84.0,85.10000000000001,85.66666666666667,86.7,84.10000000000001,79.3,78.26666666666667,77.16666666666667,74.89999999999999,73.89999999999999,72.93333333333334,73.3,73.76666666666667,2006,6,10,6/10/2006,0.26909,6.0,0.26902,0.26897,0.26892,0.26878,0.2686,0.26823,0.26847,0.2688
2006-06-11,76.83333333333333,76.0,79.2,80.3,83.26666666666667,85.39999999999999,80.73333333333333,79.86666666666667,78.2,78.10000000000001,77.60000000000001,79.43333333333334,80.60000000000001,82.23333333333333,83.3,86.93333333333334,85.73333333333333,84.0,85.10000000000001,85.66666666666667,86.7,84.10000000000001,79.3,78.26666666666667,77.16666666666667,74.89999999999999,73.89999999999999,72.93333333333334,73.3,2006,6,11,6/11/2006,0.26892,6.0,0.26909,0.26902,0.26897,0.26892,0.26878,0.2686,0.26823,0.26855
2006-06-12,76.43333333333334,75.56666666666666,76.83333333333333,79.2,80.3,83.26666666666667,85.39999999999999,80.73333333333333,79.86666666666667,78.2,78.10000000000001,77.60000000000001,79.43333333333334,80.60000000000001,82.23333333333333,83.3,86.93333333333334,85.73333333333333,84.0,85.10000000000001,85.66666666666667,86.7,84.10000000000001,79.3,78.26666666666667,77.16666666666667,74.89999999999999,73.89999999999999,72.93333333333334,2006,6,12,6/12/2006,0.26862,6.0,0.26892,0.26909,0.26902,0.26897,0.26892,0.26878,0.2686,0.26815
2006-06-13,79.33333333333333,75.33333333333333,76.43333333333334,76.83333333333333,79.2,80.3,83.26666666666667,85.39999999999999,80.73333333333333,79.86666666666667,78.2,78.10000000000001,77.60000000000001,79.43333333333334,80.60000000000001,82.23333333333333,83.3,86.93333333333334,85.73333333333333,84.0,85.10000000000001,85.66666666666667,86.7,84.10000000000001,79.3,78.26666666666667,77.16666666666667,74.89999999999999,73.89999999999999,2006,6,13,6/13/2006,0.2686,6.0,0.26862,0.26892,0.26909,0.26902,0.26897,0.26892,0.26878,0.26777
2006-06-14,78.23333333333333,75.03333333333333,79.33333333333333,76.43333333333334,76.83333333333333,79.2,80.3,83.26666666666667,85.39999999999999,80.73333333333333,79.86666666666667,78.2,78.10000000000001,77.60000000000001,79.43333333333334,80.60000000000001,82.23333333333333,83.3,86.93333333333334,85.73333333333333,84.0,85.10000000000001,85.66666666666667,86.7,84.10000000000001,79.3,78.26666666666667,77.16666666666667,74.89999999999999,2006,6,14,6/14/2006,0.26806,6.0,0.2686,0.26862,0.26892,0.26909,0.26902,0.26897,0.26892,0.26728
2006-06-15,78.89999999999999,74.36666666666667,78.23333333333333,79.33333333333333,76.43333333333334,76.83333333333333,79.2,80.3,83.26666666666667,85.39999999999999,80.73333333333333,79.86666666666667,78.2,78.10000000000001,77.60000000000001,79.43333333333334,80.60000000000001,82.23333333333333,83.3,86.93333333333334,85.73333333333333,84.0,85.10000000000001,85.66666666666667,86.7,84.10000000000001,79.3,78.26666666666667,77.16666666666667,2006,6,15,6/15/2006,0.26771,6.0,0.26806,0.2686,0.26862,0.26892,0.26909,0.26902,0.26897,0.26721
2006-06-16,78.03333333333335,73.89999999999999,78.89999999999999,78.23333333333333,79.33333333333333,76.43333333333334,76.83333333333333,79.2,80.3,83.26666666666667,85.39999999999999,80.73333333333333,79.86666666666667,78.2,78.10000000000001,77.60000000000001,79.43333333333334,80.60000000000001,82.23333333333333,83.3,86.93333333333334,85.73333333333333,84.0,85.10000000000001,85.66666666666667,86.7,84.10000000000001,79.3,78.26666666666667,2006,6,16,6/16/2006,0.26763,6.0,0.26771,0.26806,0.2686,0.26862,0.26892,0.26909,0.26902,0.2675
2006-06-17,75.83333333333333,75.8,78.03333333333335,78.89999999999999,78.23333333333333,79.33333333333333,76.43333333333334,76.83333333333333,79.2,80.3,83.26666666666667,85.39999999999999,80.73333333333333,79.86666666666667,78.2,78.10000000000001,77.60000000000001,79.43333333333334,80.60000000000001,82.23333333333333,83.3,86.93333333333334,85.73333333333333,84.0,85.10000000000001,85.66666666666667,86.7,84.10000000000001,79.3,2006,6,17,6/17/2006,0.26769,6.0,0.26763,0.26771,0.26806,0.2686,0.26862,0.26892,0.26909,0.26784
2006-06-18,76.0,76.66666666666667,75.83333333333333,78.03333333333335,78.89999999999999,78.23333333333333,79.33333333333333,76.43333333333334,76.83333333333333,79.2,80.3,83.26666666666667,85.39999999999999,80.73333333333333,79.86666666666667,78.2,78.10000000000001,77.60000000000001,79.43333333333334,80.60000000000001,82.23333333333333,83.3,86.93333333333334,85.73333333333333,84.0,85.10000000000001,85.66666666666667,86.7,84.10000000000001,2006,6,18,6/18/2006,0.26768,6.0,0.26769,0.26763,0.26771,0.26806,0.2686,0.26862,0.26892,0.26836
2006-06-19,75.56666666666666,79.03333333333335,76.0,75.83333333333333,78.03333333333335,78.89999999999999,78.23333333333333,79.33333333333333,76.43333333333334,76.83333333333333,79.2,80.3,83.26666666666667,85.39999999999999,80.73333333333333,79.86666666666667,78.2,78.10000000000001,77.60000000000001,79.43333333333334,80.60000000000001,82.23333333333333,83.3,86.93333333333334,85.73333333333333,84.0,85.10000000000001,85.66666666666667,86.7,2006,6,19,6/19/2006,0.26798,6.0,0.26768,0.26769,0.26763,0.26771,0.26806,0.2686,0.26862,0.26902
2006-06-20,75.33333333333333,81.56666666666666,75.56666666666666,76.0,75.83333333333333,78.03333333333335,78.89999999999999,78.23333333333333,79.33333333333333,76.43333333333334,76.83333333333333,79.2,80.3,83.26666666666667,85.39999999999999,80.73333333333333,79.86666666666667,78.2,78.10000000000001,77.60000000000001,79.43333333333334,80.60000000000001,82.23333333333333,83.3,86.93333333333334,85.73333333333333,84.0,85.10000000000001,85.66666666666667,2006,6,20,6/20/2006,0.26787,6.0,0.26798,0.26768,0.26769,0.26763,0.26771,0.26806,0.2686,0.26968
2006-06-21,75.03333333333333,86.13333333333333,75.33333333333333,75.56666666666666,76.0,75.83333333333333,78.03333333333335,78.89999999999999,78.23333333333333,79.33333333333333,76.43333333333334,76.83333333333333,79.2,80.3,83.26666666666667,85.39999999999999,80.73333333333333,79.86666666666667,78.2,78.10000000000001,77.60000000000001,79.43333333333334,80.60000000000001,82.23333333333333,83.3,86.93333333333334,85.73333333333333,84.0,85.10000000000001,2006,6,21,6/21/2006,0.26811,6.0,0.26787,0.26798,0.26768,0.26769,0.26763,0.26771,0.26806,0.26986
2006-06-22,74.36666666666667,88.66666666666667,75.03333333333333,75.33333333333333,75.56666666666666,76.0,75.83333333333333,78.03333333333335,78.89999999999999,78.23333333333333,79.33333333333333,76.43333333333334,76.83333333333333,79.2,80.3,83.26666666666667,85.39999999999999,80.73333333333333,79.86666666666667,78.2,78.10000000000001,77.60000000000001,79.43333333333334,80.60000000000001,82.23333333333333,83.3,86.93333333333334,85.73333333333333,84.0,2006,6,22,6/22/2006,0.26824,6.0,0.26811,0.26787,0.26798,0.26768,0.26769,0.26763,0.26771,0.27022
2006-06-23,73.89999999999999,89.36666666666667,74.36666666666667,75.03333333333333,75.33333333333333,75.56666666666666,76.0,75.83333333333333,78.03333333333335,78.89999999999999,78.23333333333333,79.33333333333333,76.43333333333334,76.83333333333333,79.2,80.3,83.26666666666667,85.39999999999999,80.73333333333333,79.86666666666667,78.2,78.10000000000001,77.60000000000001,79.43333333333334,80.60000000000001,82.23333333333333,83.3,86.93333333333334,85.73333333333333,2006,6,23,6/23/2006,0.2681,6.0,0.26824,0.26811,0.26787,0.26798,0.26768,0.26769,0.26763,0.27052
2006-06-24,75.8,88.03333333333335,73.89999999999999,74.36666666666667,75.03333333333333,75.33333333333333,75.56666666666666,76.0,75.83333333333333,78.03333333333335,78.89999999999999,78.23333333333333,79.33333333333333,76.43333333333334,76.83333333333333,79.2,80.3,83.26666666666667,85.39999999999999,80.73333333333333,79.86666666666667,78.2,78.10000000000001,77.60000000000001,79.43333333333334,80.60000000000001,82.23333333333333,83.3,86.93333333333334,2006,6,24,6/24/2006,0.2682,6.0,0.2681,0.26824,0.26811,0.26787,0.26798,0.26768,0.26769,0.27073
2006-06-25,76.66666666666667,89.96666666666665,75.8,73.89999999999999,74.36666666666667,75.03333333333333,75.33333333333333,75.56666666666666,76.0,75.83333333333333,78.03333333333335,78.89999999999999,78.23333333333333,79.33333333333333,76.43333333333334,76.83333333333333,79.2,80.3,83.26666666666667,85.39999999999999,80.73333333333333,79.86666666666667,78.2,78.10000000000001,77.60000000000001,79.43333333333334,80.60000000000001,82.23333333333333,83.3,2006,6,25,6/25/2006,0.26825,6.0,0.2682,0.2681,0.26824,0.26811,0.26787,0.26798,0.26768,0.2704
2006-06-26,79.03333333333335,90.13333333333333,76.66666666666667,75.8,73.89999999999999,74.36666666666667,75.03333333333333,75.33333333333333,75.56666666666666,76.0,75.83333333333333,78.03333333333335,78.89999999999999,78.23333333333333,79.33333333333333,76.43333333333334,76.83333333333333,79.2,80.3,83.26666666666667,85.39999999999999,80.73333333333333,79.86666666666667,78.2,78.10000000000001,77.60000000000001,79.43333333333334,80.60000000000001,82.23333333333333,2006,6,26,6/26/2006,0.26797,6.0,0.26825,0.2682,0.2681,0.26824,0.26811,0.26787,0.26798,0.27007
2006-06-27,81.56666666666666,93.39999999999999,79.03333333333335,76.66666666666667,75.8,73.89999999999999,74.36666666666667,75.03333333333333,75.33333333333333,75.56666666666666,76.0,75.83333333333333,78.03333333333335,78.89999999999999,78.23333333333333,79.33333333333333,76.43333333333334,76.83333333333333,79.2,80.3,83.26666666666667,85.39999999999999,80.73333333333333,79.86666666666667,78.2,78.10000000000001,77.60000000000001,79.43333333333334,80.60000000000001,2006,6,27,6/27/2006,0.26805,6.0,0.26797,0.26825,0.2682,0.2681,0.26824,0.26811,0.26787,0.26964
2006-06-28,86.13333333333333,88.26666666666667,81.56666666666666,79.03333333333335,76.66666666666667,75.8,73.89999999999999,74.36666666666667,75.03333333333333,75.33333333333333,75.56666666666666,76.0,75.83333333333333,78.03333333333335,78.89999999999999,78.23333333333333,79.33333333333333,76.43333333333334,76.83333333333333,79.2,80.3,83.26666666666667,85.39999999999999,80.73333333333333,79.86666666666667,78.2,78.10000000000001,77.60000000000001,79.43333333333334,2006,6,28,6/28/2006,0.2684,6.0,0.26805,0.26797,0.26825,0.2682,0.2681,0.26824,0.26811,0.26911
2006-06-29,88.66666666666667,87.43333333333334,86.13333333333333,81.56666666666666,79.03333333333335,76.66666666666667,75.8,73.89999999999999,74.36666666666667,75.03333333333333,75.33333333333333,75.56666666666666,76.0,75.83333333333333,78.03333333333335,78.89999999999999,78.23333333333333,79.33333333333333,76.43333333333334,76.83333333333333,79.2,80.3,83.26666666666667,85.39999999999999,80.73333333333333,79.86666666666667,78.2,78.10000000000001,77.60000000000001,2006,6,29,6/29/2006,0.26888,6.0,0.2684,0.26805,0.26797,0.26825,0.2682,0.2681,0.26824,0.2689
2006-06-30,89.36666666666667,82.7,88.66666666666667,86.13333333333333,81.56666666666666,79.03333333333335,76.66666666666667,75.8,73.89999999999999,74.36666666666667,75.03333333333333,75.33333333333333,75.56666666666666,76.0,75.83333333333333,78.03333333333335,78.89999999999999,78.23333333333333,79.33333333333333,76.43333333333334,76.83333333333333,79.2,80.3,83.26666666666667,85.39999999999999,80.73333333333333,79.86666666666667,78.2,78.10000000000001,2006,6,30,6/30/2006,0.26936,6.0,0.26888,0.2684,0.26805,0.26797,0.26825,0.2682,0.2681,0.26847
2006-07-01,88.03333333333335,80.33333333333333,89.36666666666667,88.66666666666667,86.13333333333333,81.56666666666666,79.03333333333335,76.66666666666667,75.8,73.89999999999999,74.36666666666667,75.03333333333333,75.33333333333333,75.56666666666666,76.0,75.83333333333333,78.03333333333335,78.89999999999999,78.23333333333333,79.33333333333333,76.43333333333334,76.83333333333333,79.2,80.3,83.26666666666667,85.39999999999999,80.73333333333333,79.86666666666667,78.2,2006,7,1,7/01/2006,0.26966,6.0,0.26936,0.26888,0.2684,0.26805,0.26797,0.26825,0.2682,0.26823
2006-07-02,89.96666666666665,77.03333333333333,88.03333333333335,89.36666666666667,88.66666666666667,86.13333333333333,81.56666666666666,79.03333333333335,76.66666666666667,75.8,73.89999999999999,74.36666666666667,75.03333333333333,75.33333333333333,75.56666666666666,76.0,75.83333333333333,78.03333333333335,78.89999999999999,78.23333333333333,79.33333333333333,76.43333333333334,76.83333333333333,79.2,80.3,83.26666666666667,85.39999999999999,80.73333333333333,79.86666666666667,2006,7,2,7/02/2006,0.26998,6.0,0.26966,0.26936,0.26888,0.2684,0.26805,0.26797,0.26825,0.2686
2006-07-03,90.13333333333333,75.56666666666666,89.96666666666665,88.03333333333335,89.36666666666667,88.66666666666667,86.13333333333333,81.56666666666666,79.03333333333335,76.66666666666667,75.8,73.89999999999999,74.36666666666667,75.03333333333333,75.33333333333333,75.56666666666666,76.0,75.83333333333333,78.03333333333335,78.89999999999999,78.23333333333333,79.33333333333333,76.43333333333334,76.83333333333333,79.2,80.3,83.26666666666667,85.39999999999999,80.73333333333333,2006,7,3,7/03/2006,0.27,6.0,0.26998,0.26966,0.26936,0.26888,0.2684,0.26805,0.26797,0.26878
2006-07-04,93.39999999999999,73.89999999999999,90.13333333333333,89.96666666666665,88.03333333333335,89.36666666666667,88.66666666666667,86.13333333333333,81.56666666666666,79.03333333333335,76.66666666666667,75.8,73.89999999999999,74.36666666666667,75.03333333333333,75.33333333333333,75.56666666666666,76.0,75.83333333333333,78.03333333333335,78.89999999999999,78.23333333333333,79.33333333333333,76.43333333333334,76.83333333333333,79.2,80.3,83.26666666666667,85.39999999999999,2006,7,4,7/04/2006,0.26996,6.0,0.27,0.26998,0.26966,0.26936,0.26888,0.2684,0.26805,0.26892
2006-07-05,88.26666666666667,72.36666666666667,93.39999999999999,90.13333333333333,89.96666666666665,88.03333333333335,89.36666666666667,88.66666666666667,86.13333333333333,81.56666666666666,79.03333333333335,76.66666666666667,75.8,73.89999999999999,74.36666666666667,75.03333333333333,75.33333333333333,75.56666666666666,76.0,75.83333333333333,78.03333333333335,78.89999999999999,78.23333333333333,79.33333333333333,76.43333333333334,76.83333333333333,79.2,80.3,83.26666666666667,2006,7,5,7/05/2006,0.26976,6.0,0.26996,0.27,0.26998,0.26966,0.26936,0.26888,0.2684,0.26897
2006-07-06,87.43333333333334,72.56666666666666,88.26666666666667,93.39999999999999,90.13333333333333,89.96666666666665,88.03333333333335,89.36666666666667,88.66666666666667,86.13333333333333,81.56666666666666,79.03333333333335,76.66666666666667,75.8,73.89999999999999,74.36666666666667,75.03333333333333,75.33333333333333,75.56666666666666,76.0,75.83333333333333,78.03333333333335,78.89999999999999,78.23333333333333,79.33333333333333,76.43333333333334,76.83333333333333,79.2,80.3,2006,7,6,7/06/2006,0.26941,6.0,0.26976,0.26996,0.27,0.26998,0.26966,0.26936,0.26888,0.26902
2006-07-07,82.7,73.16666666666667,87.43333333333334,88.26666666666667,93.39999999999999,90.13333333333333,89.96666666666665,88.03333333333335,89.36666666666667,88.66666666666667,86.13333333333333,81.56666666666666,79.03333333333335,76.66666666666667,75.8,73.89999999999999,74.36666666666667,75.03333333333333,75.33333333333333,75.56666666666666,76.0,75.83333333333333,78.03333333333335,78.89999999999999,78.23333333333333,79.33333333333333,76.43333333333334,76.83333333333333,79.2,2006,7,7,7/07/2006,0.26927,6.0,0.26941,0.26976,0.26996,0.27,0.26998,0.26966,0.26936,0.26909
2006-07-08,80.33333333333333,72.8,82.7,87.43333333333334,88.26666666666667,93.39999999999999,90.13333333333333,89.96666666666665,88.03333333333335,89.36666666666667,88.66666666666667,86.13333333333333,81.56666666666666,79.03333333333335,76.66666666666667,75.8,73.89999999999999,74.36666666666667,75.03333333333333,75.33333333333333,75.56666666666666,76.0,75.83333333333333,78.03333333333335,78.89999999999999,78.23333333333333,79.33333333333333,76.43333333333334,76.83333333333333,2006,7,8,7/08/2006,0.2688,6.0,0.26927,0.26941,0.26976,0.26996,0.27,0.26998,0.26966,0.26892
2006-07-09,77.03333333333333,73.16666666666667,80.33333333333333,82.7,87.43333333333334,88.26666666666667,93.39999999999999,90.13333333333333,89.96666666666665,88.03333333333335,89.36666666666667,88.66666666666667,86.13333333333333,81.56666666666666,79.03333333333335,76.66666666666667,75.8,73.89999999999999,74.36666666666667,75.03333333333333,75.33333333333333,75.56666666666666,76.0,75.83333333333333,78.03333333333335,78.89999999999999,78.23333333333333,79.33333333333333,76.43333333333334,2006,7,9,7/09/2006,0.26842,6.0,0.2688,0.26927,0.26941,0.26976,0.26996,0.27,0.26998,0.26862
2006-07-10,75.56666666666666,73.3,77.03333333333333,80.33333333333333,82.7,87.43333333333334,88.26666666666667,93.39999999999999,90.13333333333333,89.96666666666665,88.03333333333335,89.36666666666667,88.66666666666667,86.13333333333333,81.56666666666666,79.03333333333335,76.66666666666667,75.8,73.89999999999999,74.36666666666667,75.03333333333333,75.33333333333333,75.56666666666666,76.0,75.83333333333333,78.03333333333335,78.89999999999999,78.23333333333333,79.33333333333333,2006,7,10,7/10/2006,0.26815,6.0,0.26842,0.2688,0.26927,0.26941,0.26976,0.26996,0.27,0.2686
2006-07-11,73.89999999999999,73.89999999999999,75.56666666666666,77.03333333333333,80.33333333333333,82.7,87.43333333333334,88.26666666666667,93.39999999999999,90.13333333333333,89.96666666666665,88.03333333333335,89.36666666666667,88.66666666666667,86.13333333333333,81.56666666666666,79.03333333333335,76.66666666666667,75.8,73.89999999999999,74.36666666666667,75.03333333333333,75.33333333333333,75.56666666666666,76.0,75.83333333333333,78.03333333333335,78.89999999999999,78.23333333333333,2006,7,11,7/11/2006,0.26787,6.0,0.26815,0.26842,0.2688,0.26927,0.26941,0.26976,0.26996,0.26806
2006-07-12,72.36666666666667,73.43333333333334,73.89999999999999,75.56666666666666,77.03333333333333,80.33333333333333,82.7,87.43333333333334,88.26666666666667,93.39999999999999,90.13333333333333,89.96666666666665,88.03333333333335,89.36666666666667,88.66666666666667,86.13333333333333,81.56666666666666,79.03333333333335,76.66666666666667,75.8,73.89999999999999,74.36666666666667,75.03333333333333,75.33333333333333,75.56666666666666,76.0,75.83333333333333,78.03333333333335,78.89999999999999,2006,7,12,7/12/2006,0.26755,6.0,0.26787,0.26815,0.26842,0.2688,0.26927,0.26941,0.26976,0.26771
2006-07-13,72.56666666666666,74.56666666666666,72.36666666666667,73.89999999999999,75.56666666666666,77.03333333333333,80.33333333333333,82.7,87.43333333333334,88.26666666666667,93.39999999999999,90.13333333333333,89.96666666666665,88.03333333333335,89.36666666666667,88.66666666666667,86.13333333333333,81.56666666666666,79.03333333333335,76.66666666666667,75.8,73.89999999999999,74.36666666666667,75.03333333333333,75.33333333333333,75.56666666666666,76.0,75.83333333333333,78.03333333333335,2006,7,13,7/13/2006,0.2673,6.0,0.26755,0.26787,0.26815,0.26842,0.2688,0.26927,0.26941,0.26763
2006-07-14,73.16666666666667,74.7,72.56666666666666,72.36666666666667,73.89999999999999,75.56666666666666,77.03333333333333,80.33333333333333,82.7,87.43333333333334,88.26666666666667,93.39999999999999,90.13333333333333,89.96666666666665,88.03333333333335,89.36666666666667,88.66666666666667,86.13333333333333,81.56666666666666,79.03333333333335,76.66666666666667,75.8,73.89999999999999,74.36666666666667,75.03333333333333,75.33333333333333,75.56666666666666,76.0,75.83333333333333,2006,7,14,7/14/2006,0.26758,6.0,0.2673,0.26755,0.26787,0.26815,0.26842,0.2688,0.26927,0.26769
2006-07-15,72.8,75.86666666666666,73.16666666666667,72.56666666666666,72.36666666666667,73.89999999999999,75.56666666666666,77.03333333333333,80.33333333333333,82.7,87.43333333333334,88.26666666666667,93.39999999999999,90.13333333333333,89.96666666666665,88.03333333333335,89.36666666666667,88.66666666666667,86.13333333333333,81.56666666666666,79.03333333333335,76.66666666666667,75.8,73.89999999999999,74.36666666666667,75.03333333333333,75.33333333333333,75.56666666666666,76.0,2006,7,15,7/15/2006,0.26754,6.0,0.26758,0.2673,0.26755,0.26787,0.26815,0.26842,0.2688,0.26768
2006-07-16,73.16666666666667,79.0,72.8,73.16666666666667,72.56666666666666,72.36666666666667,73.89999999999999,75.56666666666666,77.03333333333333,80.33333333333333,82.7,87.43333333333334,88.26666666666667,93.39999999999999,90.13333333333333,89.96666666666665,88.03333333333335,89.36666666666667,88.66666666666667,86.13333333333333,81.56666666666666,79.03333333333335,76.66666666666667,75.8,73.89999999999999,74.36666666666667,75.03333333333333,75.33333333333333,75.56666666666666,2006,7,16,7/16/2006,0.26757,6.0,0.26754,0.26758,0.2673,0.26755,0.26787,0.26815,0.26842,0.26798
2006-07-17,73.3,79.56666666666666,73.16666666666667,72.8,73.16666666666667,72.56666666666666,72.36666666666667,73.89999999999999,75.56666666666666,77.03333333333333,80.33333333333333,82.7,87.43333333333334,88.26666666666667,93.39999999999999,90.13333333333333,89.96666666666665,88.03333333333335,89.36666666666667,88.66666666666667,86.13333333333333,81.56666666666666,79.03333333333335,76.66666666666667,75.8,73.89999999999999,74.36666666666667,75.03333333333333,75.33333333333333,2006,7,17,7/17/2006,0.26757,6.0,0.26757,0.26754,0.26758,0.2673,0.26755,0.26787,0.26815,0.26787
2006-07-18,73.89999999999999,78.23333333333333,73.3,73.16666666666667,72.8,73.16666666666667,72.56666666666666,72.36666666666667,73.89999999999999,75.56666666666666,77.03333333333333,80.33333333333333,82.7,87.43333333333334,88.26666666666667,93.39999999999999,90.13333333333333,89.96666666666665,88.03333333333335,89.36666666666667,88.66666666666667,86.13333333333333,81.56666666666666,79.03333333333335,76.66666666666667,75.8,73.89999999999999,74.36666666666667,75.03333333333333,2006,7,18,7/18/2006,0.26756,6.0,0.26757,0.26757,0.26754,0.26758,0.2673,0.26755,0.26787,0.26811
2006-07-19,73.43333333333334,77.3,73.89999999999999,73.3,73.16666666666667,72.8,73.16666666666667,72.56666666666666,72.36666666666667,73.89999999999999,75.56666666666666,77.03333333333333,80.33333333333333,82.7,87.43333333333334,88.26666666666667,93.39999999999999,90.13333333333333,89.96666666666665,88.03333333333335,89.36666666666667,88.66666666666667,86.13333333333333,81.56666666666666,79.03333333333335,76.66666666666667,75.8,73.89999999999999,74.36666666666667,2006,7,19,7/19/2006,0.26753,6.0,0.26756,0.26757,0.26757,0.26754,0.26758,0.2673,0.26755,0.26824
2006-07-20,74.56666666666666,76.63333333333334,73.43333333333334,73.89999999999999,73.3,73.16666666666667,72.8,73.16666666666667,72.56666666666666,72.36666666666667,73.89999999999999,75.56666666666666,77.03333333333333,80.33333333333333,82.7,87.43333333333334,88.26666666666667,93.39999999999999,90.13333333333333,89.96666666666665,88.03333333333335,89.36666666666667,88.66666666666667,86.13333333333333,81.56666666666666,79.03333333333335,76.66666666666667,75.8,73.89999999999999,2006,7,20,7/20/2006,0.26765,6.0,0.26753,0.26756,0.26757,0.26757,0.26754,0.26758,0.2673,0.2681
2006-07-21,74.7,75.56666666666666,74.56666666666666,73.43333333333334,73.89999999999999,73.3,73.16666666666667,72.8,73.16666666666667,72.56666666666666,72.36666666666667,73.89999999999999,75.56666666666666,77.03333333333333,80.33333333333333,82.7,87.43333333333334,88.26666666666667,93.39999999999999,90.13333333333333,89.96666666666665,88.03333333333335,89.36666666666667,88.66666666666667,86.13333333333333,81.56666666666666,79.03333333333335,76.66666666666667,75.8,2006,7,21,7/21/2006,0.26765,6.0,0.26765,0.26753,0.26756,0.26757,0.26757,0.26754,0.26758,0.2682
2006-07-22,75.86666666666666,75.5,74.7,74.56666666666666,73.43333333333334,73.89999999999999,73.3,73.16666666666667,72.8,73.16666666666667,72.56666666666666,72.36666666666667,73.89999999999999,75.56666666666666,77.03333333333333,80.33333333333333,82.7,87.43333333333334,88.26666666666667,93.39999999999999,90.13333333333333,89.96666666666665,88.03333333333335,89.36666666666667,88.66666666666667,86.13333333333333,81.56666666666666,79.03333333333335,76.66666666666667,2006,7,22,7/22/2006,0.26784,6.0,0.26765,0.26765,0.26753,0.26756,0.26757,0.26757,0.26754,0.26825
2006-07-23,79.0,76.03333333333335,75.86666666666666,74.7,74.56666666666666,73.43333333333334,73.89999999999999,73.3,73.16666666666667,72.8,73.16666666666667,72.56666666666666,72.36666666666667,73.89999999999999,75.56666666666666,77.03333333333333,80.33333333333333,82.7,87.43333333333334,88.26666666666667,93.39999999999999,90.13333333333333,89.96666666666665,88.03333333333335,89.36666666666667,88.66666666666667,86.13333333333333,81.56666666666666,79.03333333333335,2006,7,23,7/23/2006,0.26791,6.0,0.26784,0.26765,0.26765,0.26753,0.26756,0.26757,0.26757,0.26797
2006-07-24,79.56666666666666,74.86666666666666,79.0,75.86666666666666,74.7,74.56666666666666,73.43333333333334,73.89999999999999,73.3,73.16666666666667,72.8,73.16666666666667,72.56666666666666,72.36666666666667,73.89999999999999,75.56666666666666,77.03333333333333,80.33333333333333,82.7,87.43333333333334,88.26666666666667,93.39999999999999,90.13333333333333,89.96666666666665,88.03333333333335,89.36666666666667,88.66666666666667,86.13333333333333,81.56666666666666,2006,7,24,7/24/2006,0.26811,6.0,0.26791,0.26784,0.26765,0.26765,0.26753,0.26756,0.26757,0.26805
2006-07-25,78.23333333333333,74.86666666666667,79.56666666666666,79.0,75.86666666666666,74.7,74.56666666666666,73.43333333333334,73.89999999999999,73.3,73.16666666666667,72.8,73.16666666666667,72.56666666666666,72.36666666666667,73.89999999999999,75.56666666666666,77.03333333333333,80.33333333333333,82.7,87.43333333333334,88.26666666666667,93.39999999999999,90.13333333333333,89.96666666666665,88.03333333333335,89.36666666666667,88.66666666666667,86.13333333333333,2006,7,25,7/25/2006,0.2683,6.0,0.26811,0.26791,0.26784,0.26765,0.26765,0.26753,0.26756,0.2684
2006-07-26,77.3,74.39999999999999,78.23333333333333,79.56666666666666,79.0,75.86666666666666,74.7,74.56666666666666,73.43333333333334,73.89999999999999,73.3,73.16666666666667,72.8,73.16666666666667,72.56666666666666,72.36666666666667,73.89999999999999,75.56666666666666,77.03333333333333,80.33333333333333,82.7,87.43333333333334,88.26666666666667,93.39999999999999,90.13333333333333,89.96666666666665,88.03333333333335,89.36666666666667,88.66666666666667,2006,7,26,7/26/2006,0.26868,6.0,0.2683,0.26811,0.26791,0.26784,0.26765,0.26765,0.26753,0.26888
2006-07-27,76.63333333333334,73.66666666666667,77.3,78.23333333333333,79.56666666666666,79.0,75.86666666666666,74.7,74.56666666666666,73.43333333333334,73.89999999999999,73.3,73.16666666666667,72.8,73.16666666666667,72.56666666666666,72.36666666666667,73.89999999999999,75.56666666666666,77.03333333333333,80.33333333333333,82.7,87.43333333333334,88.26666666666667,93.39999999999999,90.13333333333333,89.96666666666665,88.03333333333335,89.36666666666667,2006,7,27,7/27/2006,-999.0,0.0,0.26868,0.2683,0.26811,0.26791,0.26784,0.26765,0.26765,0.26936
2006-07-28,75.56666666666666,72.3,76.63333333333334,77.3,78.23333333333333,79.56666666666666,79.0,75.86666666666666,74.7,74.56666666666666,73.43333333333334,73.89999999999999,73.3,73.16666666666667,72.8,73.16666666666667,72.56666666666666,72.36666666666667,73.89999999999999,75.56666666666666,77.03333333333333,80.33333333333333,82.7,87.43333333333334,88.26666666666667,93.39999999999999,90.13333333333333,89.96666666666665,88.03333333333335,2006,7,28,7/28/2006,0.26895,6.0,-999.0,0.26868,0.2683,0.26811,0.26791,0.26784,0.26765,0.26966
2006-07-29,75.5,71.8,75.56666666666666,76.63333333333334,77.3,78.23333333333333,79.56666666666666,79.0,75.86666666666666,74.7,74.56666666666666,73.43333333333334,73.89999999999999,73.3,73.16666666666667,72.8,73.16666666666667,72.56666666666666,72.36666666666667,73.89999999999999,75.56666666666666,77.03333333333333,80.33333333333333,82.7,87.43333333333334,88.26666666666667,93.39999999999999,90.13333333333333,89.96666666666665,2006,7,29,7/29/2006,0.2688,6.0,0.26895,-999.0,0.26868,0.2683,0.26811,0.26791,0.26784,0.26998
2006-07-30,76.03333333333335,71.86666666666666,75.5,75.56666666666666,76.63333333333334,77.3,78.23333333333333,79.56666666666666,79.0,75.86666666666666,74.7,74.56666666666666,73.43333333333334,73.89999999999999,73.3,73.16666666666667,72.8,73.16666666666667,72.56666666666666,72.36666666666667,73.89999999999999,75.56666666666666,77.03333333333333,80.33333333333333,82.7,87.43333333333334,88.26666666666667,93.39999999999999,90.13333333333333,2006,7,30,7/30/2006,0.26893,6.0,0.2688,0.26895,-999.0,0.26868,0.2683,0.26811,0.26791,0.27
2006-07-31,74.86666666666666,71.93333333333334,76.03333333333335,75.5,75.56666666666666,76.63333333333334,77.3,78.23333333333333,79.56666666666666,79.0,75.86666666666666,74.7,74.56666666666666,73.43333333333334,73.89999999999999,73.3,73.16666666666667,72.8,73.16666666666667,72.56666666666666,72.36666666666667,73.89999999999999,75.56666666666666,77.03333333333333,80.33333333333333,82.7,87.43333333333334,88.26666666666667,93.39999999999999,2006,7,31,7/31/2006,0.26891,6.0,0.26893,0.2688,0.26895,-999.0,0.26868,0.2683,0.26811,0.26996
2006-08-01,74.86666666666667,73.46666666666667,74.86666666666666,76.03333333333335,75.5,75.56666666666666,76.63333333333334,77.3,78.23333333333333,79.56666666666666,79.0,75.86666666666666,74.7,74.56666666666666,73.43333333333334,73.89999999999999,73.3,73.16666666666667,72.8,73.16666666666667,72.56666666666666,72.36666666666667,73.89999999999999,75.56666666666666,77.03333333333333,80.33333333333333,82.7,87.43333333333334,88.26666666666667,2006,8,1,8/01/2006,0.26889,6.0,0.26891,0.26893,0.2688,0.26895,-999.0,0.26868,0.2683,0.26976
2006-08-02,74.39999999999999,76.06666666666666,74.86666666666667,74.86666666666666,76.03333333333335,75.5,75.56666666666666,76.63333333333334,77.3,78.23333333333333,79.56666666666666,79.0,75.86666666666666,74.7,74.56666666666666,73.43333333333334,73.89999999999999,73.3,73.16666666666667,72.8,73.16666666666667,72.56666666666666,72.36666666666667,73.89999999999999,75.56666666666666,77.03333333333333,80.33333333333333,82.7,87.43333333333334,2006,8,2,8/02/2006,0.26874,6.0,0.26889,0.26891,0.26893,0.2688,0.26895,-999.0,0.26868,0.26941
2006-08-03,73.66666666666667,82.7,74.39999999999999,74.86666666666667,74.86666666666666,76.03333333333335,75.5,75.56666666666666,76.63333333333334,77.3,78.23333333333333,79.56666666666666,79.0,75.86666666666666,74.7,74.56666666666666,73.43333333333334,73.89999999999999,73.3,73.16666666666667,72.8,73.16666666666667,72.56666666666666,72.36666666666667,73.89999999999999,75.56666666666666,77.03333333333333,80.33333333333333,82.7,2006,8,3,8/03/2006,0.26824,6.0,0.26874,0.26889,0.26891,0.26893,0.2688,0.26895,-999.0,0.26927
2006-08-04,72.3,86.86666666666667,73.66666666666667,74.39999999999999,74.86666666666667,74.86666666666666,76.03333333333335,75.5,75.56666666666666,76.63333333333334,77.3,78.23333333333333,79.56666666666666,79.0,75.86666666666666,74.7,74.56666666666666,73.43333333333334,73.89999999999999,73.3,73.16666666666667,72.8,73.16666666666667,72.56666666666666,72.36666666666667,73.89999999999999,75.56666666666666,77.03333333333333,80.33333333333333,2006,8,4,8/04/2006,0.26779,6.0,0.26824,0.26874,0.26889,0.26891,0.26893,0.2688,0.26895,0.2688
2006-08-05,71.8,87.5,72.3,73.66666666666667,74.39999999999999,74.86666666666667,74.86666666666666,76.03333333333335,75.5,75.56666666666666,76.63333333333334,77.3,78.23333333333333,79.56666666666666,79.0,75.86666666666666,74.7,74.56666666666666,73.43333333333334,73.89999999999999,73.3,73.16666666666667,72.8,73.16666666666667,72.56666666666666,72.36666666666667,73.89999999999999,75.56666666666666,77.03333333333333,2006,8,5,8/05/2006,0.26767,6.0,0.26779,0.26824,0.26874,0.26889,0.26891,0.26893,0.2688,0.26842
2006-08-06,71.86666666666666,88.53333333333335,71.8,72.3,73.66666666666667,74.39999999999999,74.86666666666667,74.86666666666666,76.03333333333335,75.5,75.56666666666666,76.63333333333334,77.3,78.23333333333333,79.56666666666666,79.0,75.86666666666666,74.7,74.56666666666666,73.43333333333334,73.89999999999999,73.3,73.16666666666667,72.8,73.16666666666667,72.56666666666666,72.36666666666667,73.89999999999999,75.56666666666666,2006,8,6,8/06/2006,0.26694,6.0,0.26767,0.26779,0.26824,0.26874,0.26889,0.26891,0.26893,0.26815
2006-08-08,73.46666666666667,88.43333333333334,71.93333333333334,71.86666666666666,71.8,72.3,73.66666666666667,74.39999999999999,74.86666666666667,74.86666666666666,76.03333333333335,75.5,75.56666666666666,76.63333333333334,77.3,78.23333333333333,79.56666666666666,79.0,75.86666666666666,74.7,74.56666666666666,73.43333333333334,73.89999999999999,73.3,73.16666666666667,72.8,73.16666666666667,72.56666666666666,72.36666666666667,2006,8,8,8/08/2006,0.26709,6.0,0.26694,0.26767,0.26779,0.26824,0.26874,0.26889,0.26891,0.26787
2006-08-09,76.06666666666666,102.36666666666667,73.46666666666667,71.93333333333334,71.86666666666666,71.8,72.3,73.66666666666667,74.39999999999999,74.86666666666667,74.86666666666666,76.03333333333335,75.5,75.56666666666666,76.63333333333334,77.3,78.23333333333333,79.56666666666666,79.0,75.86666666666666,74.7,74.56666666666666,73.43333333333334,73.89999999999999,73.3,73.16666666666667,72.8,73.16666666666667,72.56666666666666,2006,8,9,8/09/2006,0.26736,6.0,0.26709,0.26694,0.26767,0.26779,0.26824,0.26874,0.26889,0.26755
2006-08-10,82.7,88.83333333333333,76.06666666666666,73.46666666666667,71.93333333333334,71.86666666666666,71.8,72.3,73.66666666666667,74.39999999999999,74.86666666666667,74.86666666666666,76.03333333333335,75.5,75.56666666666666,76.63333333333334,77.3,78.23333333333333,79.56666666666666,79.0,75.86666666666666,74.7,74.56666666666666,73.43333333333334,73.89999999999999,73.3,73.16666666666667,72.8,73.16666666666667,2006,8,10,8/10/2006,0.26762,6.0,0.26736,0.26709,0.26694,0.26767,0.26779,0.26824,0.26874,0.2673
2006-08-11,86.86666666666667,91.33333333333333,82.7,76.06666666666666,73.46666666666667,71.93333333333334,71.86666666666666,71.8,72.3,73.66666666666667,74.39999999999999,74.86666666666667,74.86666666666666,76.03333333333335,75.5,75.56666666666666,76.63333333333334,77.3,78.23333333333333,79.56666666666666,79.0,75.86666666666666,74.7,74.56666666666666,73.43333333333334,73.89999999999999,73.3,73.16666666666667,72.8,2006,8,11,8/11/2006,0.26794,6.0,0.26762,0.26736,0.26709,0.26694,0.26767,0.26779,0.26824,0.26758
2006-08-12,87.5,90.63333333333333,86.86666666666667,82.7,76.06666666666666,73.46666666666667,71.93333333333334,71.86666666666666,71.8,72.3,73.66666666666667,74.39999999999999,74.86666666666667,74.86666666666666,76.03333333333335,75.5,75.56666666666666,76.63333333333334,77.3,78.23333333333333,79.56666666666666,79.0,75.86666666666666,74.7,74.56666666666666,73.43333333333334,73.89999999999999,73.3,73.16666666666667,2006,8,12,8/12/2006,0.26792,6.0,0.26794,0.26762,0.26736,0.26709,0.26694,0.26767,0.26779,0.26754
2006-08-13,88.53333333333335,89.63333333333333,87.5,86.86666666666667,82.7,76.06666666666666,73.46666666666667,71.93333333333334,71.86666666666666,71.8,72.3,73.66666666666667,74.39999999999999,74.86666666666667,74.86666666666666,76.03333333333335,75.5,75.56666666666666,76.63333333333334,77.3,78.23333333333333,79.56666666666666,79.0,75.86666666666666,74.7,74.56666666666666,73.43333333333334,73.89999999999999,73.3,2006,8,13,8/13/2006,0.26815,6.0,0.26792,0.26794,0.26762,0.26736,0.26709,0.26694,0.26767,0.26757
2006-08-14,88.39999999999999,88.39999999999999,88.53333333333335,87.5,86.86666666666667,82.7,76.06666666666666,73.46666666666667,71.93333333333334,71.86666666666666,71.8,72.3,73.66666666666667,74.39999999999999,74.86666666666667,74.86666666666666,76.03333333333335,75.5,75.56666666666666,76.63333333333334,77.3,78.23333333333333,79.56666666666666,79.0,75.86666666666666,74.7,74.56666666666666,73.43333333333334,73.89999999999999,2006,8,14,8/14/2006,0.26834,6.0,0.26815,0.26792,0.26794,0.26762,0.26736,0.26709,0.26694,0.26757
2006-08-15,88.43333333333334,83.7,88.39999999999999,88.53333333333335,87.5,86.86666666666667,82.7,76.06666666666666,73.46666666666667,71.93333333333334,71.86666666666666,71.8,72.3,73.66666666666667,74.39999999999999,74.86666666666667,74.86666666666666,76.03333333333335,75.5,75.56666666666666,76.63333333333334,77.3,78.23333333333333,79.56666666666666,79.0,75.86666666666666,74.7,74.56666666666666,73.43333333333334,2006,8,15,8/15/2006,0.2685,6.0,0.26834,0.26815,0.26792,0.26794,0.26762,0.26736,0.26709,0.26756
2006-08-16,102.36666666666667,80.3,88.43333333333334,88.39999999999999,88.53333333333335,87.5,86.86666666666667,82.7,76.06666666666666,73.46666666666667,71.93333333333334,71.86666666666666,71.8,72.3,73.66666666666667,74.39999999999999,74.86666666666667,74.86666666666666,76.03333333333335,75.5,75.56666666666666,76.63333333333334,77.3,78.23333333333333,79.56666666666666,79.0,75.86666666666666,74.7,74.56666666666666,2006,8,16,8/16/2006,0.26879,6.0,0.2685,0.26834,0.26815,0.26792,0.26794,0.26762,0.26736,0.26753
2006-08-17,88.83333333333333,79.80000000000001,102.36666666666667,88.43333333333334,88.39999999999999,88.53333333333335,87.5,86.86666666666667,82.7,76.06666666666666,73.46666666666667,71.93333333333334,71.86666666666666,71.8,72.3,73.66666666666667,74.39999999999999,74.86666666666667,74.86666666666666,76.03333333333335,75.5,75.56666666666666,76.63333333333334,77.3,78.23333333333333,79.56666666666666,79.0,75.86666666666666,74.7,2006,8,17,8/17/2006,0.269,6.0,0.26879,0.2685,0.26834,0.26815,0.26792,0.26794,0.26762,0.26765
2006-08-18,91.33333333333333,78.43333333333334,88.83333333333333,102.36666666666667,88.43333333333334,88.39999999999999,88.53333333333335,87.5,86.86666666666667,82.7,76.06666666666666,73.46666666666667,71.93333333333334,71.86666666666666,71.8,72.3,73.66666666666667,74.39999999999999,74.86666666666667,74.86666666666666,76.03333333333335,75.5,75.56666666666666,76.63333333333334,77.3,78.23333333333333,79.56666666666666,79.0,75.86666666666666,2006,8,18,8/18/2006,0.26884,6.0,0.269,0.26879,0.2685,0.26834,0.26815,0.26792,0.26794,0.26765
2006-08-19,90.63333333333333,80.43333333333334,91.33333333333333,88.83333333333333,102.36666666666667,88.43333333333334,88.39999999999999,88.53333333333335,87.5,86.86666666666667,82.7,76.06666666666666,73.46666666666667,71.93333333333334,71.86666666666666,71.8,72.3,73.66666666666667,74.39999999999999,74.86666666666667,74.86666666666666,76.03333333333335,75.5,75.56666666666666,76.63333333333334,77.3,78.23333333333333,79.56666666666666,79.0,2006,8,19,8/19/2006,0.26875,6.0,0.26884,0.269,0.26879,0.2685,0.26834,0.26815,0.26792,0.26784
2006-08-20,89.63333333333333,80.83333333333333,90.63333333333333,91.33333333333333,88.83333333333333,102.36666666666667,88.43333333333334,88.39999999999999,88.53333333333335,87.5,86.86666666666667,82.7,76.06666666666666,73.46666666666667,71.93333333333334,71.86666666666666,71.8,72.3,73.66666666666667,74.39999999999999,74.86666666666667,74.86666666666666,76.03333333333335,75.5,75.56666666666666,76.63333333333334,77.3,78.23333333333333,79.56666666666666,2006,8,20,8/20/2006,0.2689,6.0,0.26875,0.26884,0.269,0.26879,0.2685,0.26834,0.26815,0.26791
2006-08-21,88.39999999999999,78.10000000000001,89.63333333333333,90.63333333333333,91.33333333333333,88.83333333333333,102.36666666666667,88.43333333333334,88.39999999999999,88.53333333333335,87.5,86.86666666666667,82.7,76.06666666666666,73.46666666666667,71.93333333333334,71.86666666666666,71.8,72.3,73.66666666666667,74.39999999999999,74.86666666666667,74.86666666666666,76.03333333333335,75.5,75.56666666666666,76.63333333333334,77.3,78.23333333333333,2006,8,21,8/21/2006,0.26861,6.0,0.2689,0.26875,0.26884,0.269,0.26879,0.2685,0.26834,0.26811
2006-08-22,83.7,75.56666666666666,88.39999999999999,89.63333333333333,90.63333333333333,91.33333333333333,88.83333333333333,102.36666666666667,88.43333333333334,88.39999999999999,88.53333333333335,87.5,86.86666666666667,82.7,76.06666666666666,73.46666666666667,71.93333333333334,71.86666666666666,71.8,72.3,73.66666666666667,74.39999999999999,74.86666666666667,74.86666666666666,76.03333333333335,75.5,75.56666666666666,76.63333333333334,77.3,2006,8,22,8/22/2006,0.26848,6.0,0.26861,0.2689,0.26875,0.26884,0.269,0.26879,0.2685,0.2683
2006-08-23,80.3,76.3,83.7,88.39999999999999,89.63333333333333,90.63333333333333,91.33333333333333,88.83333333333333,102.36666666666667,88.43333333333334,88.39999999999999,88.53333333333335,87.5,86.86666666666667,82.7,76.06666666666666,73.46666666666667,71.93333333333334,71.86666666666666,71.8,72.3,73.66666666666667,74.39999999999999,74.86666666666667,74.86666666666666,76.03333333333335,75.5,75.56666666666666,76.63333333333334,2006,8,23,8/23/2006,0.26851,6.0,0.26848,0.26861,0.2689,0.26875,0.26884,0.269,0.26879,0.26868
2006-08-24,79.80000000000001,80.43333333333334,80.3,83.7,88.39999999999999,89.63333333333333,90.63333333333333,91.33333333333333,88.83333333333333,102.36666666666667,88.43333333333334,88.39999999999999,88.53333333333335,87.5,86.86666666666667,82.7,76.06666666666666,73.46666666666667,71.93333333333334,71.86666666666666,71.8,72.3,73.66666666666667,74.39999999999999,74.86666666666667,74.86666666666666,76.03333333333335,75.5,75.56666666666666,2006,8,24,8/24/2006,0.26882,6.0,0.26851,0.26848,0.26861,0.2689,0.26875,0.26884,0.269,-999.0
2006-08-25,78.43333333333334,77.86666666666666,79.80000000000001,80.3,83.7,88.39999999999999,89.63333333333333,90.63333333333333,91.33333333333333,88.83333333333333,102.36666666666667,88.43333333333334,88.39999999999999,88.53333333333335,87.5,86.86666666666667,82.7,76.06666666666666,73.46666666666667,71.93333333333334,71.86666666666666,71.8,72.3,73.66666666666667,74.39999999999999,74.86666666666667,74.86666666666666,76.03333333333335,75.5,2006,8,25,8/25/2006,0.26864,6.0,0.26882,0.26851,0.26848,0.26861,0.2689,0.26875,0.26884,0.26895
2006-08-26,80.43333333333334,76.86666666666667,78.43333333333334,79.80000000000001,80.3,83.7,88.39999999999999,89.63333333333333,90.63333333333333,91.33333333333333,88.83333333333333,102.36666666666667,88.43333333333334,88.39999999999999,88.53333333333335,87.5,86.86666666666667,82.7,76.06666666666666,73.46666666666667,71.93333333333334,71.86666666666666,71.8,72.3,73.66666666666667,74.39999999999999,74.86666666666667,74.86666666666666,76.03333333333335,2006,8,26,8/26/2006,0.26874,6.0,0.26864,0.26882,0.26851,0.26848,0.26861,0.2689,0.26875,0.2688
2006-08-27,80.83333333333333,77.8,80.43333333333334,78.43333333333334,79.80000000000001,80.3,83.7,88.39999999999999,89.63333333333333,90.63333333333333,91.33333333333333,88.83333333333333,102.36666666666667,88.43333333333334,88.39999999999999,88.53333333333335,87.5,86.86666666666667,82.7,76.06666666666666,73.46666666666667,71.93333333333334,71.86666666666666,71.8,72.3,73.66666666666667,74.39999999999999,74.86666666666667,74.86666666666666,2006,8,27,8/27/2006,0.26898,6.0,0.26874,0.26864,0.26882,0.26851,0.26848,0.26861,0.2689,0.26893
2006-08-28,78.10000000000001,80.63333333333334,80.83333333333333,80.43333333333334,78.43333333333334,79.80000000000001,80.3,83.7,88.39999999999999,89.63333333333333,90.63333333333333,91.33333333333333,88.83333333333333,102.36666666666667,88.43333333333334,88.39999999999999,88.53333333333335,87.5,86.86666666666667,82.7,76.06666666666666,73.46666666666667,71.93333333333334,71.86666666666666,71.8,72.3,73.66666666666667,74.39999999999999,74.86666666666667,2006,8,28,8/28/2006,0.26863,6.0,0.26898,0.26874,0.26864,0.26882,0.26851,0.26848,0.26861,0.26891
2006-08-29,75.56666666666666,81.5,78.10000000000001,80.83333333333333,80.43333333333334,78.43333333333334,79.80000000000001,80.3,83.7,88.39999999999999,89.63333333333333,90.63333333333333,91.33333333333333,88.83333333333333,102.36666666666667,88.43333333333334,88.39999999999999,88.53333333333335,87.5,86.86666666666667,82.7,76.06666666666666,73.46666666666667,71.93333333333334,71.86666666666666,71.8,72.3,73.66666666666667,74.39999999999999,2006,8,29,8/29/2006,0.26841,6.0,0.26863,0.26898,0.26874,0.26864,0.26882,0.26851,0.26848,0.26889
2006-08-30,76.3,85.53333333333335,75.56666666666666,78.10000000000001,80.83333333333333,80.43333333333334,78.43333333333334,79.80000000000001,80.3,83.7,88.39999999999999,89.63333333333333,90.63333333333333,91.33333333333333,88.83333333333333,102.36666666666667,88.43333333333334,88.39999999999999,88.53333333333335,87.5,86.86666666666667,82.7,76.06666666666666,73.46666666666667,71.93333333333334,71.86666666666666,71.8,72.3,73.66666666666667,2006,8,30,8/30/2006,0.26839,6.0,0.26841,0.26863,0.26898,0.26874,0.26864,0.26882,0.26851,0.26874
2006-08-31,80.43333333333334,88.66666666666667,76.3,75.56666666666666,78.10000000000001,80.83333333333333,80.43333333333334,78.43333333333334,79.80000000000001,80.3,83.7,88.39999999999999,89.63333333333333,90.63333333333333,91.33333333333333,88.83333333333333,102.36666666666667,88.43333333333334,88.39999999999999,88.53333333333335,87.5,86.86666666666667,82.7,76.06666666666666,73.46666666666667,71.93333333333334,71.86666666666666,71.8,72.3,2006,8,31,8/31/2006,0.26781,6.0,0.26839,0.26841,0.26863,0.26898,0.26874,0.26864,0.26882,0.26824
2006-09-01,77.86666666666666,89.2,80.43333333333334,76.3,75.56666666666666,78.10000000000001,80.83333333333333,80.43333333333334,78.43333333333334,79.80000000000001,80.3,83.7,88.39999999999999,89.63333333333333,90.63333333333333,91.33333333333333,88.83333333333333,102.36666666666667,88.43333333333334,88.39999999999999,88.53333333333335,87.5,86.86666666666667,82.7,76.06666666666666,73.46666666666667,71.93333333333334,71.86666666666666,71.8,2006,9,1,9/01/2006,0.26763,6.0,0.26781,0.26839,0.26841,0.26863,0.26898,0.26874,0.26864,0.26779
2006-09-02,76.86666666666667,87.46666666666665,77.86666666666666,80.43333333333334,76.3,75.56666666666666,78.10000000000001,80.83333333333333,80.43333333333334,78.43333333333334,79.80000000000001,80.3,83.7,88.39999999999999,89.63333333333333,90.63333333333333,91.33333333333333,88.83333333333333,102.36666666666667,88.43333333333334,88.39999999999999,88.53333333333335,87.5,86.86666666666667,82.7,76.06666666666666,73.46666666666667,71.93333333333334,71.86666666666666,2006,9,2,9/02/2006,0.26713,6.0,0.26763,0.26781,0.26839,0.26841,0.26863,0.26898,0.26874,0.26767
2006-09-03,77.8,88.63333333333333,76.86666666666667,77.86666666666666,80.43333333333334,76.3,75.56666666666666,78.10000000000001,80.83333333333333,80.43333333333334,78.43333333333334,79.80000000000001,80.3,83.7,88.39999999999999,89.63333333333333,90.63333333333333,91.33333333333333,88.83333333333333,102.36666666666667,88.43333333333334,88.39999999999999,88.53333333333335,87.5,86.86666666666667,82.7,76.06666666666666,73.46666666666667,71.93333333333334,2006,9,3,9/03/2006,0.26687,6.0,0.26713,0.26763,0.26781,0.26839,0.26841,0.26863,0.26898,0.26694
2006-09-04,80.63333333333334,86.06666666666666,77.8,76.86666666666667,77.86666666666666,80.43333333333334,76.3,75.56666666666666,78.10000000000001,80.83333333333333,80.43333333333334,78.43333333333334,79.80000000000001,80.3,83.7,88.39999999999999,89.63333333333333,90.63333333333333,91.33333333333333,88.83333333333333,102.36666666666667,88.43333333333334,88.39999999999999,88.53333333333335,87.5,86.86666666666667,82.7,76.06666666666666,73.46666666666667,2006,9,4,9/04/2006,0.26726,6.0,0.26687,0.26713,0.26763,0.26781,0.26839,0.26841,0.26863,0.26709
2006-09-05,81.5,86.0,80.63333333333334,77.8,76.86666666666667,77.86666666666666,80.43333333333334,76.3,75.56666666666666,78.10000000000001,80.83333333333333,80.43333333333334,78.43333333333334,79.80000000000001,80.3,83.7,88.39999999999999,89.63333333333333,90.63333333333333,91.33333333333333,88.83333333333333,102.36666666666667,88.43333333333334,88.39999999999999,88.53333333333335,87.5,86.86666666666667,82.7,76.06666666666666,2006,9,5,9/05/2006,0.26759,6.0,0.26726,0.26687,0.26713,0.26763,0.26781,0.26839,0.26841,0.26736
2006-09-06,85.53333333333335,84.2,81.5,80.63333333333334,77.8,76.86666666666667,77.86666666666666,80.43333333333334,76.3,75.56666666666666,78.10000000000001,80.83333333333333,80.43333333333334,78.43333333333334,79.80000000000001,80.3,83.7,88.39999999999999,89.63333333333333,90.63333333333333,91.33333333333333,88.83333333333333,102.36666666666667,88.43333333333334,88.39999999999999,88.53333333333335,87.5,86.86666666666667,82.7,2006,9,6,9/06/2006,0.26847,6.0,0.26759,0.26726,0.26687,0.26713,0.26763,0.26781,0.26839,0.26762
2006-09-07,88.66666666666667,84.3,85.53333333333335,81.5,80.63333333333334,77.8,76.86666666666667,77.86666666666666,80.43333333333334,76.3,75.56666666666666,78.10000000000001,80.83333333333333,80.43333333333334,78.43333333333334,79.80000000000001,80.3,83.7,88.39999999999999,89.63333333333333,90.63333333333333,91.33333333333333,88.83333333333333,102.36666666666667,88.43333333333334,88.39999999999999,88.53333333333335,87.5,86.86666666666667,2006,9,7,9/07/2006,0.26939,6.0,0.26847,0.26759,0.26726,0.26687,0.26713,0.26763,0.26781,0.26794
2006-09-08,89.2,81.60000000000001,88.66666666666667,85.53333333333335,81.5,80.63333333333334,77.8,76.86666666666667,77.86666666666666,80.43333333333334,76.3,75.56666666666666,78.10000000000001,80.83333333333333,80.43333333333334,78.43333333333334,79.80000000000001,80.3,83.7,88.39999999999999,89.63333333333333,90.63333333333333,91.33333333333333,88.83333333333333,102.36666666666667,88.43333333333334,88.39999999999999,88.53333333333335,87.5,2006,9,8,9/08/2006,0.26999,6.0,0.26939,0.26847,0.26759,0.26726,0.26687,0.26713,0.26763,0.26792
2006-09-10,88.63333333333333,78.5,87.46666666666665,89.2,88.66666666666667,85.53333333333335,81.5,80.63333333333334,77.8,76.86666666666667,77.86666666666666,80.43333333333334,76.3,75.56666666666666,78.10000000000001,80.83333333333333,80.43333333333334,78.43333333333334,79.80000000000001,80.3,83.7,88.39999999999999,89.63333333333333,90.63333333333333,91.33333333333333,88.83333333333333,102.36666666666667,88.43333333333334,88.39999999999999,2006,9,10,9/10/2006,0.27009,6.0,0.26999,0.26939,0.26847,0.26759,0.26726,0.26687,0.26713,0.26815
2006-09-11,86.06666666666666,75.43333333333334,88.63333333333333,87.46666666666665,89.2,88.66666666666667,85.53333333333335,81.5,80.63333333333334,77.8,76.86666666666667,77.86666666666666,80.43333333333334,76.3,75.56666666666666,78.10000000000001,80.83333333333333,80.43333333333334,78.43333333333334,79.80000000000001,80.3,83.7,88.39999999999999,89.63333333333333,90.63333333333333,91.33333333333333,88.83333333333333,102.36666666666667,88.43333333333334,2006,9,11,9/11/2006,0.27012,6.0,0.27009,0.26999,0.26939,0.26847,0.26759,0.26726,0.26687,0.26834
2006-09-12,86.0,74.16666666666667,86.06666666666666,88.63333333333333,87.46666666666665,89.2,88.66666666666667,85.53333333333335,81.5,80.63333333333334,77.8,76.86666666666667,77.86666666666666,80.43333333333334,76.3,75.56666666666666,78.10000000000001,80.83333333333333,80.43333333333334,78.43333333333334,79.80000000000001,80.3,83.7,88.39999999999999,89.63333333333333,90.63333333333333,91.33333333333333,88.83333333333333,102.36666666666667,2006,9,12,9/12/2006,0.26987,6.0,0.27012,0.27009,0.26999,0.26939,0.26847,0.26759,0.26726,0.2685
2006-09-13,84.2,72.23333333333333,86.0,86.06666666666666,88.63333333333333,87.46666666666665,89.2,88.66666666666667,85.53333333333335,81.5,80.63333333333334,77.8,76.86666666666667,77.86666666666666,80.43333333333334,76.3,75.56666666666666,78.10000000000001,80.83333333333333,80.43333333333334,78.43333333333334,79.80000000000001,80.3,83.7,88.39999999999999,89.63333333333333,90.63333333333333,91.33333333333333,88.83333333333333,2006,9,13,9/13/2006,0.2697,6.0,0.26987,0.27012,0.27009,0.26999,0.26939,0.26847,0.26759,0.26879
2006-09-14,84.3,72.7,84.2,86.0,86.06666666666666,88.63333333333333,87.46666666666665,89.2,88.66666666666667,85.53333333333335,81.5,80.63333333333334,77.8,76.86666666666667,77.86666666666666,80.43333333333334,76.3,75.56666666666666,78.10000000000001,80.83333333333333,80.43333333333334,78.43333333333334,79.80000000000001,80.3,83.7,88.39999999999999,89.63333333333333,90.63333333333333,91.33333333333333,2006,9,14,9/14/2006,0.26928,6.0,0.2697,0.26987,0.27012,0.27009,0.26999,0.26939,0.26847,0.269
2006-09-15,81.60000000000001,72.96666666666667,84.3,84.2,86.0,86.06666666666666,88.63333333333333,87.46666666666665,89.2,88.66666666666667,85.53333333333335,81.5,80.63333333333334,77.8,76.86666666666667,77.86666666666666,80.43333333333334,76.3,75.56666666666666,78.10000000000001,80.83333333333333,80.43333333333334,78.43333333333334,79.80000000000001,80.3,83.7,88.39999999999999,89.63333333333333,90.63333333333333,2006,9,15,9/15/2006,0.26853,6.0,0.26928,0.2697,0.26987,0.27012,0.27009,0.26999,0.26939,0.26884
2006-09-16,80.06666666666666,70.76666666666667,81.60000000000001,84.3,84.2,86.0,86.06666666666666,88.63333333333333,87.46666666666665,89.2,88.66666666666667,85.53333333333335,81.5,80.63333333333334,77.8,76.86666666666667,77.86666666666666,80.43333333333334,76.3,75.56666666666666,78.10000000000001,80.83333333333333,80.43333333333334,78.43333333333334,79.80000000000001,80.3,83.7,88.39999999999999,89.63333333333333,2006,9,16,9/16/2006,0.26783,6.0,0.26853,0.26928,0.2697,0.26987,0.27012,0.27009,0.26999,0.26875
2006-09-17,78.5,70.23333333333333,80.06666666666666,81.60000000000001,84.3,84.2,86.0,86.06666666666666,88.63333333333333,87.46666666666665,89.2,88.66666666666667,85.53333333333335,81.5,80.63333333333334,77.8,76.86666666666667,77.86666666666666,80.43333333333334,76.3,75.56666666666666,78.10000000000001,80.83333333333333,80.43333333333334,78.43333333333334,79.80000000000001,80.3,83.7,88.39999999999999,2006,9,17,9/17/2006,0.26797,6.0,0.26783,0.26853,0.26928,0.2697,0.26987,0.27012,0.27009,0.2689
2006-09-18,75.43333333333334,70.76666666666667,78.5,80.06666666666666,81.60000000000001,84.3,84.2,86.0,86.06666666666666,88.63333333333333,87.46666666666665,89.2,88.66666666666667,85.53333333333335,81.5,80.63333333333334,77.8,76.86666666666667,77.86666666666666,80.43333333333334,76.3,75.56666666666666,78.10000000000001,80.83333333333333,80.43333333333334,78.43333333333334,79.80000000000001,80.3,83.7,2006,9,18,9/18/2006,0.26787,6.0,0.26797,0.26783,0.26853,0.26928,0.2697,0.26987,0.27012,0.26861
2006-09-19,74.16666666666667,71.16666666666667,75.43333333333334,78.5,80.06666666666666,81.60000000000001,84.3,84.2,86.0,86.06666666666666,88.63333333333333,87.46666666666665,89.2,88.66666666666667,85.53333333333335,81.5,80.63333333333334,77.8,76.86666666666667,77.86666666666666,80.43333333333334,76.3,75.56666666666666,78.10000000000001,80.83333333333333,80.43333333333334,78.43333333333334,79.80000000000001,80.3,2006,9,19,9/19/2006,0.26797,6.0,0.26787,0.26797,0.26783,0.26853,0.26928,0.2697,0.26987,0.26848
2006-09-20,72.23333333333333,72.46666666666667,74.16666666666667,75.43333333333334,78.5,80.06666666666666,81.60000000000001,84.3,84.2,86.0,86.06666666666666,88.63333333333333,87.46666666666665,89.2,88.66666666666667,85.53333333333335,81.5,80.63333333333334,77.8,76.86666666666667,77.86666666666666,80.43333333333334,76.3,75.56666666666666,78.10000000000001,80.83333333333333,80.43333333333334,78.43333333333334,79.80000000000001,2006,9,20,9/20/2006,0.26789,6.0,0.26797,0.26787,0.26797,0.26783,0.26853,0.26928,0.2697,0.26851
2006-09-21,72.7,73.86666666666666,72.23333333333333,74.16666666666667,75.43333333333334,78.5,80.06666666666666,81.60000000000001,84.3,84.2,86.0,86.06666666666666,88.63333333333333,87.46666666666665,89.2,88.66666666666667,85.53333333333335,81.5,80.63333333333334,77.8,76.86666666666667,77.86666666666666,80.43333333333334,76.3,75.56666666666666,78.10000000000001,80.83333333333333,80.43333333333334,78.43333333333334,2006,9,21,9/21/2006,0.26826,6.0,0.26789,0.26797,0.26787,0.26797,0.26783,0.26853,0.26928,0.26882
2006-09-22,72.96666666666667,76.56666666666666,72.7,72.23333333333333,74.16666666666667,75.43333333333334,78.5,80.06666666666666,81.60000000000001,84.3,84.2,86.0,86.06666666666666,88.63333333333333,87.46666666666665,89.2,88.66666666666667,85.53333333333335,81.5,80.63333333333334,77.8,76.86666666666667,77.86666666666666,80.43333333333334,76.3,75.56666666666666,78.10000000000001,80.83333333333333,80.43333333333334,2006,9,22,9/22/2006,0.26819,6.0,0.26826,0.26789,0.26797,0.26787,0.26797,0.26783,0.26853,0.26864
2006-09-23,70.76666666666667,77.96666666666667,72.96666666666667,72.7,72.23333333333333,74.16666666666667,75.43333333333334,78.5,80.06666666666666,81.60000000000001,84.3,84.2,86.0,86.06666666666666,88.63333333333333,87.46666666666665,89.2,88.66666666666667,85.53333333333335,81.5,80.63333333333334,77.8,76.86666666666667,77.86666666666666,80.43333333333334,76.3,75.56666666666666,78.10000000000001,80.83333333333333,2006,9,23,9/23/2006,-999.0,0.0,0.26819,0.26826,0.26789,0.26797,0.26787,0.26797,0.26783,0.26874
2006-09-24,70.23333333333333,78.46666666666667,70.76666666666667,72.96666666666667,72.7,72.23333333333333,74.16666666666667,75.43333333333334,78.5,80.06666666666666,81.60000000000001,84.3,84.2,86.0,86.06666666666666,88.63333333333333,87.46666666666665,89.2,88.66666666666667,85.53333333333335,81.5,80.63333333333334,77.8,76.86666666666667,77.86666666666666,80.43333333333334,76.3,75.56666666666666,78.10000000000001,2006,9,24,9/24/2006,0.26771,6.0,-999.0,0.26819,0.26826,0.26789,0.26797,0.26787,0.26797,0.26898
2006-09-25,70.76666666666667,78.06666666666666,70.23333333333333,70.76666666666667,72.96666666666667,72.7,72.23333333333333,74.16666666666667,75.43333333333334,78.5,80.06666666666666,81.60000000000001,84.3,84.2,86.0,86.06666666666666,88.63333333333333,87.46666666666665,89.2,88.66666666666667,85.53333333333335,81.5,80.63333333333334,77.8,76.86666666666667,77.86666666666666,80.43333333333334,76.3,75.56666666666666,2006,9,25,9/25/2006,-999.0,0.0,0.26771,-999.0,0.26819,0.26826,0.26789,0.26797,0.26787,0.26863
2006-09-26,71.16666666666667,76.96666666666667,70.76666666666667,70.23333333333333,70.76666666666667,72.96666666666667,72.7,72.23333333333333,74.16666666666667,75.43333333333334,78.5,80.06666666666666,81.60000000000001,84.3,84.2,86.0,86.06666666666666,88.63333333333333,87.46666666666665,89.2,88.66666666666667,85.53333333333335,81.5,80.63333333333334,77.8,76.86666666666667,77.86666666666666,80.43333333333334,76.3,2006,9,26,9/26/2006,0.26733,6.0,-999.0,0.26771,-999.0,0.26819,0.26826,0.26789,0.26797,0.26841
2006-09-27,72.46666666666667,76.86666666666667,71.16666666666667,70.76666666666667,70.23333333333333,70.76666666666667,72.96666666666667,72.7,72.23333333333333,74.16666666666667,75.43333333333334,78.5,80.06666666666666,81.60000000000001,84.3,84.2,86.0,86.06666666666666,88.63333333333333,87.46666666666665,89.2,88.66666666666667,85.53333333333335,81.5,80.63333333333334,77.8,76.86666666666667,77.86666666666666,80.43333333333334,2006,9,27,9/27/2006,0.26695,6.0,0.26733,-999.0,0.26771,-999.0,0.26819,0.26826,0.26789,0.26839
2006-09-28,73.86666666666666,77.06666666666666,72.46666666666667,71.16666666666667,70.76666666666667,70.23333333333333,70.76666666666667,72.96666666666667,72.7,72.23333333333333,74.16666666666667,75.43333333333334,78.5,80.06666666666666,81.60000000000001,84.3,84.2,86.0,86.06666666666666,88.63333333333333,87.46666666666665,89.2,88.66666666666667,85.53333333333335,81.5,80.63333333333334,77.8,76.86666666666667,77.86666666666666,2006,9,28,9/28/2006,0.26685,6.0,0.26695,0.26733,-999.0,0.26771,-999.0,0.26819,0.26826,0.26781
2006-09-29,76.56666666666666,77.0,73.86666666666666,72.46666666666667,71.16666666666667,70.76666666666667,70.23333333333333,70.76666666666667,72.96666666666667,72.7,72.23333333333333,74.16666666666667,75.43333333333334,78.5,80.06666666666666,81.60000000000001,84.3,84.2,86.0,86.06666666666666,88.63333333333333,87.46666666666665,89.2,88.66666666666667,85.53333333333335,81.5,80.63333333333334,77.8,76.86666666666667,2006,9,29,9/29/2006,0.26683,6.0,0.26685,0.26695,0.26733,-999.0,0.26771,-999.0,0.26819,0.26763
2006-09-30,77.96666666666667,76.39999999999999,76.56666666666666,73.86666666666666,72.46666666666667,71.16666666666667,70.76666666666667,70.23333333333333,70.76666666666667,72.96666666666667,72.7,72.23333333333333,74.16666666666667,75.43333333333334,78.5,80.06666666666666,81.60000000000001,84.3,84.2,86.0,86.06666666666666,88.63333333333333,87.46666666666665,89.2,88.66666666666667,85.53333333333335,81.5,80.63333333333334,77.8,2006,9,30,9/30/2006,0.26733,6.0,0.26683,0.26685,0.26695,0.26733,-999.0,0.26771,-999.0,0.26713
2006-10-01,78.46666666666667,75.33333333333333,77.96666666666667,76.56666666666666,73.86666666666666,72.46666666666667,71.16666666666667,70.76666666666667,70.23333333333333,70.76666666666667,72.96666666666667,72.7,72.23333333333333,74.16666666666667,75.43333333333334,78.5,80.06666666666666,81.60000000000001,84.3,84.2,86.0,86.06666666666666,88.63333333333333,87.46666666666665,89.2,88.66666666666667,85.53333333333335,81.5,80.63333333333334,2006,10,1,10/01/2006,0.2676,6.0,0.26733,0.26683,0.26685,0.26695,0.26733,-999.0,0.26771,0.26687
2006-10-02,78.06666666666666,75.0,78.46666666666667,77.96666666666667,76.56666666666666,73.86666666666666,72.46666666666667,71.16666666666667,70.76666666666667,70.23333333333333,70.76666666666667,72.96666666666667,72.7,72.23333333333333,74.16666666666667,75.43333333333334,78.5,80.06666666666666,81.60000000000001,84.3,84.2,86.0,86.06666666666666,88.63333333333333,87.46666666666665,89.2,88.66666666666667,85.53333333333335,81.5,2006,10,2,10/02/2006,0.26795,6.0,0.2676,0.26733,0.26683,0.26685,0.26695,0.26733,-999.0,0.26726
2006-10-03,76.96666666666667,74.93333333333334,78.06666666666666,78.46666666666667,77.96666666666667,76.56666666666666,73.86666666666666,72.46666666666667,71.16666666666667,70.76666666666667,70.23333333333333,70.76666666666667,72.96666666666667,72.7,72.23333333333333,74.16666666666667,75.43333333333334,78.5,80.06666666666666,81.60000000000001,84.3,84.2,86.0,86.06666666666666,88.63333333333333,87.46666666666665,89.2,88.66666666666667,85.53333333333335,2006,10,3,10/03/2006,0.26833,6.0,0.26795,0.2676,0.26733,0.26683,0.26685,0.26695,0.26733,0.26759
2006-10-04,76.86666666666667,73.46666666666667,76.96666666666667,78.06666666666666,78.46666666666667,77.96666666666667,76.56666666666666,73.86666666666666,72.46666666666667,71.16666666666667,70.76666666666667,70.23333333333333,70.76666666666667,72.96666666666667,72.7,72.23333333333333,74.16666666666667,75.43333333333334,78.5,80.06666666666666,81.60000000000001,84.3,84.2,86.0,86.06666666666666,88.63333333333333,87.46666666666665,89.2,88.66666666666667,2006,10,4,10/04/2006,-999.0,0.0,0.26833,0.26795,0.2676,0.26733,0.26683,0.26685,0.26695,0.26847
2006-10-05,77.06666666666666,73.46666666666665,76.86666666666667,76.96666666666667,78.06666666666666,78.46666666666667,77.96666666666667,76.56666666666666,73.86666666666666,72.46666666666667,71.16666666666667,70.76666666666667,70.23333333333333,70.76666666666667,72.96666666666667,72.7,72.23333333333333,74.16666666666667,75.43333333333334,78.5,80.06666666666666,81.60000000000001,84.3,84.2,86.0,86.06666666666666,88.63333333333333,87.46666666666665,89.2,2006,10,5,10/05/2006,0.269,6.0,-999.0,0.26833,0.26795,0.2676,0.26733,0.26683,0.26685,0.26939
2006-10-06,77.0,73.06666666666666,77.06666666666666,76.86666666666667,76.96666666666667,78.06666666666666,78.46666666666667,77.96666666666667,76.56666666666666,73.86666666666666,72.46666666666667,71.16666666666667,70.76666666666667,70.23333333333333,70.76666666666667,72.96666666666667,72.7,72.23333333333333,74.16666666666667,75.43333333333334,78.5,80.06666666666666,81.60000000000001,84.3,84.2,86.0,86.06666666666666,88.63333333333333,87.46666666666665,2006,10,6,10/06/2006,0.26892,6.0,0.269,-999.0,0.26833,0.26795,0.2676,0.26733,0.26683,0.26999
2006-10-07,76.39999999999999,72.06666666666666,77.0,77.06666666666666,76.86666666666667,76.96666666666667,78.06666666666666,78.46666666666667,77.96666666666667,76.56666666666666,73.86666666666666,72.46666666666667,71.16666666666667,70.76666666666667,70.23333333333333,70.76666666666667,72.96666666666667,72.7,72.23333333333333,74.16666666666667,75.43333333333334,78.5,80.06666666666666,81.60000000000001,84.3,84.2,86.0,86.06666666666666,88.63333333333333,2006,10,7,10/07/2006,0.26891,6.0,0.26892,0.269,-999.0,0.26833,0.26795,0.2676,0.26733,0.27009
2006-10-08,75.33333333333333,70.63333333333334,76.39999999999999,77.0,77.06666666666666,76.86666666666667,76.96666666666667,78.06666666666666,78.46666666666667,77.96666666666667,76.56666666666666,73.86666666666666,72.46666666666667,71.16666666666667,70.76666666666667,70.23333333333333,70.76666666666667,72.96666666666667,72.7,72.23333333333333,74.16666666666667,75.43333333333334,78.5,80.06666666666666,81.60000000000001,84.3,84.2,86.0,86.06666666666666,2006,10,8,10/08/2006,0.26869,6.0,0.26891,0.26892,0.269,-999.0,0.26833,0.26795,0.2676,0.27012
2006-10-09,75.0,69.46666666666667,75.33333333333333,76.39999999999999,77.0,77.06666666666666,76.86666666666667,76.96666666666667,78.06666666666666,78.46666666666667,77.96666666666667,76.56666666666666,73.86666666666666,72.46666666666667,71.16666666666667,70.76666666666667,70.23333333333333,70.76666666666667,72.96666666666667,72.7,72.23333333333333,74.16666666666667,75.43333333333334,78.5,80.06666666666666,81.60000000000001,84.3,84.2,86.0,2006,10,9,10/09/2006,0.26848,6.0,0.26869,0.26891,0.26892,0.269,-999.0,0.26833,0.26795,0.26987
2006-10-10,74.93333333333334,69.39999999999999,75.0,75.33333333333333,76.39999999999999,77.0,77.06666666666666,76.86666666666667,76.96666666666667,78.06666666666666,78.46666666666667,77.96666666666667,76.56666666666666,73.86666666666666,72.46666666666667,71.16666666666667,70.76666666666667,70.23333333333333,70.76666666666667,72.96666666666667,72.7,72.23333333333333,74.16666666666667,75.43333333333334,78.5,80.06666666666666,81.60000000000001,84.3,84.2,2006,10,10,10/10/2006,0.26828,6.0,0.26848,0.26869,0.26891,0.26892,0.269,-999.0,0.26833,0.2697
2006-10-11,73.46666666666667,69.0,74.93333333333334,75.0,75.33333333333333,76.39999999999999,77.0,77.06666666666666,76.86666666666667,76.96666666666667,78.06666666666666,78.46666666666667,77.96666666666667,76.56666666666666,73.86666666666666,72.46666666666667,71.16666666666667,70.76666666666667,70.23333333333333,70.76666666666667,72.96666666666667,72.7,72.23333333333333,74.16666666666667,75.43333333333334,78.5,80.06666666666666,81.60000000000001,84.3,2006,10,11,10/11/2006,0.26802,6.0,0.26828,0.26848,0.26869,0.26891,0.26892,0.269,-999.0,0.26928
2006-10-12,73.46666666666665,69.16666666666667,73.46666666666667,74.93333333333334,75.0,75.33333333333333,76.39999999999999,77.0,77.06666666666666,76.86666666666667,76.96666666666667,78.06666666666666,78.46666666666667,77.96666666666667,76.56666666666666,73.86666666666666,72.46666666666667,71.16666666666667,70.76666666666667,70.23333333333333,70.76666666666667,72.96666666666667,72.7,72.23333333333333,74.16666666666667,75.43333333333334,78.5,80.06666666666666,81.60000000000001,2006,10,12,10/12/2006,0.26747,6.0,0.26802,0.26828,0.26848,0.26869,0.26891,0.26892,0.269,0.26853
2006-10-13,73.06666666666666,70.36666666666667,73.46666666666665,73.46666666666667,74.93333333333334,75.0,75.33333333333333,76.39999999999999,77.0,77.06666666666666,76.86666666666667,76.96666666666667,78.06666666666666,78.46666666666667,77.96666666666667,76.56666666666666,73.86666666666666,72.46666666666667,71.16666666666667,70.76666666666667,70.23333333333333,70.76666666666667,72.96666666666667,72.7,72.23333333333333,74.16666666666667,75.43333333333334,78.5,80.06666666666666,2006,10,13,10/13/2006,0.26724,6.0,0.26747,0.26802,0.26828,0.26848,0.26869,0.26891,0.26892,0.26783
2006-10-14,72.06666666666666,74.03333333333335,73.06666666666666,73.46666666666665,73.46666666666667,74.93333333333334,75.0,75.33333333333333,76.39999999999999,77.0,77.06666666666666,76.86666666666667,76.96666666666667,78.06666666666666,78.46666666666667,77.96666666666667,76.56666666666666,73.86666666666666,72.46666666666667,71.16666666666667,70.76666666666667,70.23333333333333,70.76666666666667,72.96666666666667,72.7,72.23333333333333,74.16666666666667,75.43333333333334,78.5,2006,10,14,10/14/2006,-999.0,0.0,0.26724,0.26747,0.26802,0.26828,0.26848,0.26869,0.26891,0.26797
2006-10-15,70.63333333333334,75.66666666666667,72.06666666666666,73.06666666666666,73.46666666666665,73.46666666666667,74.93333333333334,75.0,75.33333333333333,76.39999999999999,77.0,77.06666666666666,76.86666666666667,76.96666666666667,78.06666666666666,78.46666666666667,77.96666666666667,76.56666666666666,73.86666666666666,72.46666666666667,71.16666666666667,70.76666666666667,70.23333333333333,70.76666666666667,72.96666666666667,72.7,72.23333333333333,74.16666666666667,75.43333333333334,2006,10,15,10/15/2006,0.2668,6.0,-999.0,0.26724,0.26747,0.26802,0.26828,0.26848,0.26869,0.26787
2006-10-16,69.46666666666667,75.8,70.63333333333334,72.06666666666666,73.06666666666666,73.46666666666665,73.46666666666667,74.93333333333334,75.0,75.33333333333333,76.39999999999999,77.0,77.06666666666666,76.86666666666667,76.96666666666667,78.06666666666666,78.46666666666667,77.96666666666667,76.56666666666666,73.86666666666666,72.46666666666667,71.16666666666667,70.76666666666667,70.23333333333333,70.76666666666667,72.96666666666667,72.7,72.23333333333333,74.16666666666667,2006,10,16,10/16/2006,0.26664,6.0,0.2668,-999.0,0.26724,0.26747,0.26802,0.26828,0.26848,0.26797
2006-10-17,69.39999999999999,74.3,69.46666666666667,70.63333333333334,72.06666666666666,73.06666666666666,73.46666666666665,73.46666666666667,74.93333333333334,75.0,75.33333333333333,76.39999999999999,77.0,77.06666666666666,76.86666666666667,76.96666666666667,78.06666666666666,78.46666666666667,77.96666666666667,76.56666666666666,73.86666666666666,72.46666666666667,71.16666666666667,70.76666666666667,70.23333333333333,70.76666666666667,72.96666666666667,72.7,72.23333333333333,2006,10,17,10/17/2006,0.26667,6.0,0.26664,0.2668,-999.0,0.26724,0.26747,0.26802,0.26828,0.26789
2006-10-18,69.0,73.5,69.39999999999999,69.46666666666667,70.63333333333334,72.06666666666666,73.06666666666666,73.46666666666665,73.46666666666667,74.93333333333334,75.0,75.33333333333333,76.39999999999999,77.0,77.06666666666666,76.86666666666667,76.96666666666667,78.06666666666666,78.46666666666667,77.96666666666667,76.56666666666666,73.86666666666666,72.46666666666667,71.16666666666667,70.76666666666667,70.23333333333333,70.76666666666667,72.96666666666667,72.7,2006,10,18,10/18/2006,0.26654,6.0,0.26667,0.26664,0.2668,-999.0,0.26724,0.26747,0.26802,0.26826
2006-10-19,69.16666666666667,71.16666666666667,69.0,69.39999999999999,69.46666666666667,70.63333333333334,72.06666666666666,73.06666666666666,73.46666666666665,73.46666666666667,74.93333333333334,75.0,75.33333333333333,76.39999999999999,77.0,77.06666666666666,76.86666666666667,76.96666666666667,78.06666666666666,78.46666666666667,77.96666666666667,76.56666666666666,73.86666666666666,72.46666666666667,71.16666666666667,70.76666666666667,70.23333333333333,70.76666666666667,72.96666666666667,2006,10,19,10/19/2006,0.26693,6.0,0.26654,0.26667,0.26664,0.2668,-999.0,0.26724,0.26747,0.26819
2006-10-20,70.36666666666667,71.10000000000001,69.16666666666667,69.0,69.39999999999999,69.46666666666667,70.63333333333334,72.06666666666666,73.06666666666666,73.46666666666665,73.46666666666667,74.93333333333334,75.0,75.33333333333333,76.39999999999999,77.0,77.06666666666666,76.86666666666667,76.96666666666667,78.06666666666666,78.46666666666667,77.96666666666667,76.56666666666666,73.86666666666666,72.46666666666667,71.16666666666667,70.76666666666667,70.23333333333333,70.76666666666667,2006,10,20,10/20/2006,0.26707,6.0,0.26693,0.26654,0.26667,0.26664,0.2668,-999.0,0.26724,-999.0
2006-10-21,74.03333333333335,73.5,70.36666666666667,69.16666666666667,69.0,69.39999999999999,69.46666666666667,70.63333333333334,72.06666666666666,73.06666666666666,73.46666666666665,73.46666666666667,74.93333333333334,75.0,75.33333333333333,76.39999999999999,77.0,77.06666666666666,76.86666666666667,76.96666666666667,78.06666666666666,78.46666666666667,77.96666666666667,76.56666666666666,73.86666666666666,72.46666666666667,71.16666666666667,70.76666666666667,70.23333333333333,2006,10,21,10/21/2006,0.26711,6.0,0.26707,0.26693,0.26654,0.26667,0.26664,0.2668,-999.0,0.26771
2006-10-22,75.66666666666667,72.56666666666666,74.03333333333335,70.36666666666667,69.16666666666667,69.0,69.39999999999999,69.46666666666667,70.63333333333334,72.06666666666666,73.06666666666666,73.46666666666665,73.46666666666667,74.93333333333334,75.0,75.33333333333333,76.39999999999999,77.0,77.06666666666666,76.86666666666667,76.96666666666667,78.06666666666666,78.46666666666667,77.96666666666667,76.56666666666666,73.86666666666666,72.46666666666667,71.16666666666667,70.76666666666667,2006,10,22,10/22/2006,0.26733,6.0,0.26711,0.26707,0.26693,0.26654,0.26667,0.26664,0.2668,-999.0
2006-10-23,75.8,75.13333333333333,75.66666666666667,74.03333333333335,70.36666666666667,69.16666666666667,69.0,69.39999999999999,69.46666666666667,70.63333333333334,72.06666666666666,73.06666666666666,73.46666666666665,73.46666666666667,74.93333333333334,75.0,75.33333333333333,76.39999999999999,77.0,77.06666666666666,76.86666666666667,76.96666666666667,78.06666666666666,78.46666666666667,77.96666666666667,76.56666666666666,73.86666666666666,72.46666666666667,71.16666666666667,2006,10,23,10/23/2006,0.26723,6.0,0.26733,0.26711,0.26707,0.26693,0.26654,0.26667,0.26664,0.26733
2006-10-24,74.3,79.33333333333333,75.8,75.66666666666667,74.03333333333335,70.36666666666667,69.16666666666667,69.0,69.39999999999999,69.46666666666667,70.63333333333334,72.06666666666666,73.06666666666666,73.46666666666665,73.46666666666667,74.93333333333334,75.0,75.33333333333333,76.39999999999999,77.0,77.06666666666666,76.86666666666667,76.96666666666667,78.06666666666666,78.46666666666667,77.96666666666667,76.56666666666666,73.86666666666666,72.46666666666667,2006,10,24,10/24/2006,0.26745,6.0,0.26723,0.26733,0.26711,0.26707,0.26693,0.26654,0.26667,0.26695
2006-10-25,73.5,84.63333333333333,74.3,75.8,75.66666666666667,74.03333333333335,70.36666666666667,69.16666666666667,69.0,69.39999999999999,69.46666666666667,70.63333333333334,72.06666666666666,73.06666666666666,73.46666666666665,73.46666666666667,74.93333333333334,75.0,75.33333333333333,76.39999999999999,77.0,77.06666666666666,76.86666666666667,76.96666666666667,78.06666666666666,78.46666666666667,77.96666666666667,76.56666666666666,73.86666666666666,2006,10,25,10/25/2006,0.26687,6.0,0.26745,0.26723,0.26733,0.26711,0.26707,0.26693,0.26654,0.26685
2006-10-26,71.16666666666667,87.36666666666667,73.5,74.3,75.8,75.66666666666667,74.03333333333335,70.36666666666667,69.16666666666667,69.0,69.39999999999999,69.46666666666667,70.63333333333334,72.06666666666666,73.06666666666666,73.46666666666665,73.46666666666667,74.93333333333334,75.0,75.33333333333333,76.39999999999999,77.0,77.06666666666666,76.86666666666667,76.96666666666667,78.06666666666666,78.46666666666667,77.96666666666667,76.56666666666666,2006,10,26,10/26/2006,0.26775,6.0,0.26687,0.26745,0.26723,0.26733,0.26711,0.26707,0.26693,0.26683
2006-10-27,71.10000000000001,85.8,71.16666666666667,73.5,74.3,75.8,75.66666666666667,74.03333333333335,70.36666666666667,69.16666666666667,69.0,69.39999999999999,69.46666666666667,70.63333333333334,72.06666666666666,73.06666666666666,73.46666666666665,73.46666666666667,74.93333333333334,75.0,75.33333333333333,76.39999999999999,77.0,77.06666666666666,76.86666666666667,76.96666666666667,78.06666666666666,78.46666666666667,77.96666666666667,2006,10,27,10/27/2006,-999.0,0.0,0.26775,0.26687,0.26745,0.26723,0.26733,0.26711,0.26707,0.26733
2006-10-28,73.5,84.10000000000001,71.10000000000001,71.16666666666667,73.5,74.3,75.8,75.66666666666667,74.03333333333335,70.36666666666667,69.16666666666667,69.0,69.39999999999999,69.46666666666667,70.63333333333334,72.06666666666666,73.06666666666666,73.46666666666665,73.46666666666667,74.93333333333334,75.0,75.33333333333333,76.39999999999999,77.0,77.06666666666666,76.86666666666667,76.96666666666667,78.06666666666666,78.46666666666667,2006,10,28,10/28/2006,0.26665,6.0,-999.0,0.26775,0.26687,0.26745,0.26723,0.26733,0.26711,0.2676
2006-10-29,72.56666666666666,83.3,73.5,71.10000000000001,71.16666666666667,73.5,74.3,75.8,75.66666666666667,74.03333333333335,70.36666666666667,69.16666666666667,69.0,69.39999999999999,69.46666666666667,70.63333333333334,72.06666666666666,73.06666666666666,73.46666666666665,73.46666666666667,74.93333333333334,75.0,75.33333333333333,76.39999999999999,77.0,77.06666666666666,76.86666666666667,76.96666666666667,78.06666666666666,2006,10,29,10/29/2006,0.26669,6.0,0.26665,-999.0,0.26775,0.26687,0.26745,0.26723,0.26733,0.26795
2006-10-30,75.13333333333333,82.8,72.56666666666666,73.5,71.10000000000001,71.16666666666667,73.5,74.3,75.8,75.66666666666667,74.03333333333335,70.36666666666667,69.16666666666667,69.0,69.39999999999999,69.46666666666667,70.63333333333334,72.06666666666666,73.06666666666666,73.46666666666665,73.46666666666667,74.93333333333334,75.0,75.33333333333333,76.39999999999999,77.0,77.06666666666666,76.86666666666667,76.96666666666667,2006,10,30,10/30/2006,-999.0,0.0,0.26669,0.26665,-999.0,0.26775,0.26687,0.26745,0.26723,0.26833
2006-10-31,79.33333333333333,85.43333333333334,75.13333333333333,72.56666666666666,73.5,71.10000000000001,71.16666666666667,73.5,74.3,75.8,75.66666666666667,74.03333333333335,70.36666666666667,69.16666666666667,69.0,69.39999999999999,69.46666666666667,70.63333333333334,72.06666666666666,73.06666666666666,73.46666666666665,73.46666666666667,74.93333333333334,75.0,75.33333333333333,76.39999999999999,77.0,77.06666666666666,76.86666666666667,2006,10,31,10/31/2006,0.26723,6.0,-999.0,0.26669,0.26665,-999.0,0.26775,0.26687,0.26745,-999.0
2006-11-01,84.63333333333333,85.7,79.33333333333333,75.13333333333333,72.56666666666666,73.5,71.10000000000001,71.16666666666667,73.5,74.3,75.8,75.66666666666667,74.03333333333335,70.36666666666667,69.16666666666667,69.0,69.39999999999999,69.46666666666667,70.63333333333334,72.06666666666666,73.06666666666666,73.46666666666665,73.46666666666667,74.93333333333334,75.0,75.33333333333333,76.39999999999999,77.0,77.06666666666666,2006,11,1,11/01/2006,0.26775,6.0,0.26723,-999.0,0.26669,0.26665,-999.0,0.26775,0.26687,0.269
2006-11-02,87.36666666666667,88.10000000000001,84.63333333333333,79.33333333333333,75.13333333333333,72.56666666666666,73.5,71.10000000000001,71.16666666666667,73.5,74.3,75.8,75.66666666666667,74.03333333333335,70.36666666666667,69.16666666666667,69.0,69.39999999999999,69.46666666666667,70.63333333333334,72.06666666666666,73.06666666666666,73.46666666666665,73.46666666666667,74.93333333333334,75.0,75.33333333333333,76.39999999999999,77.0,2006,11,2,11/02/2006,0.2692,6.0,0.26775,0.26723,-999.0,0.26669,0.26665,-999.0,0.26775,0.26892
2006-11-03,85.8,89.36666666666667,87.36666666666667,84.63333333333333,79.33333333333333,75.13333333333333,72.56666666666666,73.5,71.10000000000001,71.16666666666667,73.5,74.3,75.8,75.66666666666667,74.03333333333335,70.36666666666667,69.16666666666667,69.0,69.39999999999999,69.46666666666667,70.63333333333334,72.06666666666666,73.06666666666666,73.46666666666665,73.46666666666667,74.93333333333334,75.0,75.33333333333333,76.39999999999999,2006,11,3,11/03/2006,0.26849,6.0,0.2692,0.26775,0.26723,-999.0,0.26669,0.26665,-999.0,0.26891
2006-11-04,84.10000000000001,94.46666666666665,85.8,87.36666666666667,84.63333333333333,79.33333333333333,75.13333333333333,72.56666666666666,73.5,71.10000000000001,71.16666666666667,73.5,74.3,75.8,75.66666666666667,74.03333333333335,70.36666666666667,69.16666666666667,69.0,69.39999999999999,69.46666666666667,70.63333333333334,72.06666666666666,73.06666666666666,73.46666666666665,73.46666666666667,74.93333333333334,75.0,75.33333333333333,2006,11,4,11/04/2006,0.26868,6.0,0.26849,0.2692,0.26775,0.26723,-999.0,0.26669,0.26665,0.26869
2006-11-05,83.3,95.5,84.10000000000001,85.8,87.36666666666667,84.63333333333333,79.33333333333333,75.13333333333333,72.56666666666666,73.5,71.10000000000001,71.16666666666667,73.5,74.3,75.8,75.66666666666667,74.03333333333335,70.36666666666667,69.16666666666667,69.0,69.39999999999999,69.46666666666667,70.63333333333334,72.06666666666666,73.06666666666666,73.46666666666665,73.46666666666667,74.93333333333334,75.0,2006,11,5,11/05/2006,0.26875,6.0,0.26868,0.26849,0.2692,0.26775,0.26723,-999.0,0.26669,0.26848
2006-11-06,82.8,93.33333333333333,83.3,84.10000000000001,85.8,87.36666666666667,84.63333333333333,79.33333333333333,75.13333333333333,72.56666666666666,73.5,71.10000000000001,71.16666666666667,73.5,74.3,75.8,75.66666666666667,74.03333333333335,70.36666666666667,69.16666666666667,69.0,69.39999999999999,69.46666666666667,70.63333333333334,72.06666666666666,73.06666666666666,73.46666666666665,73.46666666666667,74.93333333333334,2006,11,6,11/06/2006,0.27012,6.0,0.26875,0.26868,0.26849,0.2692,0.26775,0.26723,-999.0,0.26828
2006-11-07,85.43333333333334,92.5,82.8,83.3,84.10000000000001,85.8,87.36666666666667,84.63333333333333,79.33333333333333,75.13333333333333,72.56666666666666,73.5,71.10000000000001,71.16666666666667,73.5,74.3,75.8,75.66666666666667,74.03333333333335,70.36666666666667,69.16666666666667,69.0,69.39999999999999,69.46666666666667,70.63333333333334,72.06666666666666,73.06666666666666,73.46666666666665,73.46666666666667,2006,11,7,11/07/2006,-999.0,0.0,0.27012,0.26875,0.26868,0.26849,0.2692,0.26775,0.26723,0.26802
2006-11-08,85.7,93.8,85.43333333333334,82.8,83.3,84.10000000000001,85.8,87.36666666666667,84.63333333333333,79.33333333333333,75.13333333333333,72.56666666666666,73.5,71.10000000000001,71.16666666666667,73.5,74.3,75.8,75.66666666666667,74.03333333333335,70.36666666666667,69.16666666666667,69.0,69.39999999999999,69.46666666666667,70.63333333333334,72.06666666666666,73.06666666666666,73.46666666666665,2006,11,8,11/08/2006,-999.0,0.0,-999.0,0.27012,0.26875,0.26868,0.26849,0.2692,0.26775,0.26747
2006-11-09,88.10000000000001,92.3,85.7,85.43333333333334,82.8,83.3,84.10000000000001,85.8,87.36666666666667,84.63333333333333,79.33333333333333,75.13333333333333,72.56666666666666,73.5,71.10000000000001,71.16666666666667,73.5,74.3,75.8,75.66666666666667,74.03333333333335,70.36666666666667,69.16666666666667,69.0,69.39999999999999,69.46666666666667,70.63333333333334,72.06666666666666,73.06666666666666,2006,11,9,11/09/2006,0.26795,6.0,-999.0,-999.0,0.27012,0.26875,0.26868,0.26849,0.2692,0.26724
2006-11-10,89.36666666666667,87.40000000000002,88.10000000000001,85.7,85.43333333333334,82.8,83.3,84.10000000000001,85.8,87.36666666666667,84.63333333333333,79.33333333333333,75.13333333333333,72.56666666666666,73.5,71.10000000000001,71.16666666666667,73.5,74.3,75.8,75.66666666666667,74.03333333333335,70.36666666666667,69.16666666666667,69.0,69.39999999999999,69.46666666666667,70.63333333333334,72.06666666666666,2006,11,10,11/10/2006,0.26836,6.0,0.26795,-999.0,-999.0,0.27012,0.26875,0.26868,0.26849,-999.0
2006-11-11,94.46666666666665,86.83333333333333,89.36666666666667,88.10000000000001,85.7,85.43333333333334,82.8,83.3,84.10000000000001,85.8,87.36666666666667,84.63333333333333,79.33333333333333,75.13333333333333,72.56666666666666,73.5,71.10000000000001,71.16666666666667,73.5,74.3,75.8,75.66666666666667,74.03333333333335,70.36666666666667,69.16666666666667,69.0,69.39999999999999,69.46666666666667,70.63333333333334,2006,11,11,11/11/2006,0.26852,6.0,0.26836,0.26795,-999.0,-999.0,0.27012,0.26875,0.26868,0.2668
2006-11-12,95.5,82.86666666666667,94.46666666666665,89.36666666666667,88.10000000000001,85.7,85.43333333333334,82.8,83.3,84.10000000000001,85.8,87.36666666666667,84.63333333333333,79.33333333333333,75.13333333333333,72.56666666666666,73.5,71.10000000000001,71.16666666666667,73.5,74.3,75.8,75.66666666666667,74.03333333333335,70.36666666666667,69.16666666666667,69.0,69.39999999999999,69.46666666666667,2006,11,12,11/12/2006,-999.0,0.0,0.26852,0.26836,0.26795,-999.0,-999.0,0.27012,0.26875,0.26664
2006-11-13,93.33333333333333,78.83333333333333,95.5,94.46666666666665,89.36666666666667,88.10000000000001,85.7,85.43333333333334,82.8,83.3,84.10000000000001,85.8,87.36666666666667,84.63333333333333,79.33333333333333,75.13333333333333,72.56666666666666,73.5,71.10000000000001,71.16666666666667,73.5,74.3,75.8,75.66666666666667,74.03333333333335,70.36666666666667,69.16666666666667,69.0,69.39999999999999,2006,11,13,11/13/2006,0.26817,6.0,-999.0,0.26852,0.26836,0.26795,-999.0,-999.0,0.27012,0.26667
2006-11-14,92.5,75.66666666666667,93.33333333333333,95.5,94.46666666666665,89.36666666666667,88.10000000000001,85.7,85.43333333333334,82.8,83.3,84.10000000000001,85.8,87.36666666666667,84.63333333333333,79.33333333333333,75.13333333333333,72.56666666666666,73.5,71.10000000000001,71.16666666666667,73.5,74.3,75.8,75.66666666666667,74.03333333333335,70.36666666666667,69.16666666666667,69.0,2006,11,14,11/14/2006,0.26933,6.0,0.26817,-999.0,0.26852,0.26836,0.26795,-999.0,-999.0,0.26654
2006-11-15,93.8,74.63333333333333,92.5,93.33333333333333,95.5,94.46666666666665,89.36666666666667,88.10000000000001,85.7,85.43333333333334,82.8,83.3,84.10000000000001,85.8,87.36666666666667,84.63333333333333,79.33333333333333,75.13333333333333,72.56666666666666,73.5,71.10000000000001,71.16666666666667,73.5,74.3,75.8,75.66666666666667,74.03333333333335,70.36666666666667,69.16666666666667,2006,11,15,11/15/2006,0.26935,6.0,0.26933,0.26817,-999.0,0.26852,0.26836,0.26795,-999.0,0.26693
2006-11-16,92.3,74.89999999999999,93.8,92.5,93.33333333333333,95.5,94.46666666666665,89.36666666666667,88.10000000000001,85.7,85.43333333333334,82.8,83.3,84.10000000000001,85.8,87.36666666666667,84.63333333333333,79.33333333333333,75.13333333333333,72.56666666666666,73.5,71.10000000000001,71.16666666666667,73.5,74.3,75.8,75.66666666666667,74.03333333333335,70.36666666666667,2006,11,16,11/16/2006,0.26936,6.0,0.26935,0.26933,0.26817,-999.0,0.26852,0.26836,0.26795,0.26707
2006-11-17,87.40000000000002,75.60000000000001,92.3,93.8,92.5,93.33333333333333,95.5,94.46666666666665,89.36666666666667,88.10000000000001,85.7,85.43333333333334,82.8,83.3,84.10000000000001,85.8,87.36666666666667,84.63333333333333,79.33333333333333,75.13333333333333,72.56666666666666,73.5,71.10000000000001,71.16666666666667,73.5,74.3,75.8,75.66666666666667,74.03333333333335,2006,11,17,11/17/2006,0.26925,6.0,0.26936,0.26935,0.26933,0.26817,-999.0,0.26852,0.26836,0.26711
2006-11-18,86.83333333333333,76.73333333333333,87.40000000000002,92.3,93.8,92.5,93.33333333333333,95.5,94.46666666666665,89.36666666666667,88.10000000000001,85.7,85.43333333333334,82.8,83.3,84.10000000000001,85.8,87.36666666666667,84.63333333333333,79.33333333333333,75.13333333333333,72.56666666666666,73.5,71.10000000000001,71.16666666666667,73.5,74.3,75.8,75.66666666666667,2006,11,18,11/18/2006,0.26914,6.0,0.26925,0.26936,0.26935,0.26933,0.26817,-999.0,0.26852,0.26733
2006-11-19,82.86666666666667,76.60000000000001,86.83333333333333,87.40000000000002,92.3,93.8,92.5,93.33333333333333,95.5,94.46666666666665,89.36666666666667,88.10000000000001,85.7,85.43333333333334,82.8,83.3,84.10000000000001,85.8,87.36666666666667,84.63333333333333,79.33333333333333,75.13333333333333,72.56666666666666,73.5,71.10000000000001,71.16666666666667,73.5,74.3,75.8,2006,11,19,11/19/2006,0.26884,6.0,0.26914,0.26925,0.26936,0.26935,0.26933,0.26817,-999.0,0.26723
2006-11-20,78.83333333333333,80.10000000000001,82.86666666666667,86.83333333333333,87.40000000000002,92.3,93.8,92.5,93.33333333333333,95.5,94.46666666666665,89.36666666666667,88.10000000000001,85.7,85.43333333333334,82.8,83.3,84.10000000000001,85.8,87.36666666666667,84.63333333333333,79.33333333333333,75.13333333333333,72.56666666666666,73.5,71.10000000000001,71.16666666666667,73.5,74.3,2006,11,20,11/20/2006,0.26851,6.0,0.26884,0.26914,0.26925,0.26936,0.26935,0.26933,0.26817,0.26745
2006-11-21,75.66666666666667,82.96666666666665,78.83333333333333,82.86666666666667,86.83333333333333,87.40000000000002,92.3,93.8,92.5,93.33333333333333,95.5,94.46666666666665,89.36666666666667,88.10000000000001,85.7,85.43333333333334,82.8,83.3,84.10000000000001,85.8,87.36666666666667,84.63333333333333,79.33333333333333,75.13333333333333,72.56666666666666,73.5,71.10000000000001,71.16666666666667,73.5,2006,11,21,11/21/2006,0.26744,6.0,0.26851,0.26884,0.26914,0.26925,0.26936,0.26935,0.26933,0.26687
2006-11-22,74.63333333333333,82.86666666666667,75.66666666666667,78.83333333333333,82.86666666666667,86.83333333333333,87.40000000000002,92.3,93.8,92.5,93.33333333333333,95.5,94.46666666666665,89.36666666666667,88.10000000000001,85.7,85.43333333333334,82.8,83.3,84.10000000000001,85.8,87.36666666666667,84.63333333333333,79.33333333333333,75.13333333333333,72.56666666666666,73.5,71.10000000000001,71.16666666666667,2006,11,22,11/22/2006,0.26703,6.0,0.26744,0.26851,0.26884,0.26914,0.26925,0.26936,0.26935,0.26775
2006-11-23,74.89999999999999,82.2,74.63333333333333,75.66666666666667,78.83333333333333,82.86666666666667,86.83333333333333,87.40000000000002,92.3,93.8,92.5,93.33333333333333,95.5,94.46666666666665,89.36666666666667,88.10000000000001,85.7,85.43333333333334,82.8,83.3,84.10000000000001,85.8,87.36666666666667,84.63333333333333,79.33333333333333,75.13333333333333,72.56666666666666,73.5,71.10000000000001,2006,11,23,11/23/2006,0.26662,6.0,0.26703,0.26744,0.26851,0.26884,0.26914,0.26925,0.26936,-999.0
2006-11-24,75.60000000000001,81.83333333333333,74.89999999999999,74.63333333333333,75.66666666666667,78.83333333333333,82.86666666666667,86.83333333333333,87.40000000000002,92.3,93.8,92.5,93.33333333333333,95.5,94.46666666666665,89.36666666666667,88.10000000000001,85.7,85.43333333333334,82.8,83.3,84.10000000000001,85.8,87.36666666666667,84.63333333333333,79.33333333333333,75.13333333333333,72.56666666666666,73.5,2006,11,24,11/24/2006,0.26653,6.0,0.26662,0.26703,0.26744,0.26851,0.26884,0.26914,0.26925,0.26665
2006-11-25,76.73333333333333,84.73333333333333,75.60000000000001,74.89999999999999,74.63333333333333,75.66666666666667,78.83333333333333,82.86666666666667,86.83333333333333,87.40000000000002,92.3,93.8,92.5,93.33333333333333,95.5,94.46666666666665,89.36666666666667,88.10000000000001,85.7,85.43333333333334,82.8,83.3,84.10000000000001,85.8,87.36666666666667,84.63333333333333,79.33333333333333,75.13333333333333,72.56666666666666,2006,11,25,11/25/2006,0.26688,6.0,0.26653,0.26662,0.26703,0.26744,0.26851,0.26884,0.26914,0.26669
2006-11-26,76.60000000000001,84.6,76.73333333333333,75.60000000000001,74.89999999999999,74.63333333333333,75.66666666666667,78.83333333333333,82.86666666666667,86.83333333333333,87.40000000000002,92.3,93.8,92.5,93.33333333333333,95.5,94.46666666666665,89.36666666666667,88.10000000000001,85.7,85.43333333333334,82.8,83.3,84.10000000000001,85.8,87.36666666666667,84.63333333333333,79.33333333333333,75.13333333333333,2006,11,26,11/26/2006,0.26692,6.0,0.26688,0.26653,0.26662,0.26703,0.26744,0.26851,0.26884,-999.0
2006-11-27,80.10000000000001,93.6,76.60000000000001,76.73333333333333,75.60000000000001,74.89999999999999,74.63333333333333,75.66666666666667,78.83333333333333,82.86666666666667,86.83333333333333,87.40000000000002,92.3,93.8,92.5,93.33333333333333,95.5,94.46666666666665,89.36666666666667,88.10000000000001,85.7,85.43333333333334,82.8,83.3,84.10000000000001,85.8,87.36666666666667,84.63333333333333,79.33333333333333,2006,11,27,11/27/2006,-999.0,0.0,0.26692,0.26688,0.26653,0.26662,0.26703,0.26744,0.26851,0.26723
2006-11-28,82.96666666666665,97.96666666666665,80.10000000000001,76.60000000000001,76.73333333333333,75.60000000000001,74.89999999999999,74.63333333333333,75.66666666666667,78.83333333333333,82.86666666666667,86.83333333333333,87.40000000000002,92.3,93.8,92.5,93.33333333333333,95.5,94.46666666666665,89.36666666666667,88.10000000000001,85.7,85.43333333333334,82.8,83.3,84.10000000000001,85.8,87.36666666666667,84.63333333333333,2006,11,28,11/28/2006,0.2683,6.0,-999.0,0.26692,0.26688,0.26653,0.26662,0.26703,0.26744,0.26775
2006-11-29,82.86666666666667,252.4,82.96666666666665,80.10000000000001,76.60000000000001,76.73333333333333,75.60000000000001,74.89999999999999,74.63333333333333,75.66666666666667,78.83333333333333,82.86666666666667,86.83333333333333,87.40000000000002,92.3,93.8,92.5,93.33333333333333,95.5,94.46666666666665,89.36666666666667,88.10000000000001,85.7,85.43333333333334,82.8,83.3,84.10000000000001,85.8,87.36666666666667,2006,11,29,11/29/2006,0.2684,6.0,0.2683,-999.0,0.26692,0.26688,0.26653,0.26662,0.26703,0.2692
2006-11-30,82.2,102.76666666666667,82.86666666666667,82.96666666666665,80.10000000000001,76.60000000000001,76.73333333333333,75.60000000000001,74.89999999999999,74.63333333333333,75.66666666666667,78.83333333333333,82.86666666666667,86.83333333333333,87.40000000000002,92.3,93.8,92.5,93.33333333333333,95.5,94.46666666666665,89.36666666666667,88.10000000000001,85.7,85.43333333333334,82.8,83.3,84.10000000000001,85.8,2006,11,30,11/30/2006,0.26885,6.0,0.2684,0.2683,-999.0,0.26692,0.26688,0.26653,0.26662,0.26849
2006-12-01,81.83333333333333,93.03333333333335,82.2,82.86666666666667,82.96666666666665,80.10000000000001,76.60000000000001,76.73333333333333,75.60000000000001,74.89999999999999,74.63333333333333,75.66666666666667,78.83333333333333,82.86666666666667,86.83333333333333,87.40000000000002,92.3,93.8,92.5,93.33333333333333,95.5,94.46666666666665,89.36666666666667,88.10000000000001,85.7,85.43333333333334,82.8,83.3,84.10000000000001,2006,12,1,12/01/2006,0.26854,6.0,0.26885,0.2684,0.2683,-999.0,0.26692,0.26688,0.26653,0.26868
2006-12-02,84.73333333333333,88.86666666666667,81.83333333333333,82.2,82.86666666666667,82.96666666666665,80.10000000000001,76.60000000000001,76.73333333333333,75.60000000000001,74.89999999999999,74.63333333333333,75.66666666666667,78.83333333333333,82.86666666666667,86.83333333333333,87.40000000000002,92.3,93.8,92.5,93.33333333333333,95.5,94.46666666666665,89.36666666666667,88.10000000000001,85.7,85.43333333333334,82.8,83.3,2006,12,2,12/02/2006,0.26874,6.0,0.26854,0.26885,0.2684,0.2683,-999.0,0.26692,0.26688,0.26875
2006-12-03,84.6,87.43333333333334,84.73333333333333,81.83333333333333,82.2,82.86666666666667,82.96666666666665,80.10000000000001,76.60000000000001,76.73333333333333,75.60000000000001,74.89999999999999,74.63333333333333,75.66666666666667,78.83333333333333,82.86666666666667,86.83333333333333,87.40000000000002,92.3,93.8,92.5,93.33333333333333,95.5,94.46666666666665,89.36666666666667,88.10000000000001,85.7,85.43333333333334,82.8,2006,12,3,12/03/2006,0.26831,6.0,0.26874,0.26854,0.26885,0.2684,0.2683,-999.0,0.26692,0.27012
2006-12-04,93.6,89.16666666666667,84.6,84.73333333333333,81.83333333333333,82.2,82.86666666666667,82.96666666666665,80.10000000000001,76.60000000000001,76.73333333333333,75.60000000000001,74.89999999999999,74.63333333333333,75.66666666666667,78.83333333333333,82.86666666666667,86.83333333333333,87.40000000000002,92.3,93.8,92.5,93.33333333333333,95.5,94.46666666666665,89.36666666666667,88.10000000000001,85.7,85.43333333333334,2006,12,4,12/04/2006,0.26842,6.0,0.26831,0.26874,0.26854,0.26885,0.2684,0.2683,-999.0,-999.0
2006-12-05,97.96666666666665,101.36666666666667,93.6,84.6,84.73333333333333,81.83333333333333,82.2,82.86666666666667,82.96666666666665,80.10000000000001,76.60000000000001,76.73333333333333,75.60000000000001,74.89999999999999,74.63333333333333,75.66666666666667,78.83333333333333,82.86666666666667,86.83333333333333,87.40000000000002,92.3,93.8,92.5,93.33333333333333,95.5,94.46666666666665,89.36666666666667,88.10000000000001,85.7,2006,12,5,12/05/2006,0.26838,6.0,0.26842,0.26831,0.26874,0.26854,0.26885,0.2684,0.2683,-999.0
2006-12-06,252.4,88.53333333333335,97.96666666666665,93.6,84.6,84.73333333333333,81.83333333333333,82.2,82.86666666666667,82.96666666666665,80.10000000000001,76.60000000000001,76.73333333333333,75.60000000000001,74.89999999999999,74.63333333333333,75.66666666666667,78.83333333333333,82.86666666666667,86.83333333333333,87.40000000000002,92.3,93.8,92.5,93.33333333333333,95.5,94.46666666666665,89.36666666666667,88.10000000000001,2006,12,6,12/06/2006,0.26888,6.0,0.26838,0.26842,0.26831,0.26874,0.26854,0.26885,0.2684,0.26795
2006-12-07,102.76666666666667,93.96666666666665,252.4,97.96666666666665,93.6,84.6,84.73333333333333,81.83333333333333,82.2,82.86666666666667,82.96666666666665,80.10000000000001,76.60000000000001,76.73333333333333,75.60000000000001,74.89999999999999,74.63333333333333,75.66666666666667,78.83333333333333,82.86666666666667,86.83333333333333,87.40000000000002,92.3,93.8,92.5,93.33333333333333,95.5,94.46666666666665,89.36666666666667,2006,12,7,12/07/2006,0.26926,6.0,0.26888,0.26838,0.26842,0.26831,0.26874,0.26854,0.26885,0.26836
2006-12-08,93.03333333333335,85.06666666666666,102.76666666666667,252.4,97.96666666666665,93.6,84.6,84.73333333333333,81.83333333333333,82.2,82.86666666666667,82.96666666666665,80.10000000000001,76.60000000000001,76.73333333333333,75.60000000000001,74.89999999999999,74.63333333333333,75.66666666666667,78.83333333333333,82.86666666666667,86.83333333333333,87.40000000000002,92.3,93.8,92.5,93.33333333333333,95.5,94.46666666666665,2006,12,8,12/08/2006,0.269,6.0,0.26926,0.26888,0.26838,0.26842,0.26831,0.26874,0.26854,0.26852
2006-12-09,88.86666666666667,79.8,93.03333333333335,102.76666666666667,252.4,97.96666666666665,93.6,84.6,84.73333333333333,81.83333333333333,82.2,82.86666666666667,82.96666666666665,80.10000000000001,76.60000000000001,76.73333333333333,75.60000000000001,74.89999999999999,74.63333333333333,75.66666666666667,78.83333333333333,82.86666666666667,86.83333333333333,87.40000000000002,92.3,93.8,92.5,93.33333333333333,95.5,2006,12,9,12/09/2006,0.26914,6.0,0.269,0.26926,0.26888,0.26838,0.26842,0.26831,0.26874,-999.0
2006-12-10,87.43333333333334,79.63333333333333,88.86666666666667,93.03333333333335,102.76666666666667,252.4,97.96666666666665,93.6,84.6,84.73333333333333,81.83333333333333,82.2,82.86666666666667,82.96666666666665,80.10000000000001,76.60000000000001,76.73333333333333,75.60000000000001,74.89999999999999,74.63333333333333,75.66666666666667,78.83333333333333,82.86666666666667,86.83333333333333,87.40000000000002,92.3,93.8,92.5,93.33333333333333,2006,12,10,12/10/2006,0.26932,6.0,0.26914,0.269,0.26926,0.26888,0.26838,0.26842,0.26831,0.26817
2006-12-11,89.16666666666667,73.0,87.43333333333334,88.86666666666667,93.03333333333335,102.76666666666667,252.4,97.96666666666665,93.6,84.6,84.73333333333333,81.83333333333333,82.2,82.86666666666667,82.96666666666665,80.10000000000001,76.60000000000001,76.73333333333333,75.60000000000001,74.89999999999999,74.63333333333333,75.66666666666667,78.83333333333333,82.86666666666667,86.83333333333333,87.40000000000002,92.3,93.8,92.5,2006,12,11,12/11/2006,0.26979,6.0,0.26932,0.26914,0.269,0.26926,0.26888,0.26838,0.26842,0.26933
2006-12-12,101.36666666666667,71.86666666666667,89.16666666666667,87.43333333333334,88.86666666666667,93.03333333333335,102.76666666666667,252.4,97.96666666666665,93.6,84.6,84.73333333333333,81.83333333333333,82.2,82.86666666666667,82.96666666666665,80.10000000000001,76.60000000000001,76.73333333333333,75.60000000000001,74.89999999999999,74.63333333333333,75.66666666666667,78.83333333333333,82.86666666666667,86.83333333333333,87.40000000000002,92.3,93.8,2006,12,12,12/12/2006,0.26944,6.0,0.26979,0.26932,0.26914,0.269,0.26926,0.26888,0.26838,0.26935
2006-12-13,88.53333333333335,70.83333333333333,101.36666666666667,89.16666666666667,87.43333333333334,88.86666666666667,93.03333333333335,102.76666666666667,252.4,97.96666666666665,93.6,84.6,84.73333333333333,81.83333333333333,82.2,82.86666666666667,82.96666666666665,80.10000000000001,76.60000000000001,76.73333333333333,75.60000000000001,74.89999999999999,74.63333333333333,75.66666666666667,78.83333333333333,82.86666666666667,86.83333333333333,87.40000000000002,92.3,2006,12,13,12/13/2006,0.26968,6.0,0.26944,0.26979,0.26932,0.26914,0.269,0.26926,0.26888,0.26936
2006-12-14,93.96666666666665,71.86666666666666,88.53333333333335,101.36666666666667,89.16666666666667,87.43333333333334,88.86666666666667,93.03333333333335,102.76666666666667,252.4,97.96666666666665,93.6,84.6,84.73333333333333,81.83333333333333,82.2,82.86666666666667,82.96666666666665,80.10000000000001,76.60000000000001,76.73333333333333,75.60000000000001,74.89999999999999,74.63333333333333,75.66666666666667,78.83333333333333,82.86666666666667,86.83333333333333,87.40000000000002,2006,12,14,12/14/2006,0.2691,6.0,0.26968,0.26944,0.26979,0.26932,0.26914,0.269,0.26926,0.26925
2006-12-15,85.06666666666666,72.83333333333333,93.96666666666665,88.53333333333335,101.36666666666667,89.16666666666667,87.43333333333334,88.86666666666667,93.03333333333335,102.76666666666667,252.4,97.96666666666665,93.6,84.6,84.73333333333333,81.83333333333333,82.2,82.86666666666667,82.96666666666665,80.10000000000001,76.60000000000001,76.73333333333333,75.60000000000001,74.89999999999999,74.63333333333333,75.66666666666667,78.83333333333333,82.86666666666667,86.83333333333333,2006,12,15,12/15/2006,0.26864,6.0,0.2691,0.26968,0.26944,0.26979,0.26932,0.26914,0.269,0.26914
2006-12-16,79.8,72.06666666666666,85.06666666666666,93.96666666666665,88.53333333333335,101.36666666666667,89.16666666666667,87.43333333333334,88.86666666666667,93.03333333333335,102.76666666666667,252.4,97.96666666666665,93.6,84.6,84.73333333333333,81.83333333333333,82.2,82.86666666666667,82.96666666666665,80.10000000000001,76.60000000000001,76.73333333333333,75.60000000000001,74.89999999999999,74.63333333333333,75.66666666666667,78.83333333333333,82.86666666666667,2006,12,16,12/16/2006,0.26791,6.0,0.26864,0.2691,0.26968,0.26944,0.26979,0.26932,0.26914,0.26884
2006-12-17,79.63333333333333,72.26666666666667,79.8,85.06666666666666,93.96666666666665,88.53333333333335,101.36666666666667,89.16666666666667,87.43333333333334,88.86666666666667,93.03333333333335,102.76666666666667,252.4,97.96666666666665,93.6,84.6,84.73333333333333,81.83333333333333,82.2,82.86666666666667,82.96666666666665,80.10000000000001,76.60000000000001,76.73333333333333,75.60000000000001,74.89999999999999,74.63333333333333,75.66666666666667,78.83333333333333,2006,12,17,12/17/2006,0.26762,6.0,0.26791,0.26864,0.2691,0.26968,0.26944,0.26979,0.26932,0.26851
2006-12-18,73.0,73.5,79.63333333333333,79.8,85.06666666666666,93.96666666666665,88.53333333333335,101.36666666666667,89.16666666666667,87.43333333333334,88.86666666666667,93.03333333333335,102.76666666666667,252.4,97.96666666666665,93.6,84.6,84.73333333333333,81.83333333333333,82.2,82.86666666666667,82.96666666666665,80.10000000000001,76.60000000000001,76.73333333333333,75.60000000000001,74.89999999999999,74.63333333333333,75.66666666666667,2006,12,18,12/18/2006,0.26705,6.0,0.26762,0.26791,0.26864,0.2691,0.26968,0.26944,0.26979,0.26744
2006-12-19,71.86666666666667,72.63333333333333,73.0,79.63333333333333,79.8,85.06666666666666,93.96666666666665,88.53333333333335,101.36666666666667,89.16666666666667,87.43333333333334,88.86666666666667,93.03333333333335,102.76666666666667,252.4,97.96666666666665,93.6,84.6,84.73333333333333,81.83333333333333,82.2,82.86666666666667,82.96666666666665,80.10000000000001,76.60000000000001,76.73333333333333,75.60000000000001,74.89999999999999,74.63333333333333,2006,12,19,12/19/2006,0.26656,6.0,0.26705,0.26762,0.26791,0.26864,0.2691,0.26968,0.26944,0.26703
2006-12-20,70.83333333333333,71.5,71.86666666666667,73.0,79.63333333333333,79.8,85.06666666666666,93.96666666666665,88.53333333333335,101.36666666666667,89.16666666666667,87.43333333333334,88.86666666666667,93.03333333333335,102.76666666666667,252.4,97.96666666666665,93.6,84.6,84.73333333333333,81.83333333333333,82.2,82.86666666666667,82.96666666666665,80.10000000000001,76.60000000000001,76.73333333333333,75.60000000000001,74.89999999999999,2006,12,20,12/20/2006,0.26639,6.0,0.26656,0.26705,0.26762,0.26791,0.26864,0.2691,0.26968,0.26662
2006-12-21,71.86666666666666,73.56666666666666,70.83333333333333,71.86666666666667,73.0,79.63333333333333,79.8,85.06666666666666,93.96666666666665,88.53333333333335,101.36666666666667,89.16666666666667,87.43333333333334,88.86666666666667,93.03333333333335,102.76666666666667,252.4,97.96666666666665,93.6,84.6,84.73333333333333,81.83333333333333,82.2,82.86666666666667,82.96666666666665,80.10000000000001,76.60000000000001,76.73333333333333,75.60000000000001,2006,12,21,12/21/2006,0.26643,6.0,0.26639,0.26656,0.26705,0.26762,0.26791,0.26864,0.2691,0.26653
2006-12-22,72.83333333333333,75.63333333333333,71.86666666666666,70.83333333333333,71.86666666666667,73.0,79.63333333333333,79.8,85.06666666666666,93.96666666666665,88.53333333333335,101.36666666666667,89.16666666666667,87.43333333333334,88.86666666666667,93.03333333333335,102.76666666666667,252.4,97.96666666666665,93.6,84.6,84.73333333333333,81.83333333333333,82.2,82.86666666666667,82.96666666666665,80.10000000000001,76.60000000000001,76.73333333333333,2006,12,22,12/22/2006,0.26668,6.0,0.26643,0.26639,0.26656,0.26705,0.26762,0.26791,0.26864,0.26688
2006-12-23,72.06666666666666,78.5,72.83333333333333,71.86666666666666,70.83333333333333,71.86666666666667,73.0,79.63333333333333,79.8,85.06666666666666,93.96666666666665,88.53333333333335,101.36666666666667,89.16666666666667,87.43333333333334,88.86666666666667,93.03333333333335,102.76666666666667,252.4,97.96666666666665,93.6,84.6,84.73333333333333,81.83333333333333,82.2,82.86666666666667,82.96666666666665,80.10000000000001,76.60000000000001,2006,12,23,12/23/2006,0.26692,6.0,0.26668,0.26643,0.26639,0.26656,0.26705,0.26762,0.26791,0.26692
2006-12-24,72.26666666666667,82.2,72.06666666666666,72.83333333333333,71.86666666666666,70.83333333333333,71.86666666666667,73.0,79.63333333333333,79.8,85.06666666666666,93.96666666666665,88.53333333333335,101.36666666666667,89.16666666666667,87.43333333333334,88.86666666666667,93.03333333333335,102.76666666666667,252.4,97.96666666666665,93.6,84.6,84.73333333333333,81.83333333333333,82.2,82.86666666666667,82.96666666666665,80.10000000000001,2006,12,24,12/24/2006,0.26718,6.0,0.26692,0.26668,0.26643,0.26639,0.26656,0.26705,0.26762,-999.0
2006-12-24,72.26666666666667,82.2,72.06666666666666,72.83333333333333,71.86666666666666,70.83333333333333,71.86666666666667,73.0,79.63333333333333,79.8,85.06666666666666,93.96666666666665,88.53333333333335,101.36666666666667,89.16666666666667,87.43333333333334,88.86666666666667,93.03333333333335,102.76666666666667,252.4,97.96666666666665,93.6,84.6,84.73333333333333,81.83333333333333,82.2,82.86666666666667,82.96666666666665,80.10000000000001,2006,12,24,12/24/2006,0.26732,6.0,0.26718,0.26692,0.26668,0.26643,0.26639,0.26656,0.26705,0.2683
2006-12-25,73.5,85.2,72.26666666666667,72.06666666666666,72.83333333333333,71.86666666666666,70.83333333333333,71.86666666666667,73.0,79.63333333333333,79.8,85.06666666666666,93.96666666666665,88.53333333333335,101.36666666666667,89.16666666666667,87.43333333333334,88.86666666666667,93.03333333333335,102.76666666666667,252.4,97.96666666666665,93.6,84.6,84.73333333333333,81.83333333333333,82.2,82.86666666666667,82.96666666666665,2006,12,25,12/25/2006,0.26764,6.0,0.26732,0.26718,0.26692,0.26668,0.26643,0.26639,0.26656,0.2684
2006-12-26,72.63333333333333,88.89999999999999,73.5,72.26666666666667,72.06666666666666,72.83333333333333,71.86666666666666,70.83333333333333,71.86666666666667,73.0,79.63333333333333,79.8,85.06666666666666,93.96666666666665,88.53333333333335,101.36666666666667,89.16666666666667,87.43333333333334,88.86666666666667,93.03333333333335,102.76666666666667,252.4,97.96666666666665,93.6,84.6,84.73333333333333,81.83333333333333,82.2,82.86666666666667,2006,12,26,12/26/2006,0.26781,6.0,0.26764,0.26732,0.26718,0.26692,0.26668,0.26643,0.26639,0.26885
2006-12-27,71.5,85.83333333333333,72.63333333333333,73.5,72.26666666666667,72.06666666666666,72.83333333333333,71.86666666666666,70.83333333333333,71.86666666666667,73.0,79.63333333333333,79.8,85.06666666666666,93.96666666666665,88.53333333333335,101.36666666666667,89.16666666666667,87.43333333333334,88.86666666666667,93.03333333333335,102.76666666666667,252.4,97.96666666666665,93.6,84.6,84.73333333333333,81.83333333333333,82.2,2006,12,27,12/27/2006,0.2678,6.0,0.26781,0.26764,0.26732,0.26718,0.26692,0.26668,0.26643,0.26854
2006-12-28,73.56666666666666,88.23333333333333,71.5,72.63333333333333,73.5,72.26666666666667,72.06666666666666,72.83333333333333,71.86666666666666,70.83333333333333,71.86666666666667,73.0,79.63333333333333,79.8,85.06666666666666,93.96666666666665,88.53333333333335,101.36666666666667,89.16666666666667,87.43333333333334,88.86666666666667,93.03333333333335,102.76666666666667,252.4,97.96666666666665,93.6,84.6,84.73333333333333,81.83333333333333,2006,12,28,12/28/2006,0.26773,6.0,0.2678,0.26781,0.26764,0.26732,0.26718,0.26692,0.26668,0.26874
2006-12-29,75.63333333333333,86.53333333333335,73.56666666666666,71.5,72.63333333333333,73.5,72.26666666666667,72.06666666666666,72.83333333333333,71.86666666666666,70.83333333333333,71.86666666666667,73.0,79.63333333333333,79.8,85.06666666666666,93.96666666666665,88.53333333333335,101.36666666666667,89.16666666666667,87.43333333333334,88.86666666666667,93.03333333333335,102.76666666666667,252.4,97.96666666666665,93.6,84.6,84.73333333333333,2006,12,29,12/29/2006,0.26775,6.0,0.26773,0.2678,0.26781,0.26764,0.26732,0.26718,0.26692,0.26831
2006-12-30,78.5,85.56666666666666,75.63333333333333,73.56666666666666,71.5,72.63333333333333,73.5,72.26666666666667,72.06666666666666,72.83333333333333,71.86666666666666,70.83333333333333,71.86666666666667,73.0,79.63333333333333,79.8,85.06666666666666,93.96666666666665,88.53333333333335,101.36666666666667,89.16666666666667,87.43333333333334,88.86666666666667,93.03333333333335,102.76666666666667,252.4,97.96666666666665,93.6,84.6,2006,12,30,12/30/2006,0.26772,6.0,0.26775,0.26773,0.2678,0.26781,0.26764,0.26732,0.26718,0.26842
2006-12-31,82.2,84.96666666666667,78.5,75.63333333333333,73.56666666666666,71.5,72.63333333333333,73.5,72.26666666666667,72.06666666666666,72.83333333333333,71.86666666666666,70.83333333333333,71.86666666666667,73.0,79.63333333333333,79.8,85.06666666666666,93.96666666666665,88.53333333333335,101.36666666666667,89.16666666666667,87.43333333333334,88.86666666666667,93.03333333333335,102.76666666666667,252.4,97.96666666666665,93.6,2006,12,31,12/31/2006,-999.0,0.0,0.26772,0.26775,0.26773,0.2678,0.26781,0.26764,0.26732,0.26838
2007-01-01,85.2,85.86666666666667,82.2,78.5,75.63333333333333,73.56666666666666,71.5,72.63333333333333,73.5,72.26666666666667,72.06666666666666,72.83333333333333,71.86666666666666,70.83333333333333,71.86666666666667,73.0,79.63333333333333,79.8,85.06666666666666,93.96666666666665,88.53333333333335,101.36666666666667,89.16666666666667,87.43333333333334,88.86666666666667,93.03333333333335,102.76666666666667,252.4,97.96666666666665,2007,1,1,1/01/2007,0.26847,6.0,-999.0,0.26772,0.26775,0.26773,0.2678,0.26781,0.26764,0.26888
2007-01-01,85.2,85.86666666666667,82.2,78.5,75.63333333333333,73.56666666666666,71.5,72.63333333333333,73.5,72.26666666666667,72.06666666666666,72.83333333333333,71.86666666666666,70.83333333333333,71.86666666666667,73.0,79.63333333333333,79.8,85.06666666666666,93.96666666666665,88.53333333333335,101.36666666666667,89.16666666666667,87.43333333333334,88.86666666666667,93.03333333333335,102.76666666666667,252.4,97.96666666666665,2007,1,1,1/01/2007,0.26801,6.0,0.26847,-999.0,0.26772,0.26775,0.26773,0.2678,0.26781,0.26926
2007-01-02,88.89999999999999,88.96666666666665,85.2,82.2,78.5,75.63333333333333,73.56666666666666,71.5,72.63333333333333,73.5,72.26666666666667,72.06666666666666,72.83333333333333,71.86666666666666,70.83333333333333,71.86666666666667,73.0,79.63333333333333,79.8,85.06666666666666,93.96666666666665,88.53333333333335,101.36666666666667,89.16666666666667,87.43333333333334,88.86666666666667,93.03333333333335,102.76666666666667,252.4,2007,1,2,1/02/2007,0.26886,6.0,0.26801,0.26847,-999.0,0.26772,0.26775,0.26773,0.2678,0.269
2007-01-03,85.83333333333333,83.60000000000001,88.89999999999999,85.2,82.2,78.5,75.63333333333333,73.56666666666666,71.5,72.63333333333333,73.5,72.26666666666667,72.06666666666666,72.83333333333333,71.86666666666666,70.83333333333333,71.86666666666667,73.0,79.63333333333333,79.8,85.06666666666666,93.96666666666665,88.53333333333335,101.36666666666667,89.16666666666667,87.43333333333334,88.86666666666667,93.03333333333335,102.76666666666667,2007,1,3,1/03/2007,0.26924,6.0,0.26886,0.26801,0.26847,-999.0,0.26772,0.26775,0.26773,0.26914
2007-01-04,88.23333333333333,81.39999999999999,85.83333333333333,88.89999999999999,85.2,82.2,78.5,75.63333333333333,73.56666666666666,71.5,72.63333333333333,73.5,72.26666666666667,72.06666666666666,72.83333333333333,71.86666666666666,70.83333333333333,71.86666666666667,73.0,79.63333333333333,79.8,85.06666666666666,93.96666666666665,88.53333333333335,101.36666666666667,89.16666666666667,87.43333333333334,88.86666666666667,93.03333333333335,2007,1,4,1/04/2007,0.26951,6.0,0.26924,0.26886,0.26801,0.26847,-999.0,0.26772,0.26775,0.26932
2007-01-05,86.53333333333335,80.89999999999999,88.23333333333333,85.83333333333333,88.89999999999999,85.2,82.2,78.5,75.63333333333333,73.56666666666666,71.5,72.63333333333333,73.5,72.26666666666667,72.06666666666666,72.83333333333333,71.86666666666666,70.83333333333333,71.86666666666667,73.0,79.63333333333333,79.8,85.06666666666666,93.96666666666665,88.53333333333335,101.36666666666667,89.16666666666667,87.43333333333334,88.86666666666667,2007,1,5,1/05/2007,-999.0,0.0,0.26951,0.26924,0.26886,0.26801,0.26847,-999.0,0.26772,0.26979
2007-01-06,85.56666666666666,78.56666666666666,86.53333333333335,88.23333333333333,85.83333333333333,88.89999999999999,85.2,82.2,78.5,75.63333333333333,73.56666666666666,71.5,72.63333333333333,73.5,72.26666666666667,72.06666666666666,72.83333333333333,71.86666666666666,70.83333333333333,71.86666666666667,73.0,79.63333333333333,79.8,85.06666666666666,93.96666666666665,88.53333333333335,101.36666666666667,89.16666666666667,87.43333333333334,2007,1,6,1/06/2007,0.26946,6.0,-999.0,0.26951,0.26924,0.26886,0.26801,0.26847,-999.0,0.26944
2007-01-07,84.96666666666667,79.3,85.56666666666666,86.53333333333335,88.23333333333333,85.83333333333333,88.89999999999999,85.2,82.2,78.5,75.63333333333333,73.56666666666666,71.5,72.63333333333333,73.5,72.26666666666667,72.06666666666666,72.83333333333333,71.86666666666666,70.83333333333333,71.86666666666667,73.0,79.63333333333333,79.8,85.06666666666666,93.96666666666665,88.53333333333335,101.36666666666667,89.16666666666667,2007,1,7,1/07/2007,0.26941,6.0,0.26946,-999.0,0.26951,0.26924,0.26886,0.26801,0.26847,0.26968
2007-01-08,85.86666666666667,78.76666666666667,84.96666666666667,85.56666666666666,86.53333333333335,88.23333333333333,85.83333333333333,88.89999999999999,85.2,82.2,78.5,75.63333333333333,73.56666666666666,71.5,72.63333333333333,73.5,72.26666666666667,72.06666666666666,72.83333333333333,71.86666666666666,70.83333333333333,71.86666666666667,73.0,79.63333333333333,79.8,85.06666666666666,93.96666666666665,88.53333333333335,101.36666666666667,2007,1,8,1/08/2007,0.26956,6.0,0.26941,0.26946,-999.0,0.26951,0.26924,0.26886,0.26801,0.2691
2007-01-09,88.96666666666665,75.86666666666666,85.86666666666667,84.96666666666667,85.56666666666666,86.53333333333335,88.23333333333333,85.83333333333333,88.89999999999999,85.2,82.2,78.5,75.63333333333333,73.56666666666666,71.5,72.63333333333333,73.5,72.26666666666667,72.06666666666666,72.83333333333333,71.86666666666666,70.83333333333333,71.86666666666667,73.0,79.63333333333333,79.8,85.06666666666666,93.96666666666665,88.53333333333335,2007,1,9,1/09/2007,0.26922,6.0,0.26956,0.26941,0.26946,-999.0,0.26951,0.26924,0.26886,0.26864
2007-01-10,83.60000000000001,75.39999999999999,88.96666666666665,85.86666666666667,84.96666666666667,85.56666666666666,86.53333333333335,88.23333333333333,85.83333333333333,88.89999999999999,85.2,82.2,78.5,75.63333333333333,73.56666666666666,71.5,72.63333333333333,73.5,72.26666666666667,72.06666666666666,72.83333333333333,71.86666666666666,70.83333333333333,71.86666666666667,73.0,79.63333333333333,79.8,85.06666666666666,93.96666666666665,2007,1,10,1/10/2007,0.26892,6.0,0.26922,0.26956,0.26941,0.26946,-999.0,0.26951,0.26924,0.26791
2007-01-11,81.39999999999999,74.26666666666667,83.60000000000001,88.96666666666665,85.86666666666667,84.96666666666667,85.56666666666666,86.53333333333335,88.23333333333333,85.83333333333333,88.89999999999999,85.2,82.2,78.5,75.63333333333333,73.56666666666666,71.5,72.63333333333333,73.5,72.26666666666667,72.06666666666666,72.83333333333333,71.86666666666666,70.83333333333333,71.86666666666667,73.0,79.63333333333333,79.8,85.06666666666666,2007,1,11,1/11/2007,-999.0,0.0,0.26892,0.26922,0.26956,0.26941,0.26946,-999.0,0.26951,0.26762
2007-01-12,80.89999999999999,73.7,81.39999999999999,83.60000000000001,88.96666666666665,85.86666666666667,84.96666666666667,85.56666666666666,86.53333333333335,88.23333333333333,85.83333333333333,88.89999999999999,85.2,82.2,78.5,75.63333333333333,73.56666666666666,71.5,72.63333333333333,73.5,72.26666666666667,72.06666666666666,72.83333333333333,71.86666666666666,70.83333333333333,71.86666666666667,73.0,79.63333333333333,79.8,2007,1,12,1/12/2007,0.26784,6.0,-999.0,0.26892,0.26922,0.26956,0.26941,0.26946,-999.0,0.26705
2007-01-13,78.56666666666666,76.03333333333333,80.89999999999999,81.39999999999999,83.60000000000001,88.96666666666665,85.86666666666667,84.96666666666667,85.56666666666666,86.53333333333335,88.23333333333333,85.83333333333333,88.89999999999999,85.2,82.2,78.5,75.63333333333333,73.56666666666666,71.5,72.63333333333333,73.5,72.26666666666667,72.06666666666666,72.83333333333333,71.86666666666666,70.83333333333333,71.86666666666667,73.0,79.63333333333333,2007,1,13,1/13/2007,0.26755,6.0,0.26784,-999.0,0.26892,0.26922,0.26956,0.26941,0.26946,0.26656
2007-01-14,79.3,76.03333333333333,78.56666666666666,80.89999999999999,81.39999999999999,83.60000000000001,88.96666666666665,85.86666666666667,84.96666666666667,85.56666666666666,86.53333333333335,88.23333333333333,85.83333333333333,88.89999999999999,85.2,82.2,78.5,75.63333333333333,73.56666666666666,71.5,72.63333333333333,73.5,72.26666666666667,72.06666666666666,72.83333333333333,71.86666666666666,70.83333333333333,71.86666666666667,73.0,2007,1,14,1/14/2007,0.26771,6.0,0.26755,0.26784,-999.0,0.26892,0.26922,0.26956,0.26941,0.26639
2007-01-15,78.76666666666667,76.03333333333335,79.3,78.56666666666666,80.89999999999999,81.39999999999999,83.60000000000001,88.96666666666665,85.86666666666667,84.96666666666667,85.56666666666666,86.53333333333335,88.23333333333333,85.83333333333333,88.89999999999999,85.2,82.2,78.5,75.63333333333333,73.56666666666666,71.5,72.63333333333333,73.5,72.26666666666667,72.06666666666666,72.83333333333333,71.86666666666666,70.83333333333333,71.86666666666667,2007,1,15,1/15/2007,0.26773,6.0,0.26771,0.26755,0.26784,-999.0,0.26892,0.26922,0.26956,0.26643
2007-01-16,75.86666666666666,76.39999999999999,78.76666666666667,79.3,78.56666666666666,80.89999999999999,81.39999999999999,83.60000000000001,88.96666666666665,85.86666666666667,84.96666666666667,85.56666666666666,86.53333333333335,88.23333333333333,85.83333333333333,88.89999999999999,85.2,82.2,78.5,75.63333333333333,73.56666666666666,71.5,72.63333333333333,73.5,72.26666666666667,72.06666666666666,72.83333333333333,71.86666666666666,70.83333333333333,2007,1,16,1/16/2007,0.26806,6.0,0.26773,0.26771,0.26755,0.26784,-999.0,0.26892,0.26922,0.26668
2007-01-17,75.39999999999999,77.93333333333334,75.86666666666666,78.76666666666667,79.3,78.56666666666666,80.89999999999999,81.39999999999999,83.60000000000001,88.96666666666665,85.86666666666667,84.96666666666667,85.56666666666666,86.53333333333335,88.23333333333333,85.83333333333333,88.89999999999999,85.2,82.2,78.5,75.63333333333333,73.56666666666666,71.5,72.63333333333333,73.5,72.26666666666667,72.06666666666666,72.83333333333333,71.86666666666666,2007,1,17,1/17/2007,0.26795,6.0,0.26806,0.26773,0.26771,0.26755,0.26784,-999.0,0.26892,0.26692
2007-01-17,75.39999999999999,77.93333333333334,75.86666666666666,78.76666666666667,79.3,78.56666666666666,80.89999999999999,81.39999999999999,83.60000000000001,88.96666666666665,85.86666666666667,84.96666666666667,85.56666666666666,86.53333333333335,88.23333333333333,85.83333333333333,88.89999999999999,85.2,82.2,78.5,75.63333333333333,73.56666666666666,71.5,72.63333333333333,73.5,72.26666666666667,72.06666666666666,72.83333333333333,71.86666666666666,2007,1,17,1/17/2007,0.26978,6.0,0.26795,0.26806,0.26773,0.26771,0.26755,0.26784,-999.0,0.26718
2007-01-18,74.26666666666667,77.39999999999999,75.39999999999999,75.86666666666666,78.76666666666667,79.3,78.56666666666666,80.89999999999999,81.39999999999999,83.60000000000001,88.96666666666665,85.86666666666667,84.96666666666667,85.56666666666666,86.53333333333335,88.23333333333333,85.83333333333333,88.89999999999999,85.2,82.2,78.5,75.63333333333333,73.56666666666666,71.5,72.63333333333333,73.5,72.26666666666667,72.06666666666666,72.83333333333333,2007,1,18,1/18/2007,0.26768,6.0,0.26978,0.26795,0.26806,0.26773,0.26771,0.26755,0.26784,0.26732
2007-01-18,74.26666666666667,77.39999999999999,75.39999999999999,75.86666666666666,78.76666666666667,79.3,78.56666666666666,80.89999999999999,81.39999999999999,83.60000000000001,88.96666666666665,85.86666666666667,84.96666666666667,85.56666666666666,86.53333333333335,88.23333333333333,85.83333333333333,88.89999999999999,85.2,82.2,78.5,75.63333333333333,73.56666666666666,71.5,72.63333333333333,73.5,72.26666666666667,72.06666666666666,72.83333333333333,2007,1,18,1/18/2007,0.26796,6.0,0.26768,0.26978,0.26795,0.26806,0.26773,0.26771,0.26755,0.26764
2007-01-19,73.7,76.96666666666665,74.26666666666667,75.39999999999999,75.86666666666666,78.76666666666667,79.3,78.56666666666666,80.89999999999999,81.39999999999999,83.60000000000001,88.96666666666665,85.86666666666667,84.96666666666667,85.56666666666666,86.53333333333335,88.23333333333333,85.83333333333333,88.89999999999999,85.2,82.2,78.5,75.63333333333333,73.56666666666666,71.5,72.63333333333333,73.5,72.26666666666667,72.06666666666666,2007,1,19,1/19/2007,0.26821,6.0,0.26796,0.26768,0.26978,0.26795,0.26806,0.26773,0.26771,0.26781
2007-01-19,73.7,76.96666666666665,74.26666666666667,75.39999999999999,75.86666666666666,78.76666666666667,79.3,78.56666666666666,80.89999999999999,81.39999999999999,83.60000000000001,88.96666666666665,85.86666666666667,84.96666666666667,85.56666666666666,86.53333333333335,88.23333333333333,85.83333333333333,88.89999999999999,85.2,82.2,78.5,75.63333333333333,73.56666666666666,71.5,72.63333333333333,73.5,72.26666666666667,72.06666666666666,2007,1,19,1/19/2007,0.26779,6.0,0.26821,0.26796,0.26768,0.26978,0.26795,0.26806,0.26773,0.2678
2007-01-20,76.03333333333333,77.93333333333334,73.7,74.26666666666667,75.39999999999999,75.86666666666666,78.76666666666667,79.3,78.56666666666666,80.89999999999999,81.39999999999999,83.60000000000001,88.96666666666665,85.86666666666667,84.96666666666667,85.56666666666666,86.53333333333335,88.23333333333333,85.83333333333333,88.89999999999999,85.2,82.2,78.5,75.63333333333333,73.56666666666666,71.5,72.63333333333333,73.5,72.26666666666667,2007,1,20,1/20/2007,0.26816,6.0,0.26779,0.26821,0.26796,0.26768,0.26978,0.26795,0.26806,0.26773
2007-01-21,76.03333333333333,79.23333333333333,76.03333333333333,73.7,74.26666666666667,75.39999999999999,75.86666666666666,78.76666666666667,79.3,78.56666666666666,80.89999999999999,81.39999999999999,83.60000000000001,88.96666666666665,85.86666666666667,84.96666666666667,85.56666666666666,86.53333333333335,88.23333333333333,85.83333333333333,88.89999999999999,85.2,82.2,78.5,75.63333333333333,73.56666666666666,71.5,72.63333333333333,73.5,2007,1,21,1/21/2007,0.268,6.0,0.26816,0.26779,0.26821,0.26796,0.26768,0.26978,0.26795,0.26775
2007-01-22,76.03333333333335,86.3,76.03333333333333,76.03333333333333,73.7,74.26666666666667,75.39999999999999,75.86666666666666,78.76666666666667,79.3,78.56666666666666,80.89999999999999,81.39999999999999,83.60000000000001,88.96666666666665,85.86666666666667,84.96666666666667,85.56666666666666,86.53333333333335,88.23333333333333,85.83333333333333,88.89999999999999,85.2,82.2,78.5,75.63333333333333,73.56666666666666,71.5,72.63333333333333,2007,1,22,1/22/2007,0.26833,6.0,0.268,0.26816,0.26779,0.26821,0.26796,0.26768,0.26978,0.26772
2007-01-23,76.39999999999999,85.13333333333334,76.03333333333335,76.03333333333333,76.03333333333333,73.7,74.26666666666667,75.39999999999999,75.86666666666666,78.76666666666667,79.3,78.56666666666666,80.89999999999999,81.39999999999999,83.60000000000001,88.96666666666665,85.86666666666667,84.96666666666667,85.56666666666666,86.53333333333335,88.23333333333333,85.83333333333333,88.89999999999999,85.2,82.2,78.5,75.63333333333333,73.56666666666666,71.5,2007,1,23,1/23/2007,0.26782,6.0,0.26833,0.268,0.26816,0.26779,0.26821,0.26796,0.26768,-999.0
2007-01-24,77.93333333333334,86.60000000000001,76.39999999999999,76.03333333333335,76.03333333333333,76.03333333333333,73.7,74.26666666666667,75.39999999999999,75.86666666666666,78.76666666666667,79.3,78.56666666666666,80.89999999999999,81.39999999999999,83.60000000000001,88.96666666666665,85.86666666666667,84.96666666666667,85.56666666666666,86.53333333333335,88.23333333333333,85.83333333333333,88.89999999999999,85.2,82.2,78.5,75.63333333333333,73.56666666666666,2007,1,24,1/24/2007,0.2674,6.0,0.26782,0.26833,0.268,0.26816,0.26779,0.26821,0.26796,0.26847
2007-01-25,77.39999999999999,87.53333333333335,77.93333333333334,76.39999999999999,76.03333333333335,76.03333333333333,76.03333333333333,73.7,74.26666666666667,75.39999999999999,75.86666666666666,78.76666666666667,79.3,78.56666666666666,80.89999999999999,81.39999999999999,83.60000000000001,88.96666666666665,85.86666666666667,84.96666666666667,85.56666666666666,86.53333333333335,88.23333333333333,85.83333333333333,88.89999999999999,85.2,82.2,78.5,75.63333333333333,2007,1,25,1/25/2007,0.2675,6.0,0.2674,0.26782,0.26833,0.268,0.26816,0.26779,0.26821,0.26801
2007-01-26,76.96666666666665,86.53333333333335,77.39999999999999,77.93333333333334,76.39999999999999,76.03333333333335,76.03333333333333,76.03333333333333,73.7,74.26666666666667,75.39999999999999,75.86666666666666,78.76666666666667,79.3,78.56666666666666,80.89999999999999,81.39999999999999,83.60000000000001,88.96666666666665,85.86666666666667,84.96666666666667,85.56666666666666,86.53333333333335,88.23333333333333,85.83333333333333,88.89999999999999,85.2,82.2,78.5,2007,1,26,1/26/2007,0.26695,6.0,0.2675,0.2674,0.26782,0.26833,0.268,0.26816,0.26779,0.26886
2007-01-27,77.93333333333334,84.60000000000001,76.96666666666665,77.39999999999999,77.93333333333334,76.39999999999999,76.03333333333335,76.03333333333333,76.03333333333333,73.7,74.26666666666667,75.39999999999999,75.86666666666666,78.76666666666667,79.3,78.56666666666666,80.89999999999999,81.39999999999999,83.60000000000001,88.96666666666665,85.86666666666667,84.96666666666667,85.56666666666666,86.53333333333335,88.23333333333333,85.83333333333333,88.89999999999999,85.2,82.2,2007,1,27,1/27/2007,0.26728,6.0,0.26695,0.2675,0.2674,0.26782,0.26833,0.268,0.26816,0.26924
2007-01-28,79.23333333333333,81.46666666666665,77.93333333333334,76.96666666666665,77.39999999999999,77.93333333333334,76.39999999999999,76.03333333333335,76.03333333333333,76.03333333333333,73.7,74.26666666666667,75.39999999999999,75.86666666666666,78.76666666666667,79.3,78.56666666666666,80.89999999999999,81.39999999999999,83.60000000000001,88.96666666666665,85.86666666666667,84.96666666666667,85.56666666666666,86.53333333333335,88.23333333333333,85.83333333333333,88.89999999999999,85.2,2007,1,28,1/28/2007,0.26762,6.0,0.26728,0.26695,0.2675,0.2674,0.26782,0.26833,0.268,0.26951
2007-01-29,86.3,80.86666666666667,79.23333333333333,77.93333333333334,76.96666666666665,77.39999999999999,77.93333333333334,76.39999999999999,76.03333333333335,76.03333333333333,76.03333333333333,73.7,74.26666666666667,75.39999999999999,75.86666666666666,78.76666666666667,79.3,78.56666666666666,80.89999999999999,81.39999999999999,83.60000000000001,88.96666666666665,85.86666666666667,84.96666666666667,85.56666666666666,86.53333333333335,88.23333333333333,85.83333333333333,88.89999999999999,2007,1,29,1/29/2007,0.26786,6.0,0.26762,0.26728,0.26695,0.2675,0.2674,0.26782,0.26833,-999.0
2007-01-30,85.13333333333334,79.83333333333333,86.3,79.23333333333333,77.93333333333334,76.96666666666665,77.39999999999999,77.93333333333334,76.39999999999999,76.03333333333335,76.03333333333333,76.03333333333333,73.7,74.26666666666667,75.39999999999999,75.86666666666666,78.76666666666667,79.3,78.56666666666666,80.89999999999999,81.39999999999999,83.60000000000001,88.96666666666665,85.86666666666667,84.96666666666667,85.56666666666666,86.53333333333335,88.23333333333333,85.83333333333333,2007,1,30,1/30/2007,0.26849,6.0,0.26786,0.26762,0.26728,0.26695,0.2675,0.2674,0.26782,0.26946
2007-01-31,86.60000000000001,79.26666666666667,85.13333333333334,86.3,79.23333333333333,77.93333333333334,76.96666666666665,77.39999999999999,77.93333333333334,76.39999999999999,76.03333333333335,76.03333333333333,76.03333333333333,73.7,74.26666666666667,75.39999999999999,75.86666666666666,78.76666666666667,79.3,78.56666666666666,80.89999999999999,81.39999999999999,83.60000000000001,88.96666666666665,85.86666666666667,84.96666666666667,85.56666666666666,86.53333333333335,88.23333333333333,2007,1,31,1/31/2007,0.2687,6.0,0.26849,0.26786,0.26762,0.26728,0.26695,0.2675,0.2674,0.26941
2007-02-01,87.53333333333335,76.46666666666665,86.60000000000001,85.13333333333334,86.3,79.23333333333333,77.93333333333334,76.96666666666665,77.39999999999999,77.93333333333334,76.39999999999999,76.03333333333335,76.03333333333333,76.03333333333333,73.7,74.26666666666667,75.39999999999999,75.86666666666666,78.76666666666667,79.3,78.56666666666666,80.89999999999999,81.39999999999999,83.60000000000001,88.96666666666665,85.86666666666667,84.96666666666667,85.56666666666666,86.53333333333335,2007,2,1,2/01/2007,0.26905,6.0,0.2687,0.26849,0.26786,0.26762,0.26728,0.26695,0.2675,0.26956
2007-02-02,86.53333333333335,74.56666666666666,87.53333333333335,86.60000000000001,85.13333333333334,86.3,79.23333333333333,77.93333333333334,76.96666666666665,77.39999999999999,77.93333333333334,76.39999999999999,76.03333333333335,76.03333333333333,76.03333333333333,73.7,74.26666666666667,75.39999999999999,75.86666666666666,78.76666666666667,79.3,78.56666666666666,80.89999999999999,81.39999999999999,83.60000000000001,88.96666666666665,85.86666666666667,84.96666666666667,85.56666666666666,2007,2,2,2/02/2007,0.26882,6.0,0.26905,0.2687,0.26849,0.26786,0.26762,0.26728,0.26695,0.26922
2007-02-03,84.60000000000001,73.8,86.53333333333335,87.53333333333335,86.60000000000001,85.13333333333334,86.3,79.23333333333333,77.93333333333334,76.96666666666665,77.39999999999999,77.93333333333334,76.39999999999999,76.03333333333335,76.03333333333333,76.03333333333333,73.7,74.26666666666667,75.39999999999999,75.86666666666666,78.76666666666667,79.3,78.56666666666666,80.89999999999999,81.39999999999999,83.60000000000001,88.96666666666665,85.86666666666667,84.96666666666667,2007,2,3,2/03/2007,0.26901,6.0,0.26882,0.26905,0.2687,0.26849,0.26786,0.26762,0.26728,0.26892
2007-02-04,81.46666666666665,72.76666666666667,84.60000000000001,86.53333333333335,87.53333333333335,86.60000000000001,85.13333333333334,86.3,79.23333333333333,77.93333333333334,76.96666666666665,77.39999999999999,77.93333333333334,76.39999999999999,76.03333333333335,76.03333333333333,76.03333333333333,73.7,74.26666666666667,75.39999999999999,75.86666666666666,78.76666666666667,79.3,78.56666666666666,80.89999999999999,81.39999999999999,83.60000000000001,88.96666666666665,85.86666666666667,2007,2,4,2/04/2007,0.26874,6.0,0.26901,0.26882,0.26905,0.2687,0.26849,0.26786,0.26762,-999.0
2007-02-05,80.86666666666667,71.66666666666667,81.46666666666665,84.60000000000001,86.53333333333335,87.53333333333335,86.60000000000001,85.13333333333334,86.3,79.23333333333333,77.93333333333334,76.96666666666665,77.39999999999999,77.93333333333334,76.39999999999999,76.03333333333335,76.03333333333333,76.03333333333333,73.7,74.26666666666667,75.39999999999999,75.86666666666666,78.76666666666667,79.3,78.56666666666666,80.89999999999999,81.39999999999999,83.60000000000001,88.96666666666665,2007,2,5,2/05/2007,0.26872,6.0,0.26874,0.26901,0.26882,0.26905,0.2687,0.26849,0.26786,0.26784
2007-02-06,79.83333333333333,71.0,80.86666666666667,81.46666666666665,84.60000000000001,86.53333333333335,87.53333333333335,86.60000000000001,85.13333333333334,86.3,79.23333333333333,77.93333333333334,76.96666666666665,77.39999999999999,77.93333333333334,76.39999999999999,76.03333333333335,76.03333333333333,76.03333333333333,73.7,74.26666666666667,75.39999999999999,75.86666666666666,78.76666666666667,79.3,78.56666666666666,80.89999999999999,81.39999999999999,83.60000000000001,2007,2,6,2/06/2007,0.26853,6.0,0.26872,0.26874,0.26901,0.26882,0.26905,0.2687,0.26849,0.26755
2007-02-07,79.26666666666667,70.89999999999999,79.83333333333333,80.86666666666667,81.46666666666665,84.60000000000001,86.53333333333335,87.53333333333335,86.60000000000001,85.13333333333334,86.3,79.23333333333333,77.93333333333334,76.96666666666665,77.39999999999999,77.93333333333334,76.39999999999999,76.03333333333335,76.03333333333333,76.03333333333333,73.7,74.26666666666667,75.39999999999999,75.86666666666666,78.76666666666667,79.3,78.56666666666666,80.89999999999999,81.39999999999999,2007,2,7,2/07/2007,0.26812,6.0,0.26853,0.26872,0.26874,0.26901,0.26882,0.26905,0.2687,0.26771
2007-02-08,76.46666666666665,71.33333333333333,79.26666666666667,79.83333333333333,80.86666666666667,81.46666666666665,84.60000000000001,86.53333333333335,87.53333333333335,86.60000000000001,85.13333333333334,86.3,79.23333333333333,77.93333333333334,76.96666666666665,77.39999999999999,77.93333333333334,76.39999999999999,76.03333333333335,76.03333333333333,76.03333333333333,73.7,74.26666666666667,75.39999999999999,75.86666666666666,78.76666666666667,79.3,78.56666666666666,80.89999999999999,2007,2,8,2/08/2007,0.26791,6.0,0.26812,0.26853,0.26872,0.26874,0.26901,0.26882,0.26905,0.26773
2007-02-09,74.56666666666666,72.76666666666667,76.46666666666665,79.26666666666667,79.83333333333333,80.86666666666667,81.46666666666665,84.60000000000001,86.53333333333335,87.53333333333335,86.60000000000001,85.13333333333334,86.3,79.23333333333333,77.93333333333334,76.96666666666665,77.39999999999999,77.93333333333334,76.39999999999999,76.03333333333335,76.03333333333333,76.03333333333333,73.7,74.26666666666667,75.39999999999999,75.86666666666666,78.76666666666667,79.3,78.56666666666666,2007,2,9,2/09/2007,0.2678,6.0,0.26791,0.26812,0.26853,0.26872,0.26874,0.26901,0.26882,0.26806
2007-02-10,73.8,73.33333333333333,74.56666666666666,76.46666666666665,79.26666666666667,79.83333333333333,80.86666666666667,81.46666666666665,84.60000000000001,86.53333333333335,87.53333333333335,86.60000000000001,85.13333333333334,86.3,79.23333333333333,77.93333333333334,76.96666666666665,77.39999999999999,77.93333333333334,76.39999999999999,76.03333333333335,76.03333333333333,76.03333333333333,73.7,74.26666666666667,75.39999999999999,75.86666666666666,78.76666666666667,79.3,2007,2,10,2/10/2007,0.26735,6.0,0.2678,0.26791,0.26812,0.26853,0.26872,0.26874,0.26901,0.26795
2007-02-11,72.76666666666667,73.96666666666667,73.8,74.56666666666666,76.46666666666665,79.26666666666667,79.83333333333333,80.86666666666667,81.46666666666665,84.60000000000001,86.53333333333335,87.53333333333335,86.60000000000001,85.13333333333334,86.3,79.23333333333333,77.93333333333334,76.96666666666665,77.39999999999999,77.93333333333334,76.39999999999999,76.03333333333335,76.03333333333333,76.03333333333333,73.7,74.26666666666667,75.39999999999999,75.86666666666666,78.76666666666667,2007,2,11,2/11/2007,0.26754,6.0,0.26735,0.2678,0.26791,0.26812,0.26853,0.26872,0.26874,0.26978
2007-02-12,71.66666666666667,73.36666666666667,72.76666666666667,73.8,74.56666666666666,76.46666666666665,79.26666666666667,79.83333333333333,80.86666666666667,81.46666666666665,84.60000000000001,86.53333333333335,87.53333333333335,86.60000000000001,85.13333333333334,86.3,79.23333333333333,77.93333333333334,76.96666666666665,77.39999999999999,77.93333333333334,76.39999999999999,76.03333333333335,76.03333333333333,76.03333333333333,73.7,74.26666666666667,75.39999999999999,75.86666666666666,2007,2,12,2/12/2007,0.2676,6.0,0.26754,0.26735,0.2678,0.26791,0.26812,0.26853,0.26872,0.26768
2007-02-13,71.0,73.23333333333333,71.66666666666667,72.76666666666667,73.8,74.56666666666666,76.46666666666665,79.26666666666667,79.83333333333333,80.86666666666667,81.46666666666665,84.60000000000001,86.53333333333335,87.53333333333335,86.60000000000001,85.13333333333334,86.3,79.23333333333333,77.93333333333334,76.96666666666665,77.39999999999999,77.93333333333334,76.39999999999999,76.03333333333335,76.03333333333333,76.03333333333333,73.7,74.26666666666667,75.39999999999999,2007,2,13,2/13/2007,0.2672,6.0,0.2676,0.26754,0.26735,0.2678,0.26791,0.26812,0.26853,0.26796
2007-02-14,70.89999999999999,73.46666666666667,71.0,71.66666666666667,72.76666666666667,73.8,74.56666666666666,76.46666666666665,79.26666666666667,79.83333333333333,80.86666666666667,81.46666666666665,84.60000000000001,86.53333333333335,87.53333333333335,86.60000000000001,85.13333333333334,86.3,79.23333333333333,77.93333333333334,76.96666666666665,77.39999999999999,77.93333333333334,76.39999999999999,76.03333333333335,76.03333333333333,76.03333333333333,73.7,74.26666666666667,2007,2,14,2/14/2007,0.26695,6.0,0.2672,0.2676,0.26754,0.26735,0.2678,0.26791,0.26812,0.26821
2007-02-15,71.33333333333333,74.06666666666666,70.89999999999999,71.0,71.66666666666667,72.76666666666667,73.8,74.56666666666666,76.46666666666665,79.26666666666667,79.83333333333333,80.86666666666667,81.46666666666665,84.60000000000001,86.53333333333335,87.53333333333335,86.60000000000001,85.13333333333334,86.3,79.23333333333333,77.93333333333334,76.96666666666665,77.39999999999999,77.93333333333334,76.39999999999999,76.03333333333335,76.03333333333333,76.03333333333333,73.7,2007,2,15,2/15/2007,0.26717,6.0,0.26695,0.2672,0.2676,0.26754,0.26735,0.2678,0.26791,0.26779
2007-02-16,72.76666666666667,73.7,71.33333333333333,70.89999999999999,71.0,71.66666666666667,72.76666666666667,73.8,74.56666666666666,76.46666666666665,79.26666666666667,79.83333333333333,80.86666666666667,81.46666666666665,84.60000000000001,86.53333333333335,87.53333333333335,86.60000000000001,85.13333333333334,86.3,79.23333333333333,77.93333333333334,76.96666666666665,77.39999999999999,77.93333333333334,76.39999999999999,76.03333333333335,76.03333333333333,76.03333333333333,2007,2,16,2/16/2007,0.26743,6.0,0.26717,0.26695,0.2672,0.2676,0.26754,0.26735,0.2678,0.26816
2007-02-17,73.33333333333333,74.06666666666668,72.76666666666667,71.33333333333333,70.89999999999999,71.0,71.66666666666667,72.76666666666667,73.8,74.56666666666666,76.46666666666665,79.26666666666667,79.83333333333333,80.86666666666667,81.46666666666665,84.60000000000001,86.53333333333335,87.53333333333335,86.60000000000001,85.13333333333334,86.3,79.23333333333333,77.93333333333334,76.96666666666665,77.39999999999999,77.93333333333334,76.39999999999999,76.03333333333335,76.03333333333333,2007,2,17,2/17/2007,0.26749,6.0,0.26743,0.26717,0.26695,0.2672,0.2676,0.26754,0.26735,0.268
2007-02-18,73.96666666666667,75.10000000000001,73.33333333333333,72.76666666666667,71.33333333333333,70.89999999999999,71.0,71.66666666666667,72.76666666666667,73.8,74.56666666666666,76.46666666666665,79.26666666666667,79.83333333333333,80.86666666666667,81.46666666666665,84.60000000000001,86.53333333333335,87.53333333333335,86.60000000000001,85.13333333333334,86.3,79.23333333333333,77.93333333333334,76.96666666666665,77.39999999999999,77.93333333333334,76.39999999999999,76.03333333333335,2007,2,18,2/18/2007,0.26773,6.0,0.26749,0.26743,0.26717,0.26695,0.2672,0.2676,0.26754,0.26833
2007-02-19,73.36666666666667,73.83333333333333,73.96666666666667,73.33333333333333,72.76666666666667,71.33333333333333,70.89999999999999,71.0,71.66666666666667,72.76666666666667,73.8,74.56666666666666,76.46666666666665,79.26666666666667,79.83333333333333,80.86666666666667,81.46666666666665,84.60000000000001,86.53333333333335,87.53333333333335,86.60000000000001,85.13333333333334,86.3,79.23333333333333,77.93333333333334,76.96666666666665,77.39999999999999,77.93333333333334,76.39999999999999,2007,2,19,2/19/2007,0.26787,6.0,0.26773,0.26749,0.26743,0.26717,0.26695,0.2672,0.2676,0.26782
2007-02-20,73.23333333333333,73.63333333333334,73.36666666666667,73.96666666666667,73.33333333333333,72.76666666666667,71.33333333333333,70.89999999999999,71.0,71.66666666666667,72.76666666666667,73.8,74.56666666666666,76.46666666666665,79.26666666666667,79.83333333333333,80.86666666666667,81.46666666666665,84.60000000000001,86.53333333333335,87.53333333333335,86.60000000000001,85.13333333333334,86.3,79.23333333333333,77.93333333333334,76.96666666666665,77.39999999999999,77.93333333333334,2007,2,20,2/20/2007,0.26785,6.0,0.26787,0.26773,0.26749,0.26743,0.26717,0.26695,0.2672,0.2674
2007-02-21,73.46666666666667,74.16666666666667,73.23333333333333,73.36666666666667,73.96666666666667,73.33333333333333,72.76666666666667,71.33333333333333,70.89999999999999,71.0,71.66666666666667,72.76666666666667,73.8,74.56666666666666,76.46666666666665,79.26666666666667,79.83333333333333,80.86666666666667,81.46666666666665,84.60000000000001,86.53333333333335,87.53333333333335,86.60000000000001,85.13333333333334,86.3,79.23333333333333,77.93333333333334,76.96666666666665,77.39999999999999,2007,2,21,2/21/2007,0.26769,6.0,0.26785,0.26787,0.26773,0.26749,0.26743,0.26717,0.26695,0.2675
2007-02-22,74.06666666666666,73.39999999999999,73.46666666666667,73.23333333333333,73.36666666666667,73.96666666666667,73.33333333333333,72.76666666666667,71.33333333333333,70.89999999999999,71.0,71.66666666666667,72.76666666666667,73.8,74.56666666666666,76.46666666666665,79.26666666666667,79.83333333333333,80.86666666666667,81.46666666666665,84.60000000000001,86.53333333333335,87.53333333333335,86.60000000000001,85.13333333333334,86.3,79.23333333333333,77.93333333333334,76.96666666666665,2007,2,22,2/22/2007,0.26719,6.0,0.26769,0.26785,0.26787,0.26773,0.26749,0.26743,0.26717,0.26695
2007-02-23,73.7,73.5,74.06666666666666,73.46666666666667,73.23333333333333,73.36666666666667,73.96666666666667,73.33333333333333,72.76666666666667,71.33333333333333,70.89999999999999,71.0,71.66666666666667,72.76666666666667,73.8,74.56666666666666,76.46666666666665,79.26666666666667,79.83333333333333,80.86666666666667,81.46666666666665,84.60000000000001,86.53333333333335,87.53333333333335,86.60000000000001,85.13333333333334,86.3,79.23333333333333,77.93333333333334,2007,2,23,2/23/2007,0.26736,6.0,0.26719,0.26769,0.26785,0.26787,0.26773,0.26749,0.26743,0.26728
2007-02-24,74.06666666666668,71.76666666666667,73.7,74.06666666666666,73.46666666666667,73.23333333333333,73.36666666666667,73.96666666666667,73.33333333333333,72.76666666666667,71.33333333333333,70.89999999999999,71.0,71.66666666666667,72.76666666666667,73.8,74.56666666666666,76.46666666666665,79.26666666666667,79.83333333333333,80.86666666666667,81.46666666666665,84.60000000000001,86.53333333333335,87.53333333333335,86.60000000000001,85.13333333333334,86.3,79.23333333333333,2007,2,24,2/24/2007,0.26758,6.0,0.26736,0.26719,0.26769,0.26785,0.26787,0.26773,0.26749,0.26762
2007-02-25,75.10000000000001,71.23333333333333,74.06666666666668,73.7,74.06666666666666,73.46666666666667,73.23333333333333,73.36666666666667,73.96666666666667,73.33333333333333,72.76666666666667,71.33333333333333,70.89999999999999,71.0,71.66666666666667,72.76666666666667,73.8,74.56666666666666,76.46666666666665,79.26666666666667,79.83333333333333,80.86666666666667,81.46666666666665,84.60000000000001,86.53333333333335,87.53333333333335,86.60000000000001,85.13333333333334,86.3,2007,2,25,2/25/2007,0.26778,6.0,0.26758,0.26736,0.26719,0.26769,0.26785,0.26787,0.26773,0.26786
2007-02-26,73.83333333333333,70.76666666666667,75.10000000000001,74.06666666666668,73.7,74.06666666666666,73.46666666666667,73.23333333333333,73.36666666666667,73.96666666666667,73.33333333333333,72.76666666666667,71.33333333333333,70.89999999999999,71.0,71.66666666666667,72.76666666666667,73.8,74.56666666666666,76.46666666666665,79.26666666666667,79.83333333333333,80.86666666666667,81.46666666666665,84.60000000000001,86.53333333333335,87.53333333333335,86.60000000000001,85.13333333333334,2007,2,26,2/26/2007,0.26791,6.0,0.26778,0.26758,0.26736,0.26719,0.26769,0.26785,0.26787,0.26849
2007-02-27,73.63333333333334,70.7,73.83333333333333,75.10000000000001,74.06666666666668,73.7,74.06666666666666,73.46666666666667,73.23333333333333,73.36666666666667,73.96666666666667,73.33333333333333,72.76666666666667,71.33333333333333,70.89999999999999,71.0,71.66666666666667,72.76666666666667,73.8,74.56666666666666,76.46666666666665,79.26666666666667,79.83333333333333,80.86666666666667,81.46666666666665,84.60000000000001,86.53333333333335,87.53333333333335,86.60000000000001,2007,2,27,2/27/2007,0.26784,6.0,0.26791,0.26778,0.26758,0.26736,0.26719,0.26769,0.26785,0.2687
2007-02-28,74.16666666666667,71.76666666666667,73.63333333333334,73.83333333333333,75.10000000000001,74.06666666666668,73.7,74.06666666666666,73.46666666666667,73.23333333333333,73.36666666666667,73.96666666666667,73.33333333333333,72.76666666666667,71.33333333333333,70.89999999999999,71.0,71.66666666666667,72.76666666666667,73.8,74.56666666666666,76.46666666666665,79.26666666666667,79.83333333333333,80.86666666666667,81.46666666666665,84.60000000000001,86.53333333333335,87.53333333333335,2007,2,28,2/28/2007,0.26782,6.0,0.26784,0.26791,0.26778,0.26758,0.26736,0.26719,0.26769,0.26905
2007-03-01,73.39999999999999,71.39999999999999,74.16666666666667,73.63333333333334,73.83333333333333,75.10000000000001,74.06666666666668,73.7,74.06666666666666,73.46666666666667,73.23333333333333,73.36666666666667,73.96666666666667,73.33333333333333,72.76666666666667,71.33333333333333,70.89999999999999,71.0,71.66666666666667,72.76666666666667,73.8,74.56666666666666,76.46666666666665,79.26666666666667,79.83333333333333,80.86666666666667,81.46666666666665,84.60000000000001,86.53333333333335,2007,3,1,3/01/2007,0.26753,6.0,0.26782,0.26784,0.26791,0.26778,0.26758,0.26736,0.26719,0.26882
2007-03-02,73.5,70.46666666666665,73.39999999999999,74.16666666666667,73.63333333333334,73.83333333333333,75.10000000000001,74.06666666666668,73.7,74.06666666666666,73.46666666666667,73.23333333333333,73.36666666666667,73.96666666666667,73.33333333333333,72.76666666666667,71.33333333333333,70.89999999999999,71.0,71.66666666666667,72.76666666666667,73.8,74.56666666666666,76.46666666666665,79.26666666666667,79.83333333333333,80.86666666666667,81.46666666666665,84.60000000000001,2007,3,2,3/02/2007,0.26753,6.0,0.26753,0.26782,0.26784,0.26791,0.26778,0.26758,0.26736,0.26901
2007-03-03,71.76666666666667,70.2,73.5,73.39999999999999,74.16666666666667,73.63333333333334,73.83333333333333,75.10000000000001,74.06666666666668,73.7,74.06666666666666,73.46666666666667,73.23333333333333,73.36666666666667,73.96666666666667,73.33333333333333,72.76666666666667,71.33333333333333,70.89999999999999,71.0,71.66666666666667,72.76666666666667,73.8,74.56666666666666,76.46666666666665,79.26666666666667,79.83333333333333,80.86666666666667,81.46666666666665,2007,3,3,3/03/2007,0.26773,6.0,0.26753,0.26753,0.26782,0.26784,0.26791,0.26778,0.26758,0.26874
2007-03-04,71.23333333333333,70.36666666666666,71.76666666666667,73.5,73.39999999999999,74.16666666666667,73.63333333333334,73.83333333333333,75.10000000000001,74.06666666666668,73.7,74.06666666666666,73.46666666666667,73.23333333333333,73.36666666666667,73.96666666666667,73.33333333333333,72.76666666666667,71.33333333333333,70.89999999999999,71.0,71.66666666666667,72.76666666666667,73.8,74.56666666666666,76.46666666666665,79.26666666666667,79.83333333333333,80.86666666666667,2007,3,4,3/04/2007,0.26731,6.0,0.26773,0.26753,0.26753,0.26782,0.26784,0.26791,0.26778,0.26872
2007-03-05,70.76666666666667,70.2,71.23333333333333,71.76666666666667,73.5,73.39999999999999,74.16666666666667,73.63333333333334,73.83333333333333,75.10000000000001,74.06666666666668,73.7,74.06666666666666,73.46666666666667,73.23333333333333,73.36666666666667,73.96666666666667,73.33333333333333,72.76666666666667,71.33333333333333,70.89999999999999,71.0,71.66666666666667,72.76666666666667,73.8,74.56666666666666,76.46666666666665,79.26666666666667,79.83333333333333,2007,3,5,3/05/2007,0.26726,6.0,0.26731,0.26773,0.26753,0.26753,0.26782,0.26784,0.26791,0.26853
2007-03-06,70.7,70.60000000000001,70.76666666666667,71.23333333333333,71.76666666666667,73.5,73.39999999999999,74.16666666666667,73.63333333333334,73.83333333333333,75.10000000000001,74.06666666666668,73.7,74.06666666666666,73.46666666666667,73.23333333333333,73.36666666666667,73.96666666666667,73.33333333333333,72.76666666666667,71.33333333333333,70.89999999999999,71.0,71.66666666666667,72.76666666666667,73.8,74.56666666666666,76.46666666666665,79.26666666666667,2007,3,6,3/06/2007,0.26721,6.0,0.26726,0.26731,0.26773,0.26753,0.26753,0.26782,0.26784,0.26812
2007-03-07,71.76666666666667,69.46666666666667,70.7,70.76666666666667,71.23333333333333,71.76666666666667,73.5,73.39999999999999,74.16666666666667,73.63333333333334,73.83333333333333,75.10000000000001,74.06666666666668,73.7,74.06666666666666,73.46666666666667,73.23333333333333,73.36666666666667,73.96666666666667,73.33333333333333,72.76666666666667,71.33333333333333,70.89999999999999,71.0,71.66666666666667,72.76666666666667,73.8,74.56666666666666,76.46666666666665,2007,3,7,3/07/2007,0.26685,6.0,0.26721,0.26726,0.26731,0.26773,0.26753,0.26753,0.26782,0.26791
2007-03-08,71.39999999999999,68.63333333333334,71.76666666666667,70.7,70.76666666666667,71.23333333333333,71.76666666666667,73.5,73.39999999999999,74.16666666666667,73.63333333333334,73.83333333333333,75.10000000000001,74.06666666666668,73.7,74.06666666666666,73.46666666666667,73.23333333333333,73.36666666666667,73.96666666666667,73.33333333333333,72.76666666666667,71.33333333333333,70.89999999999999,71.0,71.66666666666667,72.76666666666667,73.8,74.56666666666666,2007,3,8,3/08/2007,0.2667,6.0,0.26685,0.26721,0.26726,0.26731,0.26773,0.26753,0.26753,0.2678
2007-03-09,70.46666666666665,68.3,71.39999999999999,71.76666666666667,70.7,70.76666666666667,71.23333333333333,71.76666666666667,73.5,73.39999999999999,74.16666666666667,73.63333333333334,73.83333333333333,75.10000000000001,74.06666666666668,73.7,74.06666666666666,73.46666666666667,73.23333333333333,73.36666666666667,73.96666666666667,73.33333333333333,72.76666666666667,71.33333333333333,70.89999999999999,71.0,71.66666666666667,72.76666666666667,73.8,2007,3,9,3/09/2007,0.267,6.0,0.2667,0.26685,0.26721,0.26726,0.26731,0.26773,0.26753,0.26735
2007-03-10,70.2,68.83333333333333,70.46666666666665,71.39999999999999,71.76666666666667,70.7,70.76666666666667,71.23333333333333,71.76666666666667,73.5,73.39999999999999,74.16666666666667,73.63333333333334,73.83333333333333,75.10000000000001,74.06666666666668,73.7,74.06666666666666,73.46666666666667,73.23333333333333,73.36666666666667,73.96666666666667,73.33333333333333,72.76666666666667,71.33333333333333,70.89999999999999,71.0,71.66666666666667,72.76666666666667,2007,3,10,3/10/2007,0.2669,6.0,0.267,0.2667,0.26685,0.26721,0.26726,0.26731,0.26773,0.26754
2007-03-11,70.36666666666666,69.63333333333334,70.2,70.46666666666665,71.39999999999999,71.76666666666667,70.7,70.76666666666667,71.23333333333333,71.76666666666667,73.5,73.39999999999999,74.16666666666667,73.63333333333334,73.83333333333333,75.10000000000001,74.06666666666668,73.7,74.06666666666666,73.46666666666667,73.23333333333333,73.36666666666667,73.96666666666667,73.33333333333333,72.76666666666667,71.33333333333333,70.89999999999999,71.0,71.66666666666667,2007,3,11,3/11/2007,0.26677,6.0,0.2669,0.267,0.2667,0.26685,0.26721,0.26726,0.26731,0.2676
2007-03-12,70.2,69.63333333333334,70.36666666666666,70.2,70.46666666666665,71.39999999999999,71.76666666666667,70.7,70.76666666666667,71.23333333333333,71.76666666666667,73.5,73.39999999999999,74.16666666666667,73.63333333333334,73.83333333333333,75.10000000000001,74.06666666666668,73.7,74.06666666666666,73.46666666666667,73.23333333333333,73.36666666666667,73.96666666666667,73.33333333333333,72.76666666666667,71.33333333333333,70.89999999999999,71.0,2007,3,12,3/12/2007,0.26667,6.0,0.26677,0.2669,0.267,0.2667,0.26685,0.26721,0.26726,0.2672
2007-03-13,70.60000000000001,71.93333333333334,70.2,70.36666666666666,70.2,70.46666666666665,71.39999999999999,71.76666666666667,70.7,70.76666666666667,71.23333333333333,71.76666666666667,73.5,73.39999999999999,74.16666666666667,73.63333333333334,73.83333333333333,75.10000000000001,74.06666666666668,73.7,74.06666666666666,73.46666666666667,73.23333333333333,73.36666666666667,73.96666666666667,73.33333333333333,72.76666666666667,71.33333333333333,70.89999999999999,2007,3,13,3/13/2007,0.2666,6.0,0.26667,0.26677,0.2669,0.267,0.2667,0.26685,0.26721,0.26695
2007-03-14,69.46666666666667,72.26666666666667,70.60000000000001,70.2,70.36666666666666,70.2,70.46666666666665,71.39999999999999,71.76666666666667,70.7,70.76666666666667,71.23333333333333,71.76666666666667,73.5,73.39999999999999,74.16666666666667,73.63333333333334,73.83333333333333,75.10000000000001,74.06666666666668,73.7,74.06666666666666,73.46666666666667,73.23333333333333,73.36666666666667,73.96666666666667,73.33333333333333,72.76666666666667,71.33333333333333,2007,3,14,3/14/2007,0.26683,6.0,0.2666,0.26667,0.26677,0.2669,0.267,0.2667,0.26685,0.26717
2007-03-15,68.63333333333334,71.86666666666667,69.46666666666667,70.60000000000001,70.2,70.36666666666666,70.2,70.46666666666665,71.39999999999999,71.76666666666667,70.7,70.76666666666667,71.23333333333333,71.76666666666667,73.5,73.39999999999999,74.16666666666667,73.63333333333334,73.83333333333333,75.10000000000001,74.06666666666668,73.7,74.06666666666666,73.46666666666667,73.23333333333333,73.36666666666667,73.96666666666667,73.33333333333333,72.76666666666667,2007,3,15,3/15/2007,0.2666,6.0,0.26683,0.2666,0.26667,0.26677,0.2669,0.267,0.2667,0.26743
2007-03-16,68.3,72.26666666666667,68.63333333333334,69.46666666666667,70.60000000000001,70.2,70.36666666666666,70.2,70.46666666666665,71.39999999999999,71.76666666666667,70.7,70.76666666666667,71.23333333333333,71.76666666666667,73.5,73.39999999999999,74.16666666666667,73.63333333333334,73.83333333333333,75.10000000000001,74.06666666666668,73.7,74.06666666666666,73.46666666666667,73.23333333333333,73.36666666666667,73.96666666666667,73.33333333333333,2007,3,16,3/16/2007,0.26663,6.0,0.2666,0.26683,0.2666,0.26667,0.26677,0.2669,0.267,0.26749
2007-03-17,68.83333333333333,72.56666666666666,68.3,68.63333333333334,69.46666666666667,70.60000000000001,70.2,70.36666666666666,70.2,70.46666666666665,71.39999999999999,71.76666666666667,70.7,70.76666666666667,71.23333333333333,71.76666666666667,73.5,73.39999999999999,74.16666666666667,73.63333333333334,73.83333333333333,75.10000000000001,74.06666666666668,73.7,74.06666666666666,73.46666666666667,73.23333333333333,73.36666666666667,73.96666666666667,2007,3,17,3/17/2007,0.2666,6.0,0.26663,0.2666,0.26683,0.2666,0.26667,0.26677,0.2669,0.26773
2007-03-18,69.63333333333334,73.39999999999999,68.83333333333333,68.3,68.63333333333334,69.46666666666667,70.60000000000001,70.2,70.36666666666666,70.2,70.46666666666665,71.39999999999999,71.76666666666667,70.7,70.76666666666667,71.23333333333333,71.76666666666667,73.5,73.39999999999999,74.16666666666667,73.63333333333334,73.83333333333333,75.10000000000001,74.06666666666668,73.7,74.06666666666666,73.46666666666667,73.23333333333333,73.36666666666667,2007,3,18,3/18/2007,0.26661,6.0,0.2666,0.26663,0.2666,0.26683,0.2666,0.26667,0.26677,0.26787
2007-03-19,69.63333333333334,73.33333333333333,69.63333333333334,68.83333333333333,68.3,68.63333333333334,69.46666666666667,70.60000000000001,70.2,70.36666666666666,70.2,70.46666666666665,71.39999999999999,71.76666666666667,70.7,70.76666666666667,71.23333333333333,71.76666666666667,73.5,73.39999999999999,74.16666666666667,73.63333333333334,73.83333333333333,75.10000000000001,74.06666666666668,73.7,74.06666666666666,73.46666666666667,73.23333333333333,2007,3,19,3/19/2007,0.26692,6.0,0.26661,0.2666,0.26663,0.2666,0.26683,0.2666,0.26667,0.26785
2007-03-20,71.93333333333334,73.23333333333333,69.63333333333334,69.63333333333334,68.83333333333333,68.3,68.63333333333334,69.46666666666667,70.60000000000001,70.2,70.36666666666666,70.2,70.46666666666665,71.39999999999999,71.76666666666667,70.7,70.76666666666667,71.23333333333333,71.76666666666667,73.5,73.39999999999999,74.16666666666667,73.63333333333334,73.83333333333333,75.10000000000001,74.06666666666668,73.7,74.06666666666666,73.46666666666667,2007,3,20,3/20/2007,0.26691,6.0,0.26692,0.26661,0.2666,0.26663,0.2666,0.26683,0.2666,0.26769
2007-03-21,72.26666666666667,74.56666666666666,71.93333333333334,69.63333333333334,69.63333333333334,68.83333333333333,68.3,68.63333333333334,69.46666666666667,70.60000000000001,70.2,70.36666666666666,70.2,70.46666666666665,71.39999999999999,71.76666666666667,70.7,70.76666666666667,71.23333333333333,71.76666666666667,73.5,73.39999999999999,74.16666666666667,73.63333333333334,73.83333333333333,75.10000000000001,74.06666666666668,73.7,74.06666666666666,2007,3,21,3/21/2007,0.26721,6.0,0.26691,0.26692,0.26661,0.2666,0.26663,0.2666,0.26683,0.26719
2007-03-22,71.86666666666667,73.7,72.26666666666667,71.93333333333334,69.63333333333334,69.63333333333334,68.83333333333333,68.3,68.63333333333334,69.46666666666667,70.60000000000001,70.2,70.36666666666666,70.2,70.46666666666665,71.39999999999999,71.76666666666667,70.7,70.76666666666667,71.23333333333333,71.76666666666667,73.5,73.39999999999999,74.16666666666667,73.63333333333334,73.83333333333333,75.10000000000001,74.06666666666668,73.7,2007,3,22,3/22/2007,0.26693,6.0,0.26721,0.26691,0.26692,0.26661,0.2666,0.26663,0.2666,0.26736
2007-03-23,72.26666666666667,73.76666666666667,71.86666666666667,72.26666666666667,71.93333333333334,69.63333333333334,69.63333333333334,68.83333333333333,68.3,68.63333333333334,69.46666666666667,70.60000000000001,70.2,70.36666666666666,70.2,70.46666666666665,71.39999999999999,71.76666666666667,70.7,70.76666666666667,71.23333333333333,71.76666666666667,73.5,73.39999999999999,74.16666666666667,73.63333333333334,73.83333333333333,75.10000000000001,74.06666666666668,2007,3,23,3/23/2007,0.26745,6.0,0.26693,0.26721,0.26691,0.26692,0.26661,0.2666,0.26663,0.26758
2007-03-24,72.56666666666666,72.86666666666666,72.26666666666667,71.86666666666667,72.26666666666667,71.93333333333334,69.63333333333334,69.63333333333334,68.83333333333333,68.3,68.63333333333334,69.46666666666667,70.60000000000001,70.2,70.36666666666666,70.2,70.46666666666665,71.39999999999999,71.76666666666667,70.7,70.76666666666667,71.23333333333333,71.76666666666667,73.5,73.39999999999999,74.16666666666667,73.63333333333334,73.83333333333333,75.10000000000001,2007,3,24,3/24/2007,0.26764,6.0,0.26745,0.26693,0.26721,0.26691,0.26692,0.26661,0.2666,0.26778
2007-03-25,73.39999999999999,71.66666666666667,72.56666666666666,72.26666666666667,71.86666666666667,72.26666666666667,71.93333333333334,69.63333333333334,69.63333333333334,68.83333333333333,68.3,68.63333333333334,69.46666666666667,70.60000000000001,70.2,70.36666666666666,70.2,70.46666666666665,71.39999999999999,71.76666666666667,70.7,70.76666666666667,71.23333333333333,71.76666666666667,73.5,73.39999999999999,74.16666666666667,73.63333333333334,73.83333333333333,2007,3,25,3/25/2007,0.2674,6.0,0.26764,0.26745,0.26693,0.26721,0.26691,0.26692,0.26661,0.26791
2007-03-26,73.33333333333333,70.83333333333333,73.39999999999999,72.56666666666666,72.26666666666667,71.86666666666667,72.26666666666667,71.93333333333334,69.63333333333334,69.63333333333334,68.83333333333333,68.3,68.63333333333334,69.46666666666667,70.60000000000001,70.2,70.36666666666666,70.2,70.46666666666665,71.39999999999999,71.76666666666667,70.7,70.76666666666667,71.23333333333333,71.76666666666667,73.5,73.39999999999999,74.16666666666667,73.63333333333334,2007,3,26,3/26/2007,0.26765,6.0,0.2674,0.26764,0.26745,0.26693,0.26721,0.26691,0.26692,0.26784
2007-03-27,73.23333333333333,70.56666666666666,73.33333333333333,73.39999999999999,72.56666666666666,72.26666666666667,71.86666666666667,72.26666666666667,71.93333333333334,69.63333333333334,69.63333333333334,68.83333333333333,68.3,68.63333333333334,69.46666666666667,70.60000000000001,70.2,70.36666666666666,70.2,70.46666666666665,71.39999999999999,71.76666666666667,70.7,70.76666666666667,71.23333333333333,71.76666666666667,73.5,73.39999999999999,74.16666666666667,2007,3,27,3/27/2007,0.26774,6.0,0.26765,0.2674,0.26764,0.26745,0.26693,0.26721,0.26691,0.26782
2007-03-28,74.56666666666666,71.03333333333333,73.23333333333333,73.33333333333333,73.39999999999999,72.56666666666666,72.26666666666667,71.86666666666667,72.26666666666667,71.93333333333334,69.63333333333334,69.63333333333334,68.83333333333333,68.3,68.63333333333334,69.46666666666667,70.60000000000001,70.2,70.36666666666666,70.2,70.46666666666665,71.39999999999999,71.76666666666667,70.7,70.76666666666667,71.23333333333333,71.76666666666667,73.5,73.39999999999999,2007,3,28,3/28/2007,0.26781,6.0,0.26774,0.26765,0.2674,0.26764,0.26745,0.26693,0.26721,0.26753
2007-03-29,73.7,70.73333333333333,74.56666666666666,73.23333333333333,73.33333333333333,73.39999999999999,72.56666666666666,72.26666666666667,71.86666666666667,72.26666666666667,71.93333333333334,69.63333333333334,69.63333333333334,68.83333333333333,68.3,68.63333333333334,69.46666666666667,70.60000000000001,70.2,70.36666666666666,70.2,70.46666666666665,71.39999999999999,71.76666666666667,70.7,70.76666666666667,71.23333333333333,71.76666666666667,73.5,2007,3,29,3/29/2007,0.26784,6.0,0.26781,0.26774,0.26765,0.2674,0.26764,0.26745,0.26693,0.26753
2007-03-30,73.76666666666667,71.0,73.7,74.56666666666666,73.23333333333333,73.33333333333333,73.39999999999999,72.56666666666666,72.26666666666667,71.86666666666667,72.26666666666667,71.93333333333334,69.63333333333334,69.63333333333334,68.83333333333333,68.3,68.63333333333334,69.46666666666667,70.60000000000001,70.2,70.36666666666666,70.2,70.46666666666665,71.39999999999999,71.76666666666667,70.7,70.76666666666667,71.23333333333333,71.76666666666667,2007,3,30,3/30/2007,0.26789,6.0,0.26784,0.26781,0.26774,0.26765,0.2674,0.26764,0.26745,0.26773
2007-03-31,72.86666666666666,71.33333333333333,73.76666666666667,73.7,74.56666666666666,73.23333333333333,73.33333333333333,73.39999999999999,72.56666666666666,72.26666666666667,71.86666666666667,72.26666666666667,71.93333333333334,69.63333333333334,69.63333333333334,68.83333333333333,68.3,68.63333333333334,69.46666666666667,70.60000000000001,70.2,70.36666666666666,70.2,70.46666666666665,71.39999999999999,71.76666666666667,70.7,70.76666666666667,71.23333333333333,2007,3,31,3/31/2007,0.26787,6.0,0.26789,0.26784,0.26781,0.26774,0.26765,0.2674,0.26764,0.26731
2007-04-01,71.66666666666667,71.2,72.86666666666666,73.76666666666667,73.7,74.56666666666666,73.23333333333333,73.33333333333333,73.39999999999999,72.56666666666666,72.26666666666667,71.86666666666667,72.26666666666667,71.93333333333334,69.63333333333334,69.63333333333334,68.83333333333333,68.3,68.63333333333334,69.46666666666667,70.60000000000001,70.2,70.36666666666666,70.2,70.46666666666665,71.39999999999999,71.76666666666667,70.7,70.76666666666667,2007,4,1,4/01/2007,0.26768,6.0,0.26787,0.26789,0.26784,0.26781,0.26774,0.26765,0.2674,0.26726
2007-04-02,70.83333333333333,70.36666666666667,71.66666666666667,72.86666666666666,73.76666666666667,73.7,74.56666666666666,73.23333333333333,73.33333333333333,73.39999999999999,72.56666666666666,72.26666666666667,71.86666666666667,72.26666666666667,71.93333333333334,69.63333333333334,69.63333333333334,68.83333333333333,68.3,68.63333333333334,69.46666666666667,70.60000000000001,70.2,70.36666666666666,70.2,70.46666666666665,71.39999999999999,71.76666666666667,70.7,2007,4,2,4/02/2007,0.26764,6.0,0.26768,0.26787,0.26789,0.26784,0.26781,0.26774,0.26765,0.26721
2007-04-03,70.56666666666666,69.73333333333333,70.83333333333333,71.66666666666667,72.86666666666666,73.76666666666667,73.7,74.56666666666666,73.23333333333333,73.33333333333333,73.39999999999999,72.56666666666666,72.26666666666667,71.86666666666667,72.26666666666667,71.93333333333334,69.63333333333334,69.63333333333334,68.83333333333333,68.3,68.63333333333334,69.46666666666667,70.60000000000001,70.2,70.36666666666666,70.2,70.46666666666665,71.39999999999999,71.76666666666667,2007,4,3,4/03/2007,0.26723,6.0,0.26764,0.26768,0.26787,0.26789,0.26784,0.26781,0.26774,0.26685
2007-04-04,71.03333333333333,69.36666666666667,70.56666666666666,70.83333333333333,71.66666666666667,72.86666666666666,73.76666666666667,73.7,74.56666666666666,73.23333333333333,73.33333333333333,73.39999999999999,72.56666666666666,72.26666666666667,71.86666666666667,72.26666666666667,71.93333333333334,69.63333333333334,69.63333333333334,68.83333333333333,68.3,68.63333333333334,69.46666666666667,70.60000000000001,70.2,70.36666666666666,70.2,70.46666666666665,71.39999999999999,2007,4,4,4/04/2007,0.26713,6.0,0.26723,0.26764,0.26768,0.26787,0.26789,0.26784,0.26781,0.2667
2007-04-05,70.73333333333333,68.36666666666666,71.03333333333333,70.56666666666666,70.83333333333333,71.66666666666667,72.86666666666666,73.76666666666667,73.7,74.56666666666666,73.23333333333333,73.33333333333333,73.39999999999999,72.56666666666666,72.26666666666667,71.86666666666667,72.26666666666667,71.93333333333334,69.63333333333334,69.63333333333334,68.83333333333333,68.3,68.63333333333334,69.46666666666667,70.60000000000001,70.2,70.36666666666666,70.2,70.46666666666665,2007,4,5,4/05/2007,0.26725,6.0,0.26713,0.26723,0.26764,0.26768,0.26787,0.26789,0.26784,0.267
2007-04-06,71.0,68.63333333333333,70.73333333333333,71.03333333333333,70.56666666666666,70.83333333333333,71.66666666666667,72.86666666666666,73.76666666666667,73.7,74.56666666666666,73.23333333333333,73.33333333333333,73.39999999999999,72.56666666666666,72.26666666666667,71.86666666666667,72.26666666666667,71.93333333333334,69.63333333333334,69.63333333333334,68.83333333333333,68.3,68.63333333333334,69.46666666666667,70.60000000000001,70.2,70.36666666666666,70.2,2007,4,6,4/06/2007,0.2669,6.0,0.26725,0.26713,0.26723,0.26764,0.26768,0.26787,0.26789,0.2669
2007-04-07,71.33333333333333,68.63333333333334,71.0,70.73333333333333,71.03333333333333,70.56666666666666,70.83333333333333,71.66666666666667,72.86666666666666,73.76666666666667,73.7,74.56666666666666,73.23333333333333,73.33333333333333,73.39999999999999,72.56666666666666,72.26666666666667,71.86666666666667,72.26666666666667,71.93333333333334,69.63333333333334,69.63333333333334,68.83333333333333,68.3,68.63333333333334,69.46666666666667,70.60000000000001,70.2,70.36666666666666,2007,4,7,4/07/2007,0.26685,6.0,0.2669,0.26725,0.26713,0.26723,0.26764,0.26768,0.26787,0.26677
2007-04-08,71.2,69.83333333333333,71.33333333333333,71.0,70.73333333333333,71.03333333333333,70.56666666666666,70.83333333333333,71.66666666666667,72.86666666666666,73.76666666666667,73.7,74.56666666666666,73.23333333333333,73.33333333333333,73.39999999999999,72.56666666666666,72.26666666666667,71.86666666666667,72.26666666666667,71.93333333333334,69.63333333333334,69.63333333333334,68.83333333333333,68.3,68.63333333333334,69.46666666666667,70.60000000000001,70.2,2007,4,8,4/08/2007,0.26684,6.0,0.26685,0.2669,0.26725,0.26713,0.26723,0.26764,0.26768,0.26667
2007-04-09,70.36666666666667,69.76666666666667,71.2,71.33333333333333,71.0,70.73333333333333,71.03333333333333,70.56666666666666,70.83333333333333,71.66666666666667,72.86666666666666,73.76666666666667,73.7,74.56666666666666,73.23333333333333,73.33333333333333,73.39999999999999,72.56666666666666,72.26666666666667,71.86666666666667,72.26666666666667,71.93333333333334,69.63333333333334,69.63333333333334,68.83333333333333,68.3,68.63333333333334,69.46666666666667,70.60000000000001,2007,4,9,4/09/2007,0.26679,6.0,0.26684,0.26685,0.2669,0.26725,0.26713,0.26723,0.26764,0.2666
2007-04-10,69.73333333333333,69.93333333333334,70.36666666666667,71.2,71.33333333333333,71.0,70.73333333333333,71.03333333333333,70.56666666666666,70.83333333333333,71.66666666666667,72.86666666666666,73.76666666666667,73.7,74.56666666666666,73.23333333333333,73.33333333333333,73.39999999999999,72.56666666666666,72.26666666666667,71.86666666666667,72.26666666666667,71.93333333333334,69.63333333333334,69.63333333333334,68.83333333333333,68.3,68.63333333333334,69.46666666666667,2007,4,10,4/10/2007,0.26651,6.0,0.26679,0.26684,0.26685,0.2669,0.26725,0.26713,0.26723,0.26683
2007-04-11,69.36666666666667,69.3,69.73333333333333,70.36666666666667,71.2,71.33333333333333,71.0,70.73333333333333,71.03333333333333,70.56666666666666,70.83333333333333,71.66666666666667,72.86666666666666,73.76666666666667,73.7,74.56666666666666,73.23333333333333,73.33333333333333,73.39999999999999,72.56666666666666,72.26666666666667,71.86666666666667,72.26666666666667,71.93333333333334,69.63333333333334,69.63333333333334,68.83333333333333,68.3,68.63333333333334,2007,4,11,4/11/2007,0.26639,6.0,0.26651,0.26679,0.26684,0.26685,0.2669,0.26725,0.26713,0.2666
2007-04-12,68.36666666666666,68.83333333333333,69.36666666666667,69.73333333333333,70.36666666666667,71.2,71.33333333333333,71.0,70.73333333333333,71.03333333333333,70.56666666666666,70.83333333333333,71.66666666666667,72.86666666666666,73.76666666666667,73.7,74.56666666666666,73.23333333333333,73.33333333333333,73.39999999999999,72.56666666666666,72.26666666666667,71.86666666666667,72.26666666666667,71.93333333333334,69.63333333333334,69.63333333333334,68.83333333333333,68.3,2007,4,12,4/12/2007,0.26648,6.0,0.26639,0.26651,0.26679,0.26684,0.26685,0.2669,0.26725,0.26663
2007-04-13,68.63333333333333,69.36666666666666,68.36666666666666,69.36666666666667,69.73333333333333,70.36666666666667,71.2,71.33333333333333,71.0,70.73333333333333,71.03333333333333,70.56666666666666,70.83333333333333,71.66666666666667,72.86666666666666,73.76666666666667,73.7,74.56666666666666,73.23333333333333,73.33333333333333,73.39999999999999,72.56666666666666,72.26666666666667,71.86666666666667,72.26666666666667,71.93333333333334,69.63333333333334,69.63333333333334,68.83333333333333,2007,4,13,4/13/2007,0.26664,6.0,0.26648,0.26639,0.26651,0.26679,0.26684,0.26685,0.2669,0.2666
2007-04-14,68.63333333333334,69.43333333333334,68.63333333333333,68.36666666666666,69.36666666666667,69.73333333333333,70.36666666666667,71.2,71.33333333333333,71.0,70.73333333333333,71.03333333333333,70.56666666666666,70.83333333333333,71.66666666666667,72.86666666666666,73.76666666666667,73.7,74.56666666666666,73.23333333333333,73.33333333333333,73.39999999999999,72.56666666666666,72.26666666666667,71.86666666666667,72.26666666666667,71.93333333333334,69.63333333333334,69.63333333333334,2007,4,14,4/14/2007,0.2667,6.0,0.26664,0.26648,0.26639,0.26651,0.26679,0.26684,0.26685,0.26661
2007-04-15,69.83333333333333,69.53333333333335,68.63333333333334,68.63333333333333,68.36666666666666,69.36666666666667,69.73333333333333,70.36666666666667,71.2,71.33333333333333,71.0,70.73333333333333,71.03333333333333,70.56666666666666,70.83333333333333,71.66666666666667,72.86666666666666,73.76666666666667,73.7,74.56666666666666,73.23333333333333,73.33333333333333,73.39999999999999,72.56666666666666,72.26666666666667,71.86666666666667,72.26666666666667,71.93333333333334,69.63333333333334,2007,4,15,4/15/2007,0.26671,6.0,0.2667,0.26664,0.26648,0.26639,0.26651,0.26679,0.26684,0.26692
2007-04-16,69.76666666666667,70.10000000000001,69.83333333333333,68.63333333333334,68.63333333333333,68.36666666666666,69.36666666666667,69.73333333333333,70.36666666666667,71.2,71.33333333333333,71.0,70.73333333333333,71.03333333333333,70.56666666666666,70.83333333333333,71.66666666666667,72.86666666666666,73.76666666666667,73.7,74.56666666666666,73.23333333333333,73.33333333333333,73.39999999999999,72.56666666666666,72.26666666666667,71.86666666666667,72.26666666666667,71.93333333333334,2007,4,16,4/16/2007,0.26671,6.0,0.26671,0.2667,0.26664,0.26648,0.26639,0.26651,0.26679,0.26691
2007-04-17,69.93333333333334,74.26666666666667,69.76666666666667,69.83333333333333,68.63333333333334,68.63333333333333,68.36666666666666,69.36666666666667,69.73333333333333,70.36666666666667,71.2,71.33333333333333,71.0,70.73333333333333,71.03333333333333,70.56666666666666,70.83333333333333,71.66666666666667,72.86666666666666,73.76666666666667,73.7,74.56666666666666,73.23333333333333,73.33333333333333,73.39999999999999,72.56666666666666,72.26666666666667,71.86666666666667,72.26666666666667,2007,4,17,4/17/2007,0.26676,6.0,0.26671,0.26671,0.2667,0.26664,0.26648,0.26639,0.26651,0.26721
2007-04-18,69.3,77.26666666666667,69.93333333333334,69.76666666666667,69.83333333333333,68.63333333333334,68.63333333333333,68.36666666666666,69.36666666666667,69.73333333333333,70.36666666666667,71.2,71.33333333333333,71.0,70.73333333333333,71.03333333333333,70.56666666666666,70.83333333333333,71.66666666666667,72.86666666666666,73.76666666666667,73.7,74.56666666666666,73.23333333333333,73.33333333333333,73.39999999999999,72.56666666666666,72.26666666666667,71.86666666666667,2007,4,18,4/18/2007,0.26671,6.0,0.26676,0.26671,0.26671,0.2667,0.26664,0.26648,0.26639,0.26693
2007-04-19,68.83333333333333,81.2,69.3,69.93333333333334,69.76666666666667,69.83333333333333,68.63333333333334,68.63333333333333,68.36666666666666,69.36666666666667,69.73333333333333,70.36666666666667,71.2,71.33333333333333,71.0,70.73333333333333,71.03333333333333,70.56666666666666,70.83333333333333,71.66666666666667,72.86666666666666,73.76666666666667,73.7,74.56666666666666,73.23333333333333,73.33333333333333,73.39999999999999,72.56666666666666,72.26666666666667,2007,4,19,4/19/2007,0.2667,6.0,0.26671,0.26676,0.26671,0.26671,0.2667,0.26664,0.26648,0.26745
2007-04-20,69.36666666666666,83.8,68.83333333333333,69.3,69.93333333333334,69.76666666666667,69.83333333333333,68.63333333333334,68.63333333333333,68.36666666666666,69.36666666666667,69.73333333333333,70.36666666666667,71.2,71.33333333333333,71.0,70.73333333333333,71.03333333333333,70.56666666666666,70.83333333333333,71.66666666666667,72.86666666666666,73.76666666666667,73.7,74.56666666666666,73.23333333333333,73.33333333333333,73.39999999999999,72.56666666666666,2007,4,20,4/20/2007,0.26657,6.0,0.2667,0.26671,0.26676,0.26671,0.26671,0.2667,0.26664,0.26764
2007-04-21,69.43333333333334,86.13333333333333,69.36666666666666,68.83333333333333,69.3,69.93333333333334,69.76666666666667,69.83333333333333,68.63333333333334,68.63333333333333,68.36666666666666,69.36666666666667,69.73333333333333,70.36666666666667,71.2,71.33333333333333,71.0,70.73333333333333,71.03333333333333,70.56666666666666,70.83333333333333,71.66666666666667,72.86666666666666,73.76666666666667,73.7,74.56666666666666,73.23333333333333,73.33333333333333,73.39999999999999,2007,4,21,4/21/2007,0.26656,6.0,0.26657,0.2667,0.26671,0.26676,0.26671,0.26671,0.2667,0.2674
2007-04-22,69.53333333333335,86.23333333333333,69.43333333333334,69.36666666666666,68.83333333333333,69.3,69.93333333333334,69.76666666666667,69.83333333333333,68.63333333333334,68.63333333333333,68.36666666666666,69.36666666666667,69.73333333333333,70.36666666666667,71.2,71.33333333333333,71.0,70.73333333333333,71.03333333333333,70.56666666666666,70.83333333333333,71.66666666666667,72.86666666666666,73.76666666666667,73.7,74.56666666666666,73.23333333333333,73.33333333333333,2007,4,22,4/22/2007,0.26683,6.0,0.26656,0.26657,0.2667,0.26671,0.26676,0.26671,0.26671,0.26765
2007-04-23,70.10000000000001,87.63333333333333,69.53333333333335,69.43333333333334,69.36666666666666,68.83333333333333,69.3,69.93333333333334,69.76666666666667,69.83333333333333,68.63333333333334,68.63333333333333,68.36666666666666,69.36666666666667,69.73333333333333,70.36666666666667,71.2,71.33333333333333,71.0,70.73333333333333,71.03333333333333,70.56666666666666,70.83333333333333,71.66666666666667,72.86666666666666,73.76666666666667,73.7,74.56666666666666,73.23333333333333,2007,4,23,4/23/2007,0.2666,6.0,0.26683,0.26656,0.26657,0.2667,0.26671,0.26676,0.26671,0.26774
2007-04-24,74.26666666666667,87.33333333333333,70.10000000000001,69.53333333333335,69.43333333333334,69.36666666666666,68.83333333333333,69.3,69.93333333333334,69.76666666666667,69.83333333333333,68.63333333333334,68.63333333333333,68.36666666666666,69.36666666666667,69.73333333333333,70.36666666666667,71.2,71.33333333333333,71.0,70.73333333333333,71.03333333333333,70.56666666666666,70.83333333333333,71.66666666666667,72.86666666666666,73.76666666666667,73.7,74.56666666666666,2007,4,24,4/24/2007,0.26698,6.0,0.2666,0.26683,0.26656,0.26657,0.2667,0.26671,0.26676,0.26781
2007-04-25,77.26666666666667,87.33333333333333,74.26666666666667,70.10000000000001,69.53333333333335,69.43333333333334,69.36666666666666,68.83333333333333,69.3,69.93333333333334,69.76666666666667,69.83333333333333,68.63333333333334,68.63333333333333,68.36666666666666,69.36666666666667,69.73333333333333,70.36666666666667,71.2,71.33333333333333,71.0,70.73333333333333,71.03333333333333,70.56666666666666,70.83333333333333,71.66666666666667,72.86666666666666,73.76666666666667,73.7,2007,4,25,4/25/2007,0.26721,6.0,0.26698,0.2666,0.26683,0.26656,0.26657,0.2667,0.26671,0.26784
2007-04-26,81.2,84.76666666666667,77.26666666666667,74.26666666666667,70.10000000000001,69.53333333333335,69.43333333333334,69.36666666666666,68.83333333333333,69.3,69.93333333333334,69.76666666666667,69.83333333333333,68.63333333333334,68.63333333333333,68.36666666666666,69.36666666666667,69.73333333333333,70.36666666666667,71.2,71.33333333333333,71.0,70.73333333333333,71.03333333333333,70.56666666666666,70.83333333333333,71.66666666666667,72.86666666666666,73.76666666666667,2007,4,26,4/26/2007,0.2675,6.0,0.26721,0.26698,0.2666,0.26683,0.26656,0.26657,0.2667,0.26789
2007-04-27,83.8,84.13333333333334,81.2,77.26666666666667,74.26666666666667,70.10000000000001,69.53333333333335,69.43333333333334,69.36666666666666,68.83333333333333,69.3,69.93333333333334,69.76666666666667,69.83333333333333,68.63333333333334,68.63333333333333,68.36666666666666,69.36666666666667,69.73333333333333,70.36666666666667,71.2,71.33333333333333,71.0,70.73333333333333,71.03333333333333,70.56666666666666,70.83333333333333,71.66666666666667,72.86666666666666,2007,4,27,4/27/2007,0.26799,6.0,0.2675,0.26721,0.26698,0.2666,0.26683,0.26656,0.26657,0.26787
2007-04-28,86.13333333333333,82.33333333333333,83.8,81.2,77.26666666666667,74.26666666666667,70.10000000000001,69.53333333333335,69.43333333333334,69.36666666666666,68.83333333333333,69.3,69.93333333333334,69.76666666666667,69.83333333333333,68.63333333333334,68.63333333333333,68.36666666666666,69.36666666666667,69.73333333333333,70.36666666666667,71.2,71.33333333333333,71.0,70.73333333333333,71.03333333333333,70.56666666666666,70.83333333333333,71.66666666666667,2007,4,28,4/28/2007,0.26826,6.0,0.26799,0.2675,0.26721,0.26698,0.2666,0.26683,0.26656,0.26768
2007-04-29,86.23333333333333,79.53333333333333,86.13333333333333,83.8,81.2,77.26666666666667,74.26666666666667,70.10000000000001,69.53333333333335,69.43333333333334,69.36666666666666,68.83333333333333,69.3,69.93333333333334,69.76666666666667,69.83333333333333,68.63333333333334,68.63333333333333,68.36666666666666,69.36666666666667,69.73333333333333,70.36666666666667,71.2,71.33333333333333,71.0,70.73333333333333,71.03333333333333,70.56666666666666,70.83333333333333,2007,4,29,4/29/2007,0.26868,6.0,0.26826,0.26799,0.2675,0.26721,0.26698,0.2666,0.26683,0.26764
2007-04-30,87.63333333333333,77.06666666666666,86.23333333333333,86.13333333333333,83.8,81.2,77.26666666666667,74.26666666666667,70.10000000000001,69.53333333333335,69.43333333333334,69.36666666666666,68.83333333333333,69.3,69.93333333333334,69.76666666666667,69.83333333333333,68.63333333333334,68.63333333333333,68.36666666666666,69.36666666666667,69.73333333333333,70.36666666666667,71.2,71.33333333333333,71.0,70.73333333333333,71.03333333333333,70.56666666666666,2007,4,30,4/30/2007,0.26857,6.0,0.26868,0.26826,0.26799,0.2675,0.26721,0.26698,0.2666,0.26723
2007-05-01,87.33333333333333,74.56666666666666,87.63333333333333,86.23333333333333,86.13333333333333,83.8,81.2,77.26666666666667,74.26666666666667,70.10000000000001,69.53333333333335,69.43333333333334,69.36666666666666,68.83333333333333,69.3,69.93333333333334,69.76666666666667,69.83333333333333,68.63333333333334,68.63333333333333,68.36666666666666,69.36666666666667,69.73333333333333,70.36666666666667,71.2,71.33333333333333,71.0,70.73333333333333,71.03333333333333,2007,5,1,5/01/2007,0.26846,6.0,0.26857,0.26868,0.26826,0.26799,0.2675,0.26721,0.26698,0.26713
2007-05-02,87.33333333333333,73.96666666666665,87.33333333333333,87.63333333333333,86.23333333333333,86.13333333333333,83.8,81.2,77.26666666666667,74.26666666666667,70.10000000000001,69.53333333333335,69.43333333333334,69.36666666666666,68.83333333333333,69.3,69.93333333333334,69.76666666666667,69.83333333333333,68.63333333333334,68.63333333333333,68.36666666666666,69.36666666666667,69.73333333333333,70.36666666666667,71.2,71.33333333333333,71.0,70.73333333333333,2007,5,2,5/02/2007,0.26858,6.0,0.26846,0.26857,0.26868,0.26826,0.26799,0.2675,0.26721,0.26725
2007-05-03,84.76666666666667,72.73333333333333,87.33333333333333,87.33333333333333,87.63333333333333,86.23333333333333,86.13333333333333,83.8,81.2,77.26666666666667,74.26666666666667,70.10000000000001,69.53333333333335,69.43333333333334,69.36666666666666,68.83333333333333,69.3,69.93333333333334,69.76666666666667,69.83333333333333,68.63333333333334,68.63333333333333,68.36666666666666,69.36666666666667,69.73333333333333,70.36666666666667,71.2,71.33333333333333,71.0,2007,5,3,5/03/2007,0.26847,6.0,0.26858,0.26846,0.26857,0.26868,0.26826,0.26799,0.2675,0.2669
2007-05-04,84.13333333333334,72.8,84.76666666666667,87.33333333333333,87.33333333333333,87.63333333333333,86.23333333333333,86.13333333333333,83.8,81.2,77.26666666666667,74.26666666666667,70.10000000000001,69.53333333333335,69.43333333333334,69.36666666666666,68.83333333333333,69.3,69.93333333333334,69.76666666666667,69.83333333333333,68.63333333333334,68.63333333333333,68.36666666666666,69.36666666666667,69.73333333333333,70.36666666666667,71.2,71.33333333333333,2007,5,4,5/04/2007,0.26804,6.0,0.26847,0.26858,0.26846,0.26857,0.26868,0.26826,0.26799,0.26685
2007-05-05,82.33333333333333,73.0,84.13333333333334,84.76666666666667,87.33333333333333,87.33333333333333,87.63333333333333,86.23333333333333,86.13333333333333,83.8,81.2,77.26666666666667,74.26666666666667,70.10000000000001,69.53333333333335,69.43333333333334,69.36666666666666,68.83333333333333,69.3,69.93333333333334,69.76666666666667,69.83333333333333,68.63333333333334,68.63333333333333,68.36666666666666,69.36666666666667,69.73333333333333,70.36666666666667,71.2,2007,5,5,5/05/2007,0.26785,6.0,0.26804,0.26847,0.26858,0.26846,0.26857,0.26868,0.26826,0.26684
2007-05-06,79.53333333333333,75.13333333333333,82.33333333333333,84.13333333333334,84.76666666666667,87.33333333333333,87.33333333333333,87.63333333333333,86.23333333333333,86.13333333333333,83.8,81.2,77.26666666666667,74.26666666666667,70.10000000000001,69.53333333333335,69.43333333333334,69.36666666666666,68.83333333333333,69.3,69.93333333333334,69.76666666666667,69.83333333333333,68.63333333333334,68.63333333333333,68.36666666666666,69.36666666666667,69.73333333333333,70.36666666666667,2007,5,6,5/06/2007,0.26768,6.0,0.26785,0.26804,0.26847,0.26858,0.26846,0.26857,0.26868,0.26679
2007-05-07,77.06666666666666,74.46666666666667,79.53333333333333,82.33333333333333,84.13333333333334,84.76666666666667,87.33333333333333,87.33333333333333,87.63333333333333,86.23333333333333,86.13333333333333,83.8,81.2,77.26666666666667,74.26666666666667,70.10000000000001,69.53333333333335,69.43333333333334,69.36666666666666,68.83333333333333,69.3,69.93333333333334,69.76666666666667,69.83333333333333,68.63333333333334,68.63333333333333,68.36666666666666,69.36666666666667,69.73333333333333,2007,5,7,5/07/2007,0.2673,6.0,0.26768,0.26785,0.26804,0.26847,0.26858,0.26846,0.26857,0.26651
2007-05-08,74.56666666666666,77.46666666666665,77.06666666666666,79.53333333333333,82.33333333333333,84.13333333333334,84.76666666666667,87.33333333333333,87.33333333333333,87.63333333333333,86.23333333333333,86.13333333333333,83.8,81.2,77.26666666666667,74.26666666666667,70.10000000000001,69.53333333333335,69.43333333333334,69.36666666666666,68.83333333333333,69.3,69.93333333333334,69.76666666666667,69.83333333333333,68.63333333333334,68.63333333333333,68.36666666666666,69.36666666666667,2007,5,8,5/08/2007,0.26674,6.0,0.2673,0.26768,0.26785,0.26804,0.26847,0.26858,0.26846,0.26639
2007-05-09,73.96666666666665,78.8,74.56666666666666,77.06666666666666,79.53333333333333,82.33333333333333,84.13333333333334,84.76666666666667,87.33333333333333,87.33333333333333,87.63333333333333,86.23333333333333,86.13333333333333,83.8,81.2,77.26666666666667,74.26666666666667,70.10000000000001,69.53333333333335,69.43333333333334,69.36666666666666,68.83333333333333,69.3,69.93333333333334,69.76666666666667,69.83333333333333,68.63333333333334,68.63333333333333,68.36666666666666,2007,5,9,5/09/2007,0.26662,6.0,0.26674,0.2673,0.26768,0.26785,0.26804,0.26847,0.26858,0.26648
2007-05-10,72.73333333333333,78.2,73.96666666666665,74.56666666666666,77.06666666666666,79.53333333333333,82.33333333333333,84.13333333333334,84.76666666666667,87.33333333333333,87.33333333333333,87.63333333333333,86.23333333333333,86.13333333333333,83.8,81.2,77.26666666666667,74.26666666666667,70.10000000000001,69.53333333333335,69.43333333333334,69.36666666666666,68.83333333333333,69.3,69.93333333333334,69.76666666666667,69.83333333333333,68.63333333333334,68.63333333333333,2007,5,10,5/10/2007,0.26713,6.0,0.26662,0.26674,0.2673,0.26768,0.26785,0.26804,0.26847,0.26664
2007-05-11,72.8,77.7,72.73333333333333,73.96666666666665,74.56666666666666,77.06666666666666,79.53333333333333,82.33333333333333,84.13333333333334,84.76666666666667,87.33333333333333,87.33333333333333,87.63333333333333,86.23333333333333,86.13333333333333,83.8,81.2,77.26666666666667,74.26666666666667,70.10000000000001,69.53333333333335,69.43333333333334,69.36666666666666,68.83333333333333,69.3,69.93333333333334,69.76666666666667,69.83333333333333,68.63333333333334,2007,5,11,5/11/2007,0.2671,6.0,0.26713,0.26662,0.26674,0.2673,0.26768,0.26785,0.26804,0.2667
2007-05-12,73.0,76.33333333333333,72.8,72.73333333333333,73.96666666666665,74.56666666666666,77.06666666666666,79.53333333333333,82.33333333333333,84.13333333333334,84.76666666666667,87.33333333333333,87.33333333333333,87.63333333333333,86.23333333333333,86.13333333333333,83.8,81.2,77.26666666666667,74.26666666666667,70.10000000000001,69.53333333333335,69.43333333333334,69.36666666666666,68.83333333333333,69.3,69.93333333333334,69.76666666666667,69.83333333333333,2007,5,12,5/12/2007,0.26707,6.0,0.2671,0.26713,0.26662,0.26674,0.2673,0.26768,0.26785,0.26671
2007-05-13,75.13333333333333,76.03333333333335,73.0,72.8,72.73333333333333,73.96666666666665,74.56666666666666,77.06666666666666,79.53333333333333,82.33333333333333,84.13333333333334,84.76666666666667,87.33333333333333,87.33333333333333,87.63333333333333,86.23333333333333,86.13333333333333,83.8,81.2,77.26666666666667,74.26666666666667,70.10000000000001,69.53333333333335,69.43333333333334,69.36666666666666,68.83333333333333,69.3,69.93333333333334,69.76666666666667,2007,5,13,5/13/2007,0.26724,6.0,0.26707,0.2671,0.26713,0.26662,0.26674,0.2673,0.26768,0.26671
2007-05-14,74.46666666666667,74.86666666666667,75.13333333333333,73.0,72.8,72.73333333333333,73.96666666666665,74.56666666666666,77.06666666666666,79.53333333333333,82.33333333333333,84.13333333333334,84.76666666666667,87.33333333333333,87.33333333333333,87.63333333333333,86.23333333333333,86.13333333333333,83.8,81.2,77.26666666666667,74.26666666666667,70.10000000000001,69.53333333333335,69.43333333333334,69.36666666666666,68.83333333333333,69.3,69.93333333333334,2007,5,14,5/14/2007,0.26743,6.0,0.26724,0.26707,0.2671,0.26713,0.26662,0.26674,0.2673,0.26676
2007-05-15,77.46666666666665,74.23333333333333,74.46666666666667,75.13333333333333,73.0,72.8,72.73333333333333,73.96666666666665,74.56666666666666,77.06666666666666,79.53333333333333,82.33333333333333,84.13333333333334,84.76666666666667,87.33333333333333,87.33333333333333,87.63333333333333,86.23333333333333,86.13333333333333,83.8,81.2,77.26666666666667,74.26666666666667,70.10000000000001,69.53333333333335,69.43333333333334,69.36666666666666,68.83333333333333,69.3,2007,5,15,5/15/2007,0.26721,6.0,0.26743,0.26724,0.26707,0.2671,0.26713,0.26662,0.26674,0.26671
2007-05-16,78.8,71.73333333333333,77.46666666666665,74.46666666666667,75.13333333333333,73.0,72.8,72.73333333333333,73.96666666666665,74.56666666666666,77.06666666666666,79.53333333333333,82.33333333333333,84.13333333333334,84.76666666666667,87.33333333333333,87.33333333333333,87.63333333333333,86.23333333333333,86.13333333333333,83.8,81.2,77.26666666666667,74.26666666666667,70.10000000000001,69.53333333333335,69.43333333333334,69.36666666666666,68.83333333333333,2007,5,16,5/16/2007,0.26746,6.0,0.26721,0.26743,0.26724,0.26707,0.2671,0.26713,0.26662,0.2667
2007-05-17,78.2,71.43333333333334,78.8,77.46666666666665,74.46666666666667,75.13333333333333,73.0,72.8,72.73333333333333,73.96666666666665,74.56666666666666,77.06666666666666,79.53333333333333,82.33333333333333,84.13333333333334,84.76666666666667,87.33333333333333,87.33333333333333,87.63333333333333,86.23333333333333,86.13333333333333,83.8,81.2,77.26666666666667,74.26666666666667,70.10000000000001,69.53333333333335,69.43333333333334,69.36666666666666,2007,5,17,5/17/2007,0.26771,6.0,0.26746,0.26721,0.26743,0.26724,0.26707,0.2671,0.26713,0.26657
2007-05-18,77.7,69.89999999999999,78.2,78.8,77.46666666666665,74.46666666666667,75.13333333333333,73.0,72.8,72.73333333333333,73.96666666666665,74.56666666666666,77.06666666666666,79.53333333333333,82.33333333333333,84.13333333333334,84.76666666666667,87.33333333333333,87.33333333333333,87.63333333333333,86.23333333333333,86.13333333333333,83.8,81.2,77.26666666666667,74.26666666666667,70.10000000000001,69.53333333333335,69.43333333333334,2007,5,18,5/18/2007,0.26749,6.0,0.26771,0.26746,0.26721,0.26743,0.26724,0.26707,0.2671,0.26656
2007-05-19,76.33333333333333,69.63333333333334,77.7,78.2,78.8,77.46666666666665,74.46666666666667,75.13333333333333,73.0,72.8,72.73333333333333,73.96666666666665,74.56666666666666,77.06666666666666,79.53333333333333,82.33333333333333,84.13333333333334,84.76666666666667,87.33333333333333,87.33333333333333,87.63333333333333,86.23333333333333,86.13333333333333,83.8,81.2,77.26666666666667,74.26666666666667,70.10000000000001,69.53333333333335,2007,5,19,5/19/2007,0.26729,6.0,0.26749,0.26771,0.26746,0.26721,0.26743,0.26724,0.26707,0.26683
2007-05-20,76.03333333333335,69.0,76.33333333333333,77.7,78.2,78.8,77.46666666666665,74.46666666666667,75.13333333333333,73.0,72.8,72.73333333333333,73.96666666666665,74.56666666666666,77.06666666666666,79.53333333333333,82.33333333333333,84.13333333333334,84.76666666666667,87.33333333333333,87.33333333333333,87.63333333333333,86.23333333333333,86.13333333333333,83.8,81.2,77.26666666666667,74.26666666666667,70.10000000000001,2007,5,20,5/20/2007,0.26732,6.0,0.26729,0.26749,0.26771,0.26746,0.26721,0.26743,0.26724,0.2666
2007-05-21,74.86666666666667,70.39999999999999,76.03333333333335,76.33333333333333,77.7,78.2,78.8,77.46666666666665,74.46666666666667,75.13333333333333,73.0,72.8,72.73333333333333,73.96666666666665,74.56666666666666,77.06666666666666,79.53333333333333,82.33333333333333,84.13333333333334,84.76666666666667,87.33333333333333,87.33333333333333,87.63333333333333,86.23333333333333,86.13333333333333,83.8,81.2,77.26666666666667,74.26666666666667,2007,5,21,5/21/2007,0.2674,6.0,0.26732,0.26729,0.26749,0.26771,0.26746,0.26721,0.26743,0.26698
2007-05-22,74.23333333333333,71.46666666666667,74.86666666666667,76.03333333333335,76.33333333333333,77.7,78.2,78.8,77.46666666666665,74.46666666666667,75.13333333333333,73.0,72.8,72.73333333333333,73.96666666666665,74.56666666666666,77.06666666666666,79.53333333333333,82.33333333333333,84.13333333333334,84.76666666666667,87.33333333333333,87.33333333333333,87.63333333333333,86.23333333333333,86.13333333333333,83.8,81.2,77.26666666666667,2007,5,22,5/22/2007,0.26738,6.0,0.2674,0.26732,0.26729,0.26749,0.26771,0.26746,0.26721,0.26721
2007-05-23,71.73333333333333,72.93333333333334,74.23333333333333,74.86666666666667,76.03333333333335,76.33333333333333,77.7,78.2,78.8,77.46666666666665,74.46666666666667,75.13333333333333,73.0,72.8,72.73333333333333,73.96666666666665,74.56666666666666,77.06666666666666,79.53333333333333,82.33333333333333,84.13333333333334,84.76666666666667,87.33333333333333,87.33333333333333,87.63333333333333,86.23333333333333,86.13333333333333,83.8,81.2,2007,5,23,5/23/2007,0.26768,6.0,0.26738,0.2674,0.26732,0.26729,0.26749,0.26771,0.26746,0.2675
2007-05-24,71.43333333333334,76.2,71.73333333333333,74.23333333333333,74.86666666666667,76.03333333333335,76.33333333333333,77.7,78.2,78.8,77.46666666666665,74.46666666666667,75.13333333333333,73.0,72.8,72.73333333333333,73.96666666666665,74.56666666666666,77.06666666666666,79.53333333333333,82.33333333333333,84.13333333333334,84.76666666666667,87.33333333333333,87.33333333333333,87.63333333333333,86.23333333333333,86.13333333333333,83.8,2007,5,24,5/24/2007,0.26753,6.0,0.26768,0.26738,0.2674,0.26732,0.26729,0.26749,0.26771,0.26799
2007-05-25,69.89999999999999,82.0,71.43333333333334,71.73333333333333,74.23333333333333,74.86666666666667,76.03333333333335,76.33333333333333,77.7,78.2,78.8,77.46666666666665,74.46666666666667,75.13333333333333,73.0,72.8,72.73333333333333,73.96666666666665,74.56666666666666,77.06666666666666,79.53333333333333,82.33333333333333,84.13333333333334,84.76666666666667,87.33333333333333,87.33333333333333,87.63333333333333,86.23333333333333,86.13333333333333,2007,5,25,5/25/2007,0.26755,6.0,0.26753,0.26768,0.26738,0.2674,0.26732,0.26729,0.26749,0.26826
2007-05-26,69.63333333333334,86.7,69.89999999999999,71.43333333333334,71.73333333333333,74.23333333333333,74.86666666666667,76.03333333333335,76.33333333333333,77.7,78.2,78.8,77.46666666666665,74.46666666666667,75.13333333333333,73.0,72.8,72.73333333333333,73.96666666666665,74.56666666666666,77.06666666666666,79.53333333333333,82.33333333333333,84.13333333333334,84.76666666666667,87.33333333333333,87.33333333333333,87.63333333333333,86.23333333333333,2007,5,26,5/26/2007,0.26716,6.0,0.26755,0.26753,0.26768,0.26738,0.2674,0.26732,0.26729,0.26868
2007-05-27,69.0,89.60000000000001,69.63333333333334,69.89999999999999,71.43333333333334,71.73333333333333,74.23333333333333,74.86666666666667,76.03333333333335,76.33333333333333,77.7,78.2,78.8,77.46666666666665,74.46666666666667,75.13333333333333,73.0,72.8,72.73333333333333,73.96666666666665,74.56666666666666,77.06666666666666,79.53333333333333,82.33333333333333,84.13333333333334,84.76666666666667,87.33333333333333,87.33333333333333,87.63333333333333,2007,5,27,5/27/2007,0.26707,6.0,0.26716,0.26755,0.26753,0.26768,0.26738,0.2674,0.26732,0.26857
2007-05-28,70.39999999999999,89.76666666666667,69.0,69.63333333333334,69.89999999999999,71.43333333333334,71.73333333333333,74.23333333333333,74.86666666666667,76.03333333333335,76.33333333333333,77.7,78.2,78.8,77.46666666666665,74.46666666666667,75.13333333333333,73.0,72.8,72.73333333333333,73.96666666666665,74.56666666666666,77.06666666666666,79.53333333333333,82.33333333333333,84.13333333333334,84.76666666666667,87.33333333333333,87.33333333333333,2007,5,28,5/28/2007,0.26699,6.0,0.26707,0.26716,0.26755,0.26753,0.26768,0.26738,0.2674,0.26846
2007-05-29,71.46666666666667,87.26666666666667,70.39999999999999,69.0,69.63333333333334,69.89999999999999,71.43333333333334,71.73333333333333,74.23333333333333,74.86666666666667,76.03333333333335,76.33333333333333,77.7,78.2,78.8,77.46666666666665,74.46666666666667,75.13333333333333,73.0,72.8,72.73333333333333,73.96666666666665,74.56666666666666,77.06666666666666,79.53333333333333,82.33333333333333,84.13333333333334,84.76666666666667,87.33333333333333,2007,5,29,5/29/2007,0.26718,6.0,0.26699,0.26707,0.26716,0.26755,0.26753,0.26768,0.26738,0.26858
2007-05-30,72.93333333333334,88.20333333333333,71.46666666666667,70.39999999999999,69.0,69.63333333333334,69.89999999999999,71.43333333333334,71.73333333333333,74.23333333333333,74.86666666666667,76.03333333333335,76.33333333333333,77.7,78.2,78.8,77.46666666666665,74.46666666666667,75.13333333333333,73.0,72.8,72.73333333333333,73.96666666666665,74.56666666666666,77.06666666666666,79.53333333333333,82.33333333333333,84.13333333333334,84.76666666666667,2007,5,30,5/30/2007,0.2672,6.0,0.26718,0.26699,0.26707,0.26716,0.26755,0.26753,0.26768,0.26847
2007-05-31,76.2,89.22333333333331,72.93333333333334,71.46666666666667,70.39999999999999,69.0,69.63333333333334,69.89999999999999,71.43333333333334,71.73333333333333,74.23333333333333,74.86666666666667,76.03333333333335,76.33333333333333,77.7,78.2,78.8,77.46666666666665,74.46666666666667,75.13333333333333,73.0,72.8,72.73333333333333,73.96666666666665,74.56666666666666,77.06666666666666,79.53333333333333,82.33333333333333,84.13333333333334,2007,5,31,5/31/2007,0.26728,6.0,0.2672,0.26718,0.26699,0.26707,0.26716,0.26755,0.26753,0.26804
2007-06-01,82.0,87.89999999999999,76.2,72.93333333333334,71.46666666666667,70.39999999999999,69.0,69.63333333333334,69.89999999999999,71.43333333333334,71.73333333333333,74.23333333333333,74.86666666666667,76.03333333333335,76.33333333333333,77.7,78.2,78.8,77.46666666666665,74.46666666666667,75.13333333333333,73.0,72.8,72.73333333333333,73.96666666666665,74.56666666666666,77.06666666666666,79.53333333333333,82.33333333333333,2007,6,1,6/01/2007,0.26756,6.0,0.26728,0.2672,0.26718,0.26699,0.26707,0.26716,0.26755,0.26785
2007-06-02,86.7,82.66666666666667,82.0,76.2,72.93333333333334,71.46666666666667,70.39999999999999,69.0,69.63333333333334,69.89999999999999,71.43333333333334,71.73333333333333,74.23333333333333,74.86666666666667,76.03333333333335,76.33333333333333,77.7,78.2,78.8,77.46666666666665,74.46666666666667,75.13333333333333,73.0,72.8,72.73333333333333,73.96666666666665,74.56666666666666,77.06666666666666,79.53333333333333,2007,6,2,6/02/2007,0.26781,6.0,0.26756,0.26728,0.2672,0.26718,0.26699,0.26707,0.26716,0.26768
2007-06-03,89.60000000000001,77.13333333333334,86.7,82.0,76.2,72.93333333333334,71.46666666666667,70.39999999999999,69.0,69.63333333333334,69.89999999999999,71.43333333333334,71.73333333333333,74.23333333333333,74.86666666666667,76.03333333333335,76.33333333333333,77.7,78.2,78.8,77.46666666666665,74.46666666666667,75.13333333333333,73.0,72.8,72.73333333333333,73.96666666666665,74.56666666666666,77.06666666666666,2007,6,3,6/03/2007,0.26842,6.0,0.26781,0.26756,0.26728,0.2672,0.26718,0.26699,0.26707,0.2673
2007-06-04,89.76666666666667,76.13333333333334,89.60000000000001,86.7,82.0,76.2,72.93333333333334,71.46666666666667,70.39999999999999,69.0,69.63333333333334,69.89999999999999,71.43333333333334,71.73333333333333,74.23333333333333,74.86666666666667,76.03333333333335,76.33333333333333,77.7,78.2,78.8,77.46666666666665,74.46666666666667,75.13333333333333,73.0,72.8,72.73333333333333,73.96666666666665,74.56666666666666,2007,6,4,6/04/2007,0.2685,6.0,0.26842,0.26781,0.26756,0.26728,0.2672,0.26718,0.26699,0.26674
2007-06-05,87.26666666666667,73.23333333333333,89.76666666666667,89.60000000000001,86.7,82.0,76.2,72.93333333333334,71.46666666666667,70.39999999999999,69.0,69.63333333333334,69.89999999999999,71.43333333333334,71.73333333333333,74.23333333333333,74.86666666666667,76.03333333333335,76.33333333333333,77.7,78.2,78.8,77.46666666666665,74.46666666666667,75.13333333333333,73.0,72.8,72.73333333333333,73.96666666666665,2007,6,5,6/05/2007,0.26899,6.0,0.2685,0.26842,0.26781,0.26756,0.26728,0.2672,0.26718,0.26662
2007-06-06,88.20333333333333,75.0,87.26666666666667,89.76666666666667,89.60000000000001,86.7,82.0,76.2,72.93333333333334,71.46666666666667,70.39999999999999,69.0,69.63333333333334,69.89999999999999,71.43333333333334,71.73333333333333,74.23333333333333,74.86666666666667,76.03333333333335,76.33333333333333,77.7,78.2,78.8,77.46666666666665,74.46666666666667,75.13333333333333,73.0,72.8,72.73333333333333,2007,6,6,6/06/2007,0.26919,6.0,0.26899,0.2685,0.26842,0.26781,0.26756,0.26728,0.2672,0.26713
2007-06-07,89.22333333333331,71.13333333333334,88.20333333333333,87.26666666666667,89.76666666666667,89.60000000000001,86.7,82.0,76.2,72.93333333333334,71.46666666666667,70.39999999999999,69.0,69.63333333333334,69.89999999999999,71.43333333333334,71.73333333333333,74.23333333333333,74.86666666666667,76.03333333333335,76.33333333333333,77.7,78.2,78.8,77.46666666666665,74.46666666666667,75.13333333333333,73.0,72.8,2007,6,7,6/07/2007,0.26973,6.0,0.26919,0.26899,0.2685,0.26842,0.26781,0.26756,0.26728,0.2671
2007-06-08,87.89999999999999,70.7,89.22333333333331,88.20333333333333,87.26666666666667,89.76666666666667,89.60000000000001,86.7,82.0,76.2,72.93333333333334,71.46666666666667,70.39999999999999,69.0,69.63333333333334,69.89999999999999,71.43333333333334,71.73333333333333,74.23333333333333,74.86666666666667,76.03333333333335,76.33333333333333,77.7,78.2,78.8,77.46666666666665,74.46666666666667,75.13333333333333,73.0,2007,6,8,6/08/2007,0.26977,6.0,0.26973,0.26919,0.26899,0.2685,0.26842,0.26781,0.26756,0.26707
2007-06-09,82.66666666666667,69.89999999999999,87.89999999999999,89.22333333333331,88.20333333333333,87.26666666666667,89.76666666666667,89.60000000000001,86.7,82.0,76.2,72.93333333333334,71.46666666666667,70.39999999999999,69.0,69.63333333333334,69.89999999999999,71.43333333333334,71.73333333333333,74.23333333333333,74.86666666666667,76.03333333333335,76.33333333333333,77.7,78.2,78.8,77.46666666666665,74.46666666666667,75.13333333333333,2007,6,9,6/09/2007,0.26966,6.0,0.26977,0.26973,0.26919,0.26899,0.2685,0.26842,0.26781,0.26724
2007-06-10,77.13333333333334,69.03333333333335,82.66666666666667,87.89999999999999,89.22333333333331,88.20333333333333,87.26666666666667,89.76666666666667,89.60000000000001,86.7,82.0,76.2,72.93333333333334,71.46666666666667,70.39999999999999,69.0,69.63333333333334,69.89999999999999,71.43333333333334,71.73333333333333,74.23333333333333,74.86666666666667,76.03333333333335,76.33333333333333,77.7,78.2,78.8,77.46666666666665,74.46666666666667,2007,6,10,6/10/2007,0.2693,6.0,0.26966,0.26977,0.26973,0.26919,0.26899,0.2685,0.26842,0.26743
2007-06-11,76.13333333333334,68.73333333333333,77.13333333333334,82.66666666666667,87.89999999999999,89.22333333333331,88.20333333333333,87.26666666666667,89.76666666666667,89.60000000000001,86.7,82.0,76.2,72.93333333333334,71.46666666666667,70.39999999999999,69.0,69.63333333333334,69.89999999999999,71.43333333333334,71.73333333333333,74.23333333333333,74.86666666666667,76.03333333333335,76.33333333333333,77.7,78.2,78.8,77.46666666666665,2007,6,11,6/11/2007,0.26878,6.0,0.2693,0.26966,0.26977,0.26973,0.26919,0.26899,0.2685,0.26721
2007-06-12,73.23333333333333,68.36666666666667,76.13333333333334,77.13333333333334,82.66666666666667,87.89999999999999,89.22333333333331,88.20333333333333,87.26666666666667,89.76666666666667,89.60000000000001,86.7,82.0,76.2,72.93333333333334,71.46666666666667,70.39999999999999,69.0,69.63333333333334,69.89999999999999,71.43333333333334,71.73333333333333,74.23333333333333,74.86666666666667,76.03333333333335,76.33333333333333,77.7,78.2,78.8,2007,6,12,6/12/2007,0.2685,6.0,0.26878,0.2693,0.26966,0.26977,0.26973,0.26919,0.26899,0.26746
2007-06-13,75.0,67.93333333333334,73.23333333333333,76.13333333333334,77.13333333333334,82.66666666666667,87.89999999999999,89.22333333333331,88.20333333333333,87.26666666666667,89.76666666666667,89.60000000000001,86.7,82.0,76.2,72.93333333333334,71.46666666666667,70.39999999999999,69.0,69.63333333333334,69.89999999999999,71.43333333333334,71.73333333333333,74.23333333333333,74.86666666666667,76.03333333333335,76.33333333333333,77.7,78.2,2007,6,13,6/13/2007,0.26817,6.0,0.2685,0.26878,0.2693,0.26966,0.26977,0.26973,0.26919,0.26771
2007-06-14,71.13333333333334,67.63333333333333,75.0,73.23333333333333,76.13333333333334,77.13333333333334,82.66666666666667,87.89999999999999,89.22333333333331,88.20333333333333,87.26666666666667,89.76666666666667,89.60000000000001,86.7,82.0,76.2,72.93333333333334,71.46666666666667,70.39999999999999,69.0,69.63333333333334,69.89999999999999,71.43333333333334,71.73333333333333,74.23333333333333,74.86666666666667,76.03333333333335,76.33333333333333,77.7,2007,6,14,6/14/2007,0.26738,6.0,0.26817,0.2685,0.26878,0.2693,0.26966,0.26977,0.26973,0.26749
2007-06-15,70.7,67.46666666666667,71.13333333333334,75.0,73.23333333333333,76.13333333333334,77.13333333333334,82.66666666666667,87.89999999999999,89.22333333333331,88.20333333333333,87.26666666666667,89.76666666666667,89.60000000000001,86.7,82.0,76.2,72.93333333333334,71.46666666666667,70.39999999999999,69.0,69.63333333333334,69.89999999999999,71.43333333333334,71.73333333333333,74.23333333333333,74.86666666666667,76.03333333333335,76.33333333333333,2007,6,15,6/15/2007,0.26672,6.0,0.26738,0.26817,0.2685,0.26878,0.2693,0.26966,0.26977,0.26729
2007-06-16,69.89999999999999,68.03333333333333,70.7,71.13333333333334,75.0,73.23333333333333,76.13333333333334,77.13333333333334,82.66666666666667,87.89999999999999,89.22333333333331,88.20333333333333,87.26666666666667,89.76666666666667,89.60000000000001,86.7,82.0,76.2,72.93333333333334,71.46666666666667,70.39999999999999,69.0,69.63333333333334,69.89999999999999,71.43333333333334,71.73333333333333,74.23333333333333,74.86666666666667,76.03333333333335,2007,6,16,6/16/2007,0.26717,6.0,0.26672,0.26738,0.26817,0.2685,0.26878,0.2693,0.26966,0.26732
2007-06-17,69.03333333333335,68.96666666666665,69.89999999999999,70.7,71.13333333333334,75.0,73.23333333333333,76.13333333333334,77.13333333333334,82.66666666666667,87.89999999999999,89.22333333333331,88.20333333333333,87.26666666666667,89.76666666666667,89.60000000000001,86.7,82.0,76.2,72.93333333333334,71.46666666666667,70.39999999999999,69.0,69.63333333333334,69.89999999999999,71.43333333333334,71.73333333333333,74.23333333333333,74.86666666666667,2007,6,17,6/17/2007,0.26696,6.0,0.26717,0.26672,0.26738,0.26817,0.2685,0.26878,0.2693,0.2674
2007-06-18,68.73333333333333,69.86666666666666,69.03333333333335,69.89999999999999,70.7,71.13333333333334,75.0,73.23333333333333,76.13333333333334,77.13333333333334,82.66666666666667,87.89999999999999,89.22333333333331,88.20333333333333,87.26666666666667,89.76666666666667,89.60000000000001,86.7,82.0,76.2,72.93333333333334,71.46666666666667,70.39999999999999,69.0,69.63333333333334,69.89999999999999,71.43333333333334,71.73333333333333,74.23333333333333,2007,6,18,6/18/2007,0.2668,6.0,0.26696,0.26717,0.26672,0.26738,0.26817,0.2685,0.26878,0.26738
2007-06-19,68.36666666666667,72.89999999999999,68.73333333333333,69.03333333333335,69.89999999999999,70.7,71.13333333333334,75.0,73.23333333333333,76.13333333333334,77.13333333333334,82.66666666666667,87.89999999999999,89.22333333333331,88.20333333333333,87.26666666666667,89.76666666666667,89.60000000000001,86.7,82.0,76.2,72.93333333333334,71.46666666666667,70.39999999999999,69.0,69.63333333333334,69.89999999999999,71.43333333333334,71.73333333333333,2007,6,19,6/19/2007,0.26678,6.0,0.2668,0.26696,0.26717,0.26672,0.26738,0.26817,0.2685,0.26768
2007-06-20,67.93333333333334,75.66666666666667,68.36666666666667,68.73333333333333,69.03333333333335,69.89999999999999,70.7,71.13333333333334,75.0,73.23333333333333,76.13333333333334,77.13333333333334,82.66666666666667,87.89999999999999,89.22333333333331,88.20333333333333,87.26666666666667,89.76666666666667,89.60000000000001,86.7,82.0,76.2,72.93333333333334,71.46666666666667,70.39999999999999,69.0,69.63333333333334,69.89999999999999,71.43333333333334,2007,6,20,6/20/2007,0.26679,6.0,0.26678,0.2668,0.26696,0.26717,0.26672,0.26738,0.26817,0.26753
2007-06-21,67.63333333333333,77.16666666666667,67.93333333333334,68.36666666666667,68.73333333333333,69.03333333333335,69.89999999999999,70.7,71.13333333333334,75.0,73.23333333333333,76.13333333333334,77.13333333333334,82.66666666666667,87.89999999999999,89.22333333333331,88.20333333333333,87.26666666666667,89.76666666666667,89.60000000000001,86.7,82.0,76.2,72.93333333333334,71.46666666666667,70.39999999999999,69.0,69.63333333333334,69.89999999999999,2007,6,21,6/21/2007,0.26662,6.0,0.26679,0.26678,0.2668,0.26696,0.26717,0.26672,0.26738,0.26755
2007-06-22,67.46666666666667,77.23333333333333,67.63333333333333,67.93333333333334,68.36666666666667,68.73333333333333,69.03333333333335,69.89999999999999,70.7,71.13333333333334,75.0,73.23333333333333,76.13333333333334,77.13333333333334,82.66666666666667,87.89999999999999,89.22333333333331,88.20333333333333,87.26666666666667,89.76666666666667,89.60000000000001,86.7,82.0,76.2,72.93333333333334,71.46666666666667,70.39999999999999,69.0,69.63333333333334,2007,6,22,6/22/2007,0.26666,6.0,0.26662,0.26679,0.26678,0.2668,0.26696,0.26717,0.26672,0.26716
2007-06-23,68.03333333333333,76.26666666666667,67.46666666666667,67.63333333333333,67.93333333333334,68.36666666666667,68.73333333333333,69.03333333333335,69.89999999999999,70.7,71.13333333333334,75.0,73.23333333333333,76.13333333333334,77.13333333333334,82.66666666666667,87.89999999999999,89.22333333333331,88.20333333333333,87.26666666666667,89.76666666666667,89.60000000000001,86.7,82.0,76.2,72.93333333333334,71.46666666666667,70.39999999999999,69.0,2007,6,23,6/23/2007,0.26649,6.0,0.26666,0.26662,0.26679,0.26678,0.2668,0.26696,0.26717,0.26707
2007-06-24,68.96666666666665,76.53333333333333,68.03333333333333,67.46666666666667,67.63333333333333,67.93333333333334,68.36666666666667,68.73333333333333,69.03333333333335,69.89999999999999,70.7,71.13333333333334,75.0,73.23333333333333,76.13333333333334,77.13333333333334,82.66666666666667,87.89999999999999,89.22333333333331,88.20333333333333,87.26666666666667,89.76666666666667,89.60000000000001,86.7,82.0,76.2,72.93333333333334,71.46666666666667,70.39999999999999,2007,6,24,6/24/2007,0.26659,6.0,0.26649,0.26666,0.26662,0.26679,0.26678,0.2668,0.26696,0.26699
2007-06-25,69.86666666666666,75.06666666666666,68.96666666666665,68.03333333333333,67.46666666666667,67.63333333333333,67.93333333333334,68.36666666666667,68.73333333333333,69.03333333333335,69.89999999999999,70.7,71.13333333333334,75.0,73.23333333333333,76.13333333333334,77.13333333333334,82.66666666666667,87.89999999999999,89.22333333333331,88.20333333333333,87.26666666666667,89.76666666666667,89.60000000000001,86.7,82.0,76.2,72.93333333333334,71.46666666666667,2007,6,25,6/25/2007,0.26641,6.0,0.26659,0.26649,0.26666,0.26662,0.26679,0.26678,0.2668,0.26718
2007-06-26,72.89999999999999,74.16666666666667,69.86666666666666,68.96666666666665,68.03333333333333,67.46666666666667,67.63333333333333,67.93333333333334,68.36666666666667,68.73333333333333,69.03333333333335,69.89999999999999,70.7,71.13333333333334,75.0,73.23333333333333,76.13333333333334,77.13333333333334,82.66666666666667,87.89999999999999,89.22333333333331,88.20333333333333,87.26666666666667,89.76666666666667,89.60000000000001,86.7,82.0,76.2,72.93333333333334,2007,6,26,6/26/2007,0.26658,6.0,0.26641,0.26659,0.26649,0.26666,0.26662,0.26679,0.26678,0.2672
2007-06-27,75.66666666666667,74.7,72.89999999999999,69.86666666666666,68.96666666666665,68.03333333333333,67.46666666666667,67.63333333333333,67.93333333333334,68.36666666666667,68.73333333333333,69.03333333333335,69.89999999999999,70.7,71.13333333333334,75.0,73.23333333333333,76.13333333333334,77.13333333333334,82.66666666666667,87.89999999999999,89.22333333333331,88.20333333333333,87.26666666666667,89.76666666666667,89.60000000000001,86.7,82.0,76.2,2007,6,27,6/27/2007,0.26672,6.0,0.26658,0.26641,0.26659,0.26649,0.26666,0.26662,0.26679,0.26728
2007-06-28,77.16666666666667,73.56666666666666,75.66666666666667,72.89999999999999,69.86666666666666,68.96666666666665,68.03333333333333,67.46666666666667,67.63333333333333,67.93333333333334,68.36666666666667,68.73333333333333,69.03333333333335,69.89999999999999,70.7,71.13333333333334,75.0,73.23333333333333,76.13333333333334,77.13333333333334,82.66666666666667,87.89999999999999,89.22333333333331,88.20333333333333,87.26666666666667,89.76666666666667,89.60000000000001,86.7,82.0,2007,6,28,6/28/2007,0.2673,6.0,0.26672,0.26658,0.26641,0.26659,0.26649,0.26666,0.26662,0.26756
2007-06-29,77.23333333333333,73.3,77.16666666666667,75.66666666666667,72.89999999999999,69.86666666666666,68.96666666666665,68.03333333333333,67.46666666666667,67.63333333333333,67.93333333333334,68.36666666666667,68.73333333333333,69.03333333333335,69.89999999999999,70.7,71.13333333333334,75.0,73.23333333333333,76.13333333333334,77.13333333333334,82.66666666666667,87.89999999999999,89.22333333333331,88.20333333333333,87.26666666666667,89.76666666666667,89.60000000000001,86.7,2007,6,29,6/29/2007,0.26767,6.0,0.2673,0.26672,0.26658,0.26641,0.26659,0.26649,0.26666,0.26781
2007-06-30,76.26666666666667,75.46666666666667,77.23333333333333,77.16666666666667,75.66666666666667,72.89999999999999,69.86666666666666,68.96666666666665,68.03333333333333,67.46666666666667,67.63333333333333,67.93333333333334,68.36666666666667,68.73333333333333,69.03333333333335,69.89999999999999,70.7,71.13333333333334,75.0,73.23333333333333,76.13333333333334,77.13333333333334,82.66666666666667,87.89999999999999,89.22333333333331,88.20333333333333,87.26666666666667,89.76666666666667,89.60000000000001,2007,6,30,6/30/2007,0.26798,6.0,0.26767,0.2673,0.26672,0.26658,0.26641,0.26659,0.26649,0.26842
2007-07-01,76.53333333333333,78.03333333333333,76.26666666666667,77.23333333333333,77.16666666666667,75.66666666666667,72.89999999999999,69.86666666666666,68.96666666666665,68.03333333333333,67.46666666666667,67.63333333333333,67.93333333333334,68.36666666666667,68.73333333333333,69.03333333333335,69.89999999999999,70.7,71.13333333333334,75.0,73.23333333333333,76.13333333333334,77.13333333333334,82.66666666666667,87.89999999999999,89.22333333333331,88.20333333333333,87.26666666666667,89.76666666666667,2007,7,1,7/01/2007,0.26808,6.0,0.26798,0.26767,0.2673,0.26672,0.26658,0.26641,0.26659,0.2685
2007-07-02,75.06666666666666,80.3,76.53333333333333,76.26666666666667,77.23333333333333,77.16666666666667,75.66666666666667,72.89999999999999,69.86666666666666,68.96666666666665,68.03333333333333,67.46666666666667,67.63333333333333,67.93333333333334,68.36666666666667,68.73333333333333,69.03333333333335,69.89999999999999,70.7,71.13333333333334,75.0,73.23333333333333,76.13333333333334,77.13333333333334,82.66666666666667,87.89999999999999,89.22333333333331,88.20333333333333,87.26666666666667,2007,7,2,7/02/2007,0.268,6.0,0.26808,0.26798,0.26767,0.2673,0.26672,0.26658,0.26641,0.26899
2007-07-03,74.16666666666667,82.0,75.06666666666666,76.53333333333333,76.26666666666667,77.23333333333333,77.16666666666667,75.66666666666667,72.89999999999999,69.86666666666666,68.96666666666665,68.03333333333333,67.46666666666667,67.63333333333333,67.93333333333334,68.36666666666667,68.73333333333333,69.03333333333335,69.89999999999999,70.7,71.13333333333334,75.0,73.23333333333333,76.13333333333334,77.13333333333334,82.66666666666667,87.89999999999999,89.22333333333331,88.20333333333333,2007,7,3,7/03/2007,0.26806,6.0,0.268,0.26808,0.26798,0.26767,0.2673,0.26672,0.26658,0.26919
2007-07-04,74.7,80.89999999999999,74.16666666666667,75.06666666666666,76.53333333333333,76.26666666666667,77.23333333333333,77.16666666666667,75.66666666666667,72.89999999999999,69.86666666666666,68.96666666666665,68.03333333333333,67.46666666666667,67.63333333333333,67.93333333333334,68.36666666666667,68.73333333333333,69.03333333333335,69.89999999999999,70.7,71.13333333333334,75.0,73.23333333333333,76.13333333333334,77.13333333333334,82.66666666666667,87.89999999999999,89.22333333333331,2007,7,4,7/04/2007,0.26818,6.0,0.26806,0.268,0.26808,0.26798,0.26767,0.2673,0.26672,0.26973
2007-07-05,73.56666666666666,79.26666666666667,74.7,74.16666666666667,75.06666666666666,76.53333333333333,76.26666666666667,77.23333333333333,77.16666666666667,75.66666666666667,72.89999999999999,69.86666666666666,68.96666666666665,68.03333333333333,67.46666666666667,67.63333333333333,67.93333333333334,68.36666666666667,68.73333333333333,69.03333333333335,69.89999999999999,70.7,71.13333333333334,75.0,73.23333333333333,76.13333333333334,77.13333333333334,82.66666666666667,87.89999999999999,2007,7,5,7/05/2007,0.26818,6.0,0.26818,0.26806,0.268,0.26808,0.26798,0.26767,0.2673,0.26977
2007-07-06,73.3,79.86666666666666,73.56666666666666,74.7,74.16666666666667,75.06666666666666,76.53333333333333,76.26666666666667,77.23333333333333,77.16666666666667,75.66666666666667,72.89999999999999,69.86666666666666,68.96666666666665,68.03333333333333,67.46666666666667,67.63333333333333,67.93333333333334,68.36666666666667,68.73333333333333,69.03333333333335,69.89999999999999,70.7,71.13333333333334,75.0,73.23333333333333,76.13333333333334,77.13333333333334,82.66666666666667,2007,7,6,7/06/2007,-999.0,0.0,0.26818,0.26818,0.26806,0.268,0.26808,0.26798,0.26767,0.26966
2007-07-07,75.46666666666667,78.36666666666667,73.3,73.56666666666666,74.7,74.16666666666667,75.06666666666666,76.53333333333333,76.26666666666667,77.23333333333333,77.16666666666667,75.66666666666667,72.89999999999999,69.86666666666666,68.96666666666665,68.03333333333333,67.46666666666667,67.63333333333333,67.93333333333334,68.36666666666667,68.73333333333333,69.03333333333335,69.89999999999999,70.7,71.13333333333334,75.0,73.23333333333333,76.13333333333334,77.13333333333334,2007,7,7,7/07/2007,0.26783,6.0,-999.0,0.26818,0.26818,0.26806,0.268,0.26808,0.26798,0.2693
2007-07-08,78.03333333333333,76.8,75.46666666666667,73.3,73.56666666666666,74.7,74.16666666666667,75.06666666666666,76.53333333333333,76.26666666666667,77.23333333333333,77.16666666666667,75.66666666666667,72.89999999999999,69.86666666666666,68.96666666666665,68.03333333333333,67.46666666666667,67.63333333333333,67.93333333333334,68.36666666666667,68.73333333333333,69.03333333333335,69.89999999999999,70.7,71.13333333333334,75.0,73.23333333333333,76.13333333333334,2007,7,8,7/08/2007,0.26765,6.0,0.26783,-999.0,0.26818,0.26818,0.26806,0.268,0.26808,0.26878
2007-07-09,80.3,75.13333333333334,78.03333333333333,75.46666666666667,73.3,73.56666666666666,74.7,74.16666666666667,75.06666666666666,76.53333333333333,76.26666666666667,77.23333333333333,77.16666666666667,75.66666666666667,72.89999999999999,69.86666666666666,68.96666666666665,68.03333333333333,67.46666666666667,67.63333333333333,67.93333333333334,68.36666666666667,68.73333333333333,69.03333333333335,69.89999999999999,70.7,71.13333333333334,75.0,73.23333333333333,2007,7,9,7/09/2007,0.26728,6.0,0.26765,0.26783,-999.0,0.26818,0.26818,0.26806,0.268,0.2685
2007-07-10,82.0,74.3,80.3,78.03333333333333,75.46666666666667,73.3,73.56666666666666,74.7,74.16666666666667,75.06666666666666,76.53333333333333,76.26666666666667,77.23333333333333,77.16666666666667,75.66666666666667,72.89999999999999,69.86666666666666,68.96666666666665,68.03333333333333,67.46666666666667,67.63333333333333,67.93333333333334,68.36666666666667,68.73333333333333,69.03333333333335,69.89999999999999,70.7,71.13333333333334,75.0,2007,7,10,7/10/2007,0.26756,6.0,0.26728,0.26765,0.26783,-999.0,0.26818,0.26818,0.26806,0.26817
2007-07-10,82.0,74.3,80.3,78.03333333333333,75.46666666666667,73.3,73.56666666666666,74.7,74.16666666666667,75.06666666666666,76.53333333333333,76.26666666666667,77.23333333333333,77.16666666666667,75.66666666666667,72.89999999999999,69.86666666666666,68.96666666666665,68.03333333333333,67.46666666666667,67.63333333333333,67.93333333333334,68.36666666666667,68.73333333333333,69.03333333333335,69.89999999999999,70.7,71.13333333333334,75.0,2007,7,10,7/10/2007,0.26646,6.0,0.26756,0.26728,0.26765,0.26783,-999.0,0.26818,0.26818,0.26738
2007-07-11,80.89999999999999,71.16666666666667,82.0,80.3,78.03333333333333,75.46666666666667,73.3,73.56666666666666,74.7,74.16666666666667,75.06666666666666,76.53333333333333,76.26666666666667,77.23333333333333,77.16666666666667,75.66666666666667,72.89999999999999,69.86666666666666,68.96666666666665,68.03333333333333,67.46666666666667,67.63333333333333,67.93333333333334,68.36666666666667,68.73333333333333,69.03333333333335,69.89999999999999,70.7,71.13333333333334,2007,7,11,7/11/2007,0.26725,6.0,0.26646,0.26756,0.26728,0.26765,0.26783,-999.0,0.26818,0.26672
2007-07-12,79.26666666666667,69.16666666666667,80.89999999999999,82.0,80.3,78.03333333333333,75.46666666666667,73.3,73.56666666666666,74.7,74.16666666666667,75.06666666666666,76.53333333333333,76.26666666666667,77.23333333333333,77.16666666666667,75.66666666666667,72.89999999999999,69.86666666666666,68.96666666666665,68.03333333333333,67.46666666666667,67.63333333333333,67.93333333333334,68.36666666666667,68.73333333333333,69.03333333333335,69.89999999999999,70.7,2007,7,12,7/12/2007,0.26736,6.0,0.26725,0.26646,0.26756,0.26728,0.26765,0.26783,-999.0,0.26717
2007-07-13,79.86666666666666,69.3,79.26666666666667,80.89999999999999,82.0,80.3,78.03333333333333,75.46666666666667,73.3,73.56666666666666,74.7,74.16666666666667,75.06666666666666,76.53333333333333,76.26666666666667,77.23333333333333,77.16666666666667,75.66666666666667,72.89999999999999,69.86666666666666,68.96666666666665,68.03333333333333,67.46666666666667,67.63333333333333,67.93333333333334,68.36666666666667,68.73333333333333,69.03333333333335,69.89999999999999,2007,7,13,7/13/2007,0.26781,6.0,0.26736,0.26725,0.26646,0.26756,0.26728,0.26765,0.26783,0.26696
2007-07-14,78.36666666666667,68.5,79.86666666666666,79.26666666666667,80.89999999999999,82.0,80.3,78.03333333333333,75.46666666666667,73.3,73.56666666666666,74.7,74.16666666666667,75.06666666666666,76.53333333333333,76.26666666666667,77.23333333333333,77.16666666666667,75.66666666666667,72.89999999999999,69.86666666666666,68.96666666666665,68.03333333333333,67.46666666666667,67.63333333333333,67.93333333333334,68.36666666666667,68.73333333333333,69.03333333333335,2007,7,14,7/14/2007,0.26814,6.0,0.26781,0.26736,0.26725,0.26646,0.26756,0.26728,0.26765,0.2668
2007-07-15,76.8,68.33333333333333,78.36666666666667,79.86666666666666,79.26666666666667,80.89999999999999,82.0,80.3,78.03333333333333,75.46666666666667,73.3,73.56666666666666,74.7,74.16666666666667,75.06666666666666,76.53333333333333,76.26666666666667,77.23333333333333,77.16666666666667,75.66666666666667,72.89999999999999,69.86666666666666,68.96666666666665,68.03333333333333,67.46666666666667,67.63333333333333,67.93333333333334,68.36666666666667,68.73333333333333,2007,7,15,7/15/2007,0.26825,6.0,0.26814,0.26781,0.26736,0.26725,0.26646,0.26756,0.26728,0.26678
2007-07-16,75.13333333333334,69.43333333333334,76.8,78.36666666666667,79.86666666666666,79.26666666666667,80.89999999999999,82.0,80.3,78.03333333333333,75.46666666666667,73.3,73.56666666666666,74.7,74.16666666666667,75.06666666666666,76.53333333333333,76.26666666666667,77.23333333333333,77.16666666666667,75.66666666666667,72.89999999999999,69.86666666666666,68.96666666666665,68.03333333333333,67.46666666666667,67.63333333333333,67.93333333333334,68.36666666666667,2007,7,16,7/16/2007,0.26802,6.0,0.26825,0.26814,0.26781,0.26736,0.26725,0.26646,0.26756,0.26679
2007-07-17,74.3,69.96666666666665,75.13333333333334,76.8,78.36666666666667,79.86666666666666,79.26666666666667,80.89999999999999,82.0,80.3,78.03333333333333,75.46666666666667,73.3,73.56666666666666,74.7,74.16666666666667,75.06666666666666,76.53333333333333,76.26666666666667,77.23333333333333,77.16666666666667,75.66666666666667,72.89999999999999,69.86666666666666,68.96666666666665,68.03333333333333,67.46666666666667,67.63333333333333,67.93333333333334,2007,7,17,7/17/2007,0.26757,6.0,0.26802,0.26825,0.26814,0.26781,0.26736,0.26725,0.26646,0.26662
2007-07-18,71.16666666666667,70.53333333333333,74.3,75.13333333333334,76.8,78.36666666666667,79.86666666666666,79.26666666666667,80.89999999999999,82.0,80.3,78.03333333333333,75.46666666666667,73.3,73.56666666666666,74.7,74.16666666666667,75.06666666666666,76.53333333333333,76.26666666666667,77.23333333333333,77.16666666666667,75.66666666666667,72.89999999999999,69.86666666666666,68.96666666666665,68.03333333333333,67.46666666666667,67.63333333333333,2007,7,18,7/18/2007,0.26742,6.0,0.26757,0.26802,0.26825,0.26814,0.26781,0.26736,0.26725,0.26666
2007-07-19,69.16666666666667,70.46666666666665,71.16666666666667,74.3,75.13333333333334,76.8,78.36666666666667,79.86666666666666,79.26666666666667,80.89999999999999,82.0,80.3,78.03333333333333,75.46666666666667,73.3,73.56666666666666,74.7,74.16666666666667,75.06666666666666,76.53333333333333,76.26666666666667,77.23333333333333,77.16666666666667,75.66666666666667,72.89999999999999,69.86666666666666,68.96666666666665,68.03333333333333,67.46666666666667,2007,7,19,7/19/2007,0.26723,6.0,0.26742,0.26757,0.26802,0.26825,0.26814,0.26781,0.26736,0.26649
2007-07-20,69.3,70.23333333333333,69.16666666666667,71.16666666666667,74.3,75.13333333333334,76.8,78.36666666666667,79.86666666666666,79.26666666666667,80.89999999999999,82.0,80.3,78.03333333333333,75.46666666666667,73.3,73.56666666666666,74.7,74.16666666666667,75.06666666666666,76.53333333333333,76.26666666666667,77.23333333333333,77.16666666666667,75.66666666666667,72.89999999999999,69.86666666666666,68.96666666666665,68.03333333333333,2007,7,20,7/20/2007,0.26673,6.0,0.26723,0.26742,0.26757,0.26802,0.26825,0.26814,0.26781,0.26659
2007-07-21,68.5,72.03333333333333,69.3,69.16666666666667,71.16666666666667,74.3,75.13333333333334,76.8,78.36666666666667,79.86666666666666,79.26666666666667,80.89999999999999,82.0,80.3,78.03333333333333,75.46666666666667,73.3,73.56666666666666,74.7,74.16666666666667,75.06666666666666,76.53333333333333,76.26666666666667,77.23333333333333,77.16666666666667,75.66666666666667,72.89999999999999,69.86666666666666,68.96666666666665,2007,7,21,7/21/2007,0.26652,6.0,0.26673,0.26723,0.26742,0.26757,0.26802,0.26825,0.26814,0.26641
2007-07-22,68.33333333333333,70.89999999999999,68.5,69.3,69.16666666666667,71.16666666666667,74.3,75.13333333333334,76.8,78.36666666666667,79.86666666666666,79.26666666666667,80.89999999999999,82.0,80.3,78.03333333333333,75.46666666666667,73.3,73.56666666666666,74.7,74.16666666666667,75.06666666666666,76.53333333333333,76.26666666666667,77.23333333333333,77.16666666666667,75.66666666666667,72.89999999999999,69.86666666666666,2007,7,22,7/22/2007,0.26631,6.0,0.26652,0.26673,0.26723,0.26742,0.26757,0.26802,0.26825,0.26658
2007-07-23,69.43333333333334,70.8,68.33333333333333,68.5,69.3,69.16666666666667,71.16666666666667,74.3,75.13333333333334,76.8,78.36666666666667,79.86666666666666,79.26666666666667,80.89999999999999,82.0,80.3,78.03333333333333,75.46666666666667,73.3,73.56666666666666,74.7,74.16666666666667,75.06666666666666,76.53333333333333,76.26666666666667,77.23333333333333,77.16666666666667,75.66666666666667,72.89999999999999,2007,7,23,7/23/2007,0.26627,6.0,0.26631,0.26652,0.26673,0.26723,0.26742,0.26757,0.26802,0.26672
2007-07-24,69.96666666666665,70.0,69.43333333333334,68.33333333333333,68.5,69.3,69.16666666666667,71.16666666666667,74.3,75.13333333333334,76.8,78.36666666666667,79.86666666666666,79.26666666666667,80.89999999999999,82.0,80.3,78.03333333333333,75.46666666666667,73.3,73.56666666666666,74.7,74.16666666666667,75.06666666666666,76.53333333333333,76.26666666666667,77.23333333333333,77.16666666666667,75.66666666666667,2007,7,24,7/24/2007,0.26658,6.0,0.26627,0.26631,0.26652,0.26673,0.26723,0.26742,0.26757,0.2673
2007-07-25,70.53333333333333,70.43333333333334,69.96666666666665,69.43333333333334,68.33333333333333,68.5,69.3,69.16666666666667,71.16666666666667,74.3,75.13333333333334,76.8,78.36666666666667,79.86666666666666,79.26666666666667,80.89999999999999,82.0,80.3,78.03333333333333,75.46666666666667,73.3,73.56666666666666,74.7,74.16666666666667,75.06666666666666,76.53333333333333,76.26666666666667,77.23333333333333,77.16666666666667,2007,7,25,7/25/2007,0.26667,6.0,0.26658,0.26627,0.26631,0.26652,0.26673,0.26723,0.26742,0.26767
2007-07-26,70.46666666666665,71.3,70.53333333333333,69.96666666666665,69.43333333333334,68.33333333333333,68.5,69.3,69.16666666666667,71.16666666666667,74.3,75.13333333333334,76.8,78.36666666666667,79.86666666666666,79.26666666666667,80.89999999999999,82.0,80.3,78.03333333333333,75.46666666666667,73.3,73.56666666666666,74.7,74.16666666666667,75.06666666666666,76.53333333333333,76.26666666666667,77.23333333333333,2007,7,26,7/26/2007,0.2668,6.0,0.26667,0.26658,0.26627,0.26631,0.26652,0.26673,0.26723,0.26798
2007-07-27,70.23333333333333,72.16666666666667,70.46666666666665,70.53333333333333,69.96666666666665,69.43333333333334,68.33333333333333,68.5,69.3,69.16666666666667,71.16666666666667,74.3,75.13333333333334,76.8,78.36666666666667,79.86666666666666,79.26666666666667,80.89999999999999,82.0,80.3,78.03333333333333,75.46666666666667,73.3,73.56666666666666,74.7,74.16666666666667,75.06666666666666,76.53333333333333,76.26666666666667,2007,7,27,7/27/2007,0.2671,6.0,0.2668,0.26667,0.26658,0.26627,0.26631,0.26652,0.26673,0.26808
2007-07-28,72.03333333333333,71.43333333333334,70.23333333333333,70.46666666666665,70.53333333333333,69.96666666666665,69.43333333333334,68.33333333333333,68.5,69.3,69.16666666666667,71.16666666666667,74.3,75.13333333333334,76.8,78.36666666666667,79.86666666666666,79.26666666666667,80.89999999999999,82.0,80.3,78.03333333333333,75.46666666666667,73.3,73.56666666666666,74.7,74.16666666666667,75.06666666666666,76.53333333333333,2007,7,28,7/28/2007,0.26728,6.0,0.2671,0.2668,0.26667,0.26658,0.26627,0.26631,0.26652,0.268
2007-07-29,70.89999999999999,71.03333333333335,72.03333333333333,70.23333333333333,70.46666666666665,70.53333333333333,69.96666666666665,69.43333333333334,68.33333333333333,68.5,69.3,69.16666666666667,71.16666666666667,74.3,75.13333333333334,76.8,78.36666666666667,79.86666666666666,79.26666666666667,80.89999999999999,82.0,80.3,78.03333333333333,75.46666666666667,73.3,73.56666666666666,74.7,74.16666666666667,75.06666666666666,2007,7,29,7/29/2007,0.26759,6.0,0.26728,0.2671,0.2668,0.26667,0.26658,0.26627,0.26631,0.26806
2007-07-30,70.8,72.10000000000001,70.89999999999999,72.03333333333333,70.23333333333333,70.46666666666665,70.53333333333333,69.96666666666665,69.43333333333334,68.33333333333333,68.5,69.3,69.16666666666667,71.16666666666667,74.3,75.13333333333334,76.8,78.36666666666667,79.86666666666666,79.26666666666667,80.89999999999999,82.0,80.3,78.03333333333333,75.46666666666667,73.3,73.56666666666666,74.7,74.16666666666667,2007,7,30,7/30/2007,0.26761,6.0,0.26759,0.26728,0.2671,0.2668,0.26667,0.26658,0.26627,0.26818
2007-07-31,70.0,71.06666666666666,70.8,70.89999999999999,72.03333333333333,70.23333333333333,70.46666666666665,70.53333333333333,69.96666666666665,69.43333333333334,68.33333333333333,68.5,69.3,69.16666666666667,71.16666666666667,74.3,75.13333333333334,76.8,78.36666666666667,79.86666666666666,79.26666666666667,80.89999999999999,82.0,80.3,78.03333333333333,75.46666666666667,73.3,73.56666666666666,74.7,2007,7,31,7/31/2007,0.26759,6.0,0.26761,0.26759,0.26728,0.2671,0.2668,0.26667,0.26658,0.26818
2007-08-01,70.43333333333334,71.0,70.0,70.8,70.89999999999999,72.03333333333333,70.23333333333333,70.46666666666665,70.53333333333333,69.96666666666665,69.43333333333334,68.33333333333333,68.5,69.3,69.16666666666667,71.16666666666667,74.3,75.13333333333334,76.8,78.36666666666667,79.86666666666666,79.26666666666667,80.89999999999999,82.0,80.3,78.03333333333333,75.46666666666667,73.3,73.56666666666666,2007,8,1,8/01/2007,0.26735,6.0,0.26759,0.26761,0.26759,0.26728,0.2671,0.2668,0.26667,-999.0
2007-08-02,71.3,69.23333333333333,70.43333333333334,70.0,70.8,70.89999999999999,72.03333333333333,70.23333333333333,70.46666666666665,70.53333333333333,69.96666666666665,69.43333333333334,68.33333333333333,68.5,69.3,69.16666666666667,71.16666666666667,74.3,75.13333333333334,76.8,78.36666666666667,79.86666666666666,79.26666666666667,80.89999999999999,82.0,80.3,78.03333333333333,75.46666666666667,73.3,2007,8,2,8/02/2007,0.26735,6.0,0.26735,0.26759,0.26761,0.26759,0.26728,0.2671,0.2668,0.26783
2007-08-03,72.16666666666667,69.16666666666667,71.3,70.43333333333334,70.0,70.8,70.89999999999999,72.03333333333333,70.23333333333333,70.46666666666665,70.53333333333333,69.96666666666665,69.43333333333334,68.33333333333333,68.5,69.3,69.16666666666667,71.16666666666667,74.3,75.13333333333334,76.8,78.36666666666667,79.86666666666666,79.26666666666667,80.89999999999999,82.0,80.3,78.03333333333333,75.46666666666667,2007,8,3,8/03/2007,0.26737,6.0,0.26735,0.26735,0.26759,0.26761,0.26759,0.26728,0.2671,0.26765
2007-08-04,71.43333333333334,69.23333333333333,72.16666666666667,71.3,70.43333333333334,70.0,70.8,70.89999999999999,72.03333333333333,70.23333333333333,70.46666666666665,70.53333333333333,69.96666666666665,69.43333333333334,68.33333333333333,68.5,69.3,69.16666666666667,71.16666666666667,74.3,75.13333333333334,76.8,78.36666666666667,79.86666666666666,79.26666666666667,80.89999999999999,82.0,80.3,78.03333333333333,2007,8,4,8/04/2007,0.26738,6.0,0.26737,0.26735,0.26735,0.26759,0.26761,0.26759,0.26728,0.26728
2007-08-05,71.03333333333335,69.86666666666667,71.43333333333334,72.16666666666667,71.3,70.43333333333334,70.0,70.8,70.89999999999999,72.03333333333333,70.23333333333333,70.46666666666665,70.53333333333333,69.96666666666665,69.43333333333334,68.33333333333333,68.5,69.3,69.16666666666667,71.16666666666667,74.3,75.13333333333334,76.8,78.36666666666667,79.86666666666666,79.26666666666667,80.89999999999999,82.0,80.3,2007,8,5,8/05/2007,0.26715,6.0,0.26738,0.26737,0.26735,0.26735,0.26759,0.26761,0.26759,0.26756
2007-08-06,72.10000000000001,69.26666666666667,71.03333333333335,71.43333333333334,72.16666666666667,71.3,70.43333333333334,70.0,70.8,70.89999999999999,72.03333333333333,70.23333333333333,70.46666666666665,70.53333333333333,69.96666666666665,69.43333333333334,68.33333333333333,68.5,69.3,69.16666666666667,71.16666666666667,74.3,75.13333333333334,76.8,78.36666666666667,79.86666666666666,79.26666666666667,80.89999999999999,82.0,2007,8,6,8/06/2007,0.26708,6.0,0.26715,0.26738,0.26737,0.26735,0.26735,0.26759,0.26761,0.26646
2007-08-07,71.06666666666666,70.16666666666667,72.10000000000001,71.03333333333335,71.43333333333334,72.16666666666667,71.3,70.43333333333334,70.0,70.8,70.89999999999999,72.03333333333333,70.23333333333333,70.46666666666665,70.53333333333333,69.96666666666665,69.43333333333334,68.33333333333333,68.5,69.3,69.16666666666667,71.16666666666667,74.3,75.13333333333334,76.8,78.36666666666667,79.86666666666666,79.26666666666667,80.89999999999999,2007,8,7,8/07/2007,0.267,6.0,0.26708,0.26715,0.26738,0.26737,0.26735,0.26735,0.26759,0.26725
2007-08-08,71.0,69.3,71.06666666666666,72.10000000000001,71.03333333333335,71.43333333333334,72.16666666666667,71.3,70.43333333333334,70.0,70.8,70.89999999999999,72.03333333333333,70.23333333333333,70.46666666666665,70.53333333333333,69.96666666666665,69.43333333333334,68.33333333333333,68.5,69.3,69.16666666666667,71.16666666666667,74.3,75.13333333333334,76.8,78.36666666666667,79.86666666666666,79.26666666666667,2007,8,8,8/08/2007,0.26705,6.0,0.267,0.26708,0.26715,0.26738,0.26737,0.26735,0.26735,0.26736
2007-08-09,69.23333333333333,68.76666666666667,71.0,71.06666666666666,72.10000000000001,71.03333333333335,71.43333333333334,72.16666666666667,71.3,70.43333333333334,70.0,70.8,70.89999999999999,72.03333333333333,70.23333333333333,70.46666666666665,70.53333333333333,69.96666666666665,69.43333333333334,68.33333333333333,68.5,69.3,69.16666666666667,71.16666666666667,74.3,75.13333333333334,76.8,78.36666666666667,79.86666666666666,2007,8,9,8/09/2007,0.26669,6.0,0.26705,0.267,0.26708,0.26715,0.26738,0.26737,0.26735,0.26781
2007-08-10,69.16666666666667,69.3,69.23333333333333,71.0,71.06666666666666,72.10000000000001,71.03333333333335,71.43333333333334,72.16666666666667,71.3,70.43333333333334,70.0,70.8,70.89999999999999,72.03333333333333,70.23333333333333,70.46666666666665,70.53333333333333,69.96666666666665,69.43333333333334,68.33333333333333,68.5,69.3,69.16666666666667,71.16666666666667,74.3,75.13333333333334,76.8,78.36666666666667,2007,8,10,8/10/2007,-999.0,0.0,0.26669,0.26705,0.267,0.26708,0.26715,0.26738,0.26737,0.26814
2007-08-11,69.23333333333333,69.46666666666665,69.16666666666667,69.23333333333333,71.0,71.06666666666666,72.10000000000001,71.03333333333335,71.43333333333334,72.16666666666667,71.3,70.43333333333334,70.0,70.8,70.89999999999999,72.03333333333333,70.23333333333333,70.46666666666665,70.53333333333333,69.96666666666665,69.43333333333334,68.33333333333333,68.5,69.3,69.16666666666667,71.16666666666667,74.3,75.13333333333334,76.8,2007,8,11,8/11/2007,0.26682,6.0,-999.0,0.26669,0.26705,0.267,0.26708,0.26715,0.26738,0.26825
2007-08-12,69.86666666666667,69.03333333333333,69.23333333333333,69.16666666666667,69.23333333333333,71.0,71.06666666666666,72.10000000000001,71.03333333333335,71.43333333333334,72.16666666666667,71.3,70.43333333333334,70.0,70.8,70.89999999999999,72.03333333333333,70.23333333333333,70.46666666666665,70.53333333333333,69.96666666666665,69.43333333333334,68.33333333333333,68.5,69.3,69.16666666666667,71.16666666666667,74.3,75.13333333333334,2007,8,12,8/12/2007,0.26694,6.0,0.26682,-999.0,0.26669,0.26705,0.267,0.26708,0.26715,0.26802
2007-08-13,69.26666666666667,70.5,69.86666666666667,69.23333333333333,69.16666666666667,69.23333333333333,71.0,71.06666666666666,72.10000000000001,71.03333333333335,71.43333333333334,72.16666666666667,71.3,70.43333333333334,70.0,70.8,70.89999999999999,72.03333333333333,70.23333333333333,70.46666666666665,70.53333333333333,69.96666666666665,69.43333333333334,68.33333333333333,68.5,69.3,69.16666666666667,71.16666666666667,74.3,2007,8,13,8/13/2007,0.26695,6.0,0.26694,0.26682,-999.0,0.26669,0.26705,0.267,0.26708,0.26757
2007-08-14,70.16666666666667,70.7,69.26666666666667,69.86666666666667,69.23333333333333,69.16666666666667,69.23333333333333,71.0,71.06666666666666,72.10000000000001,71.03333333333335,71.43333333333334,72.16666666666667,71.3,70.43333333333334,70.0,70.8,70.89999999999999,72.03333333333333,70.23333333333333,70.46666666666665,70.53333333333333,69.96666666666665,69.43333333333334,68.33333333333333,68.5,69.3,69.16666666666667,71.16666666666667,2007,8,14,8/14/2007,0.26705,6.0,0.26695,0.26694,0.26682,-999.0,0.26669,0.26705,0.267,0.26742
2007-08-15,69.3,71.39999999999999,70.16666666666667,69.26666666666667,69.86666666666667,69.23333333333333,69.16666666666667,69.23333333333333,71.0,71.06666666666666,72.10000000000001,71.03333333333335,71.43333333333334,72.16666666666667,71.3,70.43333333333334,70.0,70.8,70.89999999999999,72.03333333333333,70.23333333333333,70.46666666666665,70.53333333333333,69.96666666666665,69.43333333333334,68.33333333333333,68.5,69.3,69.16666666666667,2007,8,15,8/15/2007,-999.0,0.0,0.26705,0.26695,0.26694,0.26682,-999.0,0.26669,0.26705,0.26723
2007-08-16,68.76666666666667,72.23333333333333,69.3,70.16666666666667,69.26666666666667,69.86666666666667,69.23333333333333,69.16666666666667,69.23333333333333,71.0,71.06666666666666,72.10000000000001,71.03333333333335,71.43333333333334,72.16666666666667,71.3,70.43333333333334,70.0,70.8,70.89999999999999,72.03333333333333,70.23333333333333,70.46666666666665,70.53333333333333,69.96666666666665,69.43333333333334,68.33333333333333,68.5,69.3,2007,8,16,8/16/2007,0.26676,6.0,-999.0,0.26705,0.26695,0.26694,0.26682,-999.0,0.26669,0.26673
2007-08-17,69.3,73.03333333333335,68.76666666666667,69.3,70.16666666666667,69.26666666666667,69.86666666666667,69.23333333333333,69.16666666666667,69.23333333333333,71.0,71.06666666666666,72.10000000000001,71.03333333333335,71.43333333333334,72.16666666666667,71.3,70.43333333333334,70.0,70.8,70.89999999999999,72.03333333333333,70.23333333333333,70.46666666666665,70.53333333333333,69.96666666666665,69.43333333333334,68.33333333333333,68.5,2007,8,17,8/17/2007,0.2665,6.0,0.26676,-999.0,0.26705,0.26695,0.26694,0.26682,-999.0,0.26652
2007-08-18,69.46666666666665,73.0,69.3,68.76666666666667,69.3,70.16666666666667,69.26666666666667,69.86666666666667,69.23333333333333,69.16666666666667,69.23333333333333,71.0,71.06666666666666,72.10000000000001,71.03333333333335,71.43333333333334,72.16666666666667,71.3,70.43333333333334,70.0,70.8,70.89999999999999,72.03333333333333,70.23333333333333,70.46666666666665,70.53333333333333,69.96666666666665,69.43333333333334,68.33333333333333,2007,8,18,8/18/2007,-999.0,0.0,0.2665,0.26676,-999.0,0.26705,0.26695,0.26694,0.26682,0.26631
2007-08-19,69.03333333333333,71.56666666666666,69.46666666666665,69.3,68.76666666666667,69.3,70.16666666666667,69.26666666666667,69.86666666666667,69.23333333333333,69.16666666666667,69.23333333333333,71.0,71.06666666666666,72.10000000000001,71.03333333333335,71.43333333333334,72.16666666666667,71.3,70.43333333333334,70.0,70.8,70.89999999999999,72.03333333333333,70.23333333333333,70.46666666666665,70.53333333333333,69.96666666666665,69.43333333333334,2007,8,19,8/19/2007,0.26623,6.0,-999.0,0.2665,0.26676,-999.0,0.26705,0.26695,0.26694,0.26627
2007-08-20,70.5,70.7,69.03333333333333,69.46666666666665,69.3,68.76666666666667,69.3,70.16666666666667,69.26666666666667,69.86666666666667,69.23333333333333,69.16666666666667,69.23333333333333,71.0,71.06666666666666,72.10000000000001,71.03333333333335,71.43333333333334,72.16666666666667,71.3,70.43333333333334,70.0,70.8,70.89999999999999,72.03333333333333,70.23333333333333,70.46666666666665,70.53333333333333,69.96666666666665,2007,8,20,8/20/2007,0.26642,6.0,0.26623,-999.0,0.2665,0.26676,-999.0,0.26705,0.26695,0.26658
2007-08-21,70.7,71.33333333333333,70.5,69.03333333333333,69.46666666666665,69.3,68.76666666666667,69.3,70.16666666666667,69.26666666666667,69.86666666666667,69.23333333333333,69.16666666666667,69.23333333333333,71.0,71.06666666666666,72.10000000000001,71.03333333333335,71.43333333333334,72.16666666666667,71.3,70.43333333333334,70.0,70.8,70.89999999999999,72.03333333333333,70.23333333333333,70.46666666666665,70.53333333333333,2007,8,21,8/21/2007,0.26657,6.0,0.26642,0.26623,-999.0,0.2665,0.26676,-999.0,0.26705,0.26667
2007-08-22,71.39999999999999,70.8,70.7,70.5,69.03333333333333,69.46666666666665,69.3,68.76666666666667,69.3,70.16666666666667,69.26666666666667,69.86666666666667,69.23333333333333,69.16666666666667,69.23333333333333,71.0,71.06666666666666,72.10000000000001,71.03333333333335,71.43333333333334,72.16666666666667,71.3,70.43333333333334,70.0,70.8,70.89999999999999,72.03333333333333,70.23333333333333,70.46666666666665,2007,8,22,8/22/2007,0.2668,6.0,0.26657,0.26642,0.26623,-999.0,0.2665,0.26676,-999.0,0.2668
2007-08-23,72.23333333333333,72.39999999999999,71.39999999999999,70.7,70.5,69.03333333333333,69.46666666666665,69.3,68.76666666666667,69.3,70.16666666666667,69.26666666666667,69.86666666666667,69.23333333333333,69.16666666666667,69.23333333333333,71.0,71.06666666666666,72.10000000000001,71.03333333333335,71.43333333333334,72.16666666666667,71.3,70.43333333333334,70.0,70.8,70.89999999999999,72.03333333333333,70.23333333333333,2007,8,23,8/23/2007,0.26695,6.0,0.2668,0.26657,0.26642,0.26623,-999.0,0.2665,0.26676,0.2671
2007-08-24,73.03333333333335,72.66666666666667,72.23333333333333,71.39999999999999,70.7,70.5,69.03333333333333,69.46666666666665,69.3,68.76666666666667,69.3,70.16666666666667,69.26666666666667,69.86666666666667,69.23333333333333,69.16666666666667,69.23333333333333,71.0,71.06666666666666,72.10000000000001,71.03333333333335,71.43333333333334,72.16666666666667,71.3,70.43333333333334,70.0,70.8,70.89999999999999,72.03333333333333,2007,8,24,8/24/2007,0.2672,6.0,0.26695,0.2668,0.26657,0.26642,0.26623,-999.0,0.2665,0.26728
2007-08-25,73.0,72.03333333333333,73.03333333333335,72.23333333333333,71.39999999999999,70.7,70.5,69.03333333333333,69.46666666666665,69.3,68.76666666666667,69.3,70.16666666666667,69.26666666666667,69.86666666666667,69.23333333333333,69.16666666666667,69.23333333333333,71.0,71.06666666666666,72.10000000000001,71.03333333333335,71.43333333333334,72.16666666666667,71.3,70.43333333333334,70.0,70.8,70.89999999999999,2007,8,25,8/25/2007,0.26718,6.0,0.2672,0.26695,0.2668,0.26657,0.26642,0.26623,-999.0,0.26759
2007-08-26,71.56666666666666,70.66666666666667,73.0,73.03333333333335,72.23333333333333,71.39999999999999,70.7,70.5,69.03333333333333,69.46666666666665,69.3,68.76666666666667,69.3,70.16666666666667,69.26666666666667,69.86666666666667,69.23333333333333,69.16666666666667,69.23333333333333,71.0,71.06666666666666,72.10000000000001,71.03333333333335,71.43333333333334,72.16666666666667,71.3,70.43333333333334,70.0,70.8,2007,8,26,8/26/2007,0.26729,6.0,0.26718,0.2672,0.26695,0.2668,0.26657,0.26642,0.26623,0.26761
2007-08-27,70.7,69.06666666666666,71.56666666666666,73.0,73.03333333333335,72.23333333333333,71.39999999999999,70.7,70.5,69.03333333333333,69.46666666666665,69.3,68.76666666666667,69.3,70.16666666666667,69.26666666666667,69.86666666666667,69.23333333333333,69.16666666666667,69.23333333333333,71.0,71.06666666666666,72.10000000000001,71.03333333333335,71.43333333333334,72.16666666666667,71.3,70.43333333333334,70.0,2007,8,27,8/27/2007,0.26718,6.0,0.26729,0.26718,0.2672,0.26695,0.2668,0.26657,0.26642,0.26759
2007-08-28,71.33333333333333,69.0,70.7,71.56666666666666,73.0,73.03333333333335,72.23333333333333,71.39999999999999,70.7,70.5,69.03333333333333,69.46666666666665,69.3,68.76666666666667,69.3,70.16666666666667,69.26666666666667,69.86666666666667,69.23333333333333,69.16666666666667,69.23333333333333,71.0,71.06666666666666,72.10000000000001,71.03333333333335,71.43333333333334,72.16666666666667,71.3,70.43333333333334,2007,8,28,8/28/2007,0.26719,6.0,0.26718,0.26729,0.26718,0.2672,0.26695,0.2668,0.26657,0.26735
2007-08-29,70.8,68.60000000000001,71.33333333333333,70.7,71.56666666666666,73.0,73.03333333333335,72.23333333333333,71.39999999999999,70.7,70.5,69.03333333333333,69.46666666666665,69.3,68.76666666666667,69.3,70.16666666666667,69.26666666666667,69.86666666666667,69.23333333333333,69.16666666666667,69.23333333333333,71.0,71.06666666666666,72.10000000000001,71.03333333333335,71.43333333333334,72.16666666666667,71.3,2007,8,29,8/29/2007,0.26733,6.0,0.26719,0.26718,0.26729,0.26718,0.2672,0.26695,0.2668,0.26735
2007-08-30,72.39999999999999,67.73333333333333,70.8,71.33333333333333,70.7,71.56666666666666,73.0,73.03333333333335,72.23333333333333,71.39999999999999,70.7,70.5,69.03333333333333,69.46666666666665,69.3,68.76666666666667,69.3,70.16666666666667,69.26666666666667,69.86666666666667,69.23333333333333,69.16666666666667,69.23333333333333,71.0,71.06666666666666,72.10000000000001,71.03333333333335,71.43333333333334,72.16666666666667,2007,8,30,8/30/2007,0.26692,6.0,0.26733,0.26719,0.26718,0.26729,0.26718,0.2672,0.26695,0.26737
2007-08-31,72.66666666666667,68.23333333333333,72.39999999999999,70.8,71.33333333333333,70.7,71.56666666666666,73.0,73.03333333333335,72.23333333333333,71.39999999999999,70.7,70.5,69.03333333333333,69.46666666666665,69.3,68.76666666666667,69.3,70.16666666666667,69.26666666666667,69.86666666666667,69.23333333333333,69.16666666666667,69.23333333333333,71.0,71.06666666666666,72.10000000000001,71.03333333333335,71.43333333333334,2007,8,31,8/31/2007,0.2669,6.0,0.26692,0.26733,0.26719,0.26718,0.26729,0.26718,0.2672,0.26738
2007-09-01,72.03333333333333,67.60000000000001,72.66666666666667,72.39999999999999,70.8,71.33333333333333,70.7,71.56666666666666,73.0,73.03333333333335,72.23333333333333,71.39999999999999,70.7,70.5,69.03333333333333,69.46666666666665,69.3,68.76666666666667,69.3,70.16666666666667,69.26666666666667,69.86666666666667,69.23333333333333,69.16666666666667,69.23333333333333,71.0,71.06666666666666,72.10000000000001,71.03333333333335,2007,9,1,9/01/2007,0.26707,6.0,0.2669,0.26692,0.26733,0.26719,0.26718,0.26729,0.26718,0.26715
2007-09-02,70.66666666666667,67.56666666666666,72.03333333333333,72.66666666666667,72.39999999999999,70.8,71.33333333333333,70.7,71.56666666666666,73.0,73.03333333333335,72.23333333333333,71.39999999999999,70.7,70.5,69.03333333333333,69.46666666666665,69.3,68.76666666666667,69.3,70.16666666666667,69.26666666666667,69.86666666666667,69.23333333333333,69.16666666666667,69.23333333333333,71.0,71.06666666666666,72.10000000000001,2007,9,2,9/02/2007,0.26686,6.0,0.26707,0.2669,0.26692,0.26733,0.26719,0.26718,0.26729,0.26708
2007-09-03,69.06666666666666,67.8,70.66666666666667,72.03333333333333,72.66666666666667,72.39999999999999,70.8,71.33333333333333,70.7,71.56666666666666,73.0,73.03333333333335,72.23333333333333,71.39999999999999,70.7,70.5,69.03333333333333,69.46666666666665,69.3,68.76666666666667,69.3,70.16666666666667,69.26666666666667,69.86666666666667,69.23333333333333,69.16666666666667,69.23333333333333,71.0,71.06666666666666,2007,9,3,9/03/2007,0.26634,6.0,0.26686,0.26707,0.2669,0.26692,0.26733,0.26719,0.26718,0.267
2007-09-04,69.0,66.93333333333334,69.06666666666666,70.66666666666667,72.03333333333333,72.66666666666667,72.39999999999999,70.8,71.33333333333333,70.7,71.56666666666666,73.0,73.03333333333335,72.23333333333333,71.39999999999999,70.7,70.5,69.03333333333333,69.46666666666665,69.3,68.76666666666667,69.3,70.16666666666667,69.26666666666667,69.86666666666667,69.23333333333333,69.16666666666667,69.23333333333333,71.0,2007,9,4,9/04/2007,0.26619,6.0,0.26634,0.26686,0.26707,0.2669,0.26692,0.26733,0.26719,0.26705
2007-09-05,68.60000000000001,66.66666666666667,69.0,69.06666666666666,70.66666666666667,72.03333333333333,72.66666666666667,72.39999999999999,70.8,71.33333333333333,70.7,71.56666666666666,73.0,73.03333333333335,72.23333333333333,71.39999999999999,70.7,70.5,69.03333333333333,69.46666666666665,69.3,68.76666666666667,69.3,70.16666666666667,69.26666666666667,69.86666666666667,69.23333333333333,69.16666666666667,69.23333333333333,2007,9,5,9/05/2007,0.26605,6.0,0.26619,0.26634,0.26686,0.26707,0.2669,0.26692,0.26733,0.26669
2007-09-06,67.73333333333333,67.10000000000001,68.60000000000001,69.0,69.06666666666666,70.66666666666667,72.03333333333333,72.66666666666667,72.39999999999999,70.8,71.33333333333333,70.7,71.56666666666666,73.0,73.03333333333335,72.23333333333333,71.39999999999999,70.7,70.5,69.03333333333333,69.46666666666665,69.3,68.76666666666667,69.3,70.16666666666667,69.26666666666667,69.86666666666667,69.23333333333333,69.16666666666667,2007,9,6,9/06/2007,0.26597,6.0,0.26605,0.26619,0.26634,0.26686,0.26707,0.2669,0.26692,-999.0
2007-09-07,68.23333333333333,67.5,67.73333333333333,68.60000000000001,69.0,69.06666666666666,70.66666666666667,72.03333333333333,72.66666666666667,72.39999999999999,70.8,71.33333333333333,70.7,71.56666666666666,73.0,73.03333333333335,72.23333333333333,71.39999999999999,70.7,70.5,69.03333333333333,69.46666666666665,69.3,68.76666666666667,69.3,70.16666666666667,69.26666666666667,69.86666666666667,69.23333333333333,2007,9,7,9/07/2007,0.26592,6.0,0.26597,0.26605,0.26619,0.26634,0.26686,0.26707,0.2669,0.26682
2007-09-08,67.60000000000001,68.23333333333333,68.23333333333333,67.73333333333333,68.60000000000001,69.0,69.06666666666666,70.66666666666667,72.03333333333333,72.66666666666667,72.39999999999999,70.8,71.33333333333333,70.7,71.56666666666666,73.0,73.03333333333335,72.23333333333333,71.39999999999999,70.7,70.5,69.03333333333333,69.46666666666665,69.3,68.76666666666667,69.3,70.16666666666667,69.26666666666667,69.86666666666667,2007,9,8,9/08/2007,0.26588,6.0,0.26592,0.26597,0.26605,0.26619,0.26634,0.26686,0.26707,0.26694
2007-09-09,67.56666666666666,67.7,67.60000000000001,68.23333333333333,67.73333333333333,68.60000000000001,69.0,69.06666666666666,70.66666666666667,72.03333333333333,72.66666666666667,72.39999999999999,70.8,71.33333333333333,70.7,71.56666666666666,73.0,73.03333333333335,72.23333333333333,71.39999999999999,70.7,70.5,69.03333333333333,69.46666666666665,69.3,68.76666666666667,69.3,70.16666666666667,69.26666666666667,2007,9,9,9/09/2007,0.2658,6.0,0.26588,0.26592,0.26597,0.26605,0.26619,0.26634,0.26686,0.26695
2007-09-10,67.8,67.56666666666666,67.56666666666666,67.60000000000001,68.23333333333333,67.73333333333333,68.60000000000001,69.0,69.06666666666666,70.66666666666667,72.03333333333333,72.66666666666667,72.39999999999999,70.8,71.33333333333333,70.7,71.56666666666666,73.0,73.03333333333335,72.23333333333333,71.39999999999999,70.7,70.5,69.03333333333333,69.46666666666665,69.3,68.76666666666667,69.3,70.16666666666667,2007,9,10,9/10/2007,0.26585,6.0,0.2658,0.26588,0.26592,0.26597,0.26605,0.26619,0.26634,0.26705
2007-09-11,66.93333333333334,66.93333333333332,67.8,67.56666666666666,67.60000000000001,68.23333333333333,67.73333333333333,68.60000000000001,69.0,69.06666666666666,70.66666666666667,72.03333333333333,72.66666666666667,72.39999999999999,70.8,71.33333333333333,70.7,71.56666666666666,73.0,73.03333333333335,72.23333333333333,71.39999999999999,70.7,70.5,69.03333333333333,69.46666666666665,69.3,68.76666666666667,69.3,2007,9,11,9/11/2007,0.26588,6.0,0.26585,0.2658,0.26588,0.26592,0.26597,0.26605,0.26619,-999.0
2007-09-12,66.66666666666667,67.3,66.93333333333334,67.8,67.56666666666666,67.60000000000001,68.23333333333333,67.73333333333333,68.60000000000001,69.0,69.06666666666666,70.66666666666667,72.03333333333333,72.66666666666667,72.39999999999999,70.8,71.33333333333333,70.7,71.56666666666666,73.0,73.03333333333335,72.23333333333333,71.39999999999999,70.7,70.5,69.03333333333333,69.46666666666665,69.3,68.76666666666667,2007,9,12,9/12/2007,0.26578,6.0,0.26588,0.26585,0.2658,0.26588,0.26592,0.26597,0.26605,0.26676
2007-09-13,67.10000000000001,67.56666666666666,66.66666666666667,66.93333333333334,67.8,67.56666666666666,67.60000000000001,68.23333333333333,67.73333333333333,68.60000000000001,69.0,69.06666666666666,70.66666666666667,72.03333333333333,72.66666666666667,72.39999999999999,70.8,71.33333333333333,70.7,71.56666666666666,73.0,73.03333333333335,72.23333333333333,71.39999999999999,70.7,70.5,69.03333333333333,69.46666666666665,69.3,2007,9,13,9/13/2007,0.2659,6.0,0.26578,0.26588,0.26585,0.2658,0.26588,0.26592,0.26597,0.2665
2007-09-14,67.5,67.39999999999999,67.10000000000001,66.66666666666667,66.93333333333334,67.8,67.56666666666666,67.60000000000001,68.23333333333333,67.73333333333333,68.60000000000001,69.0,69.06666666666666,70.66666666666667,72.03333333333333,72.66666666666667,72.39999999999999,70.8,71.33333333333333,70.7,71.56666666666666,73.0,73.03333333333335,72.23333333333333,71.39999999999999,70.7,70.5,69.03333333333333,69.46666666666665,2007,9,14,9/14/2007,0.26567,6.0,0.2659,0.26578,0.26588,0.26585,0.2658,0.26588,0.26592,-999.0
2007-09-15,68.23333333333333,67.0,67.5,67.10000000000001,66.66666666666667,66.93333333333334,67.8,67.56666666666666,67.60000000000001,68.23333333333333,67.73333333333333,68.60000000000001,69.0,69.06666666666666,70.66666666666667,72.03333333333333,72.66666666666667,72.39999999999999,70.8,71.33333333333333,70.7,71.56666666666666,73.0,73.03333333333335,72.23333333333333,71.39999999999999,70.7,70.5,69.03333333333333,2007,9,15,9/15/2007,0.26564,6.0,0.26567,0.2659,0.26578,0.26588,0.26585,0.2658,0.26588,0.26623
2007-09-16,67.7,66.83333333333333,68.23333333333333,67.5,67.10000000000001,66.66666666666667,66.93333333333334,67.8,67.56666666666666,67.60000000000001,68.23333333333333,67.73333333333333,68.60000000000001,69.0,69.06666666666666,70.66666666666667,72.03333333333333,72.66666666666667,72.39999999999999,70.8,71.33333333333333,70.7,71.56666666666666,73.0,73.03333333333335,72.23333333333333,71.39999999999999,70.7,70.5,2007,9,16,9/16/2007,0.26573,6.0,0.26564,0.26567,0.2659,0.26578,0.26588,0.26585,0.2658,0.26642
2007-09-17,67.56666666666666,66.36666666666666,67.7,68.23333333333333,67.5,67.10000000000001,66.66666666666667,66.93333333333334,67.8,67.56666666666666,67.60000000000001,68.23333333333333,67.73333333333333,68.60000000000001,69.0,69.06666666666666,70.66666666666667,72.03333333333333,72.66666666666667,72.39999999999999,70.8,71.33333333333333,70.7,71.56666666666666,73.0,73.03333333333335,72.23333333333333,71.39999999999999,70.7,2007,9,17,9/17/2007,0.26574,6.0,0.26573,0.26564,0.26567,0.2659,0.26578,0.26588,0.26585,0.26657
2007-09-18,66.93333333333332,66.56666666666666,67.56666666666666,67.7,68.23333333333333,67.5,67.10000000000001,66.66666666666667,66.93333333333334,67.8,67.56666666666666,67.60000000000001,68.23333333333333,67.73333333333333,68.60000000000001,69.0,69.06666666666666,70.66666666666667,72.03333333333333,72.66666666666667,72.39999999999999,70.8,71.33333333333333,70.7,71.56666666666666,73.0,73.03333333333335,72.23333333333333,71.39999999999999,2007,9,18,9/18/2007,0.26564,6.0,0.26574,0.26573,0.26564,0.26567,0.2659,0.26578,0.26588,0.2668
2007-09-19,67.3,66.63333333333333,66.93333333333332,67.56666666666666,67.7,68.23333333333333,67.5,67.10000000000001,66.66666666666667,66.93333333333334,67.8,67.56666666666666,67.60000000000001,68.23333333333333,67.73333333333333,68.60000000000001,69.0,69.06666666666666,70.66666666666667,72.03333333333333,72.66666666666667,72.39999999999999,70.8,71.33333333333333,70.7,71.56666666666666,73.0,73.03333333333335,72.23333333333333,2007,9,19,9/19/2007,0.26502,6.0,0.26564,0.26574,0.26573,0.26564,0.26567,0.2659,0.26578,0.26695
2007-09-20,67.56666666666666,67.26666666666667,67.3,66.93333333333332,67.56666666666666,67.7,68.23333333333333,67.5,67.10000000000001,66.66666666666667,66.93333333333334,67.8,67.56666666666666,67.60000000000001,68.23333333333333,67.73333333333333,68.60000000000001,69.0,69.06666666666666,70.66666666666667,72.03333333333333,72.66666666666667,72.39999999999999,70.8,71.33333333333333,70.7,71.56666666666666,73.0,73.03333333333335,2007,9,20,9/20/2007,0.26574,6.0,0.26502,0.26564,0.26574,0.26573,0.26564,0.26567,0.2659,0.2672
2007-09-21,67.39999999999999,66.56666666666666,67.56666666666666,67.3,66.93333333333332,67.56666666666666,67.7,68.23333333333333,67.5,67.10000000000001,66.66666666666667,66.93333333333334,67.8,67.56666666666666,67.60000000000001,68.23333333333333,67.73333333333333,68.60000000000001,69.0,69.06666666666666,70.66666666666667,72.03333333333333,72.66666666666667,72.39999999999999,70.8,71.33333333333333,70.7,71.56666666666666,73.0,2007,9,21,9/21/2007,0.26413,6.0,0.26574,0.26502,0.26564,0.26574,0.26573,0.26564,0.26567,0.26718
2007-09-22,67.0,67.89999999999999,67.39999999999999,67.56666666666666,67.3,66.93333333333332,67.56666666666666,67.7,68.23333333333333,67.5,67.10000000000001,66.66666666666667,66.93333333333334,67.8,67.56666666666666,67.60000000000001,68.23333333333333,67.73333333333333,68.60000000000001,69.0,69.06666666666666,70.66666666666667,72.03333333333333,72.66666666666667,72.39999999999999,70.8,71.33333333333333,70.7,71.56666666666666,2007,9,22,9/22/2007,0.26469,6.0,0.26413,0.26574,0.26502,0.26564,0.26574,0.26573,0.26564,0.26729
2007-09-23,66.83333333333333,66.83333333333333,67.0,67.39999999999999,67.56666666666666,67.3,66.93333333333332,67.56666666666666,67.7,68.23333333333333,67.5,67.10000000000001,66.66666666666667,66.93333333333334,67.8,67.56666666666666,67.60000000000001,68.23333333333333,67.73333333333333,68.60000000000001,69.0,69.06666666666666,70.66666666666667,72.03333333333333,72.66666666666667,72.39999999999999,70.8,71.33333333333333,70.7,2007,9,23,9/23/2007,0.26868,6.0,0.26469,0.26413,0.26574,0.26502,0.26564,0.26574,0.26573,0.26718
2007-09-24,66.36666666666666,68.5,66.83333333333333,67.0,67.39999999999999,67.56666666666666,67.3,66.93333333333332,67.56666666666666,67.7,68.23333333333333,67.5,67.10000000000001,66.66666666666667,66.93333333333334,67.8,67.56666666666666,67.60000000000001,68.23333333333333,67.73333333333333,68.60000000000001,69.0,69.06666666666666,70.66666666666667,72.03333333333333,72.66666666666667,72.39999999999999,70.8,71.33333333333333,2007,9,24,9/24/2007,0.26619,6.0,0.26868,0.26469,0.26413,0.26574,0.26502,0.26564,0.26574,0.26719
2007-09-25,66.56666666666666,67.16666666666667,66.36666666666666,66.83333333333333,67.0,67.39999999999999,67.56666666666666,67.3,66.93333333333332,67.56666666666666,67.7,68.23333333333333,67.5,67.10000000000001,66.66666666666667,66.93333333333334,67.8,67.56666666666666,67.60000000000001,68.23333333333333,67.73333333333333,68.60000000000001,69.0,69.06666666666666,70.66666666666667,72.03333333333333,72.66666666666667,72.39999999999999,70.8,2007,9,25,9/25/2007,-999.0,0.0,0.26619,0.26868,0.26469,0.26413,0.26574,0.26502,0.26564,0.26733
2007-09-26,66.63333333333333,67.33333333333333,66.56666666666666,66.36666666666666,66.83333333333333,67.0,67.39999999999999,67.56666666666666,67.3,66.93333333333332,67.56666666666666,67.7,68.23333333333333,67.5,67.10000000000001,66.66666666666667,66.93333333333334,67.8,67.56666666666666,67.60000000000001,68.23333333333333,67.73333333333333,68.60000000000001,69.0,69.06666666666666,70.66666666666667,72.03333333333333,72.66666666666667,72.39999999999999,2007,9,26,9/26/2007,0.26697,6.0,-999.0,0.26619,0.26868,0.26469,0.26413,0.26574,0.26502,0.26692
2007-09-27,67.26666666666667,67.46666666666667,66.63333333333333,66.56666666666666,66.36666666666666,66.83333333333333,67.0,67.39999999999999,67.56666666666666,67.3,66.93333333333332,67.56666666666666,67.7,68.23333333333333,67.5,67.10000000000001,66.66666666666667,66.93333333333334,67.8,67.56666666666666,67.60000000000001,68.23333333333333,67.73333333333333,68.60000000000001,69.0,69.06666666666666,70.66666666666667,72.03333333333333,72.66666666666667,2007,9,27,9/27/2007,0.26661,6.0,0.26697,-999.0,0.26619,0.26868,0.26469,0.26413,0.26574,0.2669
2007-09-28,66.56666666666666,67.96666666666665,67.26666666666667,66.63333333333333,66.56666666666666,66.36666666666666,66.83333333333333,67.0,67.39999999999999,67.56666666666666,67.3,66.93333333333332,67.56666666666666,67.7,68.23333333333333,67.5,67.10000000000001,66.66666666666667,66.93333333333334,67.8,67.56666666666666,67.60000000000001,68.23333333333333,67.73333333333333,68.60000000000001,69.0,69.06666666666666,70.66666666666667,72.03333333333333,2007,9,28,9/28/2007,0.26563,6.0,0.26661,0.26697,-999.0,0.26619,0.26868,0.26469,0.26413,0.26707
2007-09-28,66.56666666666666,67.96666666666665,67.26666666666667,66.63333333333333,66.56666666666666,66.36666666666666,66.83333333333333,67.0,67.39999999999999,67.56666666666666,67.3,66.93333333333332,67.56666666666666,67.7,68.23333333333333,67.5,67.10000000000001,66.66666666666667,66.93333333333334,67.8,67.56666666666666,67.60000000000001,68.23333333333333,67.73333333333333,68.60000000000001,69.0,69.06666666666666,70.66666666666667,72.03333333333333,2007,9,28,9/28/2007,0.26563,6.0,0.26563,0.26661,0.26697,-999.0,0.26619,0.26868,0.26469,0.26686
2007-09-29,67.89999999999999,68.86666666666667,66.56666666666666,67.26666666666667,66.63333333333333,66.56666666666666,66.36666666666666,66.83333333333333,67.0,67.39999999999999,67.56666666666666,67.3,66.93333333333332,67.56666666666666,67.7,68.23333333333333,67.5,67.10000000000001,66.66666666666667,66.93333333333334,67.8,67.56666666666666,67.60000000000001,68.23333333333333,67.73333333333333,68.60000000000001,69.0,69.06666666666666,70.66666666666667,2007,9,29,9/29/2007,0.26491,6.0,0.26563,0.26563,0.26661,0.26697,-999.0,0.26619,0.26868,0.26634
2007-09-30,66.83333333333333,68.2,67.89999999999999,66.56666666666666,67.26666666666667,66.63333333333333,66.56666666666666,66.36666666666666,66.83333333333333,67.0,67.39999999999999,67.56666666666666,67.3,66.93333333333332,67.56666666666666,67.7,68.23333333333333,67.5,67.10000000000001,66.66666666666667,66.93333333333334,67.8,67.56666666666666,67.60000000000001,68.23333333333333,67.73333333333333,68.60000000000001,69.0,69.06666666666666,2007,9,30,9/30/2007,0.26667,6.0,0.26491,0.26563,0.26563,0.26661,0.26697,-999.0,0.26619,0.26619
2007-10-01,68.5,68.13333333333334,66.83333333333333,67.89999999999999,66.56666666666666,67.26666666666667,66.63333333333333,66.56666666666666,66.36666666666666,66.83333333333333,67.0,67.39999999999999,67.56666666666666,67.3,66.93333333333332,67.56666666666666,67.7,68.23333333333333,67.5,67.10000000000001,66.66666666666667,66.93333333333334,67.8,67.56666666666666,67.60000000000001,68.23333333333333,67.73333333333333,68.60000000000001,69.0,2007,10,1,10/01/2007,-999.0,0.0,0.26667,0.26491,0.26563,0.26563,0.26661,0.26697,-999.0,0.26605
2007-10-02,67.16666666666667,68.53333333333333,68.5,66.83333333333333,67.89999999999999,66.56666666666666,67.26666666666667,66.63333333333333,66.56666666666666,66.36666666666666,66.83333333333333,67.0,67.39999999999999,67.56666666666666,67.3,66.93333333333332,67.56666666666666,67.7,68.23333333333333,67.5,67.10000000000001,66.66666666666667,66.93333333333334,67.8,67.56666666666666,67.60000000000001,68.23333333333333,67.73333333333333,68.60000000000001,2007,10,2,10/02/2007,0.26679,6.0,-999.0,0.26667,0.26491,0.26563,0.26563,0.26661,0.26697,0.26597
2007-10-03,67.33333333333333,68.03333333333335,67.16666666666667,68.5,66.83333333333333,67.89999999999999,66.56666666666666,67.26666666666667,66.63333333333333,66.56666666666666,66.36666666666666,66.83333333333333,67.0,67.39999999999999,67.56666666666666,67.3,66.93333333333332,67.56666666666666,67.7,68.23333333333333,67.5,67.10000000000001,66.66666666666667,66.93333333333334,67.8,67.56666666666666,67.60000000000001,68.23333333333333,67.73333333333333,2007,10,3,10/03/2007,0.26354,6.0,0.26679,-999.0,0.26667,0.26491,0.26563,0.26563,0.26661,0.26592
2007-10-04,67.46666666666667,68.66666666666667,67.33333333333333,67.16666666666667,68.5,66.83333333333333,67.89999999999999,66.56666666666666,67.26666666666667,66.63333333333333,66.56666666666666,66.36666666666666,66.83333333333333,67.0,67.39999999999999,67.56666666666666,67.3,66.93333333333332,67.56666666666666,67.7,68.23333333333333,67.5,67.10000000000001,66.66666666666667,66.93333333333334,67.8,67.56666666666666,67.60000000000001,68.23333333333333,2007,10,4,10/04/2007,0.2661,6.0,0.26354,0.26679,-999.0,0.26667,0.26491,0.26563,0.26563,0.26588
2007-10-05,67.96666666666665,68.39999999999999,67.46666666666667,67.33333333333333,67.16666666666667,68.5,66.83333333333333,67.89999999999999,66.56666666666666,67.26666666666667,66.63333333333333,66.56666666666666,66.36666666666666,66.83333333333333,67.0,67.39999999999999,67.56666666666666,67.3,66.93333333333332,67.56666666666666,67.7,68.23333333333333,67.5,67.10000000000001,66.66666666666667,66.93333333333334,67.8,67.56666666666666,67.60000000000001,2007,10,5,10/05/2007,-999.0,0.0,0.2661,0.26354,0.26679,-999.0,0.26667,0.26491,0.26563,0.2658
2007-10-06,68.86666666666667,67.43333333333334,67.96666666666665,67.46666666666667,67.33333333333333,67.16666666666667,68.5,66.83333333333333,67.89999999999999,66.56666666666666,67.26666666666667,66.63333333333333,66.56666666666666,66.36666666666666,66.83333333333333,67.0,67.39999999999999,67.56666666666666,67.3,66.93333333333332,67.56666666666666,67.7,68.23333333333333,67.5,67.10000000000001,66.66666666666667,66.93333333333334,67.8,67.56666666666666,2007,10,6,10/06/2007,0.26146,6.0,-999.0,0.2661,0.26354,0.26679,-999.0,0.26667,0.26491,0.26585
2007-10-07,68.2,66.96666666666665,68.86666666666667,67.96666666666665,67.46666666666667,67.33333333333333,67.16666666666667,68.5,66.83333333333333,67.89999999999999,66.56666666666666,67.26666666666667,66.63333333333333,66.56666666666666,66.36666666666666,66.83333333333333,67.0,67.39999999999999,67.56666666666666,67.3,66.93333333333332,67.56666666666666,67.7,68.23333333333333,67.5,67.10000000000001,66.66666666666667,66.93333333333334,67.8,2007,10,7,10/07/2007,0.26447,6.0,0.26146,-999.0,0.2661,0.26354,0.26679,-999.0,0.26667,0.26588
2007-10-08,68.13333333333334,66.93333333333334,68.2,68.86666666666667,67.96666666666665,67.46666666666667,67.33333333333333,67.16666666666667,68.5,66.83333333333333,67.89999999999999,66.56666666666666,67.26666666666667,66.63333333333333,66.56666666666666,66.36666666666666,66.83333333333333,67.0,67.39999999999999,67.56666666666666,67.3,66.93333333333332,67.56666666666666,67.7,68.23333333333333,67.5,67.10000000000001,66.66666666666667,66.93333333333334,2007,10,8,10/08/2007,0.26537,6.0,0.26447,0.26146,-999.0,0.2661,0.26354,0.26679,-999.0,0.26578
2007-10-09,68.53333333333333,67.36666666666666,68.13333333333334,68.2,68.86666666666667,67.96666666666665,67.46666666666667,67.33333333333333,67.16666666666667,68.5,66.83333333333333,67.89999999999999,66.56666666666666,67.26666666666667,66.63333333333333,66.56666666666666,66.36666666666666,66.83333333333333,67.0,67.39999999999999,67.56666666666666,67.3,66.93333333333332,67.56666666666666,67.7,68.23333333333333,67.5,67.10000000000001,66.66666666666667,2007,10,9,10/09/2007,-999.0,0.0,0.26537,0.26447,0.26146,-999.0,0.2661,0.26354,0.26679,0.2659
