year,month,day,date_str,mgii_index,source_id,date,mgii_lag1,mgii_lag2,mgii_lag3,mgii_lag4,mgii_lag5,mgii_lag6,mgii_lag7,mgii_lag27
1978,12,16,12/16/1978,0.2761,1.0,1978-12-16,0.2769,0.2775,0.2776,0.2774,0.2776,0.2784,0.2781,0.2772
1978,12,17,12/17/1978,0.272,1.0,1978-12-17,0.2761,0.2769,0.2775,0.2776,0.2774,0.2776,0.2784,0.277
1978,12,18,12/18/1978,0.2742,1.0,1978-12-18,0.272,0.2761,0.2769,0.2775,0.2776,0.2774,0.2776,0.2769
1978,12,19,12/19/1978,0.2732,1.0,1978-12-19,0.2742,0.272,0.2761,0.2769,0.2775,0.2776,0.2774,0.2765
1978,12,20,12/20/1978,0.273,1.0,1978-12-20,0.2732,0.2742,0.272,0.2761,0.2769,0.2775,0.2776,0.2759
1978,12,21,12/21/1978,0.2694,1.0,1978-12-21,0.273,0.2732,0.2742,0.272,0.2761,0.2769,0.2775,0.2747
1978,12,22,12/22/1978,0.2709,1.0,1978-12-22,0.2694,0.273,0.2732,0.2742,0.272,0.2761,0.2769,0.2736
1978,12,24,12/24/1978,0.2721,1.0,1978-12-24,0.2709,0.2694,0.273,0.2732,0.2742,0.272,0.2761,0.2728
1978,12,25,12/25/1978,0.2739,1.0,1978-12-25,0.2721,0.2709,0.2694,0.273,0.2732,0.2742,0.272,0.2722
1978,12,26,12/26/1978,0.2749,1.0,1978-12-26,0.2739,0.2721,0.2709,0.2694,0.273,0.2732,0.2742,0.2718
1978,12,28,12/28/1978,0.2776,1.0,1978-12-28,0.2749,0.2739,0.2721,0.2709,0.2694,0.273,0.2732,0.2718
1978,12,29,12/29/1978,0.2789,1.0,1978-12-29,0.2776,0.2749,0.2739,0.2721,0.2709,0.2694,0.273,0.2725
1978,12,30,12/30/1978,0.2795,1.0,1978-12-30,0.2789,0.2776,0.2749,0.2739,0.2721,0.2709,0.2694,0.2732
1979,1,01,1/01/1979,0.281,1.0,1979-01-01,0.2795,0.2789,0.2776,0.2749,0.2739,0.2721,0.2709,0.2742
1979,1,02,1/02/1979,0.2814,1.0,1979-01-02,0.281,0.2795,0.2789,0.2776,0.2749,0.2739,0.2721,0.2754
1979,1,03,1/03/1979,0.2824,1.0,1979-01-03,0.2814,0.281,0.2795,0.2789,0.2776,0.2749,0.2739,0.2755
1979,1,05,1/05/1979,0.2819,1.0,1979-01-05,0.2824,0.2814,0.281,0.2795,0.2789,0.2776,0.2749,0.2783
1979,1,06,1/06/1979,0.2804,1.0,1979-01-06,0.2819,0.2824,0.2814,0.281,0.2795,0.2789,0.2776,0.279
1979,1,07,1/07/1979,0.2815,1.0,1979-01-07,0.2804,0.2819,0.2824,0.2814,0.281,0.2795,0.2789,0.2782
1979,1,09,1/09/1979,0.2812,1.0,1979-01-09,0.2815,0.2804,0.2819,0.2824,0.2814,0.281,0.2795,0.2789
1979,1,10,1/10/1979,0.2801,1.0,1979-01-10,0.2812,0.2815,0.2804,0.2819,0.2824,0.2814,0.281,0.2781
1979,1,12,1/12/1979,0.2801,1.0,1979-01-12,0.2801,0.2812,0.2815,0.2804,0.2819,0.2824,0.2814,0.2784
1979,1,13,1/13/1979,0.2804,1.0,1979-01-13,0.2801,0.2801,0.2812,0.2815,0.2804,0.2819,0.2824,0.2776
1979,1,14,1/14/1979,0.2795,1.0,1979-01-14,0.2804,0.2801,0.2801,0.2812,0.2815,0.2804,0.2819,0.2774
1979,1,15,1/15/1979,0.2788,1.0,1979-01-15,0.2795,0.2804,0.2801,0.2801,0.2812,0.2815,0.2804,0.2776
1979,1,18,1/18/1979,0.2767,1.0,1979-01-18,0.2788,0.2795,0.2804,0.2801,0.2801,0.2812,0.2815,0.2775
1979,1,19,1/19/1979,0.2765,1.0,1979-01-19,0.2767,0.2788,0.2795,0.2804,0.2801,0.2801,0.2812,0.2769
1979,1,21,1/21/1979,0.2787,1.0,1979-01-21,0.2765,0.2767,0.2788,0.2795,0.2804,0.2801,0.2801,0.2761
1979,1,23,1/23/1979,0.2813,1.0,1979-01-23,0.2787,0.2765,0.2767,0.2788,0.2795,0.2804,0.2801,0.272
1979,1,24,1/24/1979,0.2823,1.0,1979-01-24,0.2813,0.2787,0.2765,0.2767,0.2788,0.2795,0.2804,0.2742
1979,1,25,1/25/1979,0.2825,1.0,1979-01-25,0.2823,0.2813,0.2787,0.2765,0.2767,0.2788,0.2795,0.2732
1979,1,27,1/27/1979,0.2811,1.0,1979-01-27,0.2825,0.2823,0.2813,0.2787,0.2765,0.2767,0.2788,0.273
1979,1,28,1/28/1979,0.2803,1.0,1979-01-28,0.2811,0.2825,0.2823,0.2813,0.2787,0.2765,0.2767,0.2694
1979,1,29,1/29/1979,0.2797,1.0,1979-01-29,0.2803,0.2811,0.2825,0.2823,0.2813,0.2787,0.2765,0.2709
1979,1,30,1/30/1979,0.2803,1.0,1979-01-30,0.2797,0.2803,0.2811,0.2825,0.2823,0.2813,0.2787,0.2721
1979,1,31,1/31/1979,0.2798,1.0,1979-01-31,0.2803,0.2797,0.2803,0.2811,0.2825,0.2823,0.2813,0.2739
1979,2,02,2/02/1979,0.2815,1.0,1979-02-02,0.2798,0.2803,0.2797,0.2803,0.2811,0.2825,0.2823,0.2749
1979,2,03,2/03/1979,0.2827,1.0,1979-02-03,0.2815,0.2798,0.2803,0.2797,0.2803,0.2811,0.2825,0.2776
1979,2,04,2/04/1979,0.2827,1.0,1979-02-04,0.2827,0.2815,0.2798,0.2803,0.2797,0.2803,0.2811,0.2789
1979,2,05,2/05/1979,0.2833,1.0,1979-02-05,0.2827,0.2827,0.2815,0.2798,0.2803,0.2797,0.2803,0.2795
1979,2,07,2/07/1979,0.2838,1.0,1979-02-07,0.2833,0.2827,0.2827,0.2815,0.2798,0.2803,0.2797,0.281
1979,2,08,2/08/1979,0.2843,1.0,1979-02-08,0.2838,0.2833,0.2827,0.2827,0.2815,0.2798,0.2803,0.2814
1979,2,10,2/10/1979,0.282,1.0,1979-02-10,0.2843,0.2838,0.2833,0.2827,0.2827,0.2815,0.2798,0.2824
1979,2,11,2/11/1979,0.2805,1.0,1979-02-11,0.282,0.2843,0.2838,0.2833,0.2827,0.2827,0.2815,0.2819
1979,2,12,2/12/1979,0.2804,1.0,1979-02-12,0.2805,0.282,0.2843,0.2838,0.2833,0.2827,0.2827,0.2804
1979,2,14,2/14/1979,0.2794,1.0,1979-02-14,0.2804,0.2805,0.282,0.2843,0.2838,0.2833,0.2827,0.2815
1979,2,15,2/15/1979,0.2801,1.0,1979-02-15,0.2794,0.2804,0.2805,0.282,0.2843,0.2838,0.2833,0.2812
1979,2,16,2/16/1979,0.2806,1.0,1979-02-16,0.2801,0.2794,0.2804,0.2805,0.282,0.2843,0.2838,0.2801
1979,2,17,2/17/1979,0.282,1.0,1979-02-17,0.2806,0.2801,0.2794,0.2804,0.2805,0.282,0.2843,0.2801
1979,2,19,2/19/1979,0.2837,1.0,1979-02-19,0.282,0.2806,0.2801,0.2794,0.2804,0.2805,0.282,0.2804
1979,2,20,2/20/1979,0.2833,1.0,1979-02-20,0.2837,0.282,0.2806,0.2801,0.2794,0.2804,0.2805,0.2795
1979,2,22,2/22/1979,0.2808,1.0,1979-02-22,0.2833,0.2837,0.282,0.2806,0.2801,0.2794,0.2804,0.2788
1979,2,23,2/23/1979,0.28,1.0,1979-02-23,0.2808,0.2833,0.2837,0.282,0.2806,0.2801,0.2794,0.2767
1979,2,24,2/24/1979,0.2787,1.0,1979-02-24,0.28,0.2808,0.2833,0.2837,0.282,0.2806,0.2801,0.2765
1979,2,26,2/26/1979,0.2779,1.0,1979-02-26,0.2787,0.28,0.2808,0.2833,0.2837,0.282,0.2806,0.2787
1979,2,27,2/27/1979,0.2789,1.0,1979-02-27,0.2779,0.2787,0.28,0.2808,0.2833,0.2837,0.282,0.2813
1979,2,28,2/28/1979,0.2796,1.0,1979-02-28,0.2789,0.2779,0.2787,0.28,0.2808,0.2833,0.2837,0.2823
1979,3,01,3/01/1979,0.2802,1.0,1979-03-01,0.2796,0.2789,0.2779,0.2787,0.28,0.2808,0.2833,0.2825
1979,3,02,3/02/1979,0.2822,1.0,1979-03-02,0.2802,0.2796,0.2789,0.2779,0.2787,0.28,0.2808,0.2811
1979,3,03,3/03/1979,0.2828,1.0,1979-03-03,0.2822,0.2802,0.2796,0.2789,0.2779,0.2787,0.28,0.2803
1979,3,04,3/04/1979,0.2831,1.0,1979-03-04,0.2828,0.2822,0.2802,0.2796,0.2789,0.2779,0.2787,0.2797
1979,3,06,3/06/1979,0.2827,1.0,1979-03-06,0.2831,0.2828,0.2822,0.2802,0.2796,0.2789,0.2779,0.2803
1979,3,07,3/07/1979,0.2823,1.0,1979-03-07,0.2827,0.2831,0.2828,0.2822,0.2802,0.2796,0.2789,0.2798
1979,3,08,3/08/1979,0.2815,1.0,1979-03-08,0.2823,0.2827,0.2831,0.2828,0.2822,0.2802,0.2796,0.2815
1979,3,10,3/10/1979,0.2803,1.0,1979-03-10,0.2815,0.2823,0.2827,0.2831,0.2828,0.2822,0.2802,0.2827
1979,3,12,3/12/1979,0.2816,1.0,1979-03-12,0.2803,0.2815,0.2823,0.2827,0.2831,0.2828,0.2822,0.2827
1979,3,13,3/13/1979,0.2817,1.0,1979-03-13,0.2816,0.2803,0.2815,0.2823,0.2827,0.2831,0.2828,0.2833
1979,3,14,3/14/1979,0.2821,1.0,1979-03-14,0.2817,0.2816,0.2803,0.2815,0.2823,0.2827,0.2831,0.2838
1979,3,15,3/15/1979,0.2826,1.0,1979-03-15,0.2821,0.2817,0.2816,0.2803,0.2815,0.2823,0.2827,0.2843
1979,3,18,3/18/1979,0.2834,1.0,1979-03-18,0.2826,0.2821,0.2817,0.2816,0.2803,0.2815,0.2823,0.282
1979,3,19,3/19/1979,0.2828,1.0,1979-03-19,0.2834,0.2826,0.2821,0.2817,0.2816,0.2803,0.2815,0.2805
1979,3,20,3/20/1979,0.2816,1.0,1979-03-20,0.2828,0.2834,0.2826,0.2821,0.2817,0.2816,0.2803,0.2804
1979,3,22,3/22/1979,0.2804,1.0,1979-03-22,0.2816,0.2828,0.2834,0.2826,0.2821,0.2817,0.2816,0.2794
1979,3,24,3/24/1979,0.2803,1.0,1979-03-24,0.2804,0.2816,0.2828,0.2834,0.2826,0.2821,0.2817,0.2801
1979,3,25,3/25/1979,0.2801,1.0,1979-03-25,0.2803,0.2804,0.2816,0.2828,0.2834,0.2826,0.2821,0.2806
1979,3,26,3/26/1979,0.2803,1.0,1979-03-26,0.2801,0.2803,0.2804,0.2816,0.2828,0.2834,0.2826,0.282
1979,3,27,3/27/1979,0.281,1.0,1979-03-27,0.2803,0.2801,0.2803,0.2804,0.2816,0.2828,0.2834,0.2837
1979,3,28,3/28/1979,0.2812,1.0,1979-03-28,0.281,0.2803,0.2801,0.2803,0.2804,0.2816,0.2828,0.2833
1979,3,29,3/29/1979,0.2827,1.0,1979-03-29,0.2812,0.281,0.2803,0.2801,0.2803,0.2804,0.2816,0.2808
1979,3,30,3/30/1979,0.2835,1.0,1979-03-30,0.2827,0.2812,0.281,0.2803,0.2801,0.2803,0.2804,0.28
1979,3,31,3/31/1979,0.2849,1.0,1979-03-31,0.2835,0.2827,0.2812,0.281,0.2803,0.2801,0.2803,0.2787
1979,4,01,4/01/1979,0.285,1.0,1979-04-01,0.2849,0.2835,0.2827,0.2812,0.281,0.2803,0.2801,0.2779
1979,4,02,4/02/1979,0.2846,1.0,1979-04-02,0.285,0.2849,0.2835,0.2827,0.2812,0.281,0.2803,0.2789
1979,4,03,4/03/1979,0.2839,1.0,1979-04-03,0.2846,0.285,0.2849,0.2835,0.2827,0.2812,0.281,0.2796
1979,4,04,4/04/1979,0.2815,1.0,1979-04-04,0.2839,0.2846,0.285,0.2849,0.2835,0.2827,0.2812,0.2802
1979,4,06,4/06/1979,0.2778,1.0,1979-04-06,0.2815,0.2839,0.2846,0.285,0.2849,0.2835,0.2827,0.2822
1979,4,07,4/07/1979,0.2773,1.0,1979-04-07,0.2778,0.2815,0.2839,0.2846,0.285,0.2849,0.2835,0.2828
1979,4,08,4/08/1979,0.2769,1.0,1979-04-08,0.2773,0.2778,0.2815,0.2839,0.2846,0.285,0.2849,0.2831
1979,4,09,4/09/1979,0.2764,1.0,1979-04-09,0.2769,0.2773,0.2778,0.2815,0.2839,0.2846,0.285,0.2827
1979,4,10,4/10/1979,0.277,1.0,1979-04-10,0.2764,0.2769,0.2773,0.2778,0.2815,0.2839,0.2846,0.2823
1979,4,11,4/11/1979,0.2776,1.0,1979-04-11,0.277,0.2764,0.2769,0.2773,0.2778,0.2815,0.2839,0.2815
1979,4,13,4/13/1979,0.2811,1.0,1979-04-13,0.2776,0.277,0.2764,0.2769,0.2773,0.2778,0.2815,0.2803
1979,4,16,4/16/1979,0.2808,1.0,1979-04-16,0.2811,0.2776,0.277,0.2764,0.2769,0.2773,0.2778,0.2816
1979,4,17,4/17/1979,0.2799,1.0,1979-04-17,0.2808,0.2811,0.2776,0.277,0.2764,0.2769,0.2773,0.2817
1979,4,18,4/18/1979,0.2784,1.0,1979-04-18,0.2799,0.2808,0.2811,0.2776,0.277,0.2764,0.2769,0.2821
1979,4,19,4/19/1979,0.2772,1.0,1979-04-19,0.2784,0.2799,0.2808,0.2811,0.2776,0.277,0.2764,0.2826
1979,4,20,4/20/1979,0.2754,1.0,1979-04-20,0.2772,0.2784,0.2799,0.2808,0.2811,0.2776,0.277,0.2834
1979,4,21,4/21/1979,0.2749,1.0,1979-04-21,0.2754,0.2772,0.2784,0.2799,0.2808,0.2811,0.2776,0.2828
1979,4,23,4/23/1979,0.2746,1.0,1979-04-23,0.2749,0.2754,0.2772,0.2784,0.2799,0.2808,0.2811,0.2816
1979,4,27,4/27/1979,0.2812,1.0,1979-04-27,0.2746,0.2749,0.2754,0.2772,0.2784,0.2799,0.2808,0.2804
1979,4,28,4/28/1979,0.282,1.0,1979-04-28,0.2812,0.2746,0.2749,0.2754,0.2772,0.2784,0.2799,0.2803
1979,4,29,4/29/1979,0.2815,1.0,1979-04-29,0.282,0.2812,0.2746,0.2749,0.2754,0.2772,0.2784,0.2801
1979,5,01,5/01/1979,0.2809,1.0,1979-05-01,0.2815,0.282,0.2812,0.2746,0.2749,0.2754,0.2772,0.2803
1979,5,02,5/02/1979,0.2798,1.0,1979-05-02,0.2809,0.2815,0.282,0.2812,0.2746,0.2749,0.2754,0.281
1979,5,03,5/03/1979,0.2781,1.0,1979-05-03,0.2798,0.2809,0.2815,0.282,0.2812,0.2746,0.2749,0.2812
1979,5,06,5/06/1979,0.2769,1.0,1979-05-06,0.2781,0.2798,0.2809,0.2815,0.282,0.2812,0.2746,0.2827
1979,5,07,5/07/1979,0.2772,1.0,1979-05-07,0.2769,0.2781,0.2798,0.2809,0.2815,0.282,0.2812,0.2835
1979,5,09,5/09/1979,0.2796,1.0,1979-05-09,0.2772,0.2769,0.2781,0.2798,0.2809,0.2815,0.282,0.2849
1979,5,10,5/10/1979,0.2813,1.0,1979-05-10,0.2796,0.2772,0.2769,0.2781,0.2798,0.2809,0.2815,0.285
1979,5,11,5/11/1979,0.2816,1.0,1979-05-11,0.2813,0.2796,0.2772,0.2769,0.2781,0.2798,0.2809,0.2846
1979,5,13,5/13/1979,0.2826,1.0,1979-05-13,0.2816,0.2813,0.2796,0.2772,0.2769,0.2781,0.2798,0.2839
1979,5,14,5/14/1979,0.2823,1.0,1979-05-14,0.2826,0.2816,0.2813,0.2796,0.2772,0.2769,0.2781,0.2815
1979,5,15,5/15/1979,0.2819,1.0,1979-05-15,0.2823,0.2826,0.2816,0.2813,0.2796,0.2772,0.2769,0.2778
1979,5,16,5/16/1979,0.2804,1.0,1979-05-16,0.2819,0.2823,0.2826,0.2816,0.2813,0.2796,0.2772,0.2773
1979,5,17,5/17/1979,0.2788,1.0,1979-05-17,0.2804,0.2819,0.2823,0.2826,0.2816,0.2813,0.2796,0.2769
1979,5,18,5/18/1979,0.2773,1.0,1979-05-18,0.2788,0.2804,0.2819,0.2823,0.2826,0.2816,0.2813,0.2764
1979,5,19,5/19/1979,0.2766,1.0,1979-05-19,0.2773,0.2788,0.2804,0.2819,0.2823,0.2826,0.2816,0.277
1979,5,22,5/22/1979,0.2759,1.0,1979-05-22,0.2766,0.2773,0.2788,0.2804,0.2819,0.2823,0.2826,0.2776
1979,5,25,5/25/1979,0.2804,1.0,1979-05-25,0.2759,0.2766,0.2773,0.2788,0.2804,0.2819,0.2823,0.2811
1979,5,26,5/26/1979,0.2802,1.0,1979-05-26,0.2804,0.2759,0.2766,0.2773,0.2788,0.2804,0.2819,0.2808
1979,5,27,5/27/1979,0.2796,1.0,1979-05-27,0.2802,0.2804,0.2759,0.2766,0.2773,0.2788,0.2804,0.2799
1979,5,30,5/30/1979,0.2783,1.0,1979-05-30,0.2796,0.2802,0.2804,0.2759,0.2766,0.2773,0.2788,0.2784
1979,5,31,5/31/1979,0.2776,1.0,1979-05-31,0.2783,0.2796,0.2802,0.2804,0.2759,0.2766,0.2773,0.2772
1979,6,02,6/02/1979,0.2787,1.0,1979-06-02,0.2776,0.2783,0.2796,0.2802,0.2804,0.2759,0.2766,0.2754
1979,6,03,6/03/1979,0.28,1.0,1979-06-03,0.2787,0.2776,0.2783,0.2796,0.2802,0.2804,0.2759,0.2749
1979,6,04,6/04/1979,0.2825,1.0,1979-06-04,0.28,0.2787,0.2776,0.2783,0.2796,0.2802,0.2804,0.2746
1979,6,06,6/06/1979,0.284,1.0,1979-06-06,0.2825,0.28,0.2787,0.2776,0.2783,0.2796,0.2802,0.2812
1979,6,07,6/07/1979,0.2858,1.0,1979-06-07,0.284,0.2825,0.28,0.2787,0.2776,0.2783,0.2796,0.282
1979,6,10,6/10/1979,0.2831,1.0,1979-06-10,0.2858,0.284,0.2825,0.28,0.2787,0.2776,0.2783,0.2815
1979,6,11,6/11/1979,0.2809,1.0,1979-06-11,0.2831,0.2858,0.284,0.2825,0.28,0.2787,0.2776,0.2809
1979,6,12,6/12/1979,0.2797,1.0,1979-06-12,0.2809,0.2831,0.2858,0.284,0.2825,0.28,0.2787,0.2798
1979,6,14,6/14/1979,0.2769,1.0,1979-06-14,0.2797,0.2809,0.2831,0.2858,0.284,0.2825,0.28,0.2781
1979,6,15,6/15/1979,0.276,1.0,1979-06-15,0.2769,0.2797,0.2809,0.2831,0.2858,0.284,0.2825,0.2769
1979,6,16,6/16/1979,0.276,1.0,1979-06-16,0.276,0.2769,0.2797,0.2809,0.2831,0.2858,0.284,0.2772
1979,6,18,6/18/1979,0.2761,1.0,1979-06-18,0.276,0.276,0.2769,0.2797,0.2809,0.2831,0.2858,0.2796
1979,6,19,6/19/1979,0.2756,1.0,1979-06-19,0.2761,0.276,0.276,0.2769,0.2797,0.2809,0.2831,0.2813
1979,6,22,6/22/1979,0.2775,1.0,1979-06-22,0.2756,0.2761,0.276,0.276,0.2769,0.2797,0.2809,0.2816
1979,6,23,6/23/1979,0.2769,1.0,1979-06-23,0.2775,0.2756,0.2761,0.276,0.276,0.2769,0.2797,0.2826
1979,6,26,6/26/1979,0.2774,1.0,1979-06-26,0.2769,0.2775,0.2756,0.2761,0.276,0.276,0.2769,0.2823
1979,6,27,6/27/1979,0.2781,1.0,1979-06-27,0.2774,0.2769,0.2775,0.2756,0.2761,0.276,0.276,0.2819
1979,7,01,7/01/1979,0.2801,1.0,1979-07-01,0.2781,0.2774,0.2769,0.2775,0.2756,0.2761,0.276,0.2804
1979,7,02,7/02/1979,0.2826,1.0,1979-07-02,0.2801,0.2781,0.2774,0.2769,0.2775,0.2756,0.2761,0.2788
1979,7,04,7/04/1979,0.2851,1.0,1979-07-04,0.2826,0.2801,0.2781,0.2774,0.2769,0.2775,0.2756,0.2773
1979,7,05,7/05/1979,0.2857,1.0,1979-07-05,0.2851,0.2826,0.2801,0.2781,0.2774,0.2769,0.2775,0.2766
1979,7,08,7/08/1979,0.2836,1.0,1979-07-08,0.2857,0.2851,0.2826,0.2801,0.2781,0.2774,0.2769,0.2759
1979,7,09,7/09/1979,0.2821,1.0,1979-07-09,0.2836,0.2857,0.2851,0.2826,0.2801,0.2781,0.2774,0.2804
1979,7,10,7/10/1979,0.2797,1.0,1979-07-10,0.2821,0.2836,0.2857,0.2851,0.2826,0.2801,0.2781,0.2802
1979,7,12,7/12/1979,0.2772,1.0,1979-07-12,0.2797,0.2821,0.2836,0.2857,0.2851,0.2826,0.2801,0.2796
1979,7,13,7/13/1979,0.276,1.0,1979-07-13,0.2772,0.2797,0.2821,0.2836,0.2857,0.2851,0.2826,0.2783
1979,7,14,7/14/1979,0.2745,1.0,1979-07-14,0.276,0.2772,0.2797,0.2821,0.2836,0.2857,0.2851,0.2776
1979,7,16,7/16/1979,0.2743,1.0,1979-07-16,0.2745,0.276,0.2772,0.2797,0.2821,0.2836,0.2857,0.2787
1979,7,17,7/17/1979,0.2748,1.0,1979-07-17,0.2743,0.2745,0.276,0.2772,0.2797,0.2821,0.2836,0.28
1979,7,20,7/20/1979,0.2762,1.0,1979-07-20,0.2748,0.2743,0.2745,0.276,0.2772,0.2797,0.2821,0.2825
1979,7,21,7/21/1979,0.2767,1.0,1979-07-21,0.2762,0.2748,0.2743,0.2745,0.276,0.2772,0.2797,0.284
1979,7,22,7/22/1979,0.276,1.0,1979-07-22,0.2767,0.2762,0.2748,0.2743,0.2745,0.276,0.2772,0.2858
1979,7,25,7/25/1979,0.2762,1.0,1979-07-25,0.276,0.2767,0.2762,0.2748,0.2743,0.2745,0.276,0.2831
1979,7,26,7/26/1979,0.2778,1.0,1979-07-26,0.2762,0.276,0.2767,0.2762,0.2748,0.2743,0.2745,0.2809
1979,7,28,7/28/1979,0.2791,1.0,1979-07-28,0.2778,0.2762,0.276,0.2767,0.2762,0.2748,0.2743,0.2797
1979,7,29,7/29/1979,0.2784,1.0,1979-07-29,0.2791,0.2778,0.2762,0.276,0.2767,0.2762,0.2748,0.2769
1979,7,30,7/30/1979,0.2794,1.0,1979-07-30,0.2784,0.2791,0.2778,0.2762,0.276,0.2767,0.2762,0.276
1979,8,01,8/01/1979,0.2791,1.0,1979-08-01,0.2794,0.2784,0.2791,0.2778,0.2762,0.276,0.2767,0.276
1979,8,02,8/02/1979,0.278,1.0,1979-08-02,0.2791,0.2794,0.2784,0.2791,0.2778,0.2762,0.276,0.2761
1979,8,03,8/03/1979,0.2783,1.0,1979-08-03,0.278,0.2791,0.2794,0.2784,0.2791,0.2778,0.2762,0.2756
1979,8,05,8/05/1979,0.2763,1.0,1979-08-05,0.2783,0.278,0.2791,0.2794,0.2784,0.2791,0.2778,0.2775
1979,8,06,8/06/1979,0.2764,1.0,1979-08-06,0.2763,0.2783,0.278,0.2791,0.2794,0.2784,0.2791,0.2769
1979,8,09,8/09/1979,0.2765,1.0,1979-08-09,0.2764,0.2763,0.2783,0.278,0.2791,0.2794,0.2784,0.2774
1979,8,10,8/10/1979,0.2768,1.0,1979-08-10,0.2765,0.2764,0.2763,0.2783,0.278,0.2791,0.2794,0.2781
1979,8,11,8/11/1979,0.2769,1.0,1979-08-11,0.2768,0.2765,0.2764,0.2763,0.2783,0.278,0.2791,0.2801
1979,8,13,8/13/1979,0.2771,1.0,1979-08-13,0.2769,0.2768,0.2765,0.2764,0.2763,0.2783,0.278,0.2826
1979,8,14,8/14/1979,0.2773,1.0,1979-08-14,0.2771,0.2769,0.2768,0.2765,0.2764,0.2763,0.2783,0.2851
1979,8,15,8/15/1979,0.2778,1.0,1979-08-15,0.2773,0.2771,0.2769,0.2768,0.2765,0.2764,0.2763,0.2857
1979,8,17,8/17/1979,0.2775,1.0,1979-08-17,0.2778,0.2773,0.2771,0.2769,0.2768,0.2765,0.2764,0.2836
1979,8,18,8/18/1979,0.278,1.0,1979-08-18,0.2775,0.2778,0.2773,0.2771,0.2769,0.2768,0.2765,0.2821
1979,8,19,8/19/1979,0.2787,1.0,1979-08-19,0.278,0.2775,0.2778,0.2773,0.2771,0.2769,0.2768,0.2797
1979,8,22,8/22/1979,0.2814,1.0,1979-08-22,0.2787,0.278,0.2775,0.2778,0.2773,0.2771,0.2769,0.2772
1979,8,23,8/23/1979,0.2821,1.0,1979-08-23,0.2814,0.2787,0.278,0.2775,0.2778,0.2773,0.2771,0.276
1979,8,25,8/25/1979,0.2825,1.0,1979-08-25,0.2821,0.2814,0.2787,0.278,0.2775,0.2778,0.2773,0.2745
1979,8,26,8/26/1979,0.2826,1.0,1979-08-26,0.2825,0.2821,0.2814,0.2787,0.278,0.2775,0.2778,0.2743
1979,8,27,8/27/1979,0.2822,1.0,1979-08-27,0.2826,0.2825,0.2821,0.2814,0.2787,0.278,0.2775,0.2748
1979,8,29,8/29/1979,0.2815,1.0,1979-08-29,0.2822,0.2826,0.2825,0.2821,0.2814,0.2787,0.278,0.2762
1979,8,30,8/30/1979,0.2808,1.0,1979-08-30,0.2815,0.2822,0.2826,0.2825,0.2821,0.2814,0.2787,0.2767
1979,8,31,8/31/1979,0.2799,1.0,1979-08-31,0.2808,0.2815,0.2822,0.2826,0.2825,0.2821,0.2814,0.276
1979,9,02,9/02/1979,0.2782,1.0,1979-09-02,0.2799,0.2808,0.2815,0.2822,0.2826,0.2825,0.2821,0.2762
1979,9,03,9/03/1979,0.2778,1.0,1979-09-03,0.2782,0.2799,0.2808,0.2815,0.2822,0.2826,0.2825,0.2778
1979,9,07,9/07/1979,0.2793,1.0,1979-09-07,0.2778,0.2782,0.2799,0.2808,0.2815,0.2822,0.2826,0.2791
1979,9,08,9/08/1979,0.2791,1.0,1979-09-08,0.2793,0.2778,0.2782,0.2799,0.2808,0.2815,0.2822,0.2784
1979,9,12,9/12/1979,0.2794,1.0,1979-09-12,0.2791,0.2793,0.2778,0.2782,0.2799,0.2808,0.2815,0.2794
1979,9,15,9/15/1979,0.2801,1.0,1979-09-15,0.2794,0.2791,0.2793,0.2778,0.2782,0.2799,0.2808,0.2791
1979,9,16,9/16/1979,0.2801,1.0,1979-09-16,0.2801,0.2794,0.2791,0.2793,0.2778,0.2782,0.2799,0.278
1979,9,18,9/18/1979,0.2812,1.0,1979-09-18,0.2801,0.2801,0.2794,0.2791,0.2793,0.2778,0.2782,0.2783
1979,9,19,9/19/1979,0.2829,1.0,1979-09-19,0.2812,0.2801,0.2801,0.2794,0.2791,0.2793,0.2778,0.2763
1979,9,20,9/20/1979,0.2828,1.0,1979-09-20,0.2829,0.2812,0.2801,0.2801,0.2794,0.2791,0.2793,0.2764
1979,9,22,9/22/1979,0.2841,1.0,1979-09-22,0.2828,0.2829,0.2812,0.2801,0.2801,0.2794,0.2791,0.2765
1979,9,23,9/23/1979,0.2848,1.0,1979-09-23,0.2841,0.2828,0.2829,0.2812,0.2801,0.2801,0.2794,0.2768
1979,9,24,9/24/1979,0.2852,1.0,1979-09-24,0.2848,0.2841,0.2828,0.2829,0.2812,0.2801,0.2801,0.2769
1979,9,26,9/26/1979,0.285,1.0,1979-09-26,0.2852,0.2848,0.2841,0.2828,0.2829,0.2812,0.2801,0.2771
1979,9,27,9/27/1979,0.2834,1.0,1979-09-27,0.285,0.2852,0.2848,0.2841,0.2828,0.2829,0.2812,0.2773
1979,9,28,9/28/1979,0.2813,1.0,1979-09-28,0.2834,0.285,0.2852,0.2848,0.2841,0.2828,0.2829,0.2778
1979,9,30,9/30/1979,0.2793,1.0,1979-09-30,0.2813,0.2834,0.285,0.2852,0.2848,0.2841,0.2828,0.2775
1979,10,01,10/01/1979,0.2789,1.0,1979-10-01,0.2793,0.2813,0.2834,0.285,0.2852,0.2848,0.2841,0.278
1979,10,04,10/04/1979,0.2786,1.0,1979-10-04,0.2789,0.2793,0.2813,0.2834,0.285,0.2852,0.2848,0.2787
1979,10,05,10/05/1979,0.2791,1.0,1979-10-05,0.2786,0.2789,0.2793,0.2813,0.2834,0.285,0.2852,0.2814
1979,10,06,10/06/1979,0.2797,1.0,1979-10-06,0.2791,0.2786,0.2789,0.2793,0.2813,0.2834,0.285,0.2821
1979,10,08,10/08/1979,0.2799,1.0,1979-10-08,0.2797,0.2791,0.2786,0.2789,0.2793,0.2813,0.2834,0.2825
1979,10,10,10/10/1979,0.2811,1.0,1979-10-10,0.2799,0.2797,0.2791,0.2786,0.2789,0.2793,0.2813,0.2826
1979,10,12,10/12/1979,0.281,1.0,1979-10-12,0.2811,0.2799,0.2797,0.2791,0.2786,0.2789,0.2793,0.2822
1979,10,13,10/13/1979,0.2829,1.0,1979-10-13,0.281,0.2811,0.2799,0.2797,0.2791,0.2786,0.2789,0.2815
1979,10,14,10/14/1979,0.2832,1.0,1979-10-14,0.2829,0.281,0.2811,0.2799,0.2797,0.2791,0.2786,0.2808
1979,10,16,10/16/1979,0.2854,1.0,1979-10-16,0.2832,0.2829,0.281,0.2811,0.2799,0.2797,0.2791,0.2799
1979,10,17,10/17/1979,0.2861,1.0,1979-10-17,0.2854,0.2832,0.2829,0.281,0.2811,0.2799,0.2797,0.2782
1979,10,18,10/18/1979,0.2867,1.0,1979-10-18,0.2861,0.2854,0.2832,0.2829,0.281,0.2811,0.2799,0.2778
1979,10,22,10/22/1979,0.2859,1.0,1979-10-22,0.2867,0.2861,0.2854,0.2832,0.2829,0.281,0.2811,0.2793
1979,10,24,10/24/1979,0.2832,1.0,1979-10-24,0.2859,0.2867,0.2861,0.2854,0.2832,0.2829,0.281,0.2791
1979,10,25,10/25/1979,0.2812,1.0,1979-10-25,0.2832,0.2859,0.2867,0.2861,0.2854,0.2832,0.2829,0.2794
1979,10,26,10/26/1979,0.281,1.0,1979-10-26,0.2812,0.2832,0.2859,0.2867,0.2861,0.2854,0.2832,0.2801
1979,10,28,10/28/1979,0.2801,1.0,1979-10-28,0.281,0.2812,0.2832,0.2859,0.2867,0.2861,0.2854,0.2801
1979,10,29,10/29/1979,0.2805,1.0,1979-10-29,0.2801,0.281,0.2812,0.2832,0.2859,0.2867,0.2861,0.2812
1979,10,30,10/30/1979,0.2813,1.0,1979-10-30,0.2805,0.2801,0.281,0.2812,0.2832,0.2859,0.2867,0.2829
1979,11,01,11/01/1979,0.2828,1.0,1979-11-01,0.2813,0.2805,0.2801,0.281,0.2812,0.2832,0.2859,0.2828
1979,11,02,11/02/1979,0.2831,1.0,1979-11-02,0.2828,0.2813,0.2805,0.2801,0.281,0.2812,0.2832,0.2841
1979,11,05,11/05/1979,0.2835,1.0,1979-11-05,0.2831,0.2828,0.2813,0.2805,0.2801,0.281,0.2812,0.2848
1979,11,06,11/06/1979,0.2854,1.0,1979-11-06,0.2835,0.2831,0.2828,0.2813,0.2805,0.2801,0.281,0.2852
1979,11,09,11/09/1979,0.2876,1.0,1979-11-09,0.2854,0.2835,0.2831,0.2828,0.2813,0.2805,0.2801,0.285
1979,11,11,11/11/1979,0.2902,1.0,1979-11-11,0.2876,0.2854,0.2835,0.2831,0.2828,0.2813,0.2805,0.2834
1979,11,13,11/13/1979,0.2894,1.0,1979-11-13,0.2902,0.2876,0.2854,0.2835,0.2831,0.2828,0.2813,0.2813
1979,11,14,11/14/1979,0.2892,1.0,1979-11-14,0.2894,0.2902,0.2876,0.2854,0.2835,0.2831,0.2828,0.2793
1979,11,17,11/17/1979,0.2866,1.0,1979-11-17,0.2892,0.2894,0.2902,0.2876,0.2854,0.2835,0.2831,0.2789
1979,11,19,11/19/1979,0.2834,1.0,1979-11-19,0.2866,0.2892,0.2894,0.2902,0.2876,0.2854,0.2835,0.2786
1979,11,21,11/21/1979,0.2796,1.0,1979-11-21,0.2834,0.2866,0.2892,0.2894,0.2902,0.2876,0.2854,0.2791
1979,11,22,11/22/1979,0.2786,1.0,1979-11-22,0.2796,0.2834,0.2866,0.2892,0.2894,0.2902,0.2876,0.2797
1979,11,23,11/23/1979,0.278,1.0,1979-11-23,0.2786,0.2796,0.2834,0.2866,0.2892,0.2894,0.2902,0.2799
1979,11,25,11/25/1979,0.2773,1.0,1979-11-25,0.278,0.2786,0.2796,0.2834,0.2866,0.2892,0.2894,0.2811
1979,11,26,11/26/1979,0.2772,1.0,1979-11-26,0.2773,0.278,0.2786,0.2796,0.2834,0.2866,0.2892,0.281
1979,11,27,11/27/1979,0.2775,1.0,1979-11-27,0.2772,0.2773,0.278,0.2786,0.2796,0.2834,0.2866,0.2829
1979,11,29,11/29/1979,0.2763,1.0,1979-11-29,0.2775,0.2772,0.2773,0.278,0.2786,0.2796,0.2834,0.2832
1979,11,30,11/30/1979,0.2766,1.0,1979-11-30,0.2763,0.2775,0.2772,0.2773,0.278,0.2786,0.2796,0.2854
1979,12,01,12/01/1979,0.2771,1.0,1979-12-01,0.2766,0.2763,0.2775,0.2772,0.2773,0.278,0.2786,0.2861
1979,12,04,12/04/1979,0.2812,1.0,1979-12-04,0.2771,0.2766,0.2763,0.2775,0.2772,0.2773,0.278,0.2867
1979,12,05,12/05/1979,0.2834,1.0,1979-12-05,0.2812,0.2771,0.2766,0.2763,0.2775,0.2772,0.2773,0.2859
1979,12,06,12/06/1979,0.2837,1.0,1979-12-06,0.2834,0.2812,0.2771,0.2766,0.2763,0.2775,0.2772,0.2832
1979,12,08,12/08/1979,0.2875,1.0,1979-12-08,0.2837,0.2834,0.2812,0.2771,0.2766,0.2763,0.2775,0.2812
1979,12,09,12/09/1979,0.289,1.0,1979-12-09,0.2875,0.2837,0.2834,0.2812,0.2771,0.2766,0.2763,0.281
1979,12,11,12/11/1979,0.2899,1.0,1979-12-11,0.289,0.2875,0.2837,0.2834,0.2812,0.2771,0.2766,0.2801
1979,12,12,12/12/1979,0.291,1.0,1979-12-12,0.2899,0.289,0.2875,0.2837,0.2834,0.2812,0.2771,0.2805
1979,12,13,12/13/1979,0.2904,1.0,1979-12-13,0.291,0.2899,0.289,0.2875,0.2837,0.2834,0.2812,0.2813
1979,12,15,12/15/1979,0.2864,1.0,1979-12-15,0.2904,0.291,0.2899,0.289,0.2875,0.2837,0.2834,0.2828
1979,12,16,12/16/1979,0.2847,1.0,1979-12-16,0.2864,0.2904,0.291,0.2899,0.289,0.2875,0.2837,0.2831
1979,12,17,12/17/1979,0.2823,1.0,1979-12-17,0.2847,0.2864,0.2904,0.291,0.2899,0.289,0.2875,0.2835
1979,12,19,12/19/1979,0.2777,1.0,1979-12-19,0.2823,0.2847,0.2864,0.2904,0.291,0.2899,0.289,0.2854
1979,12,21,12/21/1979,0.2757,1.0,1979-12-21,0.2777,0.2823,0.2847,0.2864,0.2904,0.291,0.2899,0.2876
1979,12,23,12/23/1979,0.2746,1.0,1979-12-23,0.2757,0.2777,0.2823,0.2847,0.2864,0.2904,0.291,0.2902
1979,12,24,12/24/1979,0.2749,1.0,1979-12-24,0.2746,0.2757,0.2777,0.2823,0.2847,0.2864,0.2904,0.2894
1979,12,25,12/25/1979,0.2751,1.0,1979-12-25,0.2749,0.2746,0.2757,0.2777,0.2823,0.2847,0.2864,0.2892
1979,12,28,12/28/1979,0.2754,1.0,1979-12-28,0.2751,0.2749,0.2746,0.2757,0.2777,0.2823,0.2847,0.2866
1979,12,29,12/29/1979,0.2774,1.0,1979-12-29,0.2754,0.2751,0.2749,0.2746,0.2757,0.2777,0.2823,0.2834
1979,12,31,12/31/1979,0.2804,1.0,1979-12-31,0.2774,0.2754,0.2751,0.2749,0.2746,0.2757,0.2777,0.2796
1980,1,01,1/01/1980,0.2813,1.0,1980-01-01,0.2804,0.2774,0.2754,0.2751,0.2749,0.2746,0.2757,0.2786
1980,1,04,1/04/1980,0.2854,1.0,1980-01-04,0.2813,0.2804,0.2774,0.2754,0.2751,0.2749,0.2746,0.278
1980,1,06,1/06/1980,0.2881,1.0,1980-01-06,0.2854,0.2813,0.2804,0.2774,0.2754,0.2751,0.2749,0.2773
1980,1,09,1/09/1980,0.2872,1.0,1980-01-09,0.2881,0.2854,0.2813,0.2804,0.2774,0.2754,0.2751,0.2772
1980,1,10,1/10/1980,0.287,1.0,1980-01-10,0.2872,0.2881,0.2854,0.2813,0.2804,0.2774,0.2754,0.2775
1980,1,12,1/12/1980,0.2868,1.0,1980-01-12,0.287,0.2872,0.2881,0.2854,0.2813,0.2804,0.2774,0.2763
1980,1,13,1/13/1980,0.2851,1.0,1980-01-13,0.2868,0.287,0.2872,0.2881,0.2854,0.2813,0.2804,0.2766
1980,1,16,1/16/1980,0.2801,1.0,1980-01-16,0.2851,0.2868,0.287,0.2872,0.2881,0.2854,0.2813,0.2771
1980,1,17,1/17/1980,0.2797,1.0,1980-01-17,0.2801,0.2851,0.2868,0.287,0.2872,0.2881,0.2854,0.2812
1980,1,18,1/18/1980,0.2792,1.0,1980-01-18,0.2797,0.2801,0.2851,0.2868,0.287,0.2872,0.2881,0.2834
1980,1,20,1/20/1980,0.2764,1.0,1980-01-20,0.2792,0.2797,0.2801,0.2851,0.2868,0.287,0.2872,0.2837
1980,1,21,1/21/1980,0.2753,1.0,1980-01-21,0.2764,0.2792,0.2797,0.2801,0.2851,0.2868,0.287,0.2875
1980,1,22,1/22/1980,0.2761,1.0,1980-01-22,0.2753,0.2764,0.2792,0.2797,0.2801,0.2851,0.2868,0.289
1980,1,24,1/24/1980,0.2762,1.0,1980-01-24,0.2761,0.2753,0.2764,0.2792,0.2797,0.2801,0.2851,0.2899
1980,1,25,1/25/1980,0.2757,1.0,1980-01-25,0.2762,0.2761,0.2753,0.2764,0.2792,0.2797,0.2801,0.291
1980,1,26,1/26/1980,0.2757,1.0,1980-01-26,0.2757,0.2762,0.2761,0.2753,0.2764,0.2792,0.2797,0.2904
1980,1,28,1/28/1980,0.2774,1.0,1980-01-28,0.2757,0.2757,0.2762,0.2761,0.2753,0.2764,0.2792,0.2864
1980,1,29,1/29/1980,0.2801,1.0,1980-01-29,0.2774,0.2757,0.2757,0.2762,0.2761,0.2753,0.2764,0.2847
1980,1,30,1/30/1980,0.2806,1.0,1980-01-30,0.2801,0.2774,0.2757,0.2757,0.2762,0.2761,0.2753,0.2823
1980,2,01,2/01/1980,0.2844,1.0,1980-02-01,0.2806,0.2801,0.2774,0.2757,0.2757,0.2762,0.2761,0.2777
1980,2,02,2/02/1980,0.2846,1.0,1980-02-02,0.2844,0.2806,0.2801,0.2774,0.2757,0.2757,0.2762,0.2757
1980,2,03,2/03/1980,0.2854,1.0,1980-02-03,0.2846,0.2844,0.2806,0.2801,0.2774,0.2757,0.2757,0.2746
1980,2,05,2/05/1980,0.285,1.0,1980-02-05,0.2854,0.2846,0.2844,0.2806,0.2801,0.2774,0.2757,0.2749
1980,2,06,2/06/1980,0.2838,1.0,1980-02-06,0.285,0.2854,0.2846,0.2844,0.2806,0.2801,0.2774,0.2751
1980,2,07,2/07/1980,0.2837,1.0,1980-02-07,0.2838,0.285,0.2854,0.2846,0.2844,0.2806,0.2801,0.2754
1980,2,09,2/09/1980,0.2806,1.0,1980-02-09,0.2837,0.2838,0.285,0.2854,0.2846,0.2844,0.2806,0.2774
1980,2,10,2/10/1980,0.2794,1.0,1980-02-10,0.2806,0.2837,0.2838,0.285,0.2854,0.2846,0.2844,0.2804
1980,2,11,2/11/1980,0.2791,1.0,1980-02-11,0.2794,0.2806,0.2837,0.2838,0.285,0.2854,0.2846,0.2813
1980,2,13,2/13/1980,0.2804,1.0,1980-02-13,0.2791,0.2794,0.2806,0.2837,0.2838,0.285,0.2854,0.2854
1980,2,14,2/14/1980,0.2803,1.0,1980-02-14,0.2804,0.2791,0.2794,0.2806,0.2837,0.2838,0.285,0.2881
1980,2,15,2/15/1980,0.2807,1.0,1980-02-15,0.2803,0.2804,0.2791,0.2794,0.2806,0.2837,0.2838,0.2872
1980,2,17,2/17/1980,0.2809,1.0,1980-02-17,0.2807,0.2803,0.2804,0.2791,0.2794,0.2806,0.2837,0.287
1980,2,18,2/18/1980,0.2803,1.0,1980-02-18,0.2809,0.2807,0.2803,0.2804,0.2791,0.2794,0.2806,0.2868
1980,2,19,2/19/1980,0.2793,1.0,1980-02-19,0.2803,0.2809,0.2807,0.2803,0.2804,0.2791,0.2794,0.2851
1980,2,21,2/21/1980,0.2778,1.0,1980-02-21,0.2793,0.2803,0.2809,0.2807,0.2803,0.2804,0.2791,0.2801
1980,2,22,2/22/1980,0.2761,1.0,1980-02-22,0.2778,0.2793,0.2803,0.2809,0.2807,0.2803,0.2804,0.2797
1980,2,26,2/26/1980,0.2766,1.0,1980-02-26,0.2761,0.2778,0.2793,0.2803,0.2809,0.2807,0.2803,0.2792
1980,2,27,2/27/1980,0.279,1.0,1980-02-27,0.2766,0.2761,0.2778,0.2793,0.2803,0.2809,0.2807,0.2764
1980,2,29,2/29/1980,0.2826,1.0,1980-02-29,0.279,0.2766,0.2761,0.2778,0.2793,0.2803,0.2809,0.2753
1980,3,01,3/01/1980,0.2824,1.0,1980-03-01,0.2826,0.279,0.2766,0.2761,0.2778,0.2793,0.2803,0.2761
1980,3,02,3/02/1980,0.2825,1.0,1980-03-02,0.2824,0.2826,0.279,0.2766,0.2761,0.2778,0.2793,0.2762
1980,3,04,3/04/1980,0.2816,1.0,1980-03-04,0.2825,0.2824,0.2826,0.279,0.2766,0.2761,0.2778,0.2757
1980,3,05,3/05/1980,0.281,1.0,1980-03-05,0.2816,0.2825,0.2824,0.2826,0.279,0.2766,0.2761,0.2757
1980,3,06,3/06/1980,0.28,1.0,1980-03-06,0.281,0.2816,0.2825,0.2824,0.2826,0.279,0.2766,0.2774
1980,3,08,3/08/1980,0.2774,1.0,1980-03-08,0.28,0.281,0.2816,0.2825,0.2824,0.2826,0.279,0.2801
1980,3,09,3/09/1980,0.2768,1.0,1980-03-09,0.2774,0.28,0.281,0.2816,0.2825,0.2824,0.2826,0.2806
1980,3,10,3/10/1980,0.2768,1.0,1980-03-10,0.2768,0.2774,0.28,0.281,0.2816,0.2825,0.2824,0.2844
1980,3,12,3/12/1980,0.2773,1.0,1980-03-12,0.2768,0.2768,0.2774,0.28,0.281,0.2816,0.2825,0.2846
1980,3,14,3/14/1980,0.2774,1.0,1980-03-14,0.2773,0.2768,0.2768,0.2774,0.28,0.281,0.2816,0.2854
1980,3,16,3/16/1980,0.2763,1.0,1980-03-16,0.2774,0.2773,0.2768,0.2768,0.2774,0.28,0.281,0.285
1980,3,17,3/17/1980,0.277,1.0,1980-03-17,0.2763,0.2774,0.2773,0.2768,0.2768,0.2774,0.28,0.2838
1980,3,18,3/18/1980,0.2765,1.0,1980-03-18,0.277,0.2763,0.2774,0.2773,0.2768,0.2768,0.2774,0.2837
1980,3,20,3/20/1980,0.2776,1.0,1980-03-20,0.2765,0.277,0.2763,0.2774,0.2773,0.2768,0.2768,0.2806
1980,3,21,3/21/1980,0.2771,1.0,1980-03-21,0.2776,0.2765,0.277,0.2763,0.2774,0.2773,0.2768,0.2794
1980,3,22,3/22/1980,0.2778,1.0,1980-03-22,0.2771,0.2776,0.2765,0.277,0.2763,0.2774,0.2773,0.2791
1980,3,24,3/24/1980,0.2789,1.0,1980-03-24,0.2778,0.2771,0.2776,0.2765,0.277,0.2763,0.2774,0.2804
1980,3,25,3/25/1980,0.2806,1.0,1980-03-25,0.2789,0.2778,0.2771,0.2776,0.2765,0.277,0.2763,0.2803
1980,3,26,3/26/1980,0.2824,1.0,1980-03-26,0.2806,0.2789,0.2778,0.2771,0.2776,0.2765,0.277,0.2807
1980,3,28,3/28/1980,0.2845,1.0,1980-03-28,0.2824,0.2806,0.2789,0.2778,0.2771,0.2776,0.2765,0.2809
1980,3,29,3/29/1980,0.2842,1.0,1980-03-29,0.2845,0.2824,0.2806,0.2789,0.2778,0.2771,0.2776,0.2803
1980,3,30,3/30/1980,0.2841,1.0,1980-03-30,0.2842,0.2845,0.2824,0.2806,0.2789,0.2778,0.2771,0.2793
1980,4,01,4/01/1980,0.2815,1.0,1980-04-01,0.2841,0.2842,0.2845,0.2824,0.2806,0.2789,0.2778,0.2778
1980,4,02,4/02/1980,0.2797,1.0,1980-04-02,0.2815,0.2841,0.2842,0.2845,0.2824,0.2806,0.2789,0.2761
1980,4,03,4/03/1980,0.2776,1.0,1980-04-03,0.2797,0.2815,0.2841,0.2842,0.2845,0.2824,0.2806,0.2766
1980,4,04,4/04/1980,0.277,1.0,1980-04-04,0.2776,0.2797,0.2815,0.2841,0.2842,0.2845,0.2824,0.279
1980,4,05,4/05/1980,0.2767,1.0,1980-04-05,0.277,0.2776,0.2797,0.2815,0.2841,0.2842,0.2845,0.2826
1980,4,07,4/07/1980,0.2778,1.0,1980-04-07,0.2767,0.277,0.2776,0.2797,0.2815,0.2841,0.2842,0.2824
1980,4,09,4/09/1980,0.2797,1.0,1980-04-09,0.2778,0.2767,0.277,0.2776,0.2797,0.2815,0.2841,0.2825
1980,4,10,4/10/1980,0.2807,1.0,1980-04-10,0.2797,0.2778,0.2767,0.277,0.2776,0.2797,0.2815,0.2816
1980,4,11,4/11/1980,0.2821,1.0,1980-04-11,0.2807,0.2797,0.2778,0.2767,0.277,0.2776,0.2797,0.281
1980,4,13,4/13/1980,0.2829,1.0,1980-04-13,0.2821,0.2807,0.2797,0.2778,0.2767,0.277,0.2776,0.28
1980,4,14,4/14/1980,0.2826,1.0,1980-04-14,0.2829,0.2821,0.2807,0.2797,0.2778,0.2767,0.277,0.2774
1980,4,15,4/15/1980,0.2818,1.0,1980-04-15,0.2826,0.2829,0.2821,0.2807,0.2797,0.2778,0.2767,0.2768
1980,4,17,4/17/1980,0.2801,1.0,1980-04-17,0.2818,0.2826,0.2829,0.2821,0.2807,0.2797,0.2778,0.2768
1980,4,18,4/18/1980,0.28,1.0,1980-04-18,0.2801,0.2818,0.2826,0.2829,0.2821,0.2807,0.2797,0.2773
1980,4,19,4/19/1980,0.2813,1.0,1980-04-19,0.28,0.2801,0.2818,0.2826,0.2829,0.2821,0.2807,0.2774
1980,4,21,4/21/1980,0.2821,1.0,1980-04-21,0.2813,0.28,0.2801,0.2818,0.2826,0.2829,0.2821,0.2763
1980,4,22,4/22/1980,0.2816,1.0,1980-04-22,0.2821,0.2813,0.28,0.2801,0.2818,0.2826,0.2829,0.277
1980,4,25,4/25/1980,0.282,1.0,1980-04-25,0.2816,0.2821,0.2813,0.28,0.2801,0.2818,0.2826,0.2765
1980,4,26,4/26/1980,0.2824,1.0,1980-04-26,0.282,0.2816,0.2821,0.2813,0.28,0.2801,0.2818,0.2776
1980,4,27,4/27/1980,0.2816,1.0,1980-04-27,0.2824,0.282,0.2816,0.2821,0.2813,0.28,0.2801,0.2771
1980,4,29,4/29/1980,0.2795,1.0,1980-04-29,0.2816,0.2824,0.282,0.2816,0.2821,0.2813,0.28,0.2778
1980,4,30,4/30/1980,0.2781,1.0,1980-04-30,0.2795,0.2816,0.2824,0.282,0.2816,0.2821,0.2813,0.2789
1980,5,01,5/01/1980,0.2793,1.0,1980-05-01,0.2781,0.2795,0.2816,0.2824,0.282,0.2816,0.2821,0.2806
1980,5,03,5/03/1980,0.2794,1.0,1980-05-03,0.2793,0.2781,0.2795,0.2816,0.2824,0.282,0.2816,0.2824
1980,5,04,5/04/1980,0.2807,1.0,1980-05-04,0.2794,0.2793,0.2781,0.2795,0.2816,0.2824,0.282,0.2845
1980,5,05,5/05/1980,0.2816,1.0,1980-05-05,0.2807,0.2794,0.2793,0.2781,0.2795,0.2816,0.2824,0.2842
1980,5,07,5/07/1980,0.2818,1.0,1980-05-07,0.2816,0.2807,0.2794,0.2793,0.2781,0.2795,0.2816,0.2841
1980,5,08,5/08/1980,0.2823,1.0,1980-05-08,0.2818,0.2816,0.2807,0.2794,0.2793,0.2781,0.2795,0.2815
1980,5,09,5/09/1980,0.2834,1.0,1980-05-09,0.2823,0.2818,0.2816,0.2807,0.2794,0.2793,0.2781,0.2797
1980,5,13,5/13/1980,0.2792,1.0,1980-05-13,0.2834,0.2823,0.2818,0.2816,0.2807,0.2794,0.2793,0.2776
1980,5,15,5/15/1980,0.2807,1.0,1980-05-15,0.2792,0.2834,0.2823,0.2818,0.2816,0.2807,0.2794,0.277
1980,5,16,5/16/1980,0.2815,1.0,1980-05-16,0.2807,0.2792,0.2834,0.2823,0.2818,0.2816,0.2807,0.2767
1980,5,19,5/19/1980,0.2827,1.0,1980-05-19,0.2815,0.2807,0.2792,0.2834,0.2823,0.2818,0.2816,0.2778
1980,5,20,5/20/1980,0.2832,1.0,1980-05-20,0.2827,0.2815,0.2807,0.2792,0.2834,0.2823,0.2818,0.2797
1980,5,21,5/21/1980,0.2849,1.0,1980-05-21,0.2832,0.2827,0.2815,0.2807,0.2792,0.2834,0.2823,0.2807
1980,5,22,5/22/1980,0.2873,1.0,1980-05-22,0.2849,0.2832,0.2827,0.2815,0.2807,0.2792,0.2834,0.2821
1980,5,23,5/23/1980,0.2872,1.0,1980-05-23,0.2873,0.2849,0.2832,0.2827,0.2815,0.2807,0.2792,0.2829
1980,5,25,5/25/1980,0.2875,1.0,1980-05-25,0.2872,0.2873,0.2849,0.2832,0.2827,0.2815,0.2807,0.2826
1980,5,27,5/27/1980,0.2861,1.0,1980-05-27,0.2875,0.2872,0.2873,0.2849,0.2832,0.2827,0.2815,0.2818
1980,5,28,5/28/1980,0.2855,1.0,1980-05-28,0.2861,0.2875,0.2872,0.2873,0.2849,0.2832,0.2827,0.2801
1980,5,29,5/29/1980,0.2843,1.0,1980-05-29,0.2855,0.2861,0.2875,0.2872,0.2873,0.2849,0.2832,0.28
1980,5,31,5/31/1980,0.2811,1.0,1980-05-31,0.2843,0.2855,0.2861,0.2875,0.2872,0.2873,0.2849,0.2813
1980,6,01,6/01/1980,0.2792,1.0,1980-06-01,0.2811,0.2843,0.2855,0.2861,0.2875,0.2872,0.2873,0.2821
1980,6,02,6/02/1980,0.2776,1.0,1980-06-02,0.2792,0.2811,0.2843,0.2855,0.2861,0.2875,0.2872,0.2816
1980,6,04,6/04/1980,0.2772,1.0,1980-06-04,0.2776,0.2792,0.2811,0.2843,0.2855,0.2861,0.2875,0.282
1980,6,05,6/05/1980,0.2776,1.0,1980-06-05,0.2772,0.2776,0.2792,0.2811,0.2843,0.2855,0.2861,0.2824
1980,6,06,6/06/1980,0.2765,1.0,1980-06-06,0.2776,0.2772,0.2776,0.2792,0.2811,0.2843,0.2855,0.2816
1980,6,08,6/08/1980,0.276,1.0,1980-06-08,0.2765,0.2776,0.2772,0.2776,0.2792,0.2811,0.2843,0.2795
1980,6,09,6/09/1980,0.2771,1.0,1980-06-09,0.276,0.2765,0.2776,0.2772,0.2776,0.2792,0.2811,0.2781
1980,6,10,6/10/1980,0.2772,1.0,1980-06-10,0.2771,0.276,0.2765,0.2776,0.2772,0.2776,0.2792,0.2793
1980,6,12,6/12/1980,0.279,1.0,1980-06-12,0.2772,0.2771,0.276,0.2765,0.2776,0.2772,0.2776,0.2794
1980,6,13,6/13/1980,0.2803,1.0,1980-06-13,0.279,0.2772,0.2771,0.276,0.2765,0.2776,0.2772,0.2807
1980,6,14,6/14/1980,0.2804,1.0,1980-06-14,0.2803,0.279,0.2772,0.2771,0.276,0.2765,0.2776,0.2816
1980,6,16,6/16/1980,0.2804,1.0,1980-06-16,0.2804,0.2803,0.279,0.2772,0.2771,0.276,0.2765,0.2818
1980,6,17,6/17/1980,0.2821,1.0,1980-06-17,0.2804,0.2804,0.2803,0.279,0.2772,0.2771,0.276,0.2823
1980,6,18,6/18/1980,0.2824,1.0,1980-06-18,0.2821,0.2804,0.2804,0.2803,0.279,0.2772,0.2771,0.2834
1980,6,20,6/20/1980,0.2845,1.0,1980-06-20,0.2824,0.2821,0.2804,0.2804,0.2803,0.279,0.2772,0.2792
1980,6,21,6/21/1980,0.2849,1.0,1980-06-21,0.2845,0.2824,0.2821,0.2804,0.2804,0.2803,0.279,0.2807
1980,6,22,6/22/1980,0.2855,1.0,1980-06-22,0.2849,0.2845,0.2824,0.2821,0.2804,0.2804,0.2803,0.2815
1980,6,23,6/23/1980,0.2855,1.0,1980-06-23,0.2855,0.2849,0.2845,0.2824,0.2821,0.2804,0.2804,0.2827
1980,6,24,6/24/1980,0.2849,1.0,1980-06-24,0.2855,0.2855,0.2849,0.2845,0.2824,0.2821,0.2804,0.2832
1980,6,25,6/25/1980,0.2839,1.0,1980-06-25,0.2849,0.2855,0.2855,0.2849,0.2845,0.2824,0.2821,0.2849
1980,6,26,6/26/1980,0.2829,1.0,1980-06-26,0.2839,0.2849,0.2855,0.2855,0.2849,0.2845,0.2824,0.2873
1980,6,28,6/28/1980,0.2806,1.0,1980-06-28,0.2829,0.2839,0.2849,0.2855,0.2855,0.2849,0.2845,0.2872
1980,6,29,6/29/1980,0.2793,1.0,1980-06-29,0.2806,0.2829,0.2839,0.2849,0.2855,0.2855,0.2849,0.2875
1980,6,30,6/30/1980,0.2779,1.0,1980-06-30,0.2793,0.2806,0.2829,0.2839,0.2849,0.2855,0.2855,0.2861
1980,7,02,7/02/1980,0.276,1.0,1980-07-02,0.2779,0.2793,0.2806,0.2829,0.2839,0.2849,0.2855,0.2855
1980,7,03,7/03/1980,0.2753,1.0,1980-07-03,0.276,0.2779,0.2793,0.2806,0.2829,0.2839,0.2849,0.2843
1980,7,04,7/04/1980,0.2746,1.0,1980-07-04,0.2753,0.276,0.2779,0.2793,0.2806,0.2829,0.2839,0.2811
1980,7,07,7/07/1980,0.2748,1.0,1980-07-07,0.2746,0.2753,0.276,0.2779,0.2793,0.2806,0.2829,0.2792
1980,7,08,7/08/1980,0.2749,1.0,1980-07-08,0.2748,0.2746,0.2753,0.276,0.2779,0.2793,0.2806,0.2776
1980,7,10,7/10/1980,0.2756,1.0,1980-07-10,0.2749,0.2748,0.2746,0.2753,0.276,0.2779,0.2793,0.2772
1980,7,11,7/11/1980,0.2764,1.0,1980-07-11,0.2756,0.2749,0.2748,0.2746,0.2753,0.276,0.2779,0.2776
1980,7,12,7/12/1980,0.2778,1.0,1980-07-12,0.2764,0.2756,0.2749,0.2748,0.2746,0.2753,0.276,0.2765
1980,7,14,7/14/1980,0.2814,1.0,1980-07-14,0.2778,0.2764,0.2756,0.2749,0.2748,0.2746,0.2753,0.276
1980,7,15,7/15/1980,0.283,1.0,1980-07-15,0.2814,0.2778,0.2764,0.2756,0.2749,0.2748,0.2746,0.2771
1980,7,16,7/16/1980,0.285,1.0,1980-07-16,0.283,0.2814,0.2778,0.2764,0.2756,0.2749,0.2748,0.2772
1980,7,18,7/18/1980,0.2872,1.0,1980-07-18,0.285,0.283,0.2814,0.2778,0.2764,0.2756,0.2749,0.279
1980,7,19,7/19/1980,0.2882,1.0,1980-07-19,0.2872,0.285,0.283,0.2814,0.2778,0.2764,0.2756,0.2803
1980,7,20,7/20/1980,0.289,1.0,1980-07-20,0.2882,0.2872,0.285,0.283,0.2814,0.2778,0.2764,0.2804
1980,7,22,7/22/1980,0.2869,1.0,1980-07-22,0.289,0.2882,0.2872,0.285,0.283,0.2814,0.2778,0.2804
1980,7,23,7/23/1980,0.2853,1.0,1980-07-23,0.2869,0.289,0.2882,0.2872,0.285,0.283,0.2814,0.2821
1980,7,24,7/24/1980,0.2836,1.0,1980-07-24,0.2853,0.2869,0.289,0.2882,0.2872,0.285,0.283,0.2824
1980,7,26,7/26/1980,0.2816,1.0,1980-07-26,0.2836,0.2853,0.2869,0.289,0.2882,0.2872,0.285,0.2845
1980,7,27,7/27/1980,0.2806,1.0,1980-07-27,0.2816,0.2836,0.2853,0.2869,0.289,0.2882,0.2872,0.2849
1980,7,28,7/28/1980,0.2792,1.0,1980-07-28,0.2806,0.2816,0.2836,0.2853,0.2869,0.289,0.2882,0.2855
1980,7,30,7/30/1980,0.2768,1.0,1980-07-30,0.2792,0.2806,0.2816,0.2836,0.2853,0.2869,0.289,0.2855
1980,7,31,7/31/1980,0.276,1.0,1980-07-31,0.2768,0.2792,0.2806,0.2816,0.2836,0.2853,0.2869,0.2849
1980,8,01,8/01/1980,0.2756,1.0,1980-08-01,0.276,0.2768,0.2792,0.2806,0.2816,0.2836,0.2853,0.2839
1980,8,03,8/03/1980,0.2741,1.0,1980-08-03,0.2756,0.276,0.2768,0.2792,0.2806,0.2816,0.2836,0.2829
1980,8,04,8/04/1980,0.2735,1.0,1980-08-04,0.2741,0.2756,0.276,0.2768,0.2792,0.2806,0.2816,0.2806
1980,8,05,8/05/1980,0.2733,1.0,1980-08-05,0.2735,0.2741,0.2756,0.276,0.2768,0.2792,0.2806,0.2793
1980,8,07,8/07/1980,0.2744,1.0,1980-08-07,0.2733,0.2735,0.2741,0.2756,0.276,0.2768,0.2792,0.2779
1980,8,08,8/08/1980,0.276,1.0,1980-08-08,0.2744,0.2733,0.2735,0.2741,0.2756,0.276,0.2768,0.276
1980,8,09,8/09/1980,0.2778,1.0,1980-08-09,0.276,0.2744,0.2733,0.2735,0.2741,0.2756,0.276,0.2753
1980,8,11,8/11/1980,0.2808,1.0,1980-08-11,0.2778,0.276,0.2744,0.2733,0.2735,0.2741,0.2756,0.2746
1980,8,12,8/12/1980,0.2821,1.0,1980-08-12,0.2808,0.2778,0.276,0.2744,0.2733,0.2735,0.2741,0.2748
1980,8,13,8/13/1980,0.2835,1.0,1980-08-13,0.2821,0.2808,0.2778,0.276,0.2744,0.2733,0.2735,0.2749
1980,8,15,8/15/1980,0.2845,1.0,1980-08-15,0.2835,0.2821,0.2808,0.2778,0.276,0.2744,0.2733,0.2756
1980,8,16,8/16/1980,0.2849,1.0,1980-08-16,0.2845,0.2835,0.2821,0.2808,0.2778,0.276,0.2744,0.2764
1980,8,17,8/17/1980,0.2844,1.0,1980-08-17,0.2849,0.2845,0.2835,0.2821,0.2808,0.2778,0.276,0.2778
1980,8,19,8/19/1980,0.2829,1.0,1980-08-19,0.2844,0.2849,0.2845,0.2835,0.2821,0.2808,0.2778,0.2814
1980,8,20,8/20/1980,0.2819,1.0,1980-08-20,0.2829,0.2844,0.2849,0.2845,0.2835,0.2821,0.2808,0.283
1980,8,21,8/21/1980,0.2808,1.0,1980-08-21,0.2819,0.2829,0.2844,0.2849,0.2845,0.2835,0.2821,0.285
1980,8,23,8/23/1980,0.278,1.0,1980-08-23,0.2808,0.2819,0.2829,0.2844,0.2849,0.2845,0.2835,0.2872
1980,8,24,8/24/1980,0.2773,1.0,1980-08-24,0.278,0.2808,0.2819,0.2829,0.2844,0.2849,0.2845,0.2882
1980,8,25,8/25/1980,0.2759,1.0,1980-08-25,0.2773,0.278,0.2808,0.2819,0.2829,0.2844,0.2849,0.289
1980,8,27,8/27/1980,0.2752,1.0,1980-08-27,0.2759,0.2773,0.278,0.2808,0.2819,0.2829,0.2844,0.2869
1980,8,28,8/28/1980,0.2756,1.0,1980-08-28,0.2752,0.2759,0.2773,0.278,0.2808,0.2819,0.2829,0.2853
1980,8,29,8/29/1980,0.2759,1.0,1980-08-29,0.2756,0.2752,0.2759,0.2773,0.278,0.2808,0.2819,0.2836
1980,8,31,8/31/1980,0.2774,1.0,1980-08-31,0.2759,0.2756,0.2752,0.2759,0.2773,0.278,0.2808,0.2816
1980,9,01,9/01/1980,0.2781,1.0,1980-09-01,0.2774,0.2759,0.2756,0.2752,0.2759,0.2773,0.278,0.2806
1980,9,02,9/02/1980,0.2792,1.0,1980-09-02,0.2781,0.2774,0.2759,0.2756,0.2752,0.2759,0.2773,0.2792
1980,9,04,9/04/1980,0.2813,1.0,1980-09-04,0.2792,0.2781,0.2774,0.2759,0.2756,0.2752,0.2759,0.2768
1980,9,05,9/05/1980,0.2818,1.0,1980-09-05,0.2813,0.2792,0.2781,0.2774,0.2759,0.2756,0.2752,0.276
1980,9,06,9/06/1980,0.2823,1.0,1980-09-06,0.2818,0.2813,0.2792,0.2781,0.2774,0.2759,0.2756,0.2756
1980,9,08,9/08/1980,0.2825,1.0,1980-09-08,0.2823,0.2818,0.2813,0.2792,0.2781,0.2774,0.2759,0.2741
1980,9,09,9/09/1980,0.282,1.0,1980-09-09,0.2825,0.2823,0.2818,0.2813,0.2792,0.2781,0.2774,0.2735
1980,9,10,9/10/1980,0.2817,1.0,1980-09-10,0.282,0.2825,0.2823,0.2818,0.2813,0.2792,0.2781,0.2733
1980,9,12,9/12/1980,0.2815,1.0,1980-09-12,0.2817,0.282,0.2825,0.2823,0.2818,0.2813,0.2792,0.2744
1980,9,13,9/13/1980,0.2811,1.0,1980-09-13,0.2815,0.2817,0.282,0.2825,0.2823,0.2818,0.2813,0.276
1980,9,14,9/14/1980,0.2804,1.0,1980-09-14,0.2811,0.2815,0.2817,0.282,0.2825,0.2823,0.2818,0.2778
1980,9,16,9/16/1980,0.2792,1.0,1980-09-16,0.2804,0.2811,0.2815,0.2817,0.282,0.2825,0.2823,0.2808
1980,9,17,9/17/1980,0.2786,1.0,1980-09-17,0.2792,0.2804,0.2811,0.2815,0.2817,0.282,0.2825,0.2821
1980,9,18,9/18/1980,0.278,1.0,1980-09-18,0.2786,0.2792,0.2804,0.2811,0.2815,0.2817,0.282,0.2835
1980,9,20,9/20/1980,0.2772,1.0,1980-09-20,0.278,0.2786,0.2792,0.2804,0.2811,0.2815,0.2817,0.2845
1980,9,21,9/21/1980,0.2765,1.0,1980-09-21,0.2772,0.278,0.2786,0.2792,0.2804,0.2811,0.2815,0.2849
1980,9,22,9/22/1980,0.2763,1.0,1980-09-22,0.2765,0.2772,0.278,0.2786,0.2792,0.2804,0.2811,0.2844
1980,9,24,9/24/1980,0.277,1.0,1980-09-24,0.2763,0.2765,0.2772,0.278,0.2786,0.2792,0.2804,0.2829
1980,9,25,9/25/1980,0.2776,1.0,1980-09-25,0.277,0.2763,0.2765,0.2772,0.278,0.2786,0.2792,0.2819
1980,9,26,9/26/1980,0.2781,1.0,1980-09-26,0.2776,0.277,0.2763,0.2765,0.2772,0.278,0.2786,0.2808
1980,9,28,9/28/1980,0.2793,1.0,1980-09-28,0.2781,0.2776,0.277,0.2763,0.2765,0.2772,0.278,0.278
1980,9,29,9/29/1980,0.2801,1.0,1980-09-29,0.2793,0.2781,0.2776,0.277,0.2763,0.2765,0.2772,0.2773
1980,9,30,9/30/1980,0.2808,1.0,1980-09-30,0.2801,0.2793,0.2781,0.2776,0.277,0.2763,0.2765,0.2759
1980,10,02,10/02/1980,0.2809,1.0,1980-10-02,0.2808,0.2801,0.2793,0.2781,0.2776,0.277,0.2763,0.2752
1980,10,03,10/03/1980,0.2809,1.0,1980-10-03,0.2809,0.2808,0.2801,0.2793,0.2781,0.2776,0.277,0.2756
1980,10,04,10/04/1980,0.2808,1.0,1980-10-04,0.2809,0.2809,0.2808,0.2801,0.2793,0.2781,0.2776,0.2759
1980,10,06,10/06/1980,0.28,1.0,1980-10-06,0.2808,0.2809,0.2809,0.2808,0.2801,0.2793,0.2781,0.2774
1980,10,07,10/07/1980,0.2802,1.0,1980-10-07,0.28,0.2808,0.2809,0.2809,0.2808,0.2801,0.2793,0.2781
1980,10,08,10/08/1980,0.2812,1.0,1980-10-08,0.2802,0.28,0.2808,0.2809,0.2809,0.2808,0.2801,0.2792
1980,10,10,10/10/1980,0.2829,1.0,1980-10-10,0.2812,0.2802,0.28,0.2808,0.2809,0.2809,0.2808,0.2813
1980,10,11,10/11/1980,0.2836,1.0,1980-10-11,0.2829,0.2812,0.2802,0.28,0.2808,0.2809,0.2809,0.2818
1980,10,12,10/12/1980,0.2842,1.0,1980-10-12,0.2836,0.2829,0.2812,0.2802,0.28,0.2808,0.2809,0.2823
1980,10,14,10/14/1980,0.2838,1.0,1980-10-14,0.2842,0.2836,0.2829,0.2812,0.2802,0.28,0.2808,0.2825
1980,10,15,10/15/1980,0.283,1.0,1980-10-15,0.2838,0.2842,0.2836,0.2829,0.2812,0.2802,0.28,0.282
1980,10,16,10/16/1980,0.2822,1.0,1980-10-16,0.283,0.2838,0.2842,0.2836,0.2829,0.2812,0.2802,0.2817
1980,10,17,10/17/1980,0.2807,1.0,1980-10-17,0.2822,0.283,0.2838,0.2842,0.2836,0.2829,0.2812,0.2815
1980,10,18,10/18/1980,0.2798,1.0,1980-10-18,0.2807,0.2822,0.283,0.2838,0.2842,0.2836,0.2829,0.2811
1980,10,19,10/19/1980,0.2795,1.0,1980-10-19,0.2798,0.2807,0.2822,0.283,0.2838,0.2842,0.2836,0.2804
1980,10,20,10/20/1980,0.2793,1.0,1980-10-20,0.2795,0.2798,0.2807,0.2822,0.283,0.2838,0.2842,0.2792
1980,10,22,10/22/1980,0.28,1.0,1980-10-22,0.2793,0.2795,0.2798,0.2807,0.2822,0.283,0.2838,0.2786
1980,10,23,10/23/1980,0.2796,1.0,1980-10-23,0.28,0.2793,0.2795,0.2798,0.2807,0.2822,0.283,0.278
1980,10,24,10/24/1980,0.2795,1.0,1980-10-24,0.2796,0.28,0.2793,0.2795,0.2798,0.2807,0.2822,0.2772
1980,10,26,10/26/1980,0.2792,1.0,1980-10-26,0.2795,0.2796,0.28,0.2793,0.2795,0.2798,0.2807,0.2765
1980,10,27,10/27/1980,0.2795,1.0,1980-10-27,0.2792,0.2795,0.2796,0.28,0.2793,0.2795,0.2798,0.2763
1980,10,28,10/28/1980,0.2797,1.0,1980-10-28,0.2795,0.2792,0.2795,0.2796,0.28,0.2793,0.2795,0.277
1980,10,30,10/30/1980,0.2807,1.0,1980-10-30,0.2797,0.2795,0.2792,0.2795,0.2796,0.28,0.2793,0.2776
1980,10,31,10/31/1980,0.2814,1.0,1980-10-31,0.2807,0.2797,0.2795,0.2792,0.2795,0.2796,0.28,0.2781
1980,11,01,11/01/1980,0.2823,1.0,1980-11-01,0.2814,0.2807,0.2797,0.2795,0.2792,0.2795,0.2796,0.2793
1980,11,03,11/03/1980,0.2837,1.0,1980-11-03,0.2823,0.2814,0.2807,0.2797,0.2795,0.2792,0.2795,0.2801
1980,11,04,11/04/1980,0.284,1.0,1980-11-04,0.2837,0.2823,0.2814,0.2807,0.2797,0.2795,0.2792,0.2808
1980,11,05,11/05/1980,0.2845,1.0,1980-11-05,0.284,0.2837,0.2823,0.2814,0.2807,0.2797,0.2795,0.2809
1980,11,07,11/07/1980,0.2846,1.0,1980-11-07,0.2845,0.284,0.2837,0.2823,0.2814,0.2807,0.2797,0.2809
1980,11,08,11/08/1980,0.2843,1.0,1980-11-08,0.2846,0.2845,0.284,0.2837,0.2823,0.2814,0.2807,0.2808
1980,11,09,11/09/1980,0.2834,1.0,1980-11-09,0.2843,0.2846,0.2845,0.284,0.2837,0.2823,0.2814,0.28
1980,11,11,11/11/1980,0.282,1.0,1980-11-11,0.2834,0.2843,0.2846,0.2845,0.284,0.2837,0.2823,0.2802
1980,11,12,11/12/1980,0.2805,1.0,1980-11-12,0.282,0.2834,0.2843,0.2846,0.2845,0.284,0.2837,0.2812
1980,11,13,11/13/1980,0.2791,1.0,1980-11-13,0.2805,0.282,0.2834,0.2843,0.2846,0.2845,0.284,0.2829
1980,11,15,11/15/1980,0.2781,1.0,1980-11-15,0.2791,0.2805,0.282,0.2834,0.2843,0.2846,0.2845,0.2836
1980,11,16,11/16/1980,0.2779,1.0,1980-11-16,0.2781,0.2791,0.2805,0.282,0.2834,0.2843,0.2846,0.2842
1980,11,17,11/17/1980,0.2779,1.0,1980-11-17,0.2779,0.2781,0.2791,0.2805,0.282,0.2834,0.2843,0.2838
1980,11,19,11/19/1980,0.2783,1.0,1980-11-19,0.2779,0.2779,0.2781,0.2791,0.2805,0.282,0.2834,0.283
1980,11,20,11/20/1980,0.279,1.0,1980-11-20,0.2783,0.2779,0.2779,0.2781,0.2791,0.2805,0.282,0.2822
1980,11,21,11/21/1980,0.2789,1.0,1980-11-21,0.279,0.2783,0.2779,0.2779,0.2781,0.2791,0.2805,0.2807
1980,11,23,11/23/1980,0.2789,1.0,1980-11-23,0.2789,0.279,0.2783,0.2779,0.2779,0.2781,0.2791,0.2798
1980,11,24,11/24/1980,0.2784,1.0,1980-11-24,0.2789,0.2789,0.279,0.2783,0.2779,0.2779,0.2781,0.2795
1980,11,25,11/25/1980,0.2786,1.0,1980-11-25,0.2784,0.2789,0.2789,0.279,0.2783,0.2779,0.2779,0.2793
1980,11,27,11/27/1980,0.2794,1.0,1980-11-27,0.2786,0.2784,0.2789,0.2789,0.279,0.2783,0.2779,0.28
1980,11,28,11/28/1980,0.2802,1.0,1980-11-28,0.2794,0.2786,0.2784,0.2789,0.2789,0.279,0.2783,0.2796
1980,11,29,11/29/1980,0.2809,1.0,1980-11-29,0.2802,0.2794,0.2786,0.2784,0.2789,0.2789,0.279,0.2795
1980,12,01,12/01/1980,0.2839,1.0,1980-12-01,0.2809,0.2802,0.2794,0.2786,0.2784,0.2789,0.2789,0.2792
1980,12,02,12/02/1980,0.2847,1.0,1980-12-02,0.2839,0.2809,0.2802,0.2794,0.2786,0.2784,0.2789,0.2795
1980,12,03,12/03/1980,0.2845,1.0,1980-12-03,0.2847,0.2839,0.2809,0.2802,0.2794,0.2786,0.2784,0.2797
1980,12,05,12/05/1980,0.2837,1.0,1980-12-05,0.2845,0.2847,0.2839,0.2809,0.2802,0.2794,0.2786,0.2807
1980,12,06,12/06/1980,0.2822,1.0,1980-12-06,0.2837,0.2845,0.2847,0.2839,0.2809,0.2802,0.2794,0.2814
1980,12,09,12/09/1980,0.2793,1.0,1980-12-09,0.2822,0.2837,0.2845,0.2847,0.2839,0.2809,0.2802,0.2823
1980,12,10,12/10/1980,0.2795,1.0,1980-12-10,0.2793,0.2822,0.2837,0.2845,0.2847,0.2839,0.2809,0.2837
1980,12,11,12/11/1980,0.2808,1.0,1980-12-11,0.2795,0.2793,0.2822,0.2837,0.2845,0.2847,0.2839,0.284
1980,12,13,12/13/1980,0.2832,1.0,1980-12-13,0.2808,0.2795,0.2793,0.2822,0.2837,0.2845,0.2847,0.2845
1980,12,14,12/14/1980,0.2845,1.0,1980-12-14,0.2832,0.2808,0.2795,0.2793,0.2822,0.2837,0.2845,0.2846
1980,12,15,12/15/1980,0.285,1.0,1980-12-15,0.2845,0.2832,0.2808,0.2795,0.2793,0.2822,0.2837,0.2843
1980,12,17,12/17/1980,0.2867,1.0,1980-12-17,0.285,0.2845,0.2832,0.2808,0.2795,0.2793,0.2822,0.2834
1980,12,18,12/18/1980,0.2862,1.0,1980-12-18,0.2867,0.285,0.2845,0.2832,0.2808,0.2795,0.2793,0.282
1980,12,19,12/19/1980,0.2853,1.0,1980-12-19,0.2862,0.2867,0.285,0.2845,0.2832,0.2808,0.2795,0.2805
1980,12,21,12/21/1980,0.284,1.0,1980-12-21,0.2853,0.2862,0.2867,0.285,0.2845,0.2832,0.2808,0.2791
1980,12,22,12/22/1980,0.2826,1.0,1980-12-22,0.284,0.2853,0.2862,0.2867,0.285,0.2845,0.2832,0.2781
1980,12,23,12/23/1980,0.2826,1.0,1980-12-23,0.2826,0.284,0.2853,0.2862,0.2867,0.285,0.2845,0.2779
1980,12,25,12/25/1980,0.2824,1.0,1980-12-25,0.2826,0.2826,0.284,0.2853,0.2862,0.2867,0.285,0.2779
1980,12,26,12/26/1980,0.2828,1.0,1980-12-26,0.2824,0.2826,0.2826,0.284,0.2853,0.2862,0.2867,0.2783
1980,12,27,12/27/1980,0.2827,1.0,1980-12-27,0.2828,0.2824,0.2826,0.2826,0.284,0.2853,0.2862,0.279
1980,12,29,12/29/1980,0.2845,1.0,1980-12-29,0.2827,0.2828,0.2824,0.2826,0.2826,0.284,0.2853,0.2789
1980,12,30,12/30/1980,0.2845,1.0,1980-12-30,0.2845,0.2827,0.2828,0.2824,0.2826,0.2826,0.284,0.2789
1980,12,31,12/31/1980,0.2847,1.0,1980-12-31,0.2845,0.2845,0.2827,0.2828,0.2824,0.2826,0.2826,0.2784
1981,1,02,1/02/1981,0.2828,1.0,1981-01-02,0.2847,0.2845,0.2845,0.2827,0.2828,0.2824,0.2826,0.2786
1981,1,03,1/03/1981,0.2823,1.0,1981-01-03,0.2828,0.2847,0.2845,0.2845,0.2827,0.2828,0.2824,0.2794
1981,1,04,1/04/1981,0.2799,1.0,1981-01-04,0.2823,0.2828,0.2847,0.2845,0.2845,0.2827,0.2828,0.2802
1981,1,06,1/06/1981,0.2768,1.0,1981-01-06,0.2799,0.2823,0.2828,0.2847,0.2845,0.2845,0.2827,0.2809
1981,1,07,1/07/1981,0.2765,1.0,1981-01-07,0.2768,0.2799,0.2823,0.2828,0.2847,0.2845,0.2845,0.2839
1981,1,08,1/08/1981,0.2778,1.0,1981-01-08,0.2765,0.2768,0.2799,0.2823,0.2828,0.2847,0.2845,0.2847
1981,1,10,1/10/1981,0.2785,1.0,1981-01-10,0.2778,0.2765,0.2768,0.2799,0.2823,0.2828,0.2847,0.2845
1981,1,11,1/11/1981,0.2799,1.0,1981-01-11,0.2785,0.2778,0.2765,0.2768,0.2799,0.2823,0.2828,0.2837
1981,1,12,1/12/1981,0.2806,1.0,1981-01-12,0.2799,0.2785,0.2778,0.2765,0.2768,0.2799,0.2823,0.2822
1981,1,14,1/14/1981,0.2806,1.0,1981-01-14,0.2806,0.2799,0.2785,0.2778,0.2765,0.2768,0.2799,0.2793
1981,1,15,1/15/1981,0.2793,1.0,1981-01-15,0.2806,0.2806,0.2799,0.2785,0.2778,0.2765,0.2768,0.2795
1981,1,16,1/16/1981,0.2785,1.0,1981-01-16,0.2793,0.2806,0.2806,0.2799,0.2785,0.2778,0.2765,0.2808
1981,1,18,1/18/1981,0.2768,1.0,1981-01-18,0.2785,0.2793,0.2806,0.2806,0.2799,0.2785,0.2778,0.2832
1981,1,19,1/19/1981,0.2766,1.0,1981-01-19,0.2768,0.2785,0.2793,0.2806,0.2806,0.2799,0.2785,0.2845
1981,1,20,1/20/1981,0.2774,1.0,1981-01-20,0.2766,0.2768,0.2785,0.2793,0.2806,0.2806,0.2799,0.285
1981,1,22,1/22/1981,0.2797,1.0,1981-01-22,0.2774,0.2766,0.2768,0.2785,0.2793,0.2806,0.2806,0.2867
1981,1,23,1/23/1981,0.2806,1.0,1981-01-23,0.2797,0.2774,0.2766,0.2768,0.2785,0.2793,0.2806,0.2862
1981,1,26,1/26/1981,0.2817,1.0,1981-01-26,0.2806,0.2797,0.2774,0.2766,0.2768,0.2785,0.2793,0.2853
1981,1,27,1/27/1981,0.2815,1.0,1981-01-27,0.2817,0.2806,0.2797,0.2774,0.2766,0.2768,0.2785,0.284
1981,1,28,1/28/1981,0.2817,1.0,1981-01-28,0.2815,0.2817,0.2806,0.2797,0.2774,0.2766,0.2768,0.2826
1981,1,30,1/30/1981,0.2817,1.0,1981-01-30,0.2817,0.2815,0.2817,0.2806,0.2797,0.2774,0.2766,0.2826
1981,1,31,1/31/1981,0.2819,1.0,1981-01-31,0.2817,0.2817,0.2815,0.2817,0.2806,0.2797,0.2774,0.2824
1981,2,01,2/01/1981,0.2815,1.0,1981-02-01,0.2819,0.2817,0.2817,0.2815,0.2817,0.2806,0.2797,0.2828
1981,2,03,2/03/1981,0.2814,1.0,1981-02-03,0.2815,0.2819,0.2817,0.2817,0.2815,0.2817,0.2806,0.2827
1981,2,04,2/04/1981,0.2813,1.0,1981-02-04,0.2814,0.2815,0.2819,0.2817,0.2817,0.2815,0.2817,0.2845
1981,2,07,2/07/1981,0.282,1.0,1981-02-07,0.2813,0.2814,0.2815,0.2819,0.2817,0.2817,0.2815,0.2845
1981,2,08,2/08/1981,0.281,1.0,1981-02-08,0.282,0.2813,0.2814,0.2815,0.2819,0.2817,0.2817,0.2847
1981,2,09,2/09/1981,0.2795,1.0,1981-02-09,0.281,0.282,0.2813,0.2814,0.2815,0.2819,0.2817,0.2828
1981,2,12,2/12/1981,0.2796,1.0,1981-02-12,0.2795,0.281,0.282,0.2813,0.2814,0.2815,0.2819,0.2823
1981,2,15,2/15/1981,0.2786,1.0,1981-02-15,0.2796,0.2795,0.281,0.282,0.2813,0.2814,0.2815,0.2799
1981,2,16,2/16/1981,0.2789,1.0,1981-02-16,0.2786,0.2796,0.2795,0.281,0.282,0.2813,0.2814,0.2768
1981,2,17,2/17/1981,0.2781,1.0,1981-02-17,0.2789,0.2786,0.2796,0.2795,0.281,0.282,0.2813,0.2765
1981,2,19,2/19/1981,0.2793,1.0,1981-02-19,0.2781,0.2789,0.2786,0.2796,0.2795,0.281,0.282,0.2778
1981,2,20,2/20/1981,0.2793,1.0,1981-02-20,0.2793,0.2781,0.2789,0.2786,0.2796,0.2795,0.281,0.2785
1981,2,21,2/21/1981,0.2789,1.0,1981-02-21,0.2793,0.2793,0.2781,0.2789,0.2786,0.2796,0.2795,0.2799
1981,2,23,2/23/1981,0.279,1.0,1981-02-23,0.2789,0.2793,0.2793,0.2781,0.2789,0.2786,0.2796,0.2806
1981,2,24,2/24/1981,0.2796,1.0,1981-02-24,0.279,0.2789,0.2793,0.2793,0.2781,0.2789,0.2786,0.2806
1981,2,25,2/25/1981,0.2802,1.0,1981-02-25,0.2796,0.279,0.2789,0.2793,0.2793,0.2781,0.2789,0.2793
1981,2,27,2/27/1981,0.2824,1.0,1981-02-27,0.2802,0.2796,0.279,0.2789,0.2793,0.2793,0.2781,0.2785
1981,2,28,2/28/1981,0.2824,1.0,1981-02-28,0.2824,0.2802,0.2796,0.279,0.2789,0.2793,0.2793,0.2768
1981,3,01,3/01/1981,0.282,1.0,1981-03-01,0.2824,0.2824,0.2802,0.2796,0.279,0.2789,0.2793,0.2766
1981,3,03,3/03/1981,0.283,1.0,1981-03-03,0.282,0.2824,0.2824,0.2802,0.2796,0.279,0.2789,0.2774
1981,3,04,3/04/1981,0.2838,1.0,1981-03-04,0.283,0.282,0.2824,0.2824,0.2802,0.2796,0.279,0.2797
1981,3,05,3/05/1981,0.2836,1.0,1981-03-05,0.2838,0.283,0.282,0.2824,0.2824,0.2802,0.2796,0.2806
1981,3,07,3/07/1981,0.2823,1.0,1981-03-07,0.2836,0.2838,0.283,0.282,0.2824,0.2824,0.2802,0.2817
1981,3,09,3/09/1981,0.2824,1.0,1981-03-09,0.2823,0.2836,0.2838,0.283,0.282,0.2824,0.2824,0.2815
1981,3,11,3/11/1981,0.282,1.0,1981-03-11,0.2824,0.2823,0.2836,0.2838,0.283,0.282,0.2824,0.2817
1981,3,12,3/12/1981,0.282,1.0,1981-03-12,0.282,0.2824,0.2823,0.2836,0.2838,0.283,0.282,0.2817
1981,3,13,3/13/1981,0.2818,1.0,1981-03-13,0.282,0.282,0.2824,0.2823,0.2836,0.2838,0.283,0.2819
1981,3,15,3/15/1981,0.2806,1.0,1981-03-15,0.2818,0.282,0.282,0.2824,0.2823,0.2836,0.2838,0.2815
1981,3,19,3/19/1981,0.2789,1.0,1981-03-19,0.2806,0.2818,0.282,0.282,0.2824,0.2823,0.2836,0.2814
1981,3,20,3/20/1981,0.2797,1.0,1981-03-20,0.2789,0.2806,0.2818,0.282,0.282,0.2824,0.2823,0.2813
1981,3,21,3/21/1981,0.2799,1.0,1981-03-21,0.2797,0.2789,0.2806,0.2818,0.282,0.282,0.2824,0.282
1981,3,24,3/24/1981,0.2824,1.0,1981-03-24,0.2799,0.2797,0.2789,0.2806,0.2818,0.282,0.282,0.281
1981,3,25,3/25/1981,0.2824,1.0,1981-03-25,0.2824,0.2799,0.2797,0.2789,0.2806,0.2818,0.282,0.2795
1981,3,27,3/27/1981,0.2814,1.0,1981-03-27,0.2824,0.2824,0.2799,0.2797,0.2789,0.2806,0.2818,0.2796
1981,3,28,3/28/1981,0.2822,1.0,1981-03-28,0.2814,0.2824,0.2824,0.2799,0.2797,0.2789,0.2806,0.2786
1981,3,29,3/29/1981,0.2833,1.0,1981-03-29,0.2822,0.2814,0.2824,0.2824,0.2799,0.2797,0.2789,0.2789
1981,4,01,4/01/1981,0.2838,1.0,1981-04-01,0.2833,0.2822,0.2814,0.2824,0.2824,0.2799,0.2797,0.2781
1981,4,02,4/02/1981,0.2852,1.0,1981-04-02,0.2838,0.2833,0.2822,0.2814,0.2824,0.2824,0.2799,0.2793
1981,4,04,4/04/1981,0.2853,1.0,1981-04-04,0.2852,0.2838,0.2833,0.2822,0.2814,0.2824,0.2824,0.2793
1981,4,05,4/05/1981,0.2862,1.0,1981-04-05,0.2853,0.2852,0.2838,0.2833,0.2822,0.2814,0.2824,0.2789
1981,4,06,4/06/1981,0.2868,1.0,1981-04-06,0.2862,0.2853,0.2852,0.2838,0.2833,0.2822,0.2814,0.279
1981,4,08,4/08/1981,0.2873,1.0,1981-04-08,0.2868,0.2862,0.2853,0.2852,0.2838,0.2833,0.2822,0.2796
1981,4,09,4/09/1981,0.2877,1.0,1981-04-09,0.2873,0.2868,0.2862,0.2853,0.2852,0.2838,0.2833,0.2802
1981,4,10,4/10/1981,0.288,1.0,1981-04-10,0.2877,0.2873,0.2868,0.2862,0.2853,0.2852,0.2838,0.2824
1981,4,12,4/12/1981,0.2847,1.0,1981-04-12,0.288,0.2877,0.2873,0.2868,0.2862,0.2853,0.2852,0.2824
1981,4,13,4/13/1981,0.2838,1.0,1981-04-13,0.2847,0.288,0.2877,0.2873,0.2868,0.2862,0.2853,0.282
1981,4,14,4/14/1981,0.2831,1.0,1981-04-14,0.2838,0.2847,0.288,0.2877,0.2873,0.2868,0.2862,0.283
1981,4,16,4/16/1981,0.2827,1.0,1981-04-16,0.2831,0.2838,0.2847,0.288,0.2877,0.2873,0.2868,0.2838
1981,4,17,4/17/1981,0.2838,1.0,1981-04-17,0.2827,0.2831,0.2838,0.2847,0.288,0.2877,0.2873,0.2836
1981,4,18,4/18/1981,0.2838,1.0,1981-04-18,0.2838,0.2827,0.2831,0.2838,0.2847,0.288,0.2877,0.2823
1981,4,20,4/20/1981,0.2836,1.0,1981-04-20,0.2838,0.2838,0.2827,0.2831,0.2838,0.2847,0.288,0.2824
1981,4,21,4/21/1981,0.2815,1.0,1981-04-21,0.2836,0.2838,0.2838,0.2827,0.2831,0.2838,0.2847,0.282
1981,4,22,4/22/1981,0.2803,1.0,1981-04-22,0.2815,0.2836,0.2838,0.2838,0.2827,0.2831,0.2838,0.282
1981,4,24,4/24/1981,0.2803,1.0,1981-04-24,0.2803,0.2815,0.2836,0.2838,0.2838,0.2827,0.2831,0.2818
1981,4,25,4/25/1981,0.2801,1.0,1981-04-25,0.2803,0.2803,0.2815,0.2836,0.2838,0.2838,0.2827,0.2806
1981,4,26,4/26/1981,0.2803,1.0,1981-04-26,0.2801,0.2803,0.2803,0.2815,0.2836,0.2838,0.2838,0.2789
1981,4,28,4/28/1981,0.2811,1.0,1981-04-28,0.2803,0.2801,0.2803,0.2803,0.2815,0.2836,0.2838,0.2797
1981,4,29,4/29/1981,0.2822,1.0,1981-04-29,0.2811,0.2803,0.2801,0.2803,0.2803,0.2815,0.2836,0.2799
1981,4,30,4/30/1981,0.2825,1.0,1981-04-30,0.2822,0.2811,0.2803,0.2801,0.2803,0.2803,0.2815,0.2824
1981,5,02,5/02/1981,0.285,1.0,1981-05-02,0.2825,0.2822,0.2811,0.2803,0.2801,0.2803,0.2803,0.2824
1981,5,03,5/03/1981,0.286,1.0,1981-05-03,0.285,0.2825,0.2822,0.2811,0.2803,0.2801,0.2803,0.2814
1981,5,04,5/04/1981,0.2863,1.0,1981-05-04,0.286,0.285,0.2825,0.2822,0.2811,0.2803,0.2801,0.2822
1981,5,06,5/06/1981,0.2854,1.0,1981-05-06,0.2863,0.286,0.285,0.2825,0.2822,0.2811,0.2803,0.2833
1981,5,07,5/07/1981,0.2854,1.0,1981-05-07,0.2854,0.2863,0.286,0.285,0.2825,0.2822,0.2811,0.2838
1981,5,08,5/08/1981,0.2854,1.0,1981-05-08,0.2854,0.2854,0.2863,0.286,0.285,0.2825,0.2822,0.2852
1981,5,10,5/10/1981,0.2829,1.0,1981-05-10,0.2854,0.2854,0.2854,0.2863,0.286,0.285,0.2825,0.2853
1981,5,11,5/11/1981,0.2818,1.0,1981-05-11,0.2829,0.2854,0.2854,0.2854,0.2863,0.286,0.285,0.2862
1981,5,12,5/12/1981,0.2811,1.0,1981-05-12,0.2818,0.2829,0.2854,0.2854,0.2854,0.2863,0.286,0.2868
1981,5,14,5/14/1981,0.2818,1.0,1981-05-14,0.2811,0.2818,0.2829,0.2854,0.2854,0.2854,0.2863,0.2873
1981,5,15,5/15/1981,0.2816,1.0,1981-05-15,0.2818,0.2811,0.2818,0.2829,0.2854,0.2854,0.2854,0.2877
1981,5,16,5/16/1981,0.2818,1.0,1981-05-16,0.2816,0.2818,0.2811,0.2818,0.2829,0.2854,0.2854,0.288
1981,5,18,5/18/1981,0.2803,1.0,1981-05-18,0.2818,0.2816,0.2818,0.2811,0.2818,0.2829,0.2854,0.2847
1981,5,19,5/19/1981,0.2783,1.0,1981-05-19,0.2803,0.2818,0.2816,0.2818,0.2811,0.2818,0.2829,0.2838
1981,5,20,5/20/1981,0.2784,1.0,1981-05-20,0.2783,0.2803,0.2818,0.2816,0.2818,0.2811,0.2818,0.2831
1981,5,22,5/22/1981,0.2788,1.0,1981-05-22,0.2784,0.2783,0.2803,0.2818,0.2816,0.2818,0.2811,0.2827
1981,5,23,5/23/1981,0.2777,1.0,1981-05-23,0.2788,0.2784,0.2783,0.2803,0.2818,0.2816,0.2818,0.2838
1981,5,24,5/24/1981,0.2782,1.0,1981-05-24,0.2777,0.2788,0.2784,0.2783,0.2803,0.2818,0.2816,0.2838
1981,5,26,5/26/1981,0.2796,1.0,1981-05-26,0.2782,0.2777,0.2788,0.2784,0.2783,0.2803,0.2818,0.2836
1981,5,27,5/27/1981,0.2804,1.0,1981-05-27,0.2796,0.2782,0.2777,0.2788,0.2784,0.2783,0.2803,0.2815
1981,5,28,5/28/1981,0.2817,1.0,1981-05-28,0.2804,0.2796,0.2782,0.2777,0.2788,0.2784,0.2783,0.2803
1981,5,30,5/30/1981,0.2807,1.0,1981-05-30,0.2817,0.2804,0.2796,0.2782,0.2777,0.2788,0.2784,0.2803
1981,5,31,5/31/1981,0.279,1.0,1981-05-31,0.2807,0.2817,0.2804,0.2796,0.2782,0.2777,0.2788,0.2801
1981,6,01,6/01/1981,0.2782,1.0,1981-06-01,0.279,0.2807,0.2817,0.2804,0.2796,0.2782,0.2777,0.2803
1981,6,03,6/03/1981,0.2771,1.0,1981-06-03,0.2782,0.279,0.2807,0.2817,0.2804,0.2796,0.2782,0.2811
1981,6,04,6/04/1981,0.2765,1.0,1981-06-04,0.2771,0.2782,0.279,0.2807,0.2817,0.2804,0.2796,0.2822
1981,6,05,6/05/1981,0.2755,1.0,1981-06-05,0.2765,0.2771,0.2782,0.279,0.2807,0.2817,0.2804,0.2825
1981,6,07,6/07/1981,0.2761,1.0,1981-06-07,0.2755,0.2765,0.2771,0.2782,0.279,0.2807,0.2817,0.285
1981,6,08,6/08/1981,0.2763,1.0,1981-06-08,0.2761,0.2755,0.2765,0.2771,0.2782,0.279,0.2807,0.286
1981,6,09,6/09/1981,0.2765,1.0,1981-06-09,0.2763,0.2761,0.2755,0.2765,0.2771,0.2782,0.279,0.2863
1981,6,11,6/11/1981,0.2777,1.0,1981-06-11,0.2765,0.2763,0.2761,0.2755,0.2765,0.2771,0.2782,0.2854
1981,6,12,6/12/1981,0.2773,1.0,1981-06-12,0.2777,0.2765,0.2763,0.2761,0.2755,0.2765,0.2771,0.2854
1981,6,13,6/13/1981,0.2779,1.0,1981-06-13,0.2773,0.2777,0.2765,0.2763,0.2761,0.2755,0.2765,0.2854
1981,6,15,6/15/1981,0.2778,1.0,1981-06-15,0.2779,0.2773,0.2777,0.2765,0.2763,0.2761,0.2755,0.2829
1981,6,16,6/16/1981,0.2782,1.0,1981-06-16,0.2778,0.2779,0.2773,0.2777,0.2765,0.2763,0.2761,0.2818
1981,6,17,6/17/1981,0.2793,1.0,1981-06-17,0.2782,0.2778,0.2779,0.2773,0.2777,0.2765,0.2763,0.2811
1981,6,19,6/19/1981,0.2787,1.0,1981-06-19,0.2793,0.2782,0.2778,0.2779,0.2773,0.2777,0.2765,0.2818
1981,6,20,6/20/1981,0.2771,1.0,1981-06-20,0.2787,0.2793,0.2782,0.2778,0.2779,0.2773,0.2777,0.2816
1981,6,21,6/21/1981,0.278,1.0,1981-06-21,0.2771,0.2787,0.2793,0.2782,0.2778,0.2779,0.2773,0.2818
1981,6,23,6/23/1981,0.2781,1.0,1981-06-23,0.278,0.2771,0.2787,0.2793,0.2782,0.2778,0.2779,0.2803
1981,6,24,6/24/1981,0.278,1.0,1981-06-24,0.2781,0.278,0.2771,0.2787,0.2793,0.2782,0.2778,0.2783
1981,6,25,6/25/1981,0.2779,1.0,1981-06-25,0.278,0.2781,0.278,0.2771,0.2787,0.2793,0.2782,0.2784
1981,6,27,6/27/1981,0.2792,1.0,1981-06-27,0.2779,0.278,0.2781,0.278,0.2771,0.2787,0.2793,0.2788
1981,6,28,6/28/1981,0.2783,1.0,1981-06-28,0.2792,0.2779,0.278,0.2781,0.278,0.2771,0.2787,0.2777
1981,6,29,6/29/1981,0.2788,1.0,1981-06-29,0.2783,0.2792,0.2779,0.278,0.2781,0.278,0.2771,0.2782
1981,7,01,7/01/1981,0.2773,1.0,1981-07-01,0.2788,0.2783,0.2792,0.2779,0.278,0.2781,0.278,0.2796
1981,7,02,7/02/1981,0.277,1.0,1981-07-02,0.2773,0.2788,0.2783,0.2792,0.2779,0.278,0.2781,0.2804
1981,7,03,7/03/1981,0.2763,1.0,1981-07-03,0.277,0.2773,0.2788,0.2783,0.2792,0.2779,0.278,0.2817
1981,7,05,7/05/1981,0.2753,1.0,1981-07-05,0.2763,0.277,0.2773,0.2788,0.2783,0.2792,0.2779,0.2807
1981,7,06,7/06/1981,0.2747,1.0,1981-07-06,0.2753,0.2763,0.277,0.2773,0.2788,0.2783,0.2792,0.279
1981,7,07,7/07/1981,0.2743,1.0,1981-07-07,0.2747,0.2753,0.2763,0.277,0.2773,0.2788,0.2783,0.2782
1981,7,09,7/09/1981,0.2749,1.0,1981-07-09,0.2743,0.2747,0.2753,0.2763,0.277,0.2773,0.2788,0.2771
1981,7,10,7/10/1981,0.2765,1.0,1981-07-10,0.2749,0.2743,0.2747,0.2753,0.2763,0.277,0.2773,0.2765
1981,7,11,7/11/1981,0.2778,1.0,1981-07-11,0.2765,0.2749,0.2743,0.2747,0.2753,0.2763,0.277,0.2755
1981,7,13,7/13/1981,0.2801,1.0,1981-07-13,0.2778,0.2765,0.2749,0.2743,0.2747,0.2753,0.2763,0.2761
1981,7,14,7/14/1981,0.2808,1.0,1981-07-14,0.2801,0.2778,0.2765,0.2749,0.2743,0.2747,0.2753,0.2763
1981,7,15,7/15/1981,0.2813,1.0,1981-07-15,0.2808,0.2801,0.2778,0.2765,0.2749,0.2743,0.2747,0.2765
1981,7,17,7/17/1981,0.2812,1.0,1981-07-17,0.2813,0.2808,0.2801,0.2778,0.2765,0.2749,0.2743,0.2777
1981,7,18,7/18/1981,0.2806,1.0,1981-07-18,0.2812,0.2813,0.2808,0.2801,0.2778,0.2765,0.2749,0.2773
1981,7,19,7/19/1981,0.2806,1.0,1981-07-19,0.2806,0.2812,0.2813,0.2808,0.2801,0.2778,0.2765,0.2779
1981,7,21,7/21/1981,0.2787,1.0,1981-07-21,0.2806,0.2806,0.2812,0.2813,0.2808,0.2801,0.2778,0.2778
1981,7,22,7/22/1981,0.2793,1.0,1981-07-22,0.2787,0.2806,0.2806,0.2812,0.2813,0.2808,0.2801,0.2782
1981,7,23,7/23/1981,0.2808,1.0,1981-07-23,0.2793,0.2787,0.2806,0.2806,0.2812,0.2813,0.2808,0.2793
1981,7,25,7/25/1981,0.2823,1.0,1981-07-25,0.2808,0.2793,0.2787,0.2806,0.2806,0.2812,0.2813,0.2787
1981,7,26,7/26/1981,0.2824,1.0,1981-07-26,0.2823,0.2808,0.2793,0.2787,0.2806,0.2806,0.2812,0.2771
1981,7,27,7/27/1981,0.2822,1.0,1981-07-27,0.2824,0.2823,0.2808,0.2793,0.2787,0.2806,0.2806,0.278
1981,7,29,7/29/1981,0.2809,1.0,1981-07-29,0.2822,0.2824,0.2823,0.2808,0.2793,0.2787,0.2806,0.2781
1981,7,30,7/30/1981,0.2803,1.0,1981-07-30,0.2809,0.2822,0.2824,0.2823,0.2808,0.2793,0.2787,0.278
1981,7,31,7/31/1981,0.2786,1.0,1981-07-31,0.2803,0.2809,0.2822,0.2824,0.2823,0.2808,0.2793,0.2779
1981,8,02,8/02/1981,0.2762,1.0,1981-08-02,0.2786,0.2803,0.2809,0.2822,0.2824,0.2823,0.2808,0.2792
1981,8,03,8/03/1981,0.2746,1.0,1981-08-03,0.2762,0.2786,0.2803,0.2809,0.2822,0.2824,0.2823,0.2783
1981,8,04,8/04/1981,0.2742,1.0,1981-08-04,0.2746,0.2762,0.2786,0.2803,0.2809,0.2822,0.2824,0.2788
1981,8,06,8/06/1981,0.2748,1.0,1981-08-06,0.2742,0.2746,0.2762,0.2786,0.2803,0.2809,0.2822,0.2773
1981,8,07,8/07/1981,0.2759,1.0,1981-08-07,0.2748,0.2742,0.2746,0.2762,0.2786,0.2803,0.2809,0.277
1981,8,08,8/08/1981,0.2765,1.0,1981-08-08,0.2759,0.2748,0.2742,0.2746,0.2762,0.2786,0.2803,0.2763
1981,8,10,8/10/1981,0.2786,1.0,1981-08-10,0.2765,0.2759,0.2748,0.2742,0.2746,0.2762,0.2786,0.2753
1981,8,11,8/11/1981,0.2801,1.0,1981-08-11,0.2786,0.2765,0.2759,0.2748,0.2742,0.2746,0.2762,0.2747
1981,8,12,8/12/1981,0.2808,1.0,1981-08-12,0.2801,0.2786,0.2765,0.2759,0.2748,0.2742,0.2746,0.2743
1981,8,14,8/14/1981,0.2812,1.0,1981-08-14,0.2808,0.2801,0.2786,0.2765,0.2759,0.2748,0.2742,0.2749
1981,8,15,8/15/1981,0.2813,1.0,1981-08-15,0.2812,0.2808,0.2801,0.2786,0.2765,0.2759,0.2748,0.2765
1981,8,16,8/16/1981,0.2809,1.0,1981-08-16,0.2813,0.2812,0.2808,0.2801,0.2786,0.2765,0.2759,0.2778
1981,8,18,8/18/1981,0.2831,1.0,1981-08-18,0.2809,0.2813,0.2812,0.2808,0.2801,0.2786,0.2765,0.2801
1981,8,19,8/19/1981,0.2844,1.0,1981-08-19,0.2831,0.2809,0.2813,0.2812,0.2808,0.2801,0.2786,0.2808
1981,8,20,8/20/1981,0.2862,1.0,1981-08-20,0.2844,0.2831,0.2809,0.2813,0.2812,0.2808,0.2801,0.2813
1981,8,22,8/22/1981,0.2877,1.0,1981-08-22,0.2862,0.2844,0.2831,0.2809,0.2813,0.2812,0.2808,0.2812
1981,8,23,8/23/1981,0.2884,1.0,1981-08-23,0.2877,0.2862,0.2844,0.2831,0.2809,0.2813,0.2812,0.2806
1981,8,24,8/24/1981,0.2885,1.0,1981-08-24,0.2884,0.2877,0.2862,0.2844,0.2831,0.2809,0.2813,0.2806
1981,8,26,8/26/1981,0.2883,1.0,1981-08-26,0.2885,0.2884,0.2877,0.2862,0.2844,0.2831,0.2809,0.2787
1981,8,27,8/27/1981,0.2874,1.0,1981-08-27,0.2883,0.2885,0.2884,0.2877,0.2862,0.2844,0.2831,0.2793
1981,8,28,8/28/1981,0.2864,1.0,1981-08-28,0.2874,0.2883,0.2885,0.2884,0.2877,0.2862,0.2844,0.2808
1981,8,30,8/30/1981,0.2847,1.0,1981-08-30,0.2864,0.2874,0.2883,0.2885,0.2884,0.2877,0.2862,0.2823
1981,8,31,8/31/1981,0.2846,1.0,1981-08-31,0.2847,0.2864,0.2874,0.2883,0.2885,0.2884,0.2877,0.2824
1981,9,01,9/01/1981,0.2852,1.0,1981-09-01,0.2846,0.2847,0.2864,0.2874,0.2883,0.2885,0.2884,0.2822
1981,9,03,9/03/1981,0.2853,1.0,1981-09-03,0.2852,0.2846,0.2847,0.2864,0.2874,0.2883,0.2885,0.2809
1981,9,04,9/04/1981,0.2848,1.0,1981-09-04,0.2853,0.2852,0.2846,0.2847,0.2864,0.2874,0.2883,0.2803
1981,9,05,9/05/1981,0.2851,1.0,1981-09-05,0.2848,0.2853,0.2852,0.2846,0.2847,0.2864,0.2874,0.2786
1981,9,07,9/07/1981,0.2862,1.0,1981-09-07,0.2851,0.2848,0.2853,0.2852,0.2846,0.2847,0.2864,0.2762
1981,9,08,9/08/1981,0.2862,1.0,1981-09-08,0.2862,0.2851,0.2848,0.2853,0.2852,0.2846,0.2847,0.2746
1981,9,09,9/09/1981,0.2856,1.0,1981-09-09,0.2862,0.2862,0.2851,0.2848,0.2853,0.2852,0.2846,0.2742
1981,9,11,9/11/1981,0.2835,1.0,1981-09-11,0.2856,0.2862,0.2862,0.2851,0.2848,0.2853,0.2852,0.2748
1981,9,12,9/12/1981,0.2825,1.0,1981-09-12,0.2835,0.2856,0.2862,0.2862,0.2851,0.2848,0.2853,0.2759
1981,9,13,9/13/1981,0.2825,1.0,1981-09-13,0.2825,0.2835,0.2856,0.2862,0.2862,0.2851,0.2848,0.2765
1981,9,15,9/15/1981,0.2829,1.0,1981-09-15,0.2825,0.2825,0.2835,0.2856,0.2862,0.2862,0.2851,0.2786
1981,9,16,9/16/1981,0.2835,1.0,1981-09-16,0.2829,0.2825,0.2825,0.2835,0.2856,0.2862,0.2862,0.2801
1981,9,17,9/17/1981,0.2836,1.0,1981-09-17,0.2835,0.2829,0.2825,0.2825,0.2835,0.2856,0.2862,0.2808
1981,9,19,9/19/1981,0.2843,1.0,1981-09-19,0.2836,0.2835,0.2829,0.2825,0.2825,0.2835,0.2856,0.2812
1981,9,20,9/20/1981,0.2839,1.0,1981-09-20,0.2843,0.2836,0.2835,0.2829,0.2825,0.2825,0.2835,0.2813
1981,9,21,9/21/1981,0.2843,1.0,1981-09-21,0.2839,0.2843,0.2836,0.2835,0.2829,0.2825,0.2825,0.2809
1981,9,23,9/23/1981,0.2834,1.0,1981-09-23,0.2843,0.2839,0.2843,0.2836,0.2835,0.2829,0.2825,0.2831
1981,9,24,9/24/1981,0.2829,1.0,1981-09-24,0.2834,0.2843,0.2839,0.2843,0.2836,0.2835,0.2829,0.2844
1981,9,25,9/25/1981,0.2822,1.0,1981-09-25,0.2829,0.2834,0.2843,0.2839,0.2843,0.2836,0.2835,0.2862
1981,9,27,9/27/1981,0.2833,1.0,1981-09-27,0.2822,0.2829,0.2834,0.2843,0.2839,0.2843,0.2836,0.2877
1981,9,28,9/28/1981,0.2839,1.0,1981-09-28,0.2833,0.2822,0.2829,0.2834,0.2843,0.2839,0.2843,0.2884
1981,9,29,9/29/1981,0.284,1.0,1981-09-29,0.2839,0.2833,0.2822,0.2829,0.2834,0.2843,0.2839,0.2885
1981,10,01,10/01/1981,0.2846,1.0,1981-10-01,0.284,0.2839,0.2833,0.2822,0.2829,0.2834,0.2843,0.2883
1981,10,02,10/02/1981,0.2854,1.0,1981-10-02,0.2846,0.284,0.2839,0.2833,0.2822,0.2829,0.2834,0.2874
1981,10,03,10/03/1981,0.2857,1.0,1981-10-03,0.2854,0.2846,0.284,0.2839,0.2833,0.2822,0.2829,0.2864
1981,10,05,10/05/1981,0.2847,1.0,1981-10-05,0.2857,0.2854,0.2846,0.284,0.2839,0.2833,0.2822,0.2847
1981,10,06,10/06/1981,0.2851,1.0,1981-10-06,0.2847,0.2857,0.2854,0.2846,0.284,0.2839,0.2833,0.2846
1981,10,07,10/07/1981,0.2836,1.0,1981-10-07,0.2851,0.2847,0.2857,0.2854,0.2846,0.284,0.2839,0.2852
1981,10,09,10/09/1981,0.2811,1.0,1981-10-09,0.2836,0.2851,0.2847,0.2857,0.2854,0.2846,0.284,0.2853
1981,10,10,10/10/1981,0.2811,1.0,1981-10-10,0.2811,0.2836,0.2851,0.2847,0.2857,0.2854,0.2846,0.2848
1981,10,11,10/11/1981,0.28,1.0,1981-10-11,0.2811,0.2811,0.2836,0.2851,0.2847,0.2857,0.2854,0.2851
1981,10,13,10/13/1981,0.2809,1.0,1981-10-13,0.28,0.2811,0.2811,0.2836,0.2851,0.2847,0.2857,0.2862
1981,10,14,10/14/1981,0.2828,1.0,1981-10-14,0.2809,0.28,0.2811,0.2811,0.2836,0.2851,0.2847,0.2862
1981,10,15,10/15/1981,0.2834,1.0,1981-10-15,0.2828,0.2809,0.28,0.2811,0.2811,0.2836,0.2851,0.2856
1981,10,17,10/17/1981,0.2854,1.0,1981-10-17,0.2834,0.2828,0.2809,0.28,0.2811,0.2811,0.2836,0.2835
1981,10,18,10/18/1981,0.2854,1.0,1981-10-18,0.2854,0.2834,0.2828,0.2809,0.28,0.2811,0.2811,0.2825
1981,10,19,10/19/1981,0.2851,1.0,1981-10-19,0.2854,0.2854,0.2834,0.2828,0.2809,0.28,0.2811,0.2825
1981,10,21,10/21/1981,0.2833,1.0,1981-10-21,0.2851,0.2854,0.2854,0.2834,0.2828,0.2809,0.28,0.2829
1981,10,22,10/22/1981,0.282,1.0,1981-10-22,0.2833,0.2851,0.2854,0.2854,0.2834,0.2828,0.2809,0.2835
1981,10,23,10/23/1981,0.2815,1.0,1981-10-23,0.282,0.2833,0.2851,0.2854,0.2854,0.2834,0.2828,0.2836
1981,10,25,10/25/1981,0.2812,1.0,1981-10-25,0.2815,0.282,0.2833,0.2851,0.2854,0.2854,0.2834,0.2843
1981,10,26,10/26/1981,0.2813,1.0,1981-10-26,0.2812,0.2815,0.282,0.2833,0.2851,0.2854,0.2854,0.2839
1981,10,27,10/27/1981,0.2809,1.0,1981-10-27,0.2813,0.2812,0.2815,0.282,0.2833,0.2851,0.2854,0.2843
1981,10,29,10/29/1981,0.2832,1.0,1981-10-29,0.2809,0.2813,0.2812,0.2815,0.282,0.2833,0.2851,0.2834
1981,10,30,10/30/1981,0.2847,1.0,1981-10-30,0.2832,0.2809,0.2813,0.2812,0.2815,0.282,0.2833,0.2829
1981,10,31,10/31/1981,0.2858,1.0,1981-10-31,0.2847,0.2832,0.2809,0.2813,0.2812,0.2815,0.282,0.2822
1981,11,02,11/02/1981,0.2851,1.0,1981-11-02,0.2858,0.2847,0.2832,0.2809,0.2813,0.2812,0.2815,0.2833
1981,11,03,11/03/1981,0.2859,1.0,1981-11-03,0.2851,0.2858,0.2847,0.2832,0.2809,0.2813,0.2812,0.2839
1981,11,04,11/04/1981,0.2857,1.0,1981-11-04,0.2859,0.2851,0.2858,0.2847,0.2832,0.2809,0.2813,0.284
1981,11,06,11/06/1981,0.2862,1.0,1981-11-06,0.2857,0.2859,0.2851,0.2858,0.2847,0.2832,0.2809,0.2846
1981,11,07,11/07/1981,0.2854,1.0,1981-11-07,0.2862,0.2857,0.2859,0.2851,0.2858,0.2847,0.2832,0.2854
1981,11,08,11/08/1981,0.2851,1.0,1981-11-08,0.2854,0.2862,0.2857,0.2859,0.2851,0.2858,0.2847,0.2857
1981,11,10,11/10/1981,0.2848,1.0,1981-11-10,0.2851,0.2854,0.2862,0.2857,0.2859,0.2851,0.2858,0.2847
1981,11,11,11/11/1981,0.2848,1.0,1981-11-11,0.2848,0.2851,0.2854,0.2862,0.2857,0.2859,0.2851,0.2851
1981,11,12,11/12/1981,0.2844,1.0,1981-11-12,0.2848,0.2848,0.2851,0.2854,0.2862,0.2857,0.2859,0.2836
1981,11,14,11/14/1981,0.2842,1.0,1981-11-14,0.2844,0.2848,0.2848,0.2851,0.2854,0.2862,0.2857,0.2811
1981,11,15,11/15/1981,0.2835,1.0,1981-11-15,0.2842,0.2844,0.2848,0.2848,0.2851,0.2854,0.2862,0.2811
1981,11,16,11/16/1981,0.2809,1.0,1981-11-16,0.2835,0.2842,0.2844,0.2848,0.2848,0.2851,0.2854,0.28
1981,11,18,11/18/1981,0.2793,1.0,1981-11-18,0.2809,0.2835,0.2842,0.2844,0.2848,0.2848,0.2851,0.2809
1981,11,19,11/19/1981,0.2778,1.0,1981-11-19,0.2793,0.2809,0.2835,0.2842,0.2844,0.2848,0.2848,0.2828
1981,11,20,11/20/1981,0.2774,1.0,1981-11-20,0.2778,0.2793,0.2809,0.2835,0.2842,0.2844,0.2848,0.2834
1981,11,22,11/22/1981,0.2762,1.0,1981-11-22,0.2774,0.2778,0.2793,0.2809,0.2835,0.2842,0.2844,0.2854
1981,11,23,11/23/1981,0.2763,1.0,1981-11-23,0.2762,0.2774,0.2778,0.2793,0.2809,0.2835,0.2842,0.2854
1981,11,24,11/24/1981,0.2772,1.0,1981-11-24,0.2763,0.2762,0.2774,0.2778,0.2793,0.2809,0.2835,0.2851
1981,11,26,11/26/1981,0.279,1.0,1981-11-26,0.2772,0.2763,0.2762,0.2774,0.2778,0.2793,0.2809,0.2833
1981,11,27,11/27/1981,0.2804,1.0,1981-11-27,0.279,0.2772,0.2763,0.2762,0.2774,0.2778,0.2793,0.282
1981,11,28,11/28/1981,0.282,1.0,1981-11-28,0.2804,0.279,0.2772,0.2763,0.2762,0.2774,0.2778,0.2815
1981,11,30,11/30/1981,0.2841,1.0,1981-11-30,0.282,0.2804,0.279,0.2772,0.2763,0.2762,0.2774,0.2812
1981,12,02,12/02/1981,0.2854,1.0,1981-12-02,0.2841,0.282,0.2804,0.279,0.2772,0.2763,0.2762,0.2813
1981,12,04,12/04/1981,0.2859,1.0,1981-12-04,0.2854,0.2841,0.282,0.2804,0.279,0.2772,0.2763,0.2809
1981,12,05,12/05/1981,0.2865,1.0,1981-12-05,0.2859,0.2854,0.2841,0.282,0.2804,0.279,0.2772,0.2832
1981,12,06,12/06/1981,0.2873,1.0,1981-12-06,0.2865,0.2859,0.2854,0.2841,0.282,0.2804,0.279,0.2847
1981,12,08,12/08/1981,0.2879,1.0,1981-12-08,0.2873,0.2865,0.2859,0.2854,0.2841,0.282,0.2804,0.2858
1981,12,09,12/09/1981,0.2892,1.0,1981-12-09,0.2879,0.2873,0.2865,0.2859,0.2854,0.2841,0.282,0.2851
1981,12,10,12/10/1981,0.2893,1.0,1981-12-10,0.2892,0.2879,0.2873,0.2865,0.2859,0.2854,0.2841,0.2859
1981,12,12,12/12/1981,0.2876,1.0,1981-12-12,0.2893,0.2892,0.2879,0.2873,0.2865,0.2859,0.2854,0.2857
1981,12,13,12/13/1981,0.2864,1.0,1981-12-13,0.2876,0.2893,0.2892,0.2879,0.2873,0.2865,0.2859,0.2862
1981,12,14,12/14/1981,0.2823,1.0,1981-12-14,0.2864,0.2876,0.2893,0.2892,0.2879,0.2873,0.2865,0.2854
1981,12,16,12/16/1981,0.2779,1.0,1981-12-16,0.2823,0.2864,0.2876,0.2893,0.2892,0.2879,0.2873,0.2851
1981,12,17,12/17/1981,0.2758,1.0,1981-12-17,0.2779,0.2823,0.2864,0.2876,0.2893,0.2892,0.2879,0.2848
1981,12,18,12/18/1981,0.2751,1.0,1981-12-18,0.2758,0.2779,0.2823,0.2864,0.2876,0.2893,0.2892,0.2848
1981,12,20,12/20/1981,0.2736,1.0,1981-12-20,0.2751,0.2758,0.2779,0.2823,0.2864,0.2876,0.2893,0.2844
1981,12,21,12/21/1981,0.2741,1.0,1981-12-21,0.2736,0.2751,0.2758,0.2779,0.2823,0.2864,0.2876,0.2842
1981,12,22,12/22/1981,0.2754,1.0,1981-12-22,0.2741,0.2736,0.2751,0.2758,0.2779,0.2823,0.2864,0.2835
1981,12,24,12/24/1981,0.2794,1.0,1981-12-24,0.2754,0.2741,0.2736,0.2751,0.2758,0.2779,0.2823,0.2809
1981,12,25,12/25/1981,0.2809,1.0,1981-12-25,0.2794,0.2754,0.2741,0.2736,0.2751,0.2758,0.2779,0.2793
1981,12,26,12/26/1981,0.2819,1.0,1981-12-26,0.2809,0.2794,0.2754,0.2741,0.2736,0.2751,0.2758,0.2778
1981,12,28,12/28/1981,0.2832,1.0,1981-12-28,0.2819,0.2809,0.2794,0.2754,0.2741,0.2736,0.2751,0.2774
1981,12,30,12/30/1981,0.2837,1.0,1981-12-30,0.2832,0.2819,0.2809,0.2794,0.2754,0.2741,0.2736,0.2762
1982,1,01,1/01/1982,0.2825,1.0,1982-01-01,0.2837,0.2832,0.2819,0.2809,0.2794,0.2754,0.2741,0.2763
1982,1,02,1/02/1982,0.2829,1.0,1982-01-02,0.2825,0.2837,0.2832,0.2819,0.2809,0.2794,0.2754,0.2772
1982,1,03,1/03/1982,0.283,1.0,1982-01-03,0.2829,0.2825,0.2837,0.2832,0.2819,0.2809,0.2794,0.279
1982,1,05,1/05/1982,0.2832,1.0,1982-01-05,0.283,0.2829,0.2825,0.2837,0.2832,0.2819,0.2809,0.2804
1982,1,06,1/06/1982,0.2828,1.0,1982-01-06,0.2832,0.283,0.2829,0.2825,0.2837,0.2832,0.2819,0.282
1982,1,07,1/07/1982,0.2824,1.0,1982-01-07,0.2828,0.2832,0.283,0.2829,0.2825,0.2837,0.2832,0.2841
1982,1,10,1/10/1982,0.2777,1.0,1982-01-10,0.2824,0.2828,0.2832,0.283,0.2829,0.2825,0.2837,0.2854
1982,1,11,1/11/1982,0.2761,1.0,1982-01-11,0.2777,0.2824,0.2828,0.2832,0.283,0.2829,0.2825,0.2859
1982,1,13,1/13/1982,0.273,1.0,1982-01-13,0.2761,0.2777,0.2824,0.2828,0.2832,0.283,0.2829,0.2865
1982,1,14,1/14/1982,0.2731,1.0,1982-01-14,0.273,0.2761,0.2777,0.2824,0.2828,0.2832,0.283,0.2873
1982,1,15,1/15/1982,0.273,1.0,1982-01-15,0.2731,0.273,0.2761,0.2777,0.2824,0.2828,0.2832,0.2879
1982,1,17,1/17/1982,0.2754,1.0,1982-01-17,0.273,0.2731,0.273,0.2761,0.2777,0.2824,0.2828,0.2892
1982,1,18,1/18/1982,0.2761,1.0,1982-01-18,0.2754,0.273,0.2731,0.273,0.2761,0.2777,0.2824,0.2893
1982,1,19,1/19/1982,0.2785,1.0,1982-01-19,0.2761,0.2754,0.273,0.2731,0.273,0.2761,0.2777,0.2876
1982,1,21,1/21/1982,0.2794,1.0,1982-01-21,0.2785,0.2761,0.2754,0.273,0.2731,0.273,0.2761,0.2864
1982,1,22,1/22/1982,0.2788,1.0,1982-01-22,0.2794,0.2785,0.2761,0.2754,0.273,0.2731,0.273,0.2823
1982,1,23,1/23/1982,0.2784,1.0,1982-01-23,0.2788,0.2794,0.2785,0.2761,0.2754,0.273,0.2731,0.2779
1982,1,25,1/25/1982,0.2785,1.0,1982-01-25,0.2784,0.2788,0.2794,0.2785,0.2761,0.2754,0.273,0.2758
1982,1,27,1/27/1982,0.2801,1.0,1982-01-27,0.2785,0.2784,0.2788,0.2794,0.2785,0.2761,0.2754,0.2751
1982,1,29,1/29/1982,0.2845,1.0,1982-01-29,0.2801,0.2785,0.2784,0.2788,0.2794,0.2785,0.2761,0.2736
1982,1,30,1/30/1982,0.2859,1.0,1982-01-30,0.2845,0.2801,0.2785,0.2784,0.2788,0.2794,0.2785,0.2741
1982,1,31,1/31/1982,0.2877,1.0,1982-01-31,0.2859,0.2845,0.2801,0.2785,0.2784,0.2788,0.2794,0.2754
1982,2,02,2/02/1982,0.2867,1.0,1982-02-02,0.2877,0.2859,0.2845,0.2801,0.2785,0.2784,0.2788,0.2794
1982,2,03,2/03/1982,0.2875,1.0,1982-02-03,0.2867,0.2877,0.2859,0.2845,0.2801,0.2785,0.2784,0.2809
1982,2,04,2/04/1982,0.2849,1.0,1982-02-04,0.2875,0.2867,0.2877,0.2859,0.2845,0.2801,0.2785,0.2819
1982,2,06,2/06/1982,0.2835,1.0,1982-02-06,0.2849,0.2875,0.2867,0.2877,0.2859,0.2845,0.2801,0.2832
1982,2,07,2/07/1982,0.2821,1.0,1982-02-07,0.2835,0.2849,0.2875,0.2867,0.2877,0.2859,0.2845,0.2837
1982,2,08,2/08/1982,0.2814,1.0,1982-02-08,0.2821,0.2835,0.2849,0.2875,0.2867,0.2877,0.2859,0.2825
1982,2,10,2/10/1982,0.2804,1.0,1982-02-10,0.2814,0.2821,0.2835,0.2849,0.2875,0.2867,0.2877,0.2829
1982,2,11,2/11/1982,0.279,1.0,1982-02-11,0.2804,0.2814,0.2821,0.2835,0.2849,0.2875,0.2867,0.283
1982,2,12,2/12/1982,0.279,1.0,1982-02-12,0.279,0.2804,0.2814,0.2821,0.2835,0.2849,0.2875,0.2832
1982,2,14,2/14/1982,0.2787,1.0,1982-02-14,0.279,0.279,0.2804,0.2814,0.2821,0.2835,0.2849,0.2828
1982,2,15,2/15/1982,0.278,1.0,1982-02-15,0.2787,0.279,0.279,0.2804,0.2814,0.2821,0.2835,0.2824
1982,2,16,2/16/1982,0.2767,1.0,1982-02-16,0.278,0.2787,0.279,0.279,0.2804,0.2814,0.2821,0.2777
1982,2,18,2/18/1982,0.2759,1.0,1982-02-18,0.2767,0.278,0.2787,0.279,0.279,0.2804,0.2814,0.2761
1982,2,19,2/19/1982,0.2759,1.0,1982-02-19,0.2759,0.2767,0.278,0.2787,0.279,0.279,0.2804,0.273
1982,2,20,2/20/1982,0.2764,1.0,1982-02-20,0.2759,0.2759,0.2767,0.278,0.2787,0.279,0.279,0.2731
1982,2,22,2/22/1982,0.2771,1.0,1982-02-22,0.2764,0.2759,0.2759,0.2767,0.278,0.2787,0.279,0.273
1982,2,24,2/24/1982,0.2781,1.0,1982-02-24,0.2771,0.2764,0.2759,0.2759,0.2767,0.278,0.2787,0.2754
1982,2,26,2/26/1982,0.2823,1.0,1982-02-26,0.2781,0.2771,0.2764,0.2759,0.2759,0.2767,0.278,0.2761
1982,2,27,2/27/1982,0.2843,1.0,1982-02-27,0.2823,0.2781,0.2771,0.2764,0.2759,0.2759,0.2767,0.2785
1982,2,28,2/28/1982,0.285,1.0,1982-02-28,0.2843,0.2823,0.2781,0.2771,0.2764,0.2759,0.2759,0.2794
1982,3,03,3/03/1982,0.285,1.0,1982-03-03,0.285,0.2843,0.2823,0.2781,0.2771,0.2764,0.2759,0.2788
1982,3,04,3/04/1982,0.2849,1.0,1982-03-04,0.285,0.285,0.2843,0.2823,0.2781,0.2771,0.2764,0.2784
1982,3,06,3/06/1982,0.2845,1.0,1982-03-06,0.2849,0.285,0.285,0.2843,0.2823,0.2781,0.2771,0.2785
1982,3,07,3/07/1982,0.2846,1.0,1982-03-07,0.2845,0.2849,0.285,0.285,0.2843,0.2823,0.2781,0.2801
1982,3,08,3/08/1982,0.2813,1.0,1982-03-08,0.2846,0.2845,0.2849,0.285,0.285,0.2843,0.2823,0.2845
1982,3,10,3/10/1982,0.2785,1.0,1982-03-10,0.2813,0.2846,0.2845,0.2849,0.285,0.285,0.2843,0.2859
1982,3,12,3/12/1982,0.2796,1.0,1982-03-12,0.2785,0.2813,0.2846,0.2845,0.2849,0.285,0.285,0.2877
1982,3,14,3/14/1982,0.2806,1.0,1982-03-14,0.2796,0.2785,0.2813,0.2846,0.2845,0.2849,0.285,0.2867
1982,3,15,3/15/1982,0.2806,1.0,1982-03-15,0.2806,0.2796,0.2785,0.2813,0.2846,0.2845,0.2849,0.2875
1982,3,16,3/16/1982,0.2804,1.0,1982-03-16,0.2806,0.2806,0.2796,0.2785,0.2813,0.2846,0.2845,0.2849
1982,3,19,3/19/1982,0.2793,1.0,1982-03-19,0.2804,0.2806,0.2806,0.2796,0.2785,0.2813,0.2846,0.2835
1982,3,20,3/20/1982,0.2785,1.0,1982-03-20,0.2793,0.2804,0.2806,0.2806,0.2796,0.2785,0.2813,0.2821
1982,3,22,3/22/1982,0.2774,1.0,1982-03-22,0.2785,0.2793,0.2804,0.2806,0.2806,0.2796,0.2785,0.2814
1982,3,24,3/24/1982,0.2765,1.0,1982-03-24,0.2774,0.2785,0.2793,0.2804,0.2806,0.2806,0.2796,0.2804
1982,3,26,3/26/1982,0.2791,1.0,1982-03-26,0.2765,0.2774,0.2785,0.2793,0.2804,0.2806,0.2806,0.279
1982,3,27,3/27/1982,0.2815,1.0,1982-03-27,0.2791,0.2765,0.2774,0.2785,0.2793,0.2804,0.2806,0.279
1982,3,28,3/28/1982,0.2824,1.0,1982-03-28,0.2815,0.2791,0.2765,0.2774,0.2785,0.2793,0.2804,0.2787
1982,3,30,3/30/1982,0.2836,1.0,1982-03-30,0.2824,0.2815,0.2791,0.2765,0.2774,0.2785,0.2793,0.278
1982,3,31,3/31/1982,0.2817,1.0,1982-03-31,0.2836,0.2824,0.2815,0.2791,0.2765,0.2774,0.2785,0.2767
1982,4,02,4/02/1982,0.2803,1.0,1982-04-02,0.2817,0.2836,0.2824,0.2815,0.2791,0.2765,0.2774,0.2759
1982,4,03,4/03/1982,0.2799,1.0,1982-04-03,0.2803,0.2817,0.2836,0.2824,0.2815,0.2791,0.2765,0.2759
1982,4,04,4/04/1982,0.2788,1.0,1982-04-04,0.2799,0.2803,0.2817,0.2836,0.2824,0.2815,0.2791,0.2764
1982,4,05,4/05/1982,0.2775,1.0,1982-04-05,0.2788,0.2799,0.2803,0.2817,0.2836,0.2824,0.2815,0.2771
1982,4,07,4/07/1982,0.2783,1.0,1982-04-07,0.2775,0.2788,0.2799,0.2803,0.2817,0.2836,0.2824,0.2781
1982,4,09,4/09/1982,0.2795,1.0,1982-04-09,0.2783,0.2775,0.2788,0.2799,0.2803,0.2817,0.2836,0.2823
1982,4,12,4/12/1982,0.2806,1.0,1982-04-12,0.2795,0.2783,0.2775,0.2788,0.2799,0.2803,0.2817,0.2843
1982,4,13,4/13/1982,0.28,1.0,1982-04-13,0.2806,0.2795,0.2783,0.2775,0.2788,0.2799,0.2803,0.285
1982,4,15,4/15/1982,0.2773,1.0,1982-04-15,0.28,0.2806,0.2795,0.2783,0.2775,0.2788,0.2799,0.285
1982,4,16,4/16/1982,0.2755,1.0,1982-04-16,0.2773,0.28,0.2806,0.2795,0.2783,0.2775,0.2788,0.2849
1982,4,17,4/17/1982,0.2739,1.0,1982-04-17,0.2755,0.2773,0.28,0.2806,0.2795,0.2783,0.2775,0.2845
1982,4,19,4/19/1982,0.273,1.0,1982-04-19,0.2739,0.2755,0.2773,0.28,0.2806,0.2795,0.2783,0.2846
1982,4,21,4/21/1982,0.2746,1.0,1982-04-21,0.273,0.2739,0.2755,0.2773,0.28,0.2806,0.2795,0.2813
1982,4,23,4/23/1982,0.2777,1.0,1982-04-23,0.2746,0.273,0.2739,0.2755,0.2773,0.28,0.2806,0.2785
1982,4,24,4/24/1982,0.2786,1.0,1982-04-24,0.2777,0.2746,0.273,0.2739,0.2755,0.2773,0.28,0.2796
1982,4,25,4/25/1982,0.2786,1.0,1982-04-25,0.2786,0.2777,0.2746,0.273,0.2739,0.2755,0.2773,0.2806
1982,4,27,4/27/1982,0.2785,1.0,1982-04-27,0.2786,0.2786,0.2777,0.2746,0.273,0.2739,0.2755,0.2806
1982,4,28,4/28/1982,0.2782,1.0,1982-04-28,0.2785,0.2786,0.2786,0.2777,0.2746,0.273,0.2739,0.2804
1982,4,29,4/29/1982,0.2775,1.0,1982-04-29,0.2782,0.2785,0.2786,0.2786,0.2777,0.2746,0.273,0.2793
1982,5,01,5/01/1982,0.2761,1.0,1982-05-01,0.2775,0.2782,0.2785,0.2786,0.2786,0.2777,0.2746,0.2785
1982,5,03,5/03/1982,0.2758,1.0,1982-05-03,0.2761,0.2775,0.2782,0.2785,0.2786,0.2786,0.2777,0.2774
1982,5,05,5/05/1982,0.2777,1.0,1982-05-05,0.2758,0.2761,0.2775,0.2782,0.2785,0.2786,0.2786,0.2765
1982,5,07,5/07/1982,0.2778,1.0,1982-05-07,0.2777,0.2758,0.2761,0.2775,0.2782,0.2785,0.2786,0.2791
1982,5,09,5/09/1982,0.2768,1.0,1982-05-09,0.2778,0.2777,0.2758,0.2761,0.2775,0.2782,0.2785,0.2815
1982,5,11,5/11/1982,0.2753,1.0,1982-05-11,0.2768,0.2778,0.2777,0.2758,0.2761,0.2775,0.2782,0.2824
1982,5,13,5/13/1982,0.273,1.0,1982-05-13,0.2753,0.2768,0.2778,0.2777,0.2758,0.2761,0.2775,0.2836
1982,5,14,5/14/1982,0.2723,1.0,1982-05-14,0.273,0.2753,0.2768,0.2778,0.2777,0.2758,0.2761,0.2817
1982,5,15,5/15/1982,0.2725,1.0,1982-05-15,0.2723,0.273,0.2753,0.2768,0.2778,0.2777,0.2758,0.2803
1982,5,17,5/17/1982,0.2741,1.0,1982-05-17,0.2725,0.2723,0.273,0.2753,0.2768,0.2778,0.2777,0.2799
1982,5,19,5/19/1982,0.2763,1.0,1982-05-19,0.2741,0.2725,0.2723,0.273,0.2753,0.2768,0.2778,0.2788
1982,5,21,5/21/1982,0.2774,1.0,1982-05-21,0.2763,0.2741,0.2725,0.2723,0.273,0.2753,0.2768,0.2775
1982,5,22,5/22/1982,0.2774,1.0,1982-05-22,0.2774,0.2763,0.2741,0.2725,0.2723,0.273,0.2753,0.2783
1982,5,23,5/23/1982,0.2771,1.0,1982-05-23,0.2774,0.2774,0.2763,0.2741,0.2725,0.2723,0.273,0.2795
1982,5,25,5/25/1982,0.2767,1.0,1982-05-25,0.2771,0.2774,0.2774,0.2763,0.2741,0.2725,0.2723,0.2806
1982,5,27,5/27/1982,0.2763,1.0,1982-05-27,0.2767,0.2771,0.2774,0.2774,0.2763,0.2741,0.2725,0.28
1982,5,29,5/29/1982,0.2762,1.0,1982-05-29,0.2763,0.2767,0.2771,0.2774,0.2774,0.2763,0.2741,0.2773
1982,5,30,5/30/1982,0.2758,1.0,1982-05-30,0.2762,0.2763,0.2767,0.2771,0.2774,0.2774,0.2763,0.2755
1982,5,31,5/31/1982,0.2757,1.0,1982-05-31,0.2758,0.2762,0.2763,0.2767,0.2771,0.2774,0.2774,0.2739
1982,6,02,6/02/1982,0.2752,1.0,1982-06-02,0.2757,0.2758,0.2762,0.2763,0.2767,0.2771,0.2774,0.273
1982,6,03,6/03/1982,0.2759,1.0,1982-06-03,0.2752,0.2757,0.2758,0.2762,0.2763,0.2767,0.2771,0.2746
1982,6,04,6/04/1982,0.2758,1.0,1982-06-04,0.2759,0.2752,0.2757,0.2758,0.2762,0.2763,0.2767,0.2777
1982,6,06,6/06/1982,0.2751,1.0,1982-06-06,0.2758,0.2759,0.2752,0.2757,0.2758,0.2762,0.2763,0.2786
1982,6,07,6/07/1982,0.275,1.0,1982-06-07,0.2751,0.2758,0.2759,0.2752,0.2757,0.2758,0.2762,0.2786
1982,6,08,6/08/1982,0.2747,1.0,1982-06-08,0.275,0.2751,0.2758,0.2759,0.2752,0.2757,0.2758,0.2785
1982,6,10,6/10/1982,0.275,1.0,1982-06-10,0.2747,0.275,0.2751,0.2758,0.2759,0.2752,0.2757,0.2782
1982,6,11,6/11/1982,0.2748,1.0,1982-06-11,0.275,0.2747,0.275,0.2751,0.2758,0.2759,0.2752,0.2775
1982,6,12,6/12/1982,0.2757,1.0,1982-06-12,0.2748,0.275,0.2747,0.275,0.2751,0.2758,0.2759,0.2761
1982,6,14,6/14/1982,0.2765,1.0,1982-06-14,0.2757,0.2748,0.275,0.2747,0.275,0.2751,0.2758,0.2758
1982,6,15,6/15/1982,0.2775,1.0,1982-06-15,0.2765,0.2757,0.2748,0.275,0.2747,0.275,0.2751,0.2777
1982,6,16,6/16/1982,0.2778,1.0,1982-06-16,0.2775,0.2765,0.2757,0.2748,0.275,0.2747,0.275,0.2778
1982,6,18,6/18/1982,0.2788,1.0,1982-06-18,0.2778,0.2775,0.2765,0.2757,0.2748,0.275,0.2747,0.2768
1982,6,20,6/20/1982,0.2791,1.0,1982-06-20,0.2788,0.2778,0.2775,0.2765,0.2757,0.2748,0.275,0.2753
1982,6,22,6/22/1982,0.2787,1.0,1982-06-22,0.2791,0.2788,0.2778,0.2775,0.2765,0.2757,0.2748,0.273
1982,6,24,6/24/1982,0.2767,1.0,1982-06-24,0.2787,0.2791,0.2788,0.2778,0.2775,0.2765,0.2757,0.2723
1982,6,26,6/26/1982,0.2742,1.0,1982-06-26,0.2767,0.2787,0.2791,0.2788,0.2778,0.2775,0.2765,0.2725
1982,6,28,6/28/1982,0.2733,1.0,1982-06-28,0.2742,0.2767,0.2787,0.2791,0.2788,0.2778,0.2775,0.2741
1982,6,30,6/30/1982,0.2738,1.0,1982-06-30,0.2733,0.2742,0.2767,0.2787,0.2791,0.2788,0.2778,0.2763
1982,7,01,7/01/1982,0.2738,1.0,1982-07-01,0.2738,0.2733,0.2742,0.2767,0.2787,0.2791,0.2788,0.2774
1982,7,02,7/02/1982,0.2734,1.0,1982-07-02,0.2738,0.2738,0.2733,0.2742,0.2767,0.2787,0.2791,0.2774
1982,7,04,7/04/1982,0.273,1.0,1982-07-04,0.2734,0.2738,0.2738,0.2733,0.2742,0.2767,0.2787,0.2771
1982,7,06,7/06/1982,0.2727,1.0,1982-07-06,0.273,0.2734,0.2738,0.2738,0.2733,0.2742,0.2767,0.2767
1982,7,08,7/08/1982,0.2725,1.0,1982-07-08,0.2727,0.273,0.2734,0.2738,0.2738,0.2733,0.2742,0.2763
1982,7,09,7/09/1982,0.2738,1.0,1982-07-09,0.2725,0.2727,0.273,0.2734,0.2738,0.2738,0.2733,0.2762
1982,7,10,7/10/1982,0.2766,1.0,1982-07-10,0.2738,0.2725,0.2727,0.273,0.2734,0.2738,0.2738,0.2758
1982,7,12,7/12/1982,0.2786,1.0,1982-07-12,0.2766,0.2738,0.2725,0.2727,0.273,0.2734,0.2738,0.2757
1982,7,13,7/13/1982,0.2808,1.0,1982-07-13,0.2786,0.2766,0.2738,0.2725,0.2727,0.273,0.2734,0.2752
1982,7,16,7/16/1982,0.2865,1.0,1982-07-16,0.2808,0.2786,0.2766,0.2738,0.2725,0.2727,0.273,0.2759
1982,7,17,7/17/1982,0.2862,1.0,1982-07-17,0.2865,0.2808,0.2786,0.2766,0.2738,0.2725,0.2727,0.2758
1982,7,18,7/18/1982,0.2863,1.0,1982-07-18,0.2862,0.2865,0.2808,0.2786,0.2766,0.2738,0.2725,0.2751
1982,7,20,7/20/1982,0.2811,1.0,1982-07-20,0.2863,0.2862,0.2865,0.2808,0.2786,0.2766,0.2738,0.275
1982,7,21,7/21/1982,0.2788,1.0,1982-07-21,0.2811,0.2863,0.2862,0.2865,0.2808,0.2786,0.2766,0.2747
1982,7,22,7/22/1982,0.2742,1.0,1982-07-22,0.2788,0.2811,0.2863,0.2862,0.2865,0.2808,0.2786,0.275
1982,7,24,7/24/1982,0.2715,1.0,1982-07-24,0.2742,0.2788,0.2811,0.2863,0.2862,0.2865,0.2808,0.2748
1982,7,26,7/26/1982,0.2705,1.0,1982-07-26,0.2715,0.2742,0.2788,0.2811,0.2863,0.2862,0.2865,0.2757
1982,7,28,7/28/1982,0.2697,1.0,1982-07-28,0.2705,0.2715,0.2742,0.2788,0.2811,0.2863,0.2862,0.2765
1982,7,29,7/29/1982,0.2693,1.0,1982-07-29,0.2697,0.2705,0.2715,0.2742,0.2788,0.2811,0.2863,0.2775
1982,7,30,7/30/1982,0.2705,1.0,1982-07-30,0.2693,0.2697,0.2705,0.2715,0.2742,0.2788,0.2811,0.2778
1982,8,01,8/01/1982,0.2716,1.0,1982-08-01,0.2705,0.2693,0.2697,0.2705,0.2715,0.2742,0.2788,0.2788
1982,8,03,8/03/1982,0.272,1.0,1982-08-03,0.2716,0.2705,0.2693,0.2697,0.2705,0.2715,0.2742,0.2791
1982,8,05,8/05/1982,0.2749,1.0,1982-08-05,0.272,0.2716,0.2705,0.2693,0.2697,0.2705,0.2715,0.2787
1982,8,06,8/06/1982,0.2785,1.0,1982-08-06,0.2749,0.272,0.2716,0.2705,0.2693,0.2697,0.2705,0.2767
1982,8,07,8/07/1982,0.2817,1.0,1982-08-07,0.2785,0.2749,0.272,0.2716,0.2705,0.2693,0.2697,0.2742
1982,8,09,8/09/1982,0.2843,1.0,1982-08-09,0.2817,0.2785,0.2749,0.272,0.2716,0.2705,0.2693,0.2733
1982,8,10,8/10/1982,0.2856,1.0,1982-08-10,0.2843,0.2817,0.2785,0.2749,0.272,0.2716,0.2705,0.2738
1982,8,11,8/11/1982,0.2861,1.0,1982-08-11,0.2856,0.2843,0.2817,0.2785,0.2749,0.272,0.2716,0.2738
1982,8,13,8/13/1982,0.2845,1.0,1982-08-13,0.2861,0.2856,0.2843,0.2817,0.2785,0.2749,0.272,0.2734
1982,8,14,8/14/1982,0.2827,1.0,1982-08-14,0.2845,0.2861,0.2856,0.2843,0.2817,0.2785,0.2749,0.273
1982,8,15,8/15/1982,0.2806,1.0,1982-08-15,0.2827,0.2845,0.2861,0.2856,0.2843,0.2817,0.2785,0.2727
1982,8,17,8/17/1982,0.2757,1.0,1982-08-17,0.2806,0.2827,0.2845,0.2861,0.2856,0.2843,0.2817,0.2725
1982,8,19,8/19/1982,0.2747,1.0,1982-08-19,0.2757,0.2806,0.2827,0.2845,0.2861,0.2856,0.2843,0.2738
1982,8,21,8/21/1982,0.2726,1.0,1982-08-21,0.2747,0.2757,0.2806,0.2827,0.2845,0.2861,0.2856,0.2766
1982,8,23,8/23/1982,0.2719,1.0,1982-08-23,0.2726,0.2747,0.2757,0.2806,0.2827,0.2845,0.2861,0.2786
1982,8,25,8/25/1982,0.2729,1.0,1982-08-25,0.2719,0.2726,0.2747,0.2757,0.2806,0.2827,0.2845,0.2808
1982,8,27,8/27/1982,0.274,1.0,1982-08-27,0.2729,0.2719,0.2726,0.2747,0.2757,0.2806,0.2827,0.2865
1982,8,30,8/30/1982,0.2753,1.0,1982-08-30,0.274,0.2729,0.2719,0.2726,0.2747,0.2757,0.2806,0.2862
1982,8,31,8/31/1982,0.2766,1.0,1982-08-31,0.2753,0.274,0.2729,0.2719,0.2726,0.2747,0.2757,0.2863
1982,9,02,9/02/1982,0.2784,1.0,1982-09-02,0.2766,0.2753,0.274,0.2729,0.2719,0.2726,0.2747,0.2811
1982,9,03,9/03/1982,0.2801,1.0,1982-09-03,0.2784,0.2766,0.2753,0.274,0.2729,0.2719,0.2726,0.2788
1982,9,04,9/04/1982,0.2817,1.0,1982-09-04,0.2801,0.2784,0.2766,0.2753,0.274,0.2729,0.2719,0.2742
1982,9,06,9/06/1982,0.2819,1.0,1982-09-06,0.2817,0.2801,0.2784,0.2766,0.2753,0.274,0.2729,0.2715
1982,9,08,9/08/1982,0.2823,1.0,1982-09-08,0.2819,0.2817,0.2801,0.2784,0.2766,0.2753,0.274,0.2705
1982,9,10,9/10/1982,0.2793,1.0,1982-09-10,0.2823,0.2819,0.2817,0.2801,0.2784,0.2766,0.2753,0.2697
1982,9,12,9/12/1982,0.2771,1.0,1982-09-12,0.2793,0.2823,0.2819,0.2817,0.2801,0.2784,0.2766,0.2693
1982,9,14,9/14/1982,0.2743,1.0,1982-09-14,0.2771,0.2793,0.2823,0.2819,0.2817,0.2801,0.2784,0.2705
1982,9,15,9/15/1982,0.2746,1.0,1982-09-15,0.2743,0.2771,0.2793,0.2823,0.2819,0.2817,0.2801,0.2716
1982,9,16,9/16/1982,0.2742,1.0,1982-09-16,0.2746,0.2743,0.2771,0.2793,0.2823,0.2819,0.2817,0.272
1982,9,18,9/18/1982,0.2747,1.0,1982-09-18,0.2742,0.2746,0.2743,0.2771,0.2793,0.2823,0.2819,0.2749
1982,9,20,9/20/1982,0.2749,1.0,1982-09-20,0.2747,0.2742,0.2746,0.2743,0.2771,0.2793,0.2823,0.2785
1982,9,22,9/22/1982,0.2754,1.0,1982-09-22,0.2749,0.2747,0.2742,0.2746,0.2743,0.2771,0.2793,0.2817
1982,9,23,9/23/1982,0.2756,1.0,1982-09-23,0.2754,0.2749,0.2747,0.2742,0.2746,0.2743,0.2771,0.2843
1982,9,24,9/24/1982,0.2764,1.0,1982-09-24,0.2756,0.2754,0.2749,0.2747,0.2742,0.2746,0.2743,0.2856
1982,9,26,9/26/1982,0.279,1.0,1982-09-26,0.2764,0.2756,0.2754,0.2749,0.2747,0.2742,0.2746,0.2861
1982,9,28,9/28/1982,0.2813,1.0,1982-09-28,0.279,0.2764,0.2756,0.2754,0.2749,0.2747,0.2742,0.2845
1982,9,30,9/30/1982,0.284,1.0,1982-09-30,0.2813,0.279,0.2764,0.2756,0.2754,0.2749,0.2747,0.2827
1982,10,01,10/01/1982,0.2844,1.0,1982-10-01,0.284,0.2813,0.279,0.2764,0.2756,0.2754,0.2749,0.2806
1982,10,02,10/02/1982,0.2838,1.0,1982-10-02,0.2844,0.284,0.2813,0.279,0.2764,0.2756,0.2754,0.2757
1982,10,04,10/04/1982,0.2816,1.0,1982-10-04,0.2838,0.2844,0.284,0.2813,0.279,0.2764,0.2756,0.2747
1982,10,06,10/06/1982,0.2779,1.0,1982-10-06,0.2816,0.2838,0.2844,0.284,0.2813,0.279,0.2764,0.2726
1982,10,08,10/08/1982,0.275,1.0,1982-10-08,0.2779,0.2816,0.2838,0.2844,0.284,0.2813,0.279,0.2719
1982,10,10,10/10/1982,0.2747,1.0,1982-10-10,0.275,0.2779,0.2816,0.2838,0.2844,0.284,0.2813,0.2729
1982,10,12,10/12/1982,0.2742,1.0,1982-10-12,0.2747,0.275,0.2779,0.2816,0.2838,0.2844,0.284,0.274
1982,10,13,10/13/1982,0.2753,1.0,1982-10-13,0.2742,0.2747,0.275,0.2779,0.2816,0.2838,0.2844,0.2753
1982,10,14,10/14/1982,0.2757,1.0,1982-10-14,0.2753,0.2742,0.2747,0.275,0.2779,0.2816,0.2838,0.2766
1982,10,16,10/16/1982,0.2749,1.0,1982-10-16,0.2757,0.2753,0.2742,0.2747,0.275,0.2779,0.2816,0.2784
1982,10,18,10/18/1982,0.2738,1.0,1982-10-18,0.2749,0.2757,0.2753,0.2742,0.2747,0.275,0.2779,0.2801
1982,10,20,10/20/1982,0.2742,1.0,1982-10-20,0.2738,0.2749,0.2757,0.2753,0.2742,0.2747,0.275,0.2817
1982,10,22,10/22/1982,0.2765,1.0,1982-10-22,0.2742,0.2738,0.2749,0.2757,0.2753,0.2742,0.2747,0.2819
1982,10,24,10/24/1982,0.2794,1.0,1982-10-24,0.2765,0.2742,0.2738,0.2749,0.2757,0.2753,0.2742,0.2823
1982,10,25,10/25/1982,0.2811,1.0,1982-10-25,0.2794,0.2765,0.2742,0.2738,0.2749,0.2757,0.2753,0.2793
1982,10,26,10/26/1982,0.2832,1.0,1982-10-26,0.2811,0.2794,0.2765,0.2742,0.2738,0.2749,0.2757,0.2771
1982,10,28,10/28/1982,0.2826,1.0,1982-10-28,0.2832,0.2811,0.2794,0.2765,0.2742,0.2738,0.2749,0.2743
1982,10,29,10/29/1982,0.2821,1.0,1982-10-29,0.2826,0.2832,0.2811,0.2794,0.2765,0.2742,0.2738,0.2746
1982,10,30,10/30/1982,0.2809,1.0,1982-10-30,0.2821,0.2826,0.2832,0.2811,0.2794,0.2765,0.2742,0.2742
1982,11,01,11/01/1982,0.279,1.0,1982-11-01,0.2809,0.2821,0.2826,0.2832,0.2811,0.2794,0.2765,0.2747
1982,11,03,11/03/1982,0.2769,1.0,1982-11-03,0.279,0.2809,0.2821,0.2826,0.2832,0.2811,0.2794,0.2749
1982,11,06,11/06/1982,0.2764,1.0,1982-11-06,0.2769,0.279,0.2809,0.2821,0.2826,0.2832,0.2811,0.2754
1982,11,10,11/10/1982,0.2767,1.0,1982-11-10,0.2764,0.2769,0.279,0.2809,0.2821,0.2826,0.2832,0.2756
1982,11,11,11/11/1982,0.2764,1.0,1982-11-11,0.2767,0.2764,0.2769,0.279,0.2809,0.2821,0.2826,0.2764
1982,11,13,11/13/1982,0.2762,1.0,1982-11-13,0.2764,0.2767,0.2764,0.2769,0.279,0.2809,0.2821,0.279
1982,11,15,11/15/1982,0.275,1.0,1982-11-15,0.2762,0.2764,0.2767,0.2764,0.2769,0.279,0.2809,0.2813
1982,11,17,11/17/1982,0.2748,1.0,1982-11-17,0.275,0.2762,0.2764,0.2767,0.2764,0.2769,0.279,0.284
1982,11,18,11/18/1982,0.2753,1.0,1982-11-18,0.2748,0.275,0.2762,0.2764,0.2767,0.2764,0.2769,0.2844
1982,11,19,11/19/1982,0.2763,1.0,1982-11-19,0.2753,0.2748,0.275,0.2762,0.2764,0.2767,0.2764,0.2838
1982,11,21,11/21/1982,0.2782,1.0,1982-11-21,0.2763,0.2753,0.2748,0.275,0.2762,0.2764,0.2767,0.2816
1982,11,22,11/22/1982,0.2787,1.0,1982-11-22,0.2782,0.2763,0.2753,0.2748,0.275,0.2762,0.2764,0.2779
1982,11,23,11/23/1982,0.2791,1.0,1982-11-23,0.2787,0.2782,0.2763,0.2753,0.2748,0.275,0.2762,0.275
1982,11,25,11/25/1982,0.2782,1.0,1982-11-25,0.2791,0.2787,0.2782,0.2763,0.2753,0.2748,0.275,0.2747
1982,11,26,11/26/1982,0.2779,1.0,1982-11-26,0.2782,0.2791,0.2787,0.2782,0.2763,0.2753,0.2748,0.2742
1982,11,27,11/27/1982,0.2777,1.0,1982-11-27,0.2779,0.2782,0.2791,0.2787,0.2782,0.2763,0.2753,0.2753
1982,11,29,11/29/1982,0.277,1.0,1982-11-29,0.2777,0.2779,0.2782,0.2791,0.2787,0.2782,0.2763,0.2757
1982,11,30,11/30/1982,0.277,1.0,1982-11-30,0.277,0.2777,0.2779,0.2782,0.2791,0.2787,0.2782,0.2749
1982,12,01,12/01/1982,0.2768,1.0,1982-12-01,0.277,0.277,0.2777,0.2779,0.2782,0.2791,0.2787,0.2738
1982,12,03,12/03/1982,0.2778,1.0,1982-12-03,0.2768,0.277,0.277,0.2777,0.2779,0.2782,0.2791,0.2742
1982,12,05,12/05/1982,0.2784,1.0,1982-12-05,0.2778,0.2768,0.277,0.277,0.2777,0.2779,0.2782,0.2765
1982,12,07,12/07/1982,0.2799,1.0,1982-12-07,0.2784,0.2778,0.2768,0.277,0.277,0.2777,0.2779,0.2794
1982,12,09,12/09/1982,0.2817,1.0,1982-12-09,0.2799,0.2784,0.2778,0.2768,0.277,0.277,0.2777,0.2811
1982,12,11,12/11/1982,0.2834,1.0,1982-12-11,0.2817,0.2799,0.2784,0.2778,0.2768,0.277,0.277,0.2832
1982,12,13,12/13/1982,0.2843,1.0,1982-12-13,0.2834,0.2817,0.2799,0.2784,0.2778,0.2768,0.277,0.2826
1982,12,15,12/15/1982,0.2833,1.0,1982-12-15,0.2843,0.2834,0.2817,0.2799,0.2784,0.2778,0.2768,0.2821
1982,12,17,12/17/1982,0.2809,1.0,1982-12-17,0.2833,0.2843,0.2834,0.2817,0.2799,0.2784,0.2778,0.2809
1982,12,19,12/19/1982,0.2776,1.0,1982-12-19,0.2809,0.2833,0.2843,0.2834,0.2817,0.2799,0.2784,0.279
1982,12,21,12/21/1982,0.2748,1.0,1982-12-21,0.2776,0.2809,0.2833,0.2843,0.2834,0.2817,0.2799,0.2769
1982,12,23,12/23/1982,0.275,1.0,1982-12-23,0.2748,0.2776,0.2809,0.2833,0.2843,0.2834,0.2817,0.2764
1982,12,24,12/24/1982,0.2758,1.0,1982-12-24,0.275,0.2748,0.2776,0.2809,0.2833,0.2843,0.2834,0.2767
1982,12,25,12/25/1982,0.2773,1.0,1982-12-25,0.2758,0.275,0.2748,0.2776,0.2809,0.2833,0.2843,0.2764
1982,12,27,12/27/1982,0.2778,1.0,1982-12-27,0.2773,0.2758,0.275,0.2748,0.2776,0.2809,0.2833,0.2762
1982,12,28,12/28/1982,0.2773,1.0,1982-12-28,0.2778,0.2773,0.2758,0.275,0.2748,0.2776,0.2809,0.275
1982,12,29,12/29/1982,0.2764,1.0,1982-12-29,0.2773,0.2778,0.2773,0.2758,0.275,0.2748,0.2776,0.2748
1982,12,31,12/31/1982,0.2756,1.0,1982-12-31,0.2764,0.2773,0.2778,0.2773,0.2758,0.275,0.2748,0.2753
1983,1,01,1/01/1983,0.2748,1.0,1983-01-01,0.2756,0.2764,0.2773,0.2778,0.2773,0.2758,0.275,0.2763
1983,1,02,1/02/1983,0.2741,1.0,1983-01-02,0.2748,0.2756,0.2764,0.2773,0.2778,0.2773,0.2758,0.2782
1983,1,04,1/04/1983,0.2739,1.0,1983-01-04,0.2741,0.2748,0.2756,0.2764,0.2773,0.2778,0.2773,0.2787
1983,1,05,1/05/1983,0.2755,1.0,1983-01-05,0.2739,0.2741,0.2748,0.2756,0.2764,0.2773,0.2778,0.2791
1983,1,06,1/06/1983,0.2769,1.0,1983-01-06,0.2755,0.2739,0.2741,0.2748,0.2756,0.2764,0.2773,0.2782
1983,1,08,1/08/1983,0.2796,1.0,1983-01-08,0.2769,0.2755,0.2739,0.2741,0.2748,0.2756,0.2764,0.2779
1983,1,10,1/10/1983,0.2787,1.0,1983-01-10,0.2796,0.2769,0.2755,0.2739,0.2741,0.2748,0.2756,0.2777
1983,1,12,1/12/1983,0.2771,1.0,1983-01-12,0.2787,0.2796,0.2769,0.2755,0.2739,0.2741,0.2748,0.277
1983,1,14,1/14/1983,0.276,1.0,1983-01-14,0.2771,0.2787,0.2796,0.2769,0.2755,0.2739,0.2741,0.277
1983,1,15,1/15/1983,0.2751,1.0,1983-01-15,0.276,0.2771,0.2787,0.2796,0.2769,0.2755,0.2739,0.2768
1983,1,16,1/16/1983,0.2742,1.0,1983-01-16,0.2751,0.276,0.2771,0.2787,0.2796,0.2769,0.2755,0.2778
1983,1,17,1/17/1983,0.2734,1.0,1983-01-17,0.2742,0.2751,0.276,0.2771,0.2787,0.2796,0.2769,0.2784
1983,1,18,1/18/1983,0.2739,1.0,1983-01-18,0.2734,0.2742,0.2751,0.276,0.2771,0.2787,0.2796,0.2799
1983,1,21,1/21/1983,0.2733,1.0,1983-01-21,0.2739,0.2734,0.2742,0.2751,0.276,0.2771,0.2787,0.2817
1983,1,22,1/22/1983,0.2734,1.0,1983-01-22,0.2733,0.2739,0.2734,0.2742,0.2751,0.276,0.2771,0.2834
1983,1,25,1/25/1983,0.272,1.0,1983-01-25,0.2734,0.2733,0.2739,0.2734,0.2742,0.2751,0.276,0.2843
1983,1,26,1/26/1983,0.2729,1.0,1983-01-26,0.272,0.2734,0.2733,0.2739,0.2734,0.2742,0.2751,0.2833
1983,1,29,1/29/1983,0.2745,1.0,1983-01-29,0.2729,0.272,0.2734,0.2733,0.2739,0.2734,0.2742,0.2809
1983,1,30,1/30/1983,0.2753,1.0,1983-01-30,0.2745,0.2729,0.272,0.2734,0.2733,0.2739,0.2734,0.2776
1983,2,02,2/02/1983,0.2772,1.0,1983-02-02,0.2753,0.2745,0.2729,0.272,0.2734,0.2733,0.2739,0.2748
1983,2,03,2/03/1983,0.2777,1.0,1983-02-03,0.2772,0.2753,0.2745,0.2729,0.272,0.2734,0.2733,0.275
1983,2,05,2/05/1983,0.2767,1.0,1983-02-05,0.2777,0.2772,0.2753,0.2745,0.2729,0.272,0.2734,0.2758
1983,2,07,2/07/1983,0.2748,1.0,1983-02-07,0.2767,0.2777,0.2772,0.2753,0.2745,0.2729,0.272,0.2773
1983,2,09,2/09/1983,0.2728,1.0,1983-02-09,0.2748,0.2767,0.2777,0.2772,0.2753,0.2745,0.2729,0.2778
1983,2,11,2/11/1983,0.2716,1.0,1983-02-11,0.2728,0.2748,0.2767,0.2777,0.2772,0.2753,0.2745,0.2773
1983,2,14,2/14/1983,0.2695,1.0,1983-02-14,0.2716,0.2728,0.2748,0.2767,0.2777,0.2772,0.2753,0.2764
1983,2,15,2/15/1983,0.2689,1.0,1983-02-15,0.2695,0.2716,0.2728,0.2748,0.2767,0.2777,0.2772,0.2756
1983,2,17,2/17/1983,0.2696,1.0,1983-02-17,0.2689,0.2695,0.2716,0.2728,0.2748,0.2767,0.2777,0.2748
1983,2,18,2/18/1983,0.2701,1.0,1983-02-18,0.2696,0.2689,0.2695,0.2716,0.2728,0.2748,0.2767,0.2741
1983,2,19,2/19/1983,0.2699,1.0,1983-02-19,0.2701,0.2696,0.2689,0.2695,0.2716,0.2728,0.2748,0.2739
1983,2,21,2/21/1983,0.2699,1.0,1983-02-21,0.2699,0.2701,0.2696,0.2689,0.2695,0.2716,0.2728,0.2755
1983,2,23,2/23/1983,0.2709,1.0,1983-02-23,0.2699,0.2699,0.2701,0.2696,0.2689,0.2695,0.2716,0.2769
1983,2,25,2/25/1983,0.2715,1.0,1983-02-25,0.2709,0.2699,0.2699,0.2701,0.2696,0.2689,0.2695,0.2796
1983,2,26,2/26/1983,0.2724,1.0,1983-02-26,0.2715,0.2709,0.2699,0.2699,0.2701,0.2696,0.2689,0.2787
1983,2,27,2/27/1983,0.274,1.0,1983-02-27,0.2724,0.2715,0.2709,0.2699,0.2699,0.2701,0.2696,0.2771
1983,3,01,3/01/1983,0.2754,1.0,1983-03-01,0.274,0.2724,0.2715,0.2709,0.2699,0.2699,0.2701,0.276
1983,3,02,3/02/1983,0.2755,1.0,1983-03-02,0.2754,0.274,0.2724,0.2715,0.2709,0.2699,0.2699,0.2751
1983,3,03,3/03/1983,0.2756,1.0,1983-03-03,0.2755,0.2754,0.274,0.2724,0.2715,0.2709,0.2699,0.2742
1983,3,06,3/06/1983,0.2753,1.0,1983-03-06,0.2756,0.2755,0.2754,0.274,0.2724,0.2715,0.2709,0.2734
1983,3,07,3/07/1983,0.2734,1.0,1983-03-07,0.2753,0.2756,0.2755,0.2754,0.274,0.2724,0.2715,0.2739
1983,3,09,3/09/1983,0.2716,1.0,1983-03-09,0.2734,0.2753,0.2756,0.2755,0.2754,0.274,0.2724,0.2733
1983,3,11,3/11/1983,0.2699,1.0,1983-03-11,0.2716,0.2734,0.2753,0.2756,0.2755,0.2754,0.274,0.2734
1983,3,13,3/13/1983,0.2687,1.0,1983-03-13,0.2699,0.2716,0.2734,0.2753,0.2756,0.2755,0.2754,0.272
1983,3,14,3/14/1983,0.2684,1.0,1983-03-14,0.2687,0.2699,0.2716,0.2734,0.2753,0.2756,0.2755,0.2729
1983,3,15,3/15/1983,0.2694,1.0,1983-03-15,0.2684,0.2687,0.2699,0.2716,0.2734,0.2753,0.2756,0.2745
1983,3,17,3/17/1983,0.2708,1.0,1983-03-17,0.2694,0.2684,0.2687,0.2699,0.2716,0.2734,0.2753,0.2753
1983,3,19,3/19/1983,0.2718,1.0,1983-03-19,0.2708,0.2694,0.2684,0.2687,0.2699,0.2716,0.2734,0.2772
1983,3,21,3/21/1983,0.2714,1.0,1983-03-21,0.2718,0.2708,0.2694,0.2684,0.2687,0.2699,0.2716,0.2777
1983,3,22,3/22/1983,0.272,1.0,1983-03-22,0.2714,0.2718,0.2708,0.2694,0.2684,0.2687,0.2699,0.2767
1983,3,23,3/23/1983,0.2717,1.0,1983-03-23,0.272,0.2714,0.2718,0.2708,0.2694,0.2684,0.2687,0.2748
1983,3,25,3/25/1983,0.2716,1.0,1983-03-25,0.2717,0.272,0.2714,0.2718,0.2708,0.2694,0.2684,0.2728
1983,3,27,3/27/1983,0.2715,1.0,1983-03-27,0.2716,0.2717,0.272,0.2714,0.2718,0.2708,0.2694,0.2716
1983,3,29,3/29/1983,0.2716,1.0,1983-03-29,0.2715,0.2716,0.2717,0.272,0.2714,0.2718,0.2708,0.2695
1983,3,30,3/30/1983,0.2726,1.0,1983-03-30,0.2716,0.2715,0.2716,0.2717,0.272,0.2714,0.2718,0.2689
1983,3,31,3/31/1983,0.272,1.0,1983-03-31,0.2726,0.2716,0.2715,0.2716,0.2717,0.272,0.2714,0.2696
1983,4,02,4/02/1983,0.2713,1.0,1983-04-02,0.272,0.2726,0.2716,0.2715,0.2716,0.2717,0.272,0.2701
1983,4,03,4/03/1983,0.2716,1.0,1983-04-03,0.2713,0.272,0.2726,0.2716,0.2715,0.2716,0.2717,0.2699
1983,4,04,4/04/1983,0.2703,1.0,1983-04-04,0.2716,0.2713,0.272,0.2726,0.2716,0.2715,0.2716,0.2699
1983,4,06,4/06/1983,0.2697,1.0,1983-04-06,0.2703,0.2716,0.2713,0.272,0.2726,0.2716,0.2715,0.2709
1983,4,07,4/07/1983,0.2692,1.0,1983-04-07,0.2697,0.2703,0.2716,0.2713,0.272,0.2726,0.2716,0.2715
1983,4,10,4/10/1983,0.2693,1.0,1983-04-10,0.2692,0.2697,0.2703,0.2716,0.2713,0.272,0.2726,0.2724
1983,4,11,4/11/1983,0.2707,1.0,1983-04-11,0.2693,0.2692,0.2697,0.2703,0.2716,0.2713,0.272,0.274
1983,4,12,4/12/1983,0.2711,1.0,1983-04-12,0.2707,0.2693,0.2692,0.2697,0.2703,0.2716,0.2713,0.2754
1983,4,14,4/14/1983,0.272,1.0,1983-04-14,0.2711,0.2707,0.2693,0.2692,0.2697,0.2703,0.2716,0.2755
1983,4,15,4/15/1983,0.2719,1.0,1983-04-15,0.272,0.2711,0.2707,0.2693,0.2692,0.2697,0.2703,0.2756
1983,4,16,4/16/1983,0.272,1.0,1983-04-16,0.2719,0.272,0.2711,0.2707,0.2693,0.2692,0.2697,0.2753
1983,4,19,4/19/1983,0.2724,1.0,1983-04-19,0.272,0.2719,0.272,0.2711,0.2707,0.2693,0.2692,0.2734
1983,4,20,4/20/1983,0.272,1.0,1983-04-20,0.2724,0.272,0.2719,0.272,0.2711,0.2707,0.2693,0.2716
1983,4,22,4/22/1983,0.2722,1.0,1983-04-22,0.272,0.2724,0.272,0.2719,0.272,0.2711,0.2707,0.2699
1983,4,23,4/23/1983,0.2731,1.0,1983-04-23,0.2722,0.272,0.2724,0.272,0.2719,0.272,0.2711,0.2687
1983,4,24,4/24/1983,0.2743,1.0,1983-04-24,0.2731,0.2722,0.272,0.2724,0.272,0.2719,0.272,0.2684
1983,4,26,4/26/1983,0.2753,1.0,1983-04-26,0.2743,0.2731,0.2722,0.272,0.2724,0.272,0.2719,0.2694
1983,4,27,4/27/1983,0.2763,1.0,1983-04-27,0.2753,0.2743,0.2731,0.2722,0.272,0.2724,0.272,0.2708
1983,4,28,4/28/1983,0.2771,1.0,1983-04-28,0.2763,0.2753,0.2743,0.2731,0.2722,0.272,0.2724,0.2718
1983,4,30,4/30/1983,0.2763,1.0,1983-04-30,0.2771,0.2763,0.2753,0.2743,0.2731,0.2722,0.272,0.2714
1983,5,02,5/02/1983,0.2742,1.0,1983-05-02,0.2763,0.2771,0.2763,0.2753,0.2743,0.2731,0.2722,0.272
1983,5,04,5/04/1983,0.2726,1.0,1983-05-04,0.2742,0.2763,0.2771,0.2763,0.2753,0.2743,0.2731,0.2717
1983,5,06,5/06/1983,0.2707,1.0,1983-05-06,0.2726,0.2742,0.2763,0.2771,0.2763,0.2753,0.2743,0.2716
1983,5,08,5/08/1983,0.2716,1.0,1983-05-08,0.2707,0.2726,0.2742,0.2763,0.2771,0.2763,0.2753,0.2715
1983,5,10,5/10/1983,0.272,1.0,1983-05-10,0.2716,0.2707,0.2726,0.2742,0.2763,0.2771,0.2763,0.2716
1983,5,12,5/12/1983,0.2727,1.0,1983-05-12,0.272,0.2716,0.2707,0.2726,0.2742,0.2763,0.2771,0.2726
1983,5,13,5/13/1983,0.2732,1.0,1983-05-13,0.2727,0.272,0.2716,0.2707,0.2726,0.2742,0.2763,0.272
1983,5,14,5/14/1983,0.2724,1.0,1983-05-14,0.2732,0.2727,0.272,0.2716,0.2707,0.2726,0.2742,0.2713
1983,5,16,5/16/1983,0.2725,1.0,1983-05-16,0.2724,0.2732,0.2727,0.272,0.2716,0.2707,0.2726,0.2716
1983,5,17,5/17/1983,0.2724,1.0,1983-05-17,0.2725,0.2724,0.2732,0.2727,0.272,0.2716,0.2707,0.2703
1983,5,18,5/18/1983,0.2723,1.0,1983-05-18,0.2724,0.2725,0.2724,0.2732,0.2727,0.272,0.2716,0.2697
1983,5,20,5/20/1983,0.273,1.0,1983-05-20,0.2723,0.2724,0.2725,0.2724,0.2732,0.2727,0.272,0.2692
1983,5,21,5/21/1983,0.2745,1.0,1983-05-21,0.273,0.2723,0.2724,0.2725,0.2724,0.2732,0.2727,0.2693
1983,5,22,5/22/1983,0.2754,1.0,1983-05-22,0.2745,0.273,0.2723,0.2724,0.2725,0.2724,0.2732,0.2707
1983,5,24,5/24/1983,0.276,1.0,1983-05-24,0.2754,0.2745,0.273,0.2723,0.2724,0.2725,0.2724,0.2711
1983,5,25,5/25/1983,0.2768,1.0,1983-05-25,0.276,0.2754,0.2745,0.273,0.2723,0.2724,0.2725,0.272
1983,5,26,5/26/1983,0.2767,1.0,1983-05-26,0.2768,0.276,0.2754,0.2745,0.273,0.2723,0.2724,0.2719
1983,5,28,5/28/1983,0.2753,1.0,1983-05-28,0.2767,0.2768,0.276,0.2754,0.2745,0.273,0.2723,0.272
1983,5,30,5/30/1983,0.2735,1.0,1983-05-30,0.2753,0.2767,0.2768,0.276,0.2754,0.2745,0.273,0.2724
1983,6,03,6/03/1983,0.2723,1.0,1983-06-03,0.2735,0.2753,0.2767,0.2768,0.276,0.2754,0.2745,0.272
1983,6,05,6/05/1983,0.2733,1.0,1983-06-05,0.2723,0.2735,0.2753,0.2767,0.2768,0.276,0.2754,0.2722
1983,6,06,6/06/1983,0.2732,1.0,1983-06-06,0.2733,0.2723,0.2735,0.2753,0.2767,0.2768,0.276,0.2731
1983,6,07,6/07/1983,0.274,1.0,1983-06-07,0.2732,0.2733,0.2723,0.2735,0.2753,0.2767,0.2768,0.2743
1983,6,10,6/10/1983,0.2744,1.0,1983-06-10,0.274,0.2732,0.2733,0.2723,0.2735,0.2753,0.2767,0.2753
1983,6,11,6/11/1983,0.2731,1.0,1983-06-11,0.2744,0.274,0.2732,0.2733,0.2723,0.2735,0.2753,0.2763
1983,6,13,6/13/1983,0.2723,1.0,1983-06-13,0.2731,0.2744,0.274,0.2732,0.2733,0.2723,0.2735,0.2771
1983,6,15,6/15/1983,0.2724,1.0,1983-06-15,0.2723,0.2731,0.2744,0.274,0.2732,0.2733,0.2723,0.2763
1983,6,17,6/17/1983,0.2734,1.0,1983-06-17,0.2724,0.2723,0.2731,0.2744,0.274,0.2732,0.2733,0.2742
1983,6,18,6/18/1983,0.2745,1.0,1983-06-18,0.2734,0.2724,0.2723,0.2731,0.2744,0.274,0.2732,0.2726
1983,6,19,6/19/1983,0.2753,1.0,1983-06-19,0.2745,0.2734,0.2724,0.2723,0.2731,0.2744,0.274,0.2707
1983,6,23,6/23/1983,0.2775,1.0,1983-06-23,0.2753,0.2745,0.2734,0.2724,0.2723,0.2731,0.2744,0.2716
1983,6,25,6/25/1983,0.2761,1.0,1983-06-25,0.2775,0.2753,0.2745,0.2734,0.2724,0.2723,0.2731,0.272
1983,6,27,6/27/1983,0.2754,1.0,1983-06-27,0.2761,0.2775,0.2753,0.2745,0.2734,0.2724,0.2723,0.2727
1983,6,29,6/29/1983,0.2733,1.0,1983-06-29,0.2754,0.2761,0.2775,0.2753,0.2745,0.2734,0.2724,0.2732
1983,7,01,7/01/1983,0.2724,1.0,1983-07-01,0.2733,0.2754,0.2761,0.2775,0.2753,0.2745,0.2734,0.2724
1983,7,03,7/03/1983,0.2728,1.0,1983-07-03,0.2724,0.2733,0.2754,0.2761,0.2775,0.2753,0.2745,0.2725
1983,7,04,7/04/1983,0.2732,1.0,1983-07-04,0.2728,0.2724,0.2733,0.2754,0.2761,0.2775,0.2753,0.2724
1983,7,05,7/05/1983,0.2737,1.0,1983-07-05,0.2732,0.2728,0.2724,0.2733,0.2754,0.2761,0.2775,0.2723
1983,7,08,7/08/1983,0.2734,1.0,1983-07-08,0.2737,0.2732,0.2728,0.2724,0.2733,0.2754,0.2761,0.273
1983,7,09,7/09/1983,0.2725,1.0,1983-07-09,0.2734,0.2737,0.2732,0.2728,0.2724,0.2733,0.2754,0.2745
1983,7,11,7/11/1983,0.2728,1.0,1983-07-11,0.2725,0.2734,0.2737,0.2732,0.2728,0.2724,0.2733,0.2754
1983,7,13,7/13/1983,0.2723,1.0,1983-07-13,0.2728,0.2725,0.2734,0.2737,0.2732,0.2728,0.2724,0.276
1983,7,15,7/15/1983,0.2719,1.0,1983-07-15,0.2723,0.2728,0.2725,0.2734,0.2737,0.2732,0.2728,0.2768
1983,7,16,7/16/1983,0.2729,1.0,1983-07-16,0.2719,0.2723,0.2728,0.2725,0.2734,0.2737,0.2732,0.2767
1983,7,17,7/17/1983,0.2737,1.0,1983-07-17,0.2729,0.2719,0.2723,0.2728,0.2725,0.2734,0.2737,0.2753
1983,7,19,7/19/1983,0.274,1.0,1983-07-19,0.2737,0.2729,0.2719,0.2723,0.2728,0.2725,0.2734,0.2735
1983,7,20,7/20/1983,0.2742,1.0,1983-07-20,0.274,0.2737,0.2729,0.2719,0.2723,0.2728,0.2725,0.2723
1983,7,21,7/21/1983,0.2743,1.0,1983-07-21,0.2742,0.274,0.2737,0.2729,0.2719,0.2723,0.2728,0.2733
1983,7,23,7/23/1983,0.2743,1.0,1983-07-23,0.2743,0.2742,0.274,0.2737,0.2729,0.2719,0.2723,0.2732
1983,7,24,7/24/1983,0.2737,1.0,1983-07-24,0.2743,0.2743,0.2742,0.274,0.2737,0.2729,0.2719,0.274
1983,7,25,7/25/1983,0.2727,1.0,1983-07-25,0.2737,0.2743,0.2743,0.2742,0.274,0.2737,0.2729,0.2744
1983,7,27,7/27/1983,0.2715,1.0,1983-07-27,0.2727,0.2737,0.2743,0.2743,0.2742,0.274,0.2737,0.2731
1983,7,28,7/28/1983,0.2703,1.0,1983-07-28,0.2715,0.2727,0.2737,0.2743,0.2743,0.2742,0.274,0.2723
1983,7,29,7/29/1983,0.2707,1.0,1983-07-29,0.2703,0.2715,0.2727,0.2737,0.2743,0.2743,0.2742,0.2724
1983,7,31,7/31/1983,0.2725,1.0,1983-07-31,0.2707,0.2703,0.2715,0.2727,0.2737,0.2743,0.2743,0.2734
1983,8,01,8/01/1983,0.2732,1.0,1983-08-01,0.2725,0.2707,0.2703,0.2715,0.2727,0.2737,0.2743,0.2745
1983,8,02,8/02/1983,0.274,1.0,1983-08-02,0.2732,0.2725,0.2707,0.2703,0.2715,0.2727,0.2737,0.2753
1983,8,04,8/04/1983,0.2736,1.0,1983-08-04,0.274,0.2732,0.2725,0.2707,0.2703,0.2715,0.2727,0.2775
1983,8,06,8/06/1983,0.273,1.0,1983-08-06,0.2736,0.274,0.2732,0.2725,0.2707,0.2703,0.2715,0.2761
1983,8,08,8/08/1983,0.2728,1.0,1983-08-08,0.273,0.2736,0.274,0.2732,0.2725,0.2707,0.2703,0.2754
1983,8,09,8/09/1983,0.2723,1.0,1983-08-09,0.2728,0.273,0.2736,0.274,0.2732,0.2725,0.2707,0.2733
1983,8,10,8/10/1983,0.2725,1.0,1983-08-10,0.2723,0.2728,0.273,0.2736,0.274,0.2732,0.2725,0.2724
1983,8,12,8/12/1983,0.2743,1.0,1983-08-12,0.2725,0.2723,0.2728,0.273,0.2736,0.274,0.2732,0.2728
1983,8,13,8/13/1983,0.2757,1.0,1983-08-13,0.2743,0.2725,0.2723,0.2728,0.273,0.2736,0.274,0.2732
1983,8,14,8/14/1983,0.2769,1.0,1983-08-14,0.2757,0.2743,0.2725,0.2723,0.2728,0.273,0.2736,0.2737
1983,8,16,8/16/1983,0.2772,1.0,1983-08-16,0.2769,0.2757,0.2743,0.2725,0.2723,0.2728,0.273,0.2734
1983,8,18,8/18/1983,0.2752,1.0,1983-08-18,0.2772,0.2769,0.2757,0.2743,0.2725,0.2723,0.2728,0.2725
1983,8,20,8/20/1983,0.2734,1.0,1983-08-20,0.2752,0.2772,0.2769,0.2757,0.2743,0.2725,0.2723,0.2728
1983,8,22,8/22/1983,0.2717,1.0,1983-08-22,0.2734,0.2752,0.2772,0.2769,0.2757,0.2743,0.2725,0.2723
1983,8,24,8/24/1983,0.2704,1.0,1983-08-24,0.2717,0.2734,0.2752,0.2772,0.2769,0.2757,0.2743,0.2719
1983,8,25,8/25/1983,0.2706,1.0,1983-08-25,0.2704,0.2717,0.2734,0.2752,0.2772,0.2769,0.2757,0.2729
1983,8,26,8/26/1983,0.2715,1.0,1983-08-26,0.2706,0.2704,0.2717,0.2734,0.2752,0.2772,0.2769,0.2737
1983,8,28,8/28/1983,0.2719,1.0,1983-08-28,0.2715,0.2706,0.2704,0.2717,0.2734,0.2752,0.2772,0.274
1983,8,29,8/29/1983,0.2718,1.0,1983-08-29,0.2719,0.2715,0.2706,0.2704,0.2717,0.2734,0.2752,0.2742
1983,8,30,8/30/1983,0.2709,1.0,1983-08-30,0.2718,0.2719,0.2715,0.2706,0.2704,0.2717,0.2734,0.2743
1983,8,31,8/31/1983,0.2707,1.0,1983-08-31,0.2709,0.2718,0.2719,0.2715,0.2706,0.2704,0.2717,0.2743
1983,9,01,9/01/1983,0.2703,1.0,1983-09-01,0.2707,0.2709,0.2718,0.2719,0.2715,0.2706,0.2704,0.2737
1983,9,02,9/02/1983,0.2706,1.0,1983-09-02,0.2703,0.2707,0.2709,0.2718,0.2719,0.2715,0.2706,0.2727
1983,9,03,9/03/1983,0.27,1.0,1983-09-03,0.2706,0.2703,0.2707,0.2709,0.2718,0.2719,0.2715,0.2715
1983,9,04,9/04/1983,0.2707,1.0,1983-09-04,0.27,0.2706,0.2703,0.2707,0.2709,0.2718,0.2719,0.2703
1983,9,06,9/06/1983,0.2714,1.0,1983-09-06,0.2707,0.27,0.2706,0.2703,0.2707,0.2709,0.2718,0.2707
1983,9,07,9/07/1983,0.2727,1.0,1983-09-07,0.2714,0.2707,0.27,0.2706,0.2703,0.2707,0.2709,0.2725
1983,9,09,9/09/1983,0.2732,1.0,1983-09-09,0.2727,0.2714,0.2707,0.27,0.2706,0.2703,0.2707,0.2732
1983,9,10,9/10/1983,0.2742,1.0,1983-09-10,0.2732,0.2727,0.2714,0.2707,0.27,0.2706,0.2703,0.274
1983,9,11,9/11/1983,0.2738,1.0,1983-09-11,0.2742,0.2732,0.2727,0.2714,0.2707,0.27,0.2706,0.2736
1983,9,12,9/12/1983,0.2729,1.0,1983-09-12,0.2738,0.2742,0.2732,0.2727,0.2714,0.2707,0.27,0.273
1983,9,13,9/13/1983,0.2718,1.0,1983-09-13,0.2729,0.2738,0.2742,0.2732,0.2727,0.2714,0.2707,0.2728
1983,9,14,9/14/1983,0.2717,1.0,1983-09-14,0.2718,0.2729,0.2738,0.2742,0.2732,0.2727,0.2714,0.2723
1983,9,15,9/15/1983,0.2709,1.0,1983-09-15,0.2717,0.2718,0.2729,0.2738,0.2742,0.2732,0.2727,0.2725
1983,9,16,9/16/1983,0.2703,1.0,1983-09-16,0.2709,0.2717,0.2718,0.2729,0.2738,0.2742,0.2732,0.2743
1983,9,17,9/17/1983,0.2701,1.0,1983-09-17,0.2703,0.2709,0.2717,0.2718,0.2729,0.2738,0.2742,0.2757
1983,9,18,9/18/1983,0.2691,1.0,1983-09-18,0.2701,0.2703,0.2709,0.2717,0.2718,0.2729,0.2738,0.2769
1983,9,20,9/20/1983,0.2691,1.0,1983-09-20,0.2691,0.2701,0.2703,0.2709,0.2717,0.2718,0.2729,0.2772
1983,9,21,9/21/1983,0.2687,1.0,1983-09-21,0.2691,0.2691,0.2701,0.2703,0.2709,0.2717,0.2718,0.2752
1983,9,22,9/22/1983,0.2692,1.0,1983-09-22,0.2687,0.2691,0.2691,0.2701,0.2703,0.2709,0.2717,0.2734
1983,9,23,9/23/1983,0.2695,1.0,1983-09-23,0.2692,0.2687,0.2691,0.2691,0.2701,0.2703,0.2709,0.2717
1983,9,25,9/25/1983,0.2708,1.0,1983-09-25,0.2695,0.2692,0.2687,0.2691,0.2691,0.2701,0.2703,0.2704
1983,9,26,9/26/1983,0.2707,1.0,1983-09-26,0.2708,0.2695,0.2692,0.2687,0.2691,0.2691,0.2701,0.2706
1983,9,27,9/27/1983,0.271,1.0,1983-09-27,0.2707,0.2708,0.2695,0.2692,0.2687,0.2691,0.2691,0.2715
1983,9,28,9/28/1983,0.2709,1.0,1983-09-28,0.271,0.2707,0.2708,0.2695,0.2692,0.2687,0.2691,0.2719
1983,9,30,9/30/1983,0.27,1.0,1983-09-30,0.2709,0.271,0.2707,0.2708,0.2695,0.2692,0.2687,0.2718
1983,10,01,10/01/1983,0.2699,1.0,1983-10-01,0.27,0.2709,0.271,0.2707,0.2708,0.2695,0.2692,0.2709
1983,10,02,10/02/1983,0.2695,1.0,1983-10-02,0.2699,0.27,0.2709,0.271,0.2707,0.2708,0.2695,0.2707
1983,10,03,10/03/1983,0.2697,1.0,1983-10-03,0.2695,0.2699,0.27,0.2709,0.271,0.2707,0.2708,0.2703
1983,10,04,10/04/1983,0.271,1.0,1983-10-04,0.2697,0.2695,0.2699,0.27,0.2709,0.271,0.2707,0.2706
1983,10,07,10/07/1983,0.2725,1.0,1983-10-07,0.271,0.2697,0.2695,0.2699,0.27,0.2709,0.271,0.27
1983,10,08,10/08/1983,0.2738,1.0,1983-10-08,0.2725,0.271,0.2697,0.2695,0.2699,0.27,0.2709,0.2707
1983,10,09,10/09/1983,0.2748,1.0,1983-10-09,0.2738,0.2725,0.271,0.2697,0.2695,0.2699,0.27,0.2714
1983,10,10,10/10/1983,0.2745,1.0,1983-10-10,0.2748,0.2738,0.2725,0.271,0.2697,0.2695,0.2699,0.2727
1983,10,12,10/12/1983,0.2744,1.0,1983-10-12,0.2745,0.2748,0.2738,0.2725,0.271,0.2697,0.2695,0.2732
1983,10,13,10/13/1983,0.273,1.0,1983-10-13,0.2744,0.2745,0.2748,0.2738,0.2725,0.271,0.2697,0.2742
1983,10,14,10/14/1983,0.2721,1.0,1983-10-14,0.273,0.2744,0.2745,0.2748,0.2738,0.2725,0.271,0.2738
1983,10,15,10/15/1983,0.271,1.0,1983-10-15,0.2721,0.273,0.2744,0.2745,0.2748,0.2738,0.2725,0.2729
1983,10,16,10/16/1983,0.2698,1.0,1983-10-16,0.271,0.2721,0.273,0.2744,0.2745,0.2748,0.2738,0.2718
1983,10,18,10/18/1983,0.2692,1.0,1983-10-18,0.2698,0.271,0.2721,0.273,0.2744,0.2745,0.2748,0.2717
1983,10,20,10/20/1983,0.2684,1.0,1983-10-20,0.2692,0.2698,0.271,0.2721,0.273,0.2744,0.2745,0.2709
1983,10,21,10/21/1983,0.2691,1.0,1983-10-21,0.2684,0.2692,0.2698,0.271,0.2721,0.273,0.2744,0.2703
1983,10,23,10/23/1983,0.2687,1.0,1983-10-23,0.2691,0.2684,0.2692,0.2698,0.271,0.2721,0.273,0.2701
1983,10,24,10/24/1983,0.2687,1.0,1983-10-24,0.2687,0.2691,0.2684,0.2692,0.2698,0.271,0.2721,0.2691
1983,10,25,10/25/1983,0.2683,1.0,1983-10-25,0.2687,0.2687,0.2691,0.2684,0.2692,0.2698,0.271,0.2691
1983,10,27,10/27/1983,0.2684,1.0,1983-10-27,0.2683,0.2687,0.2687,0.2691,0.2684,0.2692,0.2698,0.2687
1983,10,29,10/29/1983,0.2682,1.0,1983-10-29,0.2684,0.2683,0.2687,0.2687,0.2691,0.2684,0.2692,0.2692
1983,10,30,10/30/1983,0.2685,1.0,1983-10-30,0.2682,0.2684,0.2683,0.2687,0.2687,0.2691,0.2684,0.2695
1983,10,31,10/31/1983,0.2685,1.0,1983-10-31,0.2685,0.2682,0.2684,0.2683,0.2687,0.2687,0.2691,0.2708
1983,11,01,11/01/1983,0.2689,1.0,1983-11-01,0.2685,0.2685,0.2682,0.2684,0.2683,0.2687,0.2687,0.2707
1983,11,02,11/02/1983,0.2696,1.0,1983-11-02,0.2689,0.2685,0.2685,0.2682,0.2684,0.2683,0.2687,0.271
1983,11,04,11/04/1983,0.2708,1.0,1983-11-04,0.2696,0.2689,0.2685,0.2685,0.2682,0.2684,0.2683,0.2709
1983,11,05,11/05/1983,0.272,1.0,1983-11-05,0.2708,0.2696,0.2689,0.2685,0.2685,0.2682,0.2684,0.27
1983,11,06,11/06/1983,0.2722,1.0,1983-11-06,0.272,0.2708,0.2696,0.2689,0.2685,0.2685,0.2682,0.2699
1983,11,07,11/07/1983,0.2722,1.0,1983-11-07,0.2722,0.272,0.2708,0.2696,0.2689,0.2685,0.2685,0.2695
1983,11,09,11/09/1983,0.2712,1.0,1983-11-09,0.2722,0.2722,0.272,0.2708,0.2696,0.2689,0.2685,0.2697
1983,11,10,11/10/1983,0.2712,1.0,1983-11-10,0.2712,0.2722,0.2722,0.272,0.2708,0.2696,0.2689,0.271
1983,11,11,11/11/1983,0.2706,1.0,1983-11-11,0.2712,0.2712,0.2722,0.2722,0.272,0.2708,0.2696,0.2725
1983,11,12,11/12/1983,0.2692,1.0,1983-11-12,0.2706,0.2712,0.2712,0.2722,0.2722,0.272,0.2708,0.2738
1983,11,13,11/13/1983,0.2683,1.0,1983-11-13,0.2692,0.2706,0.2712,0.2712,0.2722,0.2722,0.272,0.2748
1983,11,15,11/15/1983,0.2678,1.0,1983-11-15,0.2683,0.2692,0.2706,0.2712,0.2712,0.2722,0.2722,0.2745
1983,11,16,11/16/1983,0.2669,1.0,1983-11-16,0.2678,0.2683,0.2692,0.2706,0.2712,0.2712,0.2722,0.2744
1983,11,17,11/17/1983,0.2672,1.0,1983-11-17,0.2669,0.2678,0.2683,0.2692,0.2706,0.2712,0.2712,0.273
1983,11,18,11/18/1983,0.2673,1.0,1983-11-18,0.2672,0.2669,0.2678,0.2683,0.2692,0.2706,0.2712,0.2721
1983,11,19,11/19/1983,0.2666,1.0,1983-11-19,0.2673,0.2672,0.2669,0.2678,0.2683,0.2692,0.2706,0.271
1983,11,21,11/21/1983,0.2659,1.0,1983-11-21,0.2666,0.2673,0.2672,0.2669,0.2678,0.2683,0.2692,0.2698
1983,11,22,11/22/1983,0.2666,1.0,1983-11-22,0.2659,0.2666,0.2673,0.2672,0.2669,0.2678,0.2683,0.2692
1983,11,23,11/23/1983,0.2664,1.0,1983-11-23,0.2666,0.2659,0.2666,0.2673,0.2672,0.2669,0.2678,0.2684
1983,11,24,11/24/1983,0.2664,1.0,1983-11-24,0.2664,0.2666,0.2659,0.2666,0.2673,0.2672,0.2669,0.2691
1983,11,26,11/26/1983,0.2664,1.0,1983-11-26,0.2664,0.2664,0.2666,0.2659,0.2666,0.2673,0.2672,0.2687
1983,11,27,11/27/1983,0.2664,1.0,1983-11-27,0.2664,0.2664,0.2664,0.2666,0.2659,0.2666,0.2673,0.2687
1983,11,29,11/29/1983,0.2677,1.0,1983-11-29,0.2664,0.2664,0.2664,0.2664,0.2666,0.2659,0.2666,0.2683
1983,12,01,12/01/1983,0.2689,1.0,1983-12-01,0.2677,0.2664,0.2664,0.2664,0.2664,0.2666,0.2659,0.2684
1983,12,02,12/02/1983,0.2699,1.0,1983-12-02,0.2689,0.2677,0.2664,0.2664,0.2664,0.2664,0.2666,0.2682
1983,12,03,12/03/1983,0.2695,1.0,1983-12-03,0.2699,0.2689,0.2677,0.2664,0.2664,0.2664,0.2664,0.2685
1983,12,04,12/04/1983,0.2692,1.0,1983-12-04,0.2695,0.2699,0.2689,0.2677,0.2664,0.2664,0.2664,0.2685
1983,12,05,12/05/1983,0.27,1.0,1983-12-05,0.2692,0.2695,0.2699,0.2689,0.2677,0.2664,0.2664,0.2689
1983,12,07,12/07/1983,0.2698,1.0,1983-12-07,0.27,0.2692,0.2695,0.2699,0.2689,0.2677,0.2664,0.2696
1983,12,08,12/08/1983,0.2691,1.0,1983-12-08,0.2698,0.27,0.2692,0.2695,0.2699,0.2689,0.2677,0.2708
1983,12,09,12/09/1983,0.2701,1.0,1983-12-09,0.2691,0.2698,0.27,0.2692,0.2695,0.2699,0.2689,0.272
1983,12,10,12/10/1983,0.2697,1.0,1983-12-10,0.2701,0.2691,0.2698,0.27,0.2692,0.2695,0.2699,0.2722
1983,12,11,12/11/1983,0.2698,1.0,1983-12-11,0.2697,0.2701,0.2691,0.2698,0.27,0.2692,0.2695,0.2722
1983,12,14,12/14/1983,0.2697,1.0,1983-12-14,0.2698,0.2697,0.2701,0.2691,0.2698,0.27,0.2692,0.2712
1983,12,15,12/15/1983,0.2691,1.0,1983-12-15,0.2697,0.2698,0.2697,0.2701,0.2691,0.2698,0.27,0.2712
1983,12,16,12/16/1983,0.2681,1.0,1983-12-16,0.2691,0.2697,0.2698,0.2697,0.2701,0.2691,0.2698,0.2706
1983,12,17,12/17/1983,0.2677,1.0,1983-12-17,0.2681,0.2691,0.2697,0.2698,0.2697,0.2701,0.2691,0.2692
1983,12,19,12/19/1983,0.2675,1.0,1983-12-19,0.2677,0.2681,0.2691,0.2697,0.2698,0.2697,0.2701,0.2683
1983,12,20,12/20/1983,0.2675,1.0,1983-12-20,0.2675,0.2677,0.2681,0.2691,0.2697,0.2698,0.2697,0.2678
1983,12,21,12/21/1983,0.267,1.0,1983-12-21,0.2675,0.2675,0.2677,0.2681,0.2691,0.2697,0.2698,0.2669
1983,12,22,12/22/1983,0.2673,1.0,1983-12-22,0.267,0.2675,0.2675,0.2677,0.2681,0.2691,0.2697,0.2672
1983,12,23,12/23/1983,0.2673,1.0,1983-12-23,0.2673,0.267,0.2675,0.2675,0.2677,0.2681,0.2691,0.2673
1983,12,25,12/25/1983,0.2665,1.0,1983-12-25,0.2673,0.2673,0.267,0.2675,0.2675,0.2677,0.2681,0.2666
1983,12,26,12/26/1983,0.2667,1.0,1983-12-26,0.2665,0.2673,0.2673,0.267,0.2675,0.2675,0.2677,0.2659
1983,12,27,12/27/1983,0.267,1.0,1983-12-27,0.2667,0.2665,0.2673,0.2673,0.267,0.2675,0.2675,0.2666
1983,12,28,12/28/1983,0.2669,1.0,1983-12-28,0.267,0.2667,0.2665,0.2673,0.2673,0.267,0.2675,0.2664
1983,12,30,12/30/1983,0.2676,1.0,1983-12-30,0.2669,0.267,0.2667,0.2665,0.2673,0.2673,0.267,0.2664
1983,12,31,12/31/1983,0.2671,1.0,1983-12-31,0.2676,0.2669,0.267,0.2667,0.2665,0.2673,0.2673,0.2664
1984,1,02,1/02/1984,0.2681,1.0,1984-01-02,0.2671,0.2676,0.2669,0.267,0.2667,0.2665,0.2673,0.2664
1984,1,03,1/03/1984,0.2684,1.0,1984-01-03,0.2681,0.2671,0.2676,0.2669,0.267,0.2667,0.2665,0.2677
1984,1,05,1/05/1984,0.2685,1.0,1984-01-05,0.2684,0.2681,0.2671,0.2676,0.2669,0.267,0.2667,0.2689
1984,1,06,1/06/1984,0.2684,1.0,1984-01-06,0.2685,0.2684,0.2681,0.2671,0.2676,0.2669,0.267,0.2699
1984,1,07,1/07/1984,0.2684,1.0,1984-01-07,0.2684,0.2685,0.2684,0.2681,0.2671,0.2676,0.2669,0.2695
1984,1,08,1/08/1984,0.2682,1.0,1984-01-08,0.2684,0.2684,0.2685,0.2684,0.2681,0.2671,0.2676,0.2692
1984,1,09,1/09/1984,0.2689,1.0,1984-01-09,0.2682,0.2684,0.2684,0.2685,0.2684,0.2681,0.2671,0.27
1984,1,11,1/11/1984,0.2692,1.0,1984-01-11,0.2689,0.2682,0.2684,0.2684,0.2685,0.2684,0.2681,0.2698
1984,1,12,1/12/1984,0.269,1.0,1984-01-12,0.2692,0.2689,0.2682,0.2684,0.2684,0.2685,0.2684,0.2691
1984,1,13,1/13/1984,0.2695,1.0,1984-01-13,0.269,0.2692,0.2689,0.2682,0.2684,0.2684,0.2685,0.2701
1984,1,14,1/14/1984,0.2684,1.0,1984-01-14,0.2695,0.269,0.2692,0.2689,0.2682,0.2684,0.2684,0.2697
1984,1,16,1/16/1984,0.268,1.0,1984-01-16,0.2684,0.2695,0.269,0.2692,0.2689,0.2682,0.2684,0.2698
1984,1,19,1/19/1984,0.2675,1.0,1984-01-19,0.268,0.2684,0.2695,0.269,0.2692,0.2689,0.2682,0.2697
1984,1,20,1/20/1984,0.2678,1.0,1984-01-20,0.2675,0.268,0.2684,0.2695,0.269,0.2692,0.2689,0.2691
1984,1,22,1/22/1984,0.2683,1.0,1984-01-22,0.2678,0.2675,0.268,0.2684,0.2695,0.269,0.2692,0.2681
1984,1,23,1/23/1984,0.2689,1.0,1984-01-23,0.2683,0.2678,0.2675,0.268,0.2684,0.2695,0.269,0.2677
1984,1,24,1/24/1984,0.2689,1.0,1984-01-24,0.2689,0.2683,0.2678,0.2675,0.268,0.2684,0.2695,0.2675
1984,1,25,1/25/1984,0.2694,1.0,1984-01-25,0.2689,0.2689,0.2683,0.2678,0.2675,0.268,0.2684,0.2675
1984,1,26,1/26/1984,0.2709,1.0,1984-01-26,0.2694,0.2689,0.2689,0.2683,0.2678,0.2675,0.268,0.267
1984,1,28,1/28/1984,0.2711,1.0,1984-01-28,0.2709,0.2694,0.2689,0.2689,0.2683,0.2678,0.2675,0.2673
1984,1,30,1/30/1984,0.2711,1.0,1984-01-30,0.2711,0.2709,0.2694,0.2689,0.2689,0.2683,0.2678,0.2673
1984,1,31,1/31/1984,0.2708,1.0,1984-01-31,0.2711,0.2711,0.2709,0.2694,0.2689,0.2689,0.2683,0.2665
1984,2,02,2/02/1984,0.2699,1.0,1984-02-02,0.2708,0.2711,0.2711,0.2709,0.2694,0.2689,0.2689,0.2667
1984,2,03,2/03/1984,0.2694,1.0,1984-02-03,0.2699,0.2708,0.2711,0.2711,0.2709,0.2694,0.2689,0.267
1984,2,04,2/04/1984,0.2695,1.0,1984-02-04,0.2694,0.2699,0.2708,0.2711,0.2711,0.2709,0.2694,0.2669
1984,2,05,2/05/1984,0.27,1.0,1984-02-05,0.2695,0.2694,0.2699,0.2708,0.2711,0.2711,0.2709,0.2676
1984,2,06,2/06/1984,0.2706,1.0,1984-02-06,0.27,0.2695,0.2694,0.2699,0.2708,0.2711,0.2711,0.2671
1984,2,08,2/08/1984,0.2712,1.0,1984-02-08,0.2706,0.27,0.2695,0.2694,0.2699,0.2708,0.2711,0.2681
1984,2,09,2/09/1984,0.2725,1.0,1984-02-09,0.2712,0.2706,0.27,0.2695,0.2694,0.2699,0.2708,0.2684
1984,2,11,2/11/1984,0.2725,1.0,1984-02-11,0.2725,0.2712,0.2706,0.27,0.2695,0.2694,0.2699,0.2685
1984,2,12,2/12/1984,0.2716,1.0,1984-02-12,0.2725,0.2725,0.2712,0.2706,0.27,0.2695,0.2694,0.2684
1984,2,14,2/14/1984,0.2711,1.0,1984-02-14,0.2716,0.2725,0.2725,0.2712,0.2706,0.27,0.2695,0.2684
1984,2,15,2/15/1984,0.2701,1.0,1984-02-15,0.2711,0.2716,0.2725,0.2725,0.2712,0.2706,0.27,0.2682
1984,2,17,2/17/1984,0.2694,1.0,1984-02-17,0.2701,0.2711,0.2716,0.2725,0.2725,0.2712,0.2706,0.2689
1984,2,19,2/19/1984,0.2698,1.0,1984-02-19,0.2694,0.2701,0.2711,0.2716,0.2725,0.2725,0.2712,0.2692
1984,2,20,2/20/1984,0.2701,1.0,1984-02-20,0.2698,0.2694,0.2701,0.2711,0.2716,0.2725,0.2725,0.269
1984,2,21,2/21/1984,0.2722,1.0,1984-02-21,0.2701,0.2698,0.2694,0.2701,0.2711,0.2716,0.2725,0.2695
1984,2,22,2/22/1984,0.2729,1.0,1984-02-22,0.2722,0.2701,0.2698,0.2694,0.2701,0.2711,0.2716,0.2684
1984,2,23,2/23/1984,0.2743,1.0,1984-02-23,0.2729,0.2722,0.2701,0.2698,0.2694,0.2701,0.2711,0.268
1984,2,25,2/25/1984,0.275,1.0,1984-02-25,0.2743,0.2729,0.2722,0.2701,0.2698,0.2694,0.2701,0.2675
1984,2,26,2/26/1984,0.2744,1.0,1984-02-26,0.275,0.2743,0.2729,0.2722,0.2701,0.2698,0.2694,0.2678
1984,2,27,2/27/1984,0.2745,1.0,1984-02-27,0.2744,0.275,0.2743,0.2729,0.2722,0.2701,0.2698,0.2683
1984,2,28,2/28/1984,0.2736,1.0,1984-02-28,0.2745,0.2744,0.275,0.2743,0.2729,0.2722,0.2701,0.2689
1984,2,29,2/29/1984,0.2731,1.0,1984-02-29,0.2736,0.2745,0.2744,0.275,0.2743,0.2729,0.2722,0.2689
1984,3,02,3/02/1984,0.2717,1.0,1984-03-02,0.2731,0.2736,0.2745,0.2744,0.275,0.2743,0.2729,0.2694
1984,3,03,3/03/1984,0.2718,1.0,1984-03-03,0.2717,0.2731,0.2736,0.2745,0.2744,0.275,0.2743,0.2709
1984,3,05,3/05/1984,0.2713,1.0,1984-03-05,0.2718,0.2717,0.2731,0.2736,0.2745,0.2744,0.275,0.2711
1984,3,07,3/07/1984,0.2714,1.0,1984-03-07,0.2713,0.2718,0.2717,0.2731,0.2736,0.2745,0.2744,0.2711
1984,3,08,3/08/1984,0.2713,1.0,1984-03-08,0.2714,0.2713,0.2718,0.2717,0.2731,0.2736,0.2745,0.2708
1984,3,09,3/09/1984,0.2709,1.0,1984-03-09,0.2713,0.2714,0.2713,0.2718,0.2717,0.2731,0.2736,0.2699
1984,3,10,3/10/1984,0.271,1.0,1984-03-10,0.2709,0.2713,0.2714,0.2713,0.2718,0.2717,0.2731,0.2694
1984,3,11,3/11/1984,0.2701,1.0,1984-03-11,0.271,0.2709,0.2713,0.2714,0.2713,0.2718,0.2717,0.2695
1984,3,13,3/13/1984,0.2699,1.0,1984-03-13,0.2701,0.271,0.2709,0.2713,0.2714,0.2713,0.2718,0.27
1984,3,14,3/14/1984,0.2694,1.0,1984-03-14,0.2699,0.2701,0.271,0.2709,0.2713,0.2714,0.2713,0.2706
1984,3,15,3/15/1984,0.2693,1.0,1984-03-15,0.2694,0.2699,0.2701,0.271,0.2709,0.2713,0.2714,0.2712
1984,3,16,3/16/1984,0.2707,1.0,1984-03-16,0.2693,0.2694,0.2699,0.2701,0.271,0.2709,0.2713,0.2725
1984,3,18,3/18/1984,0.2723,1.0,1984-03-18,0.2707,0.2693,0.2694,0.2699,0.2701,0.271,0.2709,0.2725
1984,3,19,3/19/1984,0.2732,1.0,1984-03-19,0.2723,0.2707,0.2693,0.2694,0.2699,0.2701,0.271,0.2716
1984,3,20,3/20/1984,0.2735,1.0,1984-03-20,0.2732,0.2723,0.2707,0.2693,0.2694,0.2699,0.2701,0.2711
1984,3,21,3/21/1984,0.2741,1.0,1984-03-21,0.2735,0.2732,0.2723,0.2707,0.2693,0.2694,0.2699,0.2701
1984,3,22,3/22/1984,0.2744,1.0,1984-03-22,0.2741,0.2735,0.2732,0.2723,0.2707,0.2693,0.2694,0.2694
1984,3,24,3/24/1984,0.2734,1.0,1984-03-24,0.2744,0.2741,0.2735,0.2732,0.2723,0.2707,0.2693,0.2698
1984,3,25,3/25/1984,0.2731,1.0,1984-03-25,0.2734,0.2744,0.2741,0.2735,0.2732,0.2723,0.2707,0.2701
1984,3,26,3/26/1984,0.2726,1.0,1984-03-26,0.2731,0.2734,0.2744,0.2741,0.2735,0.2732,0.2723,0.2722
1984,3,27,3/27/1984,0.2717,1.0,1984-03-27,0.2726,0.2731,0.2734,0.2744,0.2741,0.2735,0.2732,0.2729
1984,3,28,3/28/1984,0.2719,1.0,1984-03-28,0.2717,0.2726,0.2731,0.2734,0.2744,0.2741,0.2735,0.2743
1984,3,30,3/30/1984,0.2716,1.0,1984-03-30,0.2719,0.2717,0.2726,0.2731,0.2734,0.2744,0.2741,0.275
1984,3,31,3/31/1984,0.2716,1.0,1984-03-31,0.2716,0.2719,0.2717,0.2726,0.2731,0.2734,0.2744,0.2744
1984,4,01,4/01/1984,0.2724,1.0,1984-04-01,0.2716,0.2716,0.2719,0.2717,0.2726,0.2731,0.2734,0.2745
1984,4,02,4/02/1984,0.2725,1.0,1984-04-02,0.2724,0.2716,0.2716,0.2719,0.2717,0.2726,0.2731,0.2736
1984,4,04,4/04/1984,0.2732,1.0,1984-04-04,0.2725,0.2724,0.2716,0.2716,0.2719,0.2717,0.2726,0.2731
1984,4,05,4/05/1984,0.2727,1.0,1984-04-05,0.2732,0.2725,0.2724,0.2716,0.2716,0.2719,0.2717,0.2717
1984,4,06,4/06/1984,0.2721,1.0,1984-04-06,0.2727,0.2732,0.2725,0.2724,0.2716,0.2716,0.2719,0.2718
1984,4,07,4/07/1984,0.2716,1.0,1984-04-07,0.2721,0.2727,0.2732,0.2725,0.2724,0.2716,0.2716,0.2713
1984,4,09,4/09/1984,0.27,1.0,1984-04-09,0.2716,0.2721,0.2727,0.2732,0.2725,0.2724,0.2716,0.2714
1984,4,10,4/10/1984,0.2692,1.0,1984-04-10,0.27,0.2716,0.2721,0.2727,0.2732,0.2725,0.2724,0.2713
1984,4,11,4/11/1984,0.2687,1.0,1984-04-11,0.2692,0.27,0.2716,0.2721,0.2727,0.2732,0.2725,0.2709
1984,4,12,4/12/1984,0.2684,1.0,1984-04-12,0.2687,0.2692,0.27,0.2716,0.2721,0.2727,0.2732,0.271
1984,4,13,4/13/1984,0.2691,1.0,1984-04-13,0.2684,0.2687,0.2692,0.27,0.2716,0.2721,0.2727,0.2701
1984,4,14,4/14/1984,0.2703,1.0,1984-04-14,0.2691,0.2684,0.2687,0.2692,0.27,0.2716,0.2721,0.2699
1984,4,16,4/16/1984,0.271,1.0,1984-04-16,0.2703,0.2691,0.2684,0.2687,0.2692,0.27,0.2716,0.2694
1984,4,17,4/17/1984,0.2716,1.0,1984-04-17,0.271,0.2703,0.2691,0.2684,0.2687,0.2692,0.27,0.2693
1984,4,18,4/18/1984,0.2723,1.0,1984-04-18,0.2716,0.271,0.2703,0.2691,0.2684,0.2687,0.2692,0.2707
1984,4,19,4/19/1984,0.2723,1.0,1984-04-19,0.2723,0.2716,0.271,0.2703,0.2691,0.2684,0.2687,0.2723
1984,4,21,4/21/1984,0.2717,1.0,1984-04-21,0.2723,0.2723,0.2716,0.271,0.2703,0.2691,0.2684,0.2732
1984,4,22,4/22/1984,0.2711,1.0,1984-04-22,0.2717,0.2723,0.2723,0.2716,0.271,0.2703,0.2691,0.2735
1984,4,24,4/24/1984,0.271,1.0,1984-04-24,0.2711,0.2717,0.2723,0.2723,0.2716,0.271,0.2703,0.2741
1984,4,25,4/25/1984,0.2716,1.0,1984-04-25,0.271,0.2711,0.2717,0.2723,0.2723,0.2716,0.271,0.2744
1984,4,27,4/27/1984,0.2722,1.0,1984-04-27,0.2716,0.271,0.2711,0.2717,0.2723,0.2723,0.2716,0.2734
1984,4,28,4/28/1984,0.2725,1.0,1984-04-28,0.2722,0.2716,0.271,0.2711,0.2717,0.2723,0.2723,0.2731
1984,4,29,4/29/1984,0.2726,1.0,1984-04-29,0.2725,0.2722,0.2716,0.271,0.2711,0.2717,0.2723,0.2726
1984,4,30,4/30/1984,0.2722,1.0,1984-04-30,0.2726,0.2725,0.2722,0.2716,0.271,0.2711,0.2717,0.2717
1984,5,01,5/01/1984,0.272,1.0,1984-05-01,0.2722,0.2726,0.2725,0.2722,0.2716,0.271,0.2711,0.2719
1984,5,03,5/03/1984,0.2707,1.0,1984-05-03,0.272,0.2722,0.2726,0.2725,0.2722,0.2716,0.271,0.2716
1984,5,04,5/04/1984,0.2691,1.0,1984-05-04,0.2707,0.272,0.2722,0.2726,0.2725,0.2722,0.2716,0.2716
1984,5,05,5/05/1984,0.2685,1.0,1984-05-05,0.2691,0.2707,0.272,0.2722,0.2726,0.2725,0.2722,0.2724
1984,5,06,5/06/1984,0.2673,1.0,1984-05-06,0.2685,0.2691,0.2707,0.272,0.2722,0.2726,0.2725,0.2725
1984,5,09,5/09/1984,0.2694,1.0,1984-05-09,0.2673,0.2685,0.2691,0.2707,0.272,0.2722,0.2726,0.2732
1984,5,10,5/10/1984,0.2702,1.0,1984-05-10,0.2694,0.2673,0.2685,0.2691,0.2707,0.272,0.2722,0.2727
1984,5,11,5/11/1984,0.271,1.0,1984-05-11,0.2702,0.2694,0.2673,0.2685,0.2691,0.2707,0.272,0.2721
1984,5,12,5/12/1984,0.2719,1.0,1984-05-12,0.271,0.2702,0.2694,0.2673,0.2685,0.2691,0.2707,0.2716
1984,5,14,5/14/1984,0.2732,1.0,1984-05-14,0.2719,0.271,0.2702,0.2694,0.2673,0.2685,0.2691,0.27
1984,5,15,5/15/1984,0.2735,1.0,1984-05-15,0.2732,0.2719,0.271,0.2702,0.2694,0.2673,0.2685,0.2692
1984,5,16,5/16/1984,0.2728,1.0,1984-05-16,0.2735,0.2732,0.2719,0.271,0.2702,0.2694,0.2673,0.2687
1984,5,17,5/17/1984,0.2713,1.0,1984-05-17,0.2728,0.2735,0.2732,0.2719,0.271,0.2702,0.2694,0.2684
1984,5,18,5/18/1984,0.2709,1.0,1984-05-18,0.2713,0.2728,0.2735,0.2732,0.2719,0.271,0.2702,0.2691
1984,5,20,5/20/1984,0.2707,1.0,1984-05-20,0.2709,0.2713,0.2728,0.2735,0.2732,0.2719,0.271,0.2703
1984,5,21,5/21/1984,0.2719,1.0,1984-05-21,0.2707,0.2709,0.2713,0.2728,0.2735,0.2732,0.2719,0.271
1984,5,22,5/22/1984,0.2726,1.0,1984-05-22,0.2719,0.2707,0.2709,0.2713,0.2728,0.2735,0.2732,0.2716
1984,5,23,5/23/1984,0.2732,1.0,1984-05-23,0.2726,0.2719,0.2707,0.2709,0.2713,0.2728,0.2735,0.2723
1984,5,25,5/25/1984,0.2731,1.0,1984-05-25,0.2732,0.2726,0.2719,0.2707,0.2709,0.2713,0.2728,0.2723
1984,5,26,5/26/1984,0.2731,1.0,1984-05-26,0.2731,0.2732,0.2726,0.2719,0.2707,0.2709,0.2713,0.2717
1984,5,27,5/27/1984,0.2731,1.0,1984-05-27,0.2731,0.2731,0.2732,0.2726,0.2719,0.2707,0.2709,0.2711
1984,5,28,5/28/1984,0.2726,1.0,1984-05-28,0.2731,0.2731,0.2731,0.2732,0.2726,0.2719,0.2707,0.271
1984,5,29,5/29/1984,0.2717,1.0,1984-05-29,0.2726,0.2731,0.2731,0.2731,0.2732,0.2726,0.2719,0.2716
1984,5,30,5/30/1984,0.271,1.0,1984-05-30,0.2717,0.2726,0.2731,0.2731,0.2731,0.2732,0.2726,0.2722
1984,6,01,6/01/1984,0.2694,1.0,1984-06-01,0.271,0.2717,0.2726,0.2731,0.2731,0.2731,0.2732,0.2725
1984,6,02,6/02/1984,0.2701,1.0,1984-06-02,0.2694,0.271,0.2717,0.2726,0.2731,0.2731,0.2731,0.2726
1984,6,03,6/03/1984,0.2705,1.0,1984-06-03,0.2701,0.2694,0.271,0.2717,0.2726,0.2731,0.2731,0.2722
1984,6,04,6/04/1984,0.2707,1.0,1984-06-04,0.2705,0.2701,0.2694,0.271,0.2717,0.2726,0.2731,0.272
1984,6,06,6/06/1984,0.2708,1.0,1984-06-06,0.2707,0.2705,0.2701,0.2694,0.271,0.2717,0.2726,0.2707
1984,6,07,6/07/1984,0.2705,1.0,1984-06-07,0.2708,0.2707,0.2705,0.2701,0.2694,0.271,0.2717,0.2691
1984,6,08,6/08/1984,0.2702,1.0,1984-06-08,0.2705,0.2708,0.2707,0.2705,0.2701,0.2694,0.271,0.2685
1984,6,09,6/09/1984,0.2705,1.0,1984-06-09,0.2702,0.2705,0.2708,0.2707,0.2705,0.2701,0.2694,0.2673
1984,6,10,6/10/1984,0.2705,1.0,1984-06-10,0.2705,0.2702,0.2705,0.2708,0.2707,0.2705,0.2701,0.2694
1984,6,11,6/11/1984,0.2704,1.0,1984-06-11,0.2705,0.2705,0.2702,0.2705,0.2708,0.2707,0.2705,0.2702
1984,6,12,6/12/1984,0.2703,1.0,1984-06-12,0.2704,0.2705,0.2705,0.2702,0.2705,0.2708,0.2707,0.271
1984,6,13,6/13/1984,0.2696,1.0,1984-06-13,0.2703,0.2704,0.2705,0.2705,0.2702,0.2705,0.2708,0.2719
1984,6,14,6/14/1984,0.2697,1.0,1984-06-14,0.2696,0.2703,0.2704,0.2705,0.2705,0.2702,0.2705,0.2732
1984,6,15,6/15/1984,0.2702,1.0,1984-06-15,0.2697,0.2696,0.2703,0.2704,0.2705,0.2705,0.2702,0.2735
1984,6,17,6/17/1984,0.2704,1.0,1984-06-17,0.2702,0.2697,0.2696,0.2703,0.2704,0.2705,0.2705,0.2728
1984,6,18,6/18/1984,0.271,1.0,1984-06-18,0.2704,0.2702,0.2697,0.2696,0.2703,0.2704,0.2705,0.2713
1984,6,19,6/19/1984,0.2711,1.0,1984-06-19,0.271,0.2704,0.2702,0.2697,0.2696,0.2703,0.2704,0.2709
1984,6,20,6/20/1984,0.2709,1.0,1984-06-20,0.2711,0.271,0.2704,0.2702,0.2697,0.2696,0.2703,0.2707
1984,6,22,6/22/1984,0.2699,1.0,1984-06-22,0.2709,0.2711,0.271,0.2704,0.2702,0.2697,0.2696,0.2719
1984,6,23,6/23/1984,0.2699,1.0,1984-06-23,0.2699,0.2709,0.2711,0.271,0.2704,0.2702,0.2697,0.2726
1984,6,24,6/24/1984,0.27,1.0,1984-06-24,0.2699,0.2699,0.2709,0.2711,0.271,0.2704,0.2702,0.2732
1984,6,25,6/25/1984,0.2689,1.0,1984-06-25,0.27,0.2699,0.2699,0.2709,0.2711,0.271,0.2704,0.2731
1984,6,26,6/26/1984,0.2683,1.0,1984-06-26,0.2689,0.27,0.2699,0.2699,0.2709,0.2711,0.271,0.2731
1984,6,27,6/27/1984,0.2675,1.0,1984-06-27,0.2683,0.2689,0.27,0.2699,0.2699,0.2709,0.2711,0.2731
1984,6,28,6/28/1984,0.2673,1.0,1984-06-28,0.2675,0.2683,0.2689,0.27,0.2699,0.2699,0.2709,0.2726
1984,6,30,6/30/1984,0.2684,1.0,1984-06-30,0.2673,0.2675,0.2683,0.2689,0.27,0.2699,0.2699,0.2717
1984,7,01,7/01/1984,0.2689,1.0,1984-07-01,0.2684,0.2673,0.2675,0.2683,0.2689,0.27,0.2699,0.271
1984,7,02,7/02/1984,0.2696,1.0,1984-07-02,0.2689,0.2684,0.2673,0.2675,0.2683,0.2689,0.27,0.2694
1984,7,04,7/04/1984,0.2713,1.0,1984-07-04,0.2696,0.2689,0.2684,0.2673,0.2675,0.2683,0.2689,0.2701
1984,7,05,7/05/1984,0.272,1.0,1984-07-05,0.2713,0.2696,0.2689,0.2684,0.2673,0.2675,0.2683,0.2705
1984,7,06,7/06/1984,0.2719,1.0,1984-07-06,0.272,0.2713,0.2696,0.2689,0.2684,0.2673,0.2675,0.2707
1984,7,07,7/07/1984,0.2719,1.0,1984-07-07,0.2719,0.272,0.2713,0.2696,0.2689,0.2684,0.2673,0.2708
1984,7,08,7/08/1984,0.2717,1.0,1984-07-08,0.2719,0.2719,0.272,0.2713,0.2696,0.2689,0.2684,0.2705
1984,7,09,7/09/1984,0.271,1.0,1984-07-09,0.2717,0.2719,0.2719,0.272,0.2713,0.2696,0.2689,0.2702
1984,7,10,7/10/1984,0.2701,1.0,1984-07-10,0.271,0.2717,0.2719,0.2719,0.272,0.2713,0.2696,0.2705
1984,7,11,7/11/1984,0.2698,1.0,1984-07-11,0.2701,0.271,0.2717,0.2719,0.2719,0.272,0.2713,0.2705
1984,7,12,7/12/1984,0.2691,1.0,1984-07-12,0.2698,0.2701,0.271,0.2717,0.2719,0.2719,0.272,0.2704
1984,7,13,7/13/1984,0.2689,1.0,1984-07-13,0.2691,0.2698,0.2701,0.271,0.2717,0.2719,0.2719,0.2703
1984,7,15,7/15/1984,0.2689,1.0,1984-07-15,0.2689,0.2691,0.2698,0.2701,0.271,0.2717,0.2719,0.2696
1984,7,16,7/16/1984,0.2688,1.0,1984-07-16,0.2689,0.2689,0.2691,0.2698,0.2701,0.271,0.2717,0.2697
1984,7,17,7/17/1984,0.2685,1.0,1984-07-17,0.2688,0.2689,0.2689,0.2691,0.2698,0.2701,0.271,0.2702
1984,7,18,7/18/1984,0.2684,1.0,1984-07-18,0.2685,0.2688,0.2689,0.2689,0.2691,0.2698,0.2701,0.2704
1984,7,19,7/19/1984,0.2675,1.0,1984-07-19,0.2684,0.2685,0.2688,0.2689,0.2689,0.2691,0.2698,0.271
1984,7,20,7/20/1984,0.2675,1.0,1984-07-20,0.2675,0.2684,0.2685,0.2688,0.2689,0.2689,0.2691,0.2711
1984,7,21,7/21/1984,0.2674,1.0,1984-07-21,0.2675,0.2675,0.2684,0.2685,0.2688,0.2689,0.2689,0.2709
1984,7,23,7/23/1984,0.267,1.0,1984-07-23,0.2674,0.2675,0.2675,0.2684,0.2685,0.2688,0.2689,0.2699
1984,7,26,7/26/1984,0.2665,1.0,1984-07-26,0.267,0.2674,0.2675,0.2675,0.2684,0.2685,0.2688,0.2699
1984,7,27,7/27/1984,0.2666,1.0,1984-07-27,0.2665,0.267,0.2674,0.2675,0.2675,0.2684,0.2685,0.27
1984,7,28,7/28/1984,0.2663,1.0,1984-07-28,0.2666,0.2665,0.267,0.2674,0.2675,0.2675,0.2684,0.2689
1984,7,29,7/29/1984,0.2669,1.0,1984-07-29,0.2663,0.2666,0.2665,0.267,0.2674,0.2675,0.2675,0.2683
1984,7,30,7/30/1984,0.2672,1.0,1984-07-30,0.2669,0.2663,0.2666,0.2665,0.267,0.2674,0.2675,0.2675
1984,8,01,8/01/1984,0.2679,1.0,1984-08-01,0.2672,0.2669,0.2663,0.2666,0.2665,0.267,0.2674,0.2673
1984,8,02,8/02/1984,0.2685,1.0,1984-08-02,0.2679,0.2672,0.2669,0.2663,0.2666,0.2665,0.267,0.2684
1984,8,03,8/03/1984,0.2684,1.0,1984-08-03,0.2685,0.2679,0.2672,0.2669,0.2663,0.2666,0.2665,0.2689
1984,8,04,8/04/1984,0.2685,1.0,1984-08-04,0.2684,0.2685,0.2679,0.2672,0.2669,0.2663,0.2666,0.2696
1984,8,05,8/05/1984,0.2689,1.0,1984-08-05,0.2685,0.2684,0.2685,0.2679,0.2672,0.2669,0.2663,0.2713
1984,8,07,8/07/1984,0.2687,1.0,1984-08-07,0.2689,0.2685,0.2684,0.2685,0.2679,0.2672,0.2669,0.272
1984,8,08,8/08/1984,0.269,1.0,1984-08-08,0.2687,0.2689,0.2685,0.2684,0.2685,0.2679,0.2672,0.2719
1984,8,09,8/09/1984,0.2692,1.0,1984-08-09,0.269,0.2687,0.2689,0.2685,0.2684,0.2685,0.2679,0.2719
1984,8,10,8/10/1984,0.2694,1.0,1984-08-10,0.2692,0.269,0.2687,0.2689,0.2685,0.2684,0.2685,0.2717
1984,8,11,8/11/1984,0.2692,1.0,1984-08-11,0.2694,0.2692,0.269,0.2687,0.2689,0.2685,0.2684,0.271
1984,8,13,8/13/1984,0.2686,1.0,1984-08-13,0.2692,0.2694,0.2692,0.269,0.2687,0.2689,0.2685,0.2701
1984,8,14,8/14/1984,0.2681,1.0,1984-08-14,0.2686,0.2692,0.2694,0.2692,0.269,0.2687,0.2689,0.2698
1984,8,16,8/16/1984,0.2666,1.0,1984-08-16,0.2681,0.2686,0.2692,0.2694,0.2692,0.269,0.2687,0.2691
1984,8,18,8/18/1984,0.2655,1.0,1984-08-18,0.2666,0.2681,0.2686,0.2692,0.2694,0.2692,0.269,0.2689
1984,8,20,8/20/1984,0.265,1.0,1984-08-20,0.2655,0.2666,0.2681,0.2686,0.2692,0.2694,0.2692,0.2689
1984,8,22,8/22/1984,0.2655,1.0,1984-08-22,0.265,0.2655,0.2666,0.2681,0.2686,0.2692,0.2694,0.2688
1984,8,24,8/24/1984,0.2656,1.0,1984-08-24,0.2655,0.265,0.2655,0.2666,0.2681,0.2686,0.2692,0.2685
1984,8,26,8/26/1984,0.2665,1.0,1984-08-26,0.2656,0.2655,0.265,0.2655,0.2666,0.2681,0.2686,0.2684
1984,8,28,8/28/1984,0.2668,1.0,1984-08-28,0.2665,0.2656,0.2655,0.265,0.2655,0.2666,0.2681,0.2675
1984,8,30,8/30/1984,0.2671,1.0,1984-08-30,0.2668,0.2665,0.2656,0.2655,0.265,0.2655,0.2666,0.2675
1984,8,31,8/31/1984,0.268,1.0,1984-08-31,0.2671,0.2668,0.2665,0.2656,0.2655,0.265,0.2655,0.2674
1984,9,01,9/01/1984,0.2677,1.0,1984-09-01,0.268,0.2671,0.2668,0.2665,0.2656,0.2655,0.265,0.267
1984,9,02,9/02/1984,0.2683,1.0,1984-09-02,0.2677,0.268,0.2671,0.2668,0.2665,0.2656,0.2655,0.2665
1984,9,05,9/05/1984,0.268,1.0,1984-09-05,0.2683,0.2677,0.268,0.2671,0.2668,0.2665,0.2656,0.2666
1984,9,06,9/06/1984,0.2684,1.0,1984-09-06,0.268,0.2683,0.2677,0.268,0.2671,0.2668,0.2665,0.2663
1984,9,07,9/07/1984,0.268,1.0,1984-09-07,0.2684,0.268,0.2683,0.2677,0.268,0.2671,0.2668,0.2669
1984,9,08,9/08/1984,0.2676,1.0,1984-09-08,0.268,0.2684,0.268,0.2683,0.2677,0.268,0.2671,0.2672
1984,9,10,9/10/1984,0.2671,1.0,1984-09-10,0.2676,0.268,0.2684,0.268,0.2683,0.2677,0.268,0.2679
1984,9,11,9/11/1984,0.2664,1.0,1984-09-11,0.2671,0.2676,0.268,0.2684,0.268,0.2683,0.2677,0.2685
1984,9,12,9/12/1984,0.2662,1.0,1984-09-12,0.2664,0.2671,0.2676,0.268,0.2684,0.268,0.2683,0.2684
1984,9,13,9/13/1984,0.2655,1.0,1984-09-13,0.2662,0.2664,0.2671,0.2676,0.268,0.2684,0.268,0.2685
1984,9,14,9/14/1984,0.2651,1.0,1984-09-14,0.2655,0.2662,0.2664,0.2671,0.2676,0.268,0.2684,0.2689
1984,9,16,9/16/1984,0.2651,1.0,1984-09-16,0.2651,0.2655,0.2662,0.2664,0.2671,0.2676,0.268,0.2687
1984,9,17,9/17/1984,0.2647,1.0,1984-09-17,0.2651,0.2651,0.2655,0.2662,0.2664,0.2671,0.2676,0.269
1984,9,18,9/18/1984,0.2645,1.0,1984-09-18,0.2647,0.2651,0.2651,0.2655,0.2662,0.2664,0.2671,0.2692
1984,9,21,9/21/1984,0.2647,1.0,1984-09-21,0.2645,0.2647,0.2651,0.2651,0.2655,0.2662,0.2664,0.2694
1984,9,22,9/22/1984,0.2653,1.0,1984-09-22,0.2647,0.2645,0.2647,0.2651,0.2651,0.2655,0.2662,0.2692
1984,9,23,9/23/1984,0.2656,1.0,1984-09-23,0.2653,0.2647,0.2645,0.2647,0.2651,0.2651,0.2655,0.2686
1984,9,24,9/24/1984,0.2657,1.0,1984-09-24,0.2656,0.2653,0.2647,0.2645,0.2647,0.2651,0.2651,0.2681
1984,9,25,9/25/1984,0.2656,1.0,1984-09-25,0.2657,0.2656,0.2653,0.2647,0.2645,0.2647,0.2651,0.2666
1984,9,27,9/27/1984,0.2659,1.0,1984-09-27,0.2656,0.2657,0.2656,0.2653,0.2647,0.2645,0.2647,0.2655
1984,9,28,9/28/1984,0.266,1.0,1984-09-28,0.2659,0.2656,0.2657,0.2656,0.2653,0.2647,0.2645,0.265
1984,9,29,9/29/1984,0.2663,1.0,1984-09-29,0.266,0.2659,0.2656,0.2657,0.2656,0.2653,0.2647,0.2655
1984,9,30,9/30/1984,0.2661,1.0,1984-09-30,0.2663,0.266,0.2659,0.2656,0.2657,0.2656,0.2653,0.2656
1984,10,02,10/02/1984,0.266,1.0,1984-10-02,0.2661,0.2663,0.266,0.2659,0.2656,0.2657,0.2656,0.2665
1984,10,03,10/03/1984,0.2663,1.0,1984-10-03,0.266,0.2661,0.2663,0.266,0.2659,0.2656,0.2657,0.2668
1984,10,04,10/04/1984,0.2662,1.0,1984-10-04,0.2663,0.266,0.2661,0.2663,0.266,0.2659,0.2656,0.2671
1984,10,05,10/05/1984,0.2657,1.0,1984-10-05,0.2662,0.2663,0.266,0.2661,0.2663,0.266,0.2659,0.268
1984,10,06,10/06/1984,0.2661,1.0,1984-10-06,0.2657,0.2662,0.2663,0.266,0.2661,0.2663,0.266,0.2677
1984,10,09,10/09/1984,0.2655,1.0,1984-10-09,0.2661,0.2657,0.2662,0.2663,0.266,0.2661,0.2663,0.2683
1984,10,10,10/10/1984,0.2653,1.0,1984-10-10,0.2655,0.2661,0.2657,0.2662,0.2663,0.266,0.2661,0.268
1984,10,11,10/11/1984,0.265,1.0,1984-10-11,0.2653,0.2655,0.2661,0.2657,0.2662,0.2663,0.266,0.2684
1984,10,12,10/12/1984,0.2648,1.0,1984-10-12,0.265,0.2653,0.2655,0.2661,0.2657,0.2662,0.2663,0.268
1984,10,14,10/14/1984,0.2644,1.0,1984-10-14,0.2648,0.265,0.2653,0.2655,0.2661,0.2657,0.2662,0.2676
1984,10,15,10/15/1984,0.2647,1.0,1984-10-15,0.2644,0.2648,0.265,0.2653,0.2655,0.2661,0.2657,0.2671
1984,10,16,10/16/1984,0.2645,1.0,1984-10-16,0.2647,0.2644,0.2648,0.265,0.2653,0.2655,0.2661,0.2664
1984,10,17,10/17/1984,0.2651,1.0,1984-10-17,0.2645,0.2647,0.2644,0.2648,0.265,0.2653,0.2655,0.2662
1984,10,18,10/18/1984,0.2652,1.0,1984-10-18,0.2651,0.2645,0.2647,0.2644,0.2648,0.265,0.2653,0.2655
1984,10,20,10/20/1984,0.2654,1.0,1984-10-20,0.2652,0.2651,0.2645,0.2647,0.2644,0.2648,0.265,0.2651
1984,10,21,10/21/1984,0.2657,1.0,1984-10-21,0.2654,0.2652,0.2651,0.2645,0.2647,0.2644,0.2648,0.2651
1984,10,22,10/22/1984,0.2655,1.0,1984-10-22,0.2657,0.2654,0.2652,0.2651,0.2645,0.2647,0.2644,0.2647
1984,10,25,10/25/1984,0.2649,1.0,1984-10-25,0.2655,0.2657,0.2654,0.2652,0.2651,0.2645,0.2647,0.2645
1984,10,27,10/27/1984,0.2647,1.0,1984-10-27,0.2649,0.2655,0.2657,0.2654,0.2652,0.2651,0.2645,0.2647
1984,10,29,10/29/1984,0.2646,1.0,1984-10-29,0.2647,0.2649,0.2655,0.2657,0.2654,0.2652,0.2651,0.2653
1984,10,31,10/31/1984,0.2651,1.0,1984-10-31,0.2646,0.2647,0.2649,0.2655,0.2657,0.2654,0.2652,0.2656
1984,11,02,11/02/1984,0.265,1.0,1984-11-02,0.2651,0.2646,0.2647,0.2649,0.2655,0.2657,0.2654,0.2657
1984,11,03,11/03/1984,0.265,1.0,1984-11-03,0.265,0.2651,0.2646,0.2647,0.2649,0.2655,0.2657,0.2656
1984,11,04,11/04/1984,0.2651,1.0,1984-11-04,0.265,0.265,0.2651,0.2646,0.2647,0.2649,0.2655,0.2659
1984,11,06,11/06/1984,0.2647,1.0,1984-11-06,0.2651,0.265,0.265,0.2651,0.2646,0.2647,0.2649,0.266
1984,11,08,11/08/1984,0.2651,1.0,1984-11-08,0.2647,0.2651,0.265,0.265,0.2651,0.2646,0.2647,0.2663
1984,11,09,11/09/1984,0.2644,1.0,1984-11-09,0.2651,0.2647,0.2651,0.265,0.265,0.2651,0.2646,0.2661
1984,11,10,11/10/1984,0.2651,1.0,1984-11-10,0.2644,0.2651,0.2647,0.2651,0.265,0.265,0.2651,0.266
1984,11,13,11/13/1984,0.2654,1.0,1984-11-13,0.2651,0.2644,0.2651,0.2647,0.2651,0.265,0.265,0.2663
1984,11,14,11/14/1984,0.2652,1.0,1984-11-14,0.2654,0.2651,0.2644,0.2651,0.2647,0.2651,0.265,0.2662
1984,11,15,11/15/1984,0.2651,1.0,1984-11-15,0.2652,0.2654,0.2651,0.2644,0.2651,0.2647,0.2651,0.2657
1984,11,16,11/16/1984,0.2648,1.0,1984-11-16,0.2651,0.2652,0.2654,0.2651,0.2644,0.2651,0.2647,0.2661
1984,11,18,11/18/1984,0.2647,1.0,1984-11-18,0.2648,0.2651,0.2652,0.2654,0.2651,0.2644,0.2651,0.2655
1984,11,20,11/20/1984,0.2646,1.0,1984-11-20,0.2647,0.2648,0.2651,0.2652,0.2654,0.2651,0.2644,0.2653
1984,11,21,11/21/1984,0.265,1.0,1984-11-21,0.2646,0.2647,0.2648,0.2651,0.2652,0.2654,0.2651,0.265
1984,11,22,11/22/1984,0.2651,1.0,1984-11-22,0.265,0.2646,0.2647,0.2648,0.2651,0.2652,0.2654,0.2648
1984,11,24,11/24/1984,0.2654,1.0,1984-11-24,0.2651,0.265,0.2646,0.2647,0.2648,0.2651,0.2652,0.2644
1984,11,25,11/25/1984,0.2656,1.0,1984-11-25,0.2654,0.2651,0.265,0.2646,0.2647,0.2648,0.2651,0.2647
1984,11,26,11/26/1984,0.2654,1.0,1984-11-26,0.2656,0.2654,0.2651,0.265,0.2646,0.2647,0.2648,0.2645
1984,11,27,11/27/1984,0.2653,1.0,1984-11-27,0.2654,0.2656,0.2654,0.2651,0.265,0.2646,0.2647,0.2651
1984,11,28,11/28/1984,0.2654,1.0,1984-11-28,0.2653,0.2654,0.2656,0.2654,0.2651,0.265,0.2646,0.2652
1984,11,30,11/30/1984,0.2652,1.0,1984-11-30,0.2654,0.2653,0.2654,0.2656,0.2654,0.2651,0.265,0.2654
1984,12,01,12/01/1984,0.2654,1.0,1984-12-01,0.2652,0.2654,0.2653,0.2654,0.2656,0.2654,0.2651,0.2657
1984,12,02,12/02/1984,0.2652,1.0,1984-12-02,0.2654,0.2652,0.2654,0.2653,0.2654,0.2656,0.2654,0.2655
1984,12,03,12/03/1984,0.2652,1.0,1984-12-03,0.2652,0.2654,0.2652,0.2654,0.2653,0.2654,0.2656,0.2649
1984,12,05,12/05/1984,0.265,1.0,1984-12-05,0.2652,0.2652,0.2654,0.2652,0.2654,0.2653,0.2654,0.2647
1984,12,06,12/06/1984,0.2651,1.0,1984-12-06,0.265,0.2652,0.2652,0.2654,0.2652,0.2654,0.2653,0.2646
1984,12,08,12/08/1984,0.2656,1.0,1984-12-08,0.2651,0.265,0.2652,0.2652,0.2654,0.2652,0.2654,0.2651
1984,12,10,12/10/1984,0.2649,1.0,1984-12-10,0.2656,0.2651,0.265,0.2652,0.2652,0.2654,0.2652,0.265
1984,12,12,12/12/1984,0.2655,1.0,1984-12-12,0.2649,0.2656,0.2651,0.265,0.2652,0.2652,0.2654,0.265
1984,12,13,12/13/1984,0.2656,1.0,1984-12-13,0.2655,0.2649,0.2656,0.2651,0.265,0.2652,0.2652,0.2651
1984,12,15,12/15/1984,0.2649,1.0,1984-12-15,0.2656,0.2655,0.2649,0.2656,0.2651,0.265,0.2652,0.2647
1984,12,16,12/16/1984,0.2646,1.0,1984-12-16,0.2649,0.2656,0.2655,0.2649,0.2656,0.2651,0.265,0.2651
1984,12,17,12/17/1984,0.2651,1.0,1984-12-17,0.2646,0.2649,0.2656,0.2655,0.2649,0.2656,0.2651,0.2644
1984,12,18,12/18/1984,0.2647,1.0,1984-12-18,0.2651,0.2646,0.2649,0.2656,0.2655,0.2649,0.2656,0.2651
1984,12,19,12/19/1984,0.2652,1.0,1984-12-19,0.2647,0.2651,0.2646,0.2649,0.2656,0.2655,0.2649,0.2654
1984,12,20,12/20/1984,0.265,1.0,1984-12-20,0.2652,0.2647,0.2651,0.2646,0.2649,0.2656,0.2655,0.2652
1984,12,22,12/22/1984,0.2648,1.0,1984-12-22,0.265,0.2652,0.2647,0.2651,0.2646,0.2649,0.2656,0.2651
1984,12,23,12/23/1984,0.2652,1.0,1984-12-23,0.2648,0.265,0.2652,0.2647,0.2651,0.2646,0.2649,0.2648
1984,12,24,12/24/1984,0.2649,1.0,1984-12-24,0.2652,0.2648,0.265,0.2652,0.2647,0.2651,0.2646,0.2647
1984,12,25,12/25/1984,0.2646,1.0,1984-12-25,0.2649,0.2652,0.2648,0.265,0.2652,0.2647,0.2651,0.2646
1984,12,27,12/27/1984,0.2652,1.0,1984-12-27,0.2646,0.2649,0.2652,0.2648,0.265,0.2652,0.2647,0.265
1984,12,28,12/28/1984,0.265,1.0,1984-12-28,0.2652,0.2646,0.2649,0.2652,0.2648,0.265,0.2652,0.2651
1984,12,29,12/29/1984,0.2646,1.0,1984-12-29,0.265,0.2652,0.2646,0.2649,0.2652,0.2648,0.265,0.2654
1984,12,31,12/31/1984,0.2642,1.0,1984-12-31,0.2646,0.265,0.2652,0.2646,0.2649,0.2652,0.2648,0.2656
1985,1,02,1/02/1985,0.2642,1.0,1985-01-02,0.2642,0.2646,0.265,0.2652,0.2646,0.2649,0.2652,0.2654
1985,1,03,1/03/1985,0.264,1.0,1985-01-03,0.2642,0.2642,0.2646,0.265,0.2652,0.2646,0.2649,0.2653
1985,1,04,1/04/1985,0.2645,1.0,1985-01-04,0.264,0.2642,0.2642,0.2646,0.265,0.2652,0.2646,0.2654
1985,1,05,1/05/1985,0.2643,1.0,1985-01-05,0.2645,0.264,0.2642,0.2642,0.2646,0.265,0.2652,0.2652
1985,1,06,1/06/1985,0.2639,1.0,1985-01-06,0.2643,0.2645,0.264,0.2642,0.2642,0.2646,0.265,0.2654
1985,1,08,1/08/1985,0.2642,1.0,1985-01-08,0.2639,0.2643,0.2645,0.264,0.2642,0.2642,0.2646,0.2652
1985,1,09,1/09/1985,0.264,1.0,1985-01-09,0.2642,0.2639,0.2643,0.2645,0.264,0.2642,0.2642,0.2652
1985,1,10,1/10/1985,0.264,1.0,1985-01-10,0.264,0.2642,0.2639,0.2643,0.2645,0.264,0.2642,0.265
1985,1,11,1/11/1985,0.2642,1.0,1985-01-11,0.264,0.264,0.2642,0.2639,0.2643,0.2645,0.264,0.2651
1985,1,13,1/13/1985,0.2645,1.0,1985-01-13,0.2642,0.264,0.264,0.2642,0.2639,0.2643,0.2645,0.2656
1985,1,14,1/14/1985,0.2648,1.0,1985-01-14,0.2645,0.2642,0.264,0.264,0.2642,0.2639,0.2643,0.2649
1985,1,15,1/15/1985,0.2646,1.0,1985-01-15,0.2648,0.2645,0.2642,0.264,0.264,0.2642,0.2639,0.2655
1985,1,17,1/17/1985,0.2647,1.0,1985-01-17,0.2646,0.2648,0.2645,0.2642,0.264,0.264,0.2642,0.2656
1985,1,19,1/19/1985,0.2645,1.0,1985-01-19,0.2647,0.2646,0.2648,0.2645,0.2642,0.264,0.264,0.2649
1985,1,20,1/20/1985,0.2648,1.0,1985-01-20,0.2645,0.2647,0.2646,0.2648,0.2645,0.2642,0.264,0.2646
1985,1,21,1/21/1985,0.2654,1.0,1985-01-21,0.2648,0.2645,0.2647,0.2646,0.2648,0.2645,0.2642,0.2651
1985,1,22,1/22/1985,0.2657,1.0,1985-01-22,0.2654,0.2648,0.2645,0.2647,0.2646,0.2648,0.2645,0.2647
1985,1,23,1/23/1985,0.2648,1.0,1985-01-23,0.2657,0.2654,0.2648,0.2645,0.2647,0.2646,0.2648,0.2652
1985,1,25,1/25/1985,0.2642,1.0,1985-01-25,0.2648,0.2657,0.2654,0.2648,0.2645,0.2647,0.2646,0.265
1985,1,26,1/26/1985,0.2638,1.0,1985-01-26,0.2642,0.2648,0.2657,0.2654,0.2648,0.2645,0.2647,0.2648
1985,1,27,1/27/1985,0.2643,1.0,1985-01-27,0.2638,0.2642,0.2648,0.2657,0.2654,0.2648,0.2645,0.2652
1985,1,28,1/28/1985,0.264,1.0,1985-01-28,0.2643,0.2638,0.2642,0.2648,0.2657,0.2654,0.2648,0.2649
1985,1,30,1/30/1985,0.2637,1.0,1985-01-30,0.264,0.2643,0.2638,0.2642,0.2648,0.2657,0.2654,0.2646
1985,1,31,1/31/1985,0.2641,1.0,1985-01-31,0.2637,0.264,0.2643,0.2638,0.2642,0.2648,0.2657,0.2652
1985,2,01,2/01/1985,0.2642,1.0,1985-02-01,0.2641,0.2637,0.264,0.2643,0.2638,0.2642,0.2648,0.265
1985,2,03,2/03/1985,0.2644,1.0,1985-02-03,0.2642,0.2641,0.2637,0.264,0.2643,0.2638,0.2642,0.2646
1985,2,05,2/05/1985,0.2647,1.0,1985-02-05,0.2644,0.2642,0.2641,0.2637,0.264,0.2643,0.2638,0.2642
1985,2,06,2/06/1985,0.265,1.0,1985-02-06,0.2647,0.2644,0.2642,0.2641,0.2637,0.264,0.2643,0.2642
1985,2,07,2/07/1985,0.2645,1.0,1985-02-07,0.265,0.2647,0.2644,0.2642,0.2641,0.2637,0.264,0.264
1985,2,08,2/08/1985,0.264,1.0,1985-02-08,0.2645,0.265,0.2647,0.2644,0.2642,0.2641,0.2637,0.2645
1985,2,09,2/09/1985,0.2649,1.0,1985-02-09,0.264,0.2645,0.265,0.2647,0.2644,0.2642,0.2641,0.2643
1985,2,11,2/11/1985,0.2649,1.0,1985-02-11,0.2649,0.264,0.2645,0.265,0.2647,0.2644,0.2642,0.2639
1985,2,12,2/12/1985,0.2647,1.0,1985-02-12,0.2649,0.2649,0.264,0.2645,0.265,0.2647,0.2644,0.2642
1985,2,13,2/13/1985,0.2648,1.0,1985-02-13,0.2647,0.2649,0.2649,0.264,0.2645,0.265,0.2647,0.264
1985,2,14,2/14/1985,0.2649,1.0,1985-02-14,0.2648,0.2647,0.2649,0.2649,0.264,0.2645,0.265,0.264
1985,2,16,2/16/1985,0.2645,1.0,1985-02-16,0.2649,0.2648,0.2647,0.2649,0.2649,0.264,0.2645,0.2642
1985,2,17,2/17/1985,0.2644,1.0,1985-02-17,0.2645,0.2649,0.2648,0.2647,0.2649,0.2649,0.264,0.2645
1985,2,18,2/18/1985,0.2646,1.0,1985-02-18,0.2644,0.2645,0.2649,0.2648,0.2647,0.2649,0.2649,0.2648
1985,2,21,2/21/1985,0.2643,1.0,1985-02-21,0.2646,0.2644,0.2645,0.2649,0.2648,0.2647,0.2649,0.2646
1985,2,22,2/22/1985,0.2643,1.0,1985-02-22,0.2643,0.2646,0.2644,0.2645,0.2649,0.2648,0.2647,0.2647
1985,2,23,2/23/1985,0.2644,1.0,1985-02-23,0.2643,0.2643,0.2646,0.2644,0.2645,0.2649,0.2648,0.2645
1985,2,24,2/24/1985,0.2646,1.0,1985-02-24,0.2644,0.2643,0.2643,0.2646,0.2644,0.2645,0.2649,0.2648
1985,2,25,2/25/1985,0.2644,1.0,1985-02-25,0.2646,0.2644,0.2643,0.2643,0.2646,0.2644,0.2645,0.2654
1985,2,28,2/28/1985,0.2646,1.0,1985-02-28,0.2644,0.2646,0.2644,0.2643,0.2643,0.2646,0.2644,0.2657
1985,3,01,3/01/1985,0.2644,1.0,1985-03-01,0.2646,0.2644,0.2646,0.2644,0.2643,0.2643,0.2646,0.2648
1985,3,02,3/02/1985,0.2638,1.0,1985-03-02,0.2644,0.2646,0.2644,0.2646,0.2644,0.2643,0.2643,0.2642
1985,3,03,3/03/1985,0.2637,1.0,1985-03-03,0.2638,0.2644,0.2646,0.2644,0.2646,0.2644,0.2643,0.2638
1985,3,05,3/05/1985,0.2639,1.0,1985-03-05,0.2637,0.2638,0.2644,0.2646,0.2644,0.2646,0.2644,0.2643
1985,3,06,3/06/1985,0.2638,1.0,1985-03-06,0.2639,0.2637,0.2638,0.2644,0.2646,0.2644,0.2646,0.264
1985,3,07,3/07/1985,0.2642,1.0,1985-03-07,0.2638,0.2639,0.2637,0.2638,0.2644,0.2646,0.2644,0.2637
1985,3,08,3/08/1985,0.264,1.0,1985-03-08,0.2642,0.2638,0.2639,0.2637,0.2638,0.2644,0.2646,0.2641
1985,3,09,3/09/1985,0.264,1.0,1985-03-09,0.264,0.2642,0.2638,0.2639,0.2637,0.2638,0.2644,0.2642
1985,3,11,3/11/1985,0.2641,1.0,1985-03-11,0.264,0.264,0.2642,0.2638,0.2639,0.2637,0.2638,0.2644
1985,3,12,3/12/1985,0.2642,1.0,1985-03-12,0.2641,0.264,0.264,0.2642,0.2638,0.2639,0.2637,0.2647
1985,3,13,3/13/1985,0.2645,1.0,1985-03-13,0.2642,0.2641,0.264,0.264,0.2642,0.2638,0.2639,0.265
1985,3,14,3/14/1985,0.2639,1.0,1985-03-14,0.2645,0.2642,0.2641,0.264,0.264,0.2642,0.2638,0.2645
1985,3,15,3/15/1985,0.2638,1.0,1985-03-15,0.2639,0.2645,0.2642,0.2641,0.264,0.264,0.2642,0.264
1985,3,17,3/17/1985,0.2642,1.0,1985-03-17,0.2638,0.2639,0.2645,0.2642,0.2641,0.264,0.264,0.2649
1985,3,18,3/18/1985,0.2641,1.0,1985-03-18,0.2642,0.2638,0.2639,0.2645,0.2642,0.2641,0.264,0.2649
1985,3,19,3/19/1985,0.2645,1.0,1985-03-19,0.2641,0.2642,0.2638,0.2639,0.2645,0.2642,0.2641,0.2647
1985,3,20,3/20/1985,0.2647,1.0,1985-03-20,0.2645,0.2641,0.2642,0.2638,0.2639,0.2645,0.2642,0.2648
1985,3,22,3/22/1985,0.2642,1.0,1985-03-22,0.2647,0.2645,0.2641,0.2642,0.2638,0.2639,0.2645,0.2649
1985,3,23,3/23/1985,0.2655,1.0,1985-03-23,0.2642,0.2647,0.2645,0.2641,0.2642,0.2638,0.2639,0.2645
1985,3,24,3/24/1985,0.265,1.0,1985-03-24,0.2655,0.2642,0.2647,0.2645,0.2641,0.2642,0.2638,0.2644
1985,3,25,3/25/1985,0.2651,1.0,1985-03-25,0.265,0.2655,0.2642,0.2647,0.2645,0.2641,0.2642,0.2646
1985,3,26,3/26/1985,0.2652,1.0,1985-03-26,0.2651,0.265,0.2655,0.2642,0.2647,0.2645,0.2641,0.2643
1985,3,27,3/27/1985,0.2655,1.0,1985-03-27,0.2652,0.2651,0.265,0.2655,0.2642,0.2647,0.2645,0.2643
1985,3,29,3/29/1985,0.2646,1.0,1985-03-29,0.2655,0.2652,0.2651,0.265,0.2655,0.2642,0.2647,0.2644
1985,3,30,3/30/1985,0.2646,1.0,1985-03-30,0.2646,0.2655,0.2652,0.2651,0.265,0.2655,0.2642,0.2646
1985,3,31,3/31/1985,0.2647,1.0,1985-03-31,0.2646,0.2646,0.2655,0.2652,0.2651,0.265,0.2655,0.2644
1985,4,01,4/01/1985,0.2643,1.0,1985-04-01,0.2647,0.2646,0.2646,0.2655,0.2652,0.2651,0.265,0.2646
1985,4,03,4/03/1985,0.2639,1.0,1985-04-03,0.2643,0.2647,0.2646,0.2646,0.2655,0.2652,0.2651,0.2644
1985,4,04,4/04/1985,0.2642,1.0,1985-04-04,0.2639,0.2643,0.2647,0.2646,0.2646,0.2655,0.2652,0.2638
1985,4,05,4/05/1985,0.2639,1.0,1985-04-05,0.2642,0.2639,0.2643,0.2647,0.2646,0.2646,0.2655,0.2637
1985,4,06,4/06/1985,0.2642,1.0,1985-04-06,0.2639,0.2642,0.2639,0.2643,0.2647,0.2646,0.2646,0.2639
1985,4,08,4/08/1985,0.2643,1.0,1985-04-08,0.2642,0.2639,0.2642,0.2639,0.2643,0.2647,0.2646,0.2638
1985,4,09,4/09/1985,0.2636,1.0,1985-04-09,0.2643,0.2642,0.2639,0.2642,0.2639,0.2643,0.2647,0.2642
1985,4,10,4/10/1985,0.2636,1.0,1985-04-10,0.2636,0.2643,0.2642,0.2639,0.2642,0.2639,0.2643,0.264
1985,4,11,4/11/1985,0.2637,1.0,1985-04-11,0.2636,0.2636,0.2643,0.2642,0.2639,0.2642,0.2639,0.264
1985,4,12,4/12/1985,0.264,1.0,1985-04-12,0.2637,0.2636,0.2636,0.2643,0.2642,0.2639,0.2642,0.2641
1985,4,14,4/14/1985,0.2634,1.0,1985-04-14,0.264,0.2637,0.2636,0.2636,0.2643,0.2642,0.2639,0.2642
1985,4,15,4/15/1985,0.2639,1.0,1985-04-15,0.2634,0.264,0.2637,0.2636,0.2636,0.2643,0.2642,0.2645
1985,4,16,4/16/1985,0.2638,1.0,1985-04-16,0.2639,0.2634,0.264,0.2637,0.2636,0.2636,0.2643,0.2639
1985,4,19,4/19/1985,0.2642,1.0,1985-04-19,0.2638,0.2639,0.2634,0.264,0.2637,0.2636,0.2636,0.2638
1985,4,20,4/20/1985,0.265,1.0,1985-04-20,0.2642,0.2638,0.2639,0.2634,0.264,0.2637,0.2636,0.2642
1985,4,21,4/21/1985,0.2642,1.0,1985-04-21,0.265,0.2642,0.2638,0.2639,0.2634,0.264,0.2637,0.2641
1985,4,22,4/22/1985,0.2655,1.0,1985-04-22,0.2642,0.265,0.2642,0.2638,0.2639,0.2634,0.264,0.2645
1985,4,23,4/23/1985,0.2655,1.0,1985-04-23,0.2655,0.2642,0.265,0.2642,0.2638,0.2639,0.2634,0.2647
1985,4,24,4/24/1985,0.2653,1.0,1985-04-24,0.2655,0.2655,0.2642,0.265,0.2642,0.2638,0.2639,0.2642
1985,4,26,4/26/1985,0.2655,1.0,1985-04-26,0.2653,0.2655,0.2655,0.2642,0.265,0.2642,0.2638,0.2655
1985,4,27,4/27/1985,0.265,1.0,1985-04-27,0.2655,0.2653,0.2655,0.2655,0.2642,0.265,0.2642,0.265
1985,4,28,4/28/1985,0.2651,1.0,1985-04-28,0.265,0.2655,0.2653,0.2655,0.2655,0.2642,0.265,0.2651
1985,4,29,4/29/1985,0.264,1.0,1985-04-29,0.2651,0.265,0.2655,0.2653,0.2655,0.2655,0.2642,0.2652
1985,4,30,4/30/1985,0.2641,1.0,1985-04-30,0.264,0.2651,0.265,0.2655,0.2653,0.2655,0.2655,0.2655
1985,5,02,5/02/1985,0.2639,1.0,1985-05-02,0.2641,0.264,0.2651,0.265,0.2655,0.2653,0.2655,0.2646
1985,5,03,5/03/1985,0.2638,1.0,1985-05-03,0.2639,0.2641,0.264,0.2651,0.265,0.2655,0.2653,0.2646
1985,5,04,5/04/1985,0.2638,1.0,1985-05-04,0.2638,0.2639,0.2641,0.264,0.2651,0.265,0.2655,0.2647
1985,5,06,5/06/1985,0.2643,1.0,1985-05-06,0.2638,0.2638,0.2639,0.2641,0.264,0.2651,0.265,0.2643
1985,5,07,5/07/1985,0.2639,1.0,1985-05-07,0.2643,0.2638,0.2638,0.2639,0.2641,0.264,0.2651,0.2639
1985,5,08,5/08/1985,0.265,1.0,1985-05-08,0.2639,0.2643,0.2638,0.2638,0.2639,0.2641,0.264,0.2642
1985,5,09,5/09/1985,0.2653,1.0,1985-05-09,0.265,0.2639,0.2643,0.2638,0.2638,0.2639,0.2641,0.2639
1985,5,10,5/10/1985,0.2661,1.0,1985-05-10,0.2653,0.265,0.2639,0.2643,0.2638,0.2638,0.2639,0.2642
1985,5,12,5/12/1985,0.2661,1.0,1985-05-12,0.2661,0.2653,0.265,0.2639,0.2643,0.2638,0.2638,0.2643
1985,5,13,5/13/1985,0.2661,1.0,1985-05-13,0.2661,0.2661,0.2653,0.265,0.2639,0.2643,0.2638,0.2636
1985,5,14,5/14/1985,0.2654,1.0,1985-05-14,0.2661,0.2661,0.2661,0.2653,0.265,0.2639,0.2643,0.2636
1985,5,15,5/15/1985,0.2657,1.0,1985-05-15,0.2654,0.2661,0.2661,0.2661,0.2653,0.265,0.2639,0.2637
1985,5,16,5/16/1985,0.2658,1.0,1985-05-16,0.2657,0.2654,0.2661,0.2661,0.2661,0.2653,0.265,0.264
1985,5,18,5/18/1985,0.2663,1.0,1985-05-18,0.2658,0.2657,0.2654,0.2661,0.2661,0.2661,0.2653,0.2634
1985,5,19,5/19/1985,0.2658,1.0,1985-05-19,0.2663,0.2658,0.2657,0.2654,0.2661,0.2661,0.2661,0.2639
1985,5,20,5/20/1985,0.266,1.0,1985-05-20,0.2658,0.2663,0.2658,0.2657,0.2654,0.2661,0.2661,0.2638
1985,5,21,5/21/1985,0.2658,1.0,1985-05-21,0.266,0.2658,0.2663,0.2658,0.2657,0.2654,0.2661,0.2642
1985,5,23,5/23/1985,0.2657,1.0,1985-05-23,0.2658,0.266,0.2658,0.2663,0.2658,0.2657,0.2654,0.265
1985,5,24,5/24/1985,0.266,1.0,1985-05-24,0.2657,0.2658,0.266,0.2658,0.2663,0.2658,0.2657,0.2642
1985,5,25,5/25/1985,0.2653,1.0,1985-05-25,0.266,0.2657,0.2658,0.266,0.2658,0.2663,0.2658,0.2655
1985,5,26,5/26/1985,0.2649,1.0,1985-05-26,0.2653,0.266,0.2657,0.2658,0.266,0.2658,0.2663,0.2655
1985,5,28,5/28/1985,0.2642,1.0,1985-05-28,0.2649,0.2653,0.266,0.2657,0.2658,0.266,0.2658,0.2653
1985,5,29,5/29/1985,0.2639,1.0,1985-05-29,0.2642,0.2649,0.2653,0.266,0.2657,0.2658,0.266,0.2655
1985,5,30,5/30/1985,0.2635,1.0,1985-05-30,0.2639,0.2642,0.2649,0.2653,0.266,0.2657,0.2658,0.265
1985,5,31,5/31/1985,0.2635,1.0,1985-05-31,0.2635,0.2639,0.2642,0.2649,0.2653,0.266,0.2657,0.2651
1985,6,01,6/01/1985,0.2639,1.0,1985-06-01,0.2635,0.2635,0.2639,0.2642,0.2649,0.2653,0.266,0.264
1985,6,03,6/03/1985,0.2639,1.0,1985-06-03,0.2639,0.2635,0.2635,0.2639,0.2642,0.2649,0.2653,0.2641
1985,6,05,6/05/1985,0.2649,1.0,1985-06-05,0.2639,0.2639,0.2635,0.2635,0.2639,0.2642,0.2649,0.2639
1985,6,06,6/06/1985,0.2649,1.0,1985-06-06,0.2649,0.2639,0.2639,0.2635,0.2635,0.2639,0.2642,0.2638
1985,6,07,6/07/1985,0.2661,1.0,1985-06-07,0.2649,0.2649,0.2639,0.2639,0.2635,0.2635,0.2639,0.2638
1985,6,09,6/09/1985,0.2664,1.0,1985-06-09,0.2661,0.2649,0.2649,0.2639,0.2639,0.2635,0.2635,0.2643
1985,6,10,6/10/1985,0.2666,1.0,1985-06-10,0.2664,0.2661,0.2649,0.2649,0.2639,0.2639,0.2635,0.2639
1985,6,11,6/11/1985,0.2668,1.0,1985-06-11,0.2666,0.2664,0.2661,0.2649,0.2649,0.2639,0.2639,0.265
1985,6,12,6/12/1985,0.267,1.0,1985-06-12,0.2668,0.2666,0.2664,0.2661,0.2649,0.2649,0.2639,0.2653
1985,6,13,6/13/1985,0.2668,1.0,1985-06-13,0.267,0.2668,0.2666,0.2664,0.2661,0.2649,0.2649,0.2661
1985,6,15,6/15/1985,0.2662,1.0,1985-06-15,0.2668,0.267,0.2668,0.2666,0.2664,0.2661,0.2649,0.2661
1985,6,16,6/16/1985,0.2661,1.0,1985-06-16,0.2662,0.2668,0.267,0.2668,0.2666,0.2664,0.2661,0.2661
1985,6,17,6/17/1985,0.2659,1.0,1985-06-17,0.2661,0.2662,0.2668,0.267,0.2668,0.2666,0.2664,0.2654
1985,6,18,6/18/1985,0.2656,1.0,1985-06-18,0.2659,0.2661,0.2662,0.2668,0.267,0.2668,0.2666,0.2657
1985,6,19,6/19/1985,0.2647,1.0,1985-06-19,0.2656,0.2659,0.2661,0.2662,0.2668,0.267,0.2668,0.2658
1985,6,21,6/21/1985,0.2645,1.0,1985-06-21,0.2647,0.2656,0.2659,0.2661,0.2662,0.2668,0.267,0.2663
1985,6,22,6/22/1985,0.2642,1.0,1985-06-22,0.2645,0.2647,0.2656,0.2659,0.2661,0.2662,0.2668,0.2658
1985,6,23,6/23/1985,0.264,1.0,1985-06-23,0.2642,0.2645,0.2647,0.2656,0.2659,0.2661,0.2662,0.266
1985,6,24,6/24/1985,0.2637,1.0,1985-06-24,0.264,0.2642,0.2645,0.2647,0.2656,0.2659,0.2661,0.2658
1985,6,26,6/26/1985,0.2639,1.0,1985-06-26,0.2637,0.264,0.2642,0.2645,0.2647,0.2656,0.2659,0.2657
1985,6,27,6/27/1985,0.2639,1.0,1985-06-27,0.2639,0.2637,0.264,0.2642,0.2645,0.2647,0.2656,0.266
1985,6,28,6/28/1985,0.2632,1.0,1985-06-28,0.2639,0.2639,0.2637,0.264,0.2642,0.2645,0.2647,0.2653
1985,6,29,6/29/1985,0.2635,1.0,1985-06-29,0.2632,0.2639,0.2639,0.2637,0.264,0.2642,0.2645,0.2649
1985,6,30,6/30/1985,0.2641,1.0,1985-06-30,0.2635,0.2632,0.2639,0.2639,0.2637,0.264,0.2642,0.2642
1985,7,02,7/02/1985,0.2648,1.0,1985-07-02,0.2641,0.2635,0.2632,0.2639,0.2639,0.2637,0.264,0.2639
1985,7,03,7/03/1985,0.2651,1.0,1985-07-03,0.2648,0.2641,0.2635,0.2632,0.2639,0.2639,0.2637,0.2635
1985,7,04,7/04/1985,0.2655,1.0,1985-07-04,0.2651,0.2648,0.2641,0.2635,0.2632,0.2639,0.2639,0.2635
1985,7,06,7/06/1985,0.2663,1.0,1985-07-06,0.2655,0.2651,0.2648,0.2641,0.2635,0.2632,0.2639,0.2639
1985,7,07,7/07/1985,0.2665,1.0,1985-07-07,0.2663,0.2655,0.2651,0.2648,0.2641,0.2635,0.2632,0.2639
1985,7,09,7/09/1985,0.2667,1.0,1985-07-09,0.2665,0.2663,0.2655,0.2651,0.2648,0.2641,0.2635,0.2649
1985,7,10,7/10/1985,0.2668,1.0,1985-07-10,0.2667,0.2665,0.2663,0.2655,0.2651,0.2648,0.2641,0.2649
1985,7,11,7/11/1985,0.2661,1.0,1985-07-11,0.2668,0.2667,0.2665,0.2663,0.2655,0.2651,0.2648,0.2661
1985,7,13,7/13/1985,0.2649,1.0,1985-07-13,0.2661,0.2668,0.2667,0.2665,0.2663,0.2655,0.2651,0.2664
1985,7,15,7/15/1985,0.2642,1.0,1985-07-15,0.2649,0.2661,0.2668,0.2667,0.2665,0.2663,0.2655,0.2666
1985,7,16,7/16/1985,0.2645,1.0,1985-07-16,0.2642,0.2649,0.2661,0.2668,0.2667,0.2665,0.2663,0.2668
1985,7,17,7/17/1985,0.264,1.0,1985-07-17,0.2645,0.2642,0.2649,0.2661,0.2668,0.2667,0.2665,0.267
1985,7,19,7/19/1985,0.2648,1.0,1985-07-19,0.264,0.2645,0.2642,0.2649,0.2661,0.2668,0.2667,0.2668
1985,7,20,7/20/1985,0.2642,1.0,1985-07-20,0.2648,0.264,0.2645,0.2642,0.2649,0.2661,0.2668,0.2662
1985,7,21,7/21/1985,0.264,1.0,1985-07-21,0.2642,0.2648,0.264,0.2645,0.2642,0.2649,0.2661,0.2661
1985,7,22,7/22/1985,0.2638,1.0,1985-07-22,0.264,0.2642,0.2648,0.264,0.2645,0.2642,0.2649,0.2659
1985,7,23,7/23/1985,0.2639,1.0,1985-07-23,0.2638,0.264,0.2642,0.2648,0.264,0.2645,0.2642,0.2656
1985,7,25,7/25/1985,0.2641,1.0,1985-07-25,0.2639,0.2638,0.264,0.2642,0.2648,0.264,0.2645,0.2647
1985,7,26,7/26/1985,0.2639,1.0,1985-07-26,0.2641,0.2639,0.2638,0.264,0.2642,0.2648,0.264,0.2645
1985,7,27,7/27/1985,0.2642,1.0,1985-07-27,0.2639,0.2641,0.2639,0.2638,0.264,0.2642,0.2648,0.2642
1985,7,28,7/28/1985,0.2641,1.0,1985-07-28,0.2642,0.2639,0.2641,0.2639,0.2638,0.264,0.2642,0.264
1985,7,29,7/29/1985,0.266,1.0,1985-07-29,0.2641,0.2642,0.2639,0.2641,0.2639,0.2638,0.264,0.2637
1985,7,31,7/31/1985,0.267,1.0,1985-07-31,0.266,0.2641,0.2642,0.2639,0.2641,0.2639,0.2638,0.2639
1985,8,01,8/01/1985,0.267,1.0,1985-08-01,0.267,0.266,0.2641,0.2642,0.2639,0.2641,0.2639,0.2639
1985,8,02,8/02/1985,0.2665,1.0,1985-08-02,0.267,0.267,0.266,0.2641,0.2642,0.2639,0.2641,0.2632
1985,8,03,8/03/1985,0.2668,1.0,1985-08-03,0.2665,0.267,0.267,0.266,0.2641,0.2642,0.2639,0.2635
1985,8,05,8/05/1985,0.2666,1.0,1985-08-05,0.2668,0.2665,0.267,0.267,0.266,0.2641,0.2642,0.2641
1985,8,06,8/06/1985,0.2662,1.0,1985-08-06,0.2666,0.2668,0.2665,0.267,0.267,0.266,0.2641,0.2648
1985,8,08,8/08/1985,0.2652,1.0,1985-08-08,0.2662,0.2666,0.2668,0.2665,0.267,0.267,0.266,0.2651
1985,8,09,8/09/1985,0.2646,1.0,1985-08-09,0.2652,0.2662,0.2666,0.2668,0.2665,0.267,0.267,0.2655
1985,8,11,8/11/1985,0.2639,1.0,1985-08-11,0.2646,0.2652,0.2662,0.2666,0.2668,0.2665,0.267,0.2663
1985,8,12,8/12/1985,0.2641,1.0,1985-08-12,0.2639,0.2646,0.2652,0.2662,0.2666,0.2668,0.2665,0.2665
1985,8,13,8/13/1985,0.2643,1.0,1985-08-13,0.2641,0.2639,0.2646,0.2652,0.2662,0.2666,0.2668,0.2667
1985,8,14,8/14/1985,0.2643,1.0,1985-08-14,0.2643,0.2641,0.2639,0.2646,0.2652,0.2662,0.2666,0.2668
1985,8,15,8/15/1985,0.264,1.0,1985-08-15,0.2643,0.2643,0.2641,0.2639,0.2646,0.2652,0.2662,0.2661
1985,8,17,8/17/1985,0.2637,1.0,1985-08-17,0.264,0.2643,0.2643,0.2641,0.2639,0.2646,0.2652,0.2649
1985,8,18,8/18/1985,0.2637,1.0,1985-08-18,0.2637,0.264,0.2643,0.2643,0.2641,0.2639,0.2646,0.2642
1985,8,19,8/19/1985,0.2634,1.0,1985-08-19,0.2637,0.2637,0.264,0.2643,0.2643,0.2641,0.2639,0.2645
1985,8,20,8/20/1985,0.2634,1.0,1985-08-20,0.2634,0.2637,0.2637,0.264,0.2643,0.2643,0.2641,0.264
1985,8,23,8/23/1985,0.2641,1.0,1985-08-23,0.2634,0.2634,0.2637,0.2637,0.264,0.2643,0.2643,0.2648
1985,8,24,8/24/1985,0.2638,1.0,1985-08-24,0.2641,0.2634,0.2634,0.2637,0.2637,0.264,0.2643,0.2642
1985,8,25,8/25/1985,0.2645,1.0,1985-08-25,0.2638,0.2641,0.2634,0.2634,0.2637,0.2637,0.264,0.264
1985,8,26,8/26/1985,0.265,1.0,1985-08-26,0.2645,0.2638,0.2641,0.2634,0.2634,0.2637,0.2637,0.2638
1985,8,28,8/28/1985,0.2656,1.0,1985-08-28,0.265,0.2645,0.2638,0.2641,0.2634,0.2634,0.2637,0.2639
1985,8,29,8/29/1985,0.2656,1.0,1985-08-29,0.2656,0.265,0.2645,0.2638,0.2641,0.2634,0.2634,0.2641
1985,8,30,8/30/1985,0.2655,1.0,1985-08-30,0.2656,0.2656,0.265,0.2645,0.2638,0.2641,0.2634,0.2639
1985,8,31,8/31/1985,0.2659,1.0,1985-08-31,0.2655,0.2656,0.2656,0.265,0.2645,0.2638,0.2641,0.2642
1985,9,01,9/01/1985,0.2654,1.0,1985-09-01,0.2659,0.2655,0.2656,0.2656,0.265,0.2645,0.2638,0.2641
1985,9,03,9/03/1985,0.2649,1.0,1985-09-03,0.2654,0.2659,0.2655,0.2656,0.2656,0.265,0.2645,0.266
1985,9,04,9/04/1985,0.2645,1.0,1985-09-04,0.2649,0.2654,0.2659,0.2655,0.2656,0.2656,0.265,0.267
1985,9,05,9/05/1985,0.2639,1.0,1985-09-05,0.2645,0.2649,0.2654,0.2659,0.2655,0.2656,0.2656,0.267
1985,9,06,9/06/1985,0.2642,1.0,1985-09-06,0.2639,0.2645,0.2649,0.2654,0.2659,0.2655,0.2656,0.2665
1985,9,07,9/07/1985,0.2638,1.0,1985-09-07,0.2642,0.2639,0.2645,0.2649,0.2654,0.2659,0.2655,0.2668
1985,9,09,9/09/1985,0.2632,1.0,1985-09-09,0.2638,0.2642,0.2639,0.2645,0.2649,0.2654,0.2659,0.2666
1985,9,10,9/10/1985,0.263,1.0,1985-09-10,0.2632,0.2638,0.2642,0.2639,0.2645,0.2649,0.2654,0.2662
1985,9,11,9/11/1985,0.264,1.0,1985-09-11,0.263,0.2632,0.2638,0.2642,0.2639,0.2645,0.2649,0.2652
1985,9,12,9/12/1985,0.2638,1.0,1985-09-12,0.264,0.263,0.2632,0.2638,0.2642,0.2639,0.2645,0.2646
1985,9,14,9/14/1985,0.2638,1.0,1985-09-14,0.2638,0.264,0.263,0.2632,0.2638,0.2642,0.2639,0.2639
1985,9,15,9/15/1985,0.2634,1.0,1985-09-15,0.2638,0.2638,0.264,0.263,0.2632,0.2638,0.2642,0.2641
1985,9,16,9/16/1985,0.2638,1.0,1985-09-16,0.2634,0.2638,0.2638,0.264,0.263,0.2632,0.2638,0.2643
1985,9,17,9/17/1985,0.2637,1.0,1985-09-17,0.2638,0.2634,0.2638,0.2638,0.264,0.263,0.2632,0.2643
1985,9,18,9/18/1985,0.2637,1.0,1985-09-18,0.2637,0.2638,0.2634,0.2638,0.2638,0.264,0.263,0.264
1985,9,20,9/20/1985,0.264,1.0,1985-09-20,0.2637,0.2637,0.2638,0.2634,0.2638,0.2638,0.264,0.2637
1985,9,21,9/21/1985,0.264,1.0,1985-09-21,0.264,0.2637,0.2637,0.2638,0.2634,0.2638,0.2638,0.2637
1985,9,22,9/22/1985,0.2643,1.0,1985-09-22,0.264,0.264,0.2637,0.2637,0.2638,0.2634,0.2638,0.2634
1985,9,23,9/23/1985,0.264,1.0,1985-09-23,0.2643,0.264,0.264,0.2637,0.2637,0.2638,0.2634,0.2634
1985,9,24,9/24/1985,0.2646,1.0,1985-09-24,0.264,0.2643,0.264,0.264,0.2637,0.2637,0.2638,0.2641
1985,9,25,9/25/1985,0.2641,1.0,1985-09-25,0.2646,0.264,0.2643,0.264,0.264,0.2637,0.2637,0.2638
1985,9,27,9/27/1985,0.2643,1.0,1985-09-27,0.2641,0.2646,0.264,0.2643,0.264,0.264,0.2637,0.2645
1985,9,28,9/28/1985,0.2639,1.0,1985-09-28,0.2643,0.2641,0.2646,0.264,0.2643,0.264,0.264,0.265
1985,9,29,9/29/1985,0.264,1.0,1985-09-29,0.2639,0.2643,0.2641,0.2646,0.264,0.2643,0.264,0.2656
1985,10,01,10/01/1985,0.2641,1.0,1985-10-01,0.264,0.2639,0.2643,0.2641,0.2646,0.264,0.2643,0.2656
1985,10,02,10/02/1985,0.2634,1.0,1985-10-02,0.2641,0.264,0.2639,0.2643,0.2641,0.2646,0.264,0.2655
1985,10,03,10/03/1985,0.2638,1.0,1985-10-03,0.2634,0.2641,0.264,0.2639,0.2643,0.2641,0.2646,0.2659
1985,10,04,10/04/1985,0.2632,1.0,1985-10-04,0.2638,0.2634,0.2641,0.264,0.2639,0.2643,0.2641,0.2654
1985,10,05,10/05/1985,0.2632,1.0,1985-10-05,0.2632,0.2638,0.2634,0.2641,0.264,0.2639,0.2643,0.2649
1985,10,07,10/07/1985,0.2628,1.0,1985-10-07,0.2632,0.2632,0.2638,0.2634,0.2641,0.264,0.2639,0.2645
1985,10,08,10/08/1985,0.2628,1.0,1985-10-08,0.2628,0.2632,0.2632,0.2638,0.2634,0.2641,0.264,0.2639
1985,10,09,10/09/1985,0.2634,1.0,1985-10-09,0.2628,0.2628,0.2632,0.2632,0.2638,0.2634,0.2641,0.2642
1985,10,10,10/10/1985,0.2633,1.0,1985-10-10,0.2634,0.2628,0.2628,0.2632,0.2632,0.2638,0.2634,0.2638
1985,10,11,10/11/1985,0.2632,1.0,1985-10-11,0.2633,0.2634,0.2628,0.2628,0.2632,0.2632,0.2638,0.2632
1985,10,13,10/13/1985,0.263,1.0,1985-10-13,0.2632,0.2633,0.2634,0.2628,0.2628,0.2632,0.2632,0.263
1985,10,14,10/14/1985,0.2628,1.0,1985-10-14,0.263,0.2632,0.2633,0.2634,0.2628,0.2628,0.2632,0.264
1985,10,15,10/15/1985,0.2637,1.0,1985-10-15,0.2628,0.263,0.2632,0.2633,0.2634,0.2628,0.2628,0.2638
1985,10,16,10/16/1985,0.2636,1.0,1985-10-16,0.2637,0.2628,0.263,0.2632,0.2633,0.2634,0.2628,0.2638
1985,10,17,10/17/1985,0.2643,1.0,1985-10-17,0.2636,0.2637,0.2628,0.263,0.2632,0.2633,0.2634,0.2634
1985,10,19,10/19/1985,0.2647,1.0,1985-10-19,0.2643,0.2636,0.2637,0.2628,0.263,0.2632,0.2633,0.2638
1985,10,20,10/20/1985,0.265,1.0,1985-10-20,0.2647,0.2643,0.2636,0.2637,0.2628,0.263,0.2632,0.2637
1985,10,21,10/21/1985,0.266,1.0,1985-10-21,0.265,0.2647,0.2643,0.2636,0.2637,0.2628,0.263,0.2637
1985,10,22,10/22/1985,0.2661,1.0,1985-10-22,0.266,0.265,0.2647,0.2643,0.2636,0.2637,0.2628,0.264
1985,10,24,10/24/1985,0.2667,1.0,1985-10-24,0.2661,0.266,0.265,0.2647,0.2643,0.2636,0.2637,0.264
1985,10,25,10/25/1985,0.2664,1.0,1985-10-25,0.2667,0.2661,0.266,0.265,0.2647,0.2643,0.2636,0.2643
1985,10,26,10/26/1985,0.2662,1.0,1985-10-26,0.2664,0.2667,0.2661,0.266,0.265,0.2647,0.2643,0.264
1985,10,27,10/27/1985,0.2655,1.0,1985-10-27,0.2662,0.2664,0.2667,0.2661,0.266,0.265,0.2647,0.2646
1985,10,28,10/28/1985,0.2644,1.0,1985-10-28,0.2655,0.2662,0.2664,0.2667,0.2661,0.266,0.265,0.2641
1985,10,30,10/30/1985,0.2639,1.0,1985-10-30,0.2644,0.2655,0.2662,0.2664,0.2667,0.2661,0.266,0.2643
1985,10,31,10/31/1985,0.2639,1.0,1985-10-31,0.2639,0.2644,0.2655,0.2662,0.2664,0.2667,0.2661,0.2639
1985,11,01,11/01/1985,0.263,1.0,1985-11-01,0.2639,0.2639,0.2644,0.2655,0.2662,0.2664,0.2667,0.264
1985,11,02,11/02/1985,0.263,1.0,1985-11-02,0.263,0.2639,0.2639,0.2644,0.2655,0.2662,0.2664,0.2641
1985,11,03,11/03/1985,0.2631,1.0,1985-11-03,0.263,0.263,0.2639,0.2639,0.2644,0.2655,0.2662,0.2634
1985,11,05,11/05/1985,0.2629,1.0,1985-11-05,0.2631,0.263,0.263,0.2639,0.2639,0.2644,0.2655,0.2638
1985,11,06,11/06/1985,0.2636,1.0,1985-11-06,0.2629,0.2631,0.263,0.263,0.2639,0.2639,0.2644,0.2632
1985,11,07,11/07/1985,0.2633,1.0,1985-11-07,0.2636,0.2629,0.2631,0.263,0.263,0.2639,0.2639,0.2632
1985,11,08,11/08/1985,0.2639,1.0,1985-11-08,0.2633,0.2636,0.2629,0.2631,0.263,0.263,0.2639,0.2628
1985,11,10,11/10/1985,0.2635,1.0,1985-11-10,0.2639,0.2633,0.2636,0.2629,0.2631,0.263,0.263,0.2628
1985,11,11,11/11/1985,0.2636,1.0,1985-11-11,0.2635,0.2639,0.2633,0.2636,0.2629,0.2631,0.263,0.2634
1985,11,12,11/12/1985,0.264,1.0,1985-11-12,0.2636,0.2635,0.2639,0.2633,0.2636,0.2629,0.2631,0.2633
1985,11,13,11/13/1985,0.2643,1.0,1985-11-13,0.264,0.2636,0.2635,0.2639,0.2633,0.2636,0.2629,0.2632
1985,11,14,11/14/1985,0.2653,1.0,1985-11-14,0.2643,0.264,0.2636,0.2635,0.2639,0.2633,0.2636,0.263
1985,11,16,11/16/1985,0.2656,1.0,1985-11-16,0.2653,0.2643,0.264,0.2636,0.2635,0.2639,0.2633,0.2628
1985,11,17,11/17/1985,0.266,1.0,1985-11-17,0.2656,0.2653,0.2643,0.264,0.2636,0.2635,0.2639,0.2637
1985,11,18,11/18/1985,0.2665,1.0,1985-11-18,0.266,0.2656,0.2653,0.2643,0.264,0.2636,0.2635,0.2636
1985,11,19,11/19/1985,0.2659,1.0,1985-11-19,0.2665,0.266,0.2656,0.2653,0.2643,0.264,0.2636,0.2643
1985,11,20,11/20/1985,0.2659,1.0,1985-11-20,0.2659,0.2665,0.266,0.2656,0.2653,0.2643,0.264,0.2647
1985,11,22,11/22/1985,0.2648,1.0,1985-11-22,0.2659,0.2659,0.2665,0.266,0.2656,0.2653,0.2643,0.265
1985,11,23,11/23/1985,0.264,1.0,1985-11-23,0.2648,0.2659,0.2659,0.2665,0.266,0.2656,0.2653,0.266
1985,11,24,11/24/1985,0.2641,1.0,1985-11-24,0.264,0.2648,0.2659,0.2659,0.2665,0.266,0.2656,0.2661
1985,11,25,11/25/1985,0.2632,1.0,1985-11-25,0.2641,0.264,0.2648,0.2659,0.2659,0.2665,0.266,0.2667
1985,11,27,11/27/1985,0.2634,1.0,1985-11-27,0.2632,0.2641,0.264,0.2648,0.2659,0.2659,0.2665,0.2664
1985,11,28,11/28/1985,0.2636,1.0,1985-11-28,0.2634,0.2632,0.2641,0.264,0.2648,0.2659,0.2659,0.2662
1985,11,29,11/29/1985,0.2639,1.0,1985-11-29,0.2636,0.2634,0.2632,0.2641,0.264,0.2648,0.2659,0.2655
1985,11,30,11/30/1985,0.2637,1.0,1985-11-30,0.2639,0.2636,0.2634,0.2632,0.2641,0.264,0.2648,0.2644
1985,12,01,12/01/1985,0.2633,1.0,1985-12-01,0.2637,0.2639,0.2636,0.2634,0.2632,0.2641,0.264,0.2639
1985,12,03,12/03/1985,0.2638,1.0,1985-12-03,0.2633,0.2637,0.2639,0.2636,0.2634,0.2632,0.2641,0.2639
1985,12,04,12/04/1985,0.2636,1.0,1985-12-04,0.2638,0.2633,0.2637,0.2639,0.2636,0.2634,0.2632,0.263
1985,12,05,12/05/1985,0.2633,1.0,1985-12-05,0.2636,0.2638,0.2633,0.2637,0.2639,0.2636,0.2634,0.263
1985,12,06,12/06/1985,0.2638,1.0,1985-12-06,0.2633,0.2636,0.2638,0.2633,0.2637,0.2639,0.2636,0.2631
1985,12,09,12/09/1985,0.2637,1.0,1985-12-09,0.2638,0.2633,0.2636,0.2638,0.2633,0.2637,0.2639,0.2629
1985,12,10,12/10/1985,0.2644,1.0,1985-12-10,0.2637,0.2638,0.2633,0.2636,0.2638,0.2633,0.2637,0.2636
1985,12,11,12/11/1985,0.265,1.0,1985-12-11,0.2644,0.2637,0.2638,0.2633,0.2636,0.2638,0.2633,0.2633
1985,12,12,12/12/1985,0.2657,1.0,1985-12-12,0.265,0.2644,0.2637,0.2638,0.2633,0.2636,0.2638,0.2639
1985,12,13,12/13/1985,0.2659,1.0,1985-12-13,0.2657,0.265,0.2644,0.2637,0.2638,0.2633,0.2636,0.2635
1985,12,15,12/15/1985,0.2659,1.0,1985-12-15,0.2659,0.2657,0.265,0.2644,0.2637,0.2638,0.2633,0.2636
1985,12,16,12/16/1985,0.2666,1.0,1985-12-16,0.2659,0.2659,0.2657,0.265,0.2644,0.2637,0.2638,0.264
1985,12,17,12/17/1985,0.2662,1.0,1985-12-17,0.2666,0.2659,0.2659,0.2657,0.265,0.2644,0.2637,0.2643
1985,12,18,12/18/1985,0.2662,1.0,1985-12-18,0.2662,0.2666,0.2659,0.2659,0.2657,0.265,0.2644,0.2653
1985,12,20,12/20/1985,0.2652,1.0,1985-12-20,0.2662,0.2662,0.2666,0.2659,0.2659,0.2657,0.265,0.2656
1985,12,21,12/21/1985,0.2647,1.0,1985-12-21,0.2652,0.2662,0.2662,0.2666,0.2659,0.2659,0.2657,0.266
1985,12,22,12/22/1985,0.2645,1.0,1985-12-22,0.2647,0.2652,0.2662,0.2662,0.2666,0.2659,0.2659,0.2665
1985,12,23,12/23/1985,0.2635,1.0,1985-12-23,0.2645,0.2647,0.2652,0.2662,0.2662,0.2666,0.2659,0.2659
1985,12,24,12/24/1985,0.2634,1.0,1985-12-24,0.2635,0.2645,0.2647,0.2652,0.2662,0.2662,0.2666,0.2659
1985,12,26,12/26/1985,0.2633,1.0,1985-12-26,0.2634,0.2635,0.2645,0.2647,0.2652,0.2662,0.2662,0.2648
1985,12,27,12/27/1985,0.2634,1.0,1985-12-27,0.2633,0.2634,0.2635,0.2645,0.2647,0.2652,0.2662,0.264
1985,12,29,12/29/1985,0.2634,1.0,1985-12-29,0.2634,0.2633,0.2634,0.2635,0.2645,0.2647,0.2652,0.2641
1985,12,30,12/30/1985,0.2633,1.0,1985-12-30,0.2634,0.2634,0.2633,0.2634,0.2635,0.2645,0.2647,0.2632
1986,1,02,1/02/1986,0.2636,1.0,1986-01-02,0.2633,0.2634,0.2634,0.2633,0.2634,0.2635,0.2645,0.2634
1986,1,03,1/03/1986,0.2637,1.0,1986-01-03,0.2636,0.2633,0.2634,0.2634,0.2633,0.2634,0.2635,0.2636
1986,1,04,1/04/1986,0.2631,1.0,1986-01-04,0.2637,0.2636,0.2633,0.2634,0.2634,0.2633,0.2634,0.2639
1986,1,05,1/05/1986,0.2641,1.0,1986-01-05,0.2631,0.2637,0.2636,0.2633,0.2634,0.2634,0.2633,0.2637
1986,1,07,1/07/1986,0.2646,1.0,1986-01-07,0.2641,0.2631,0.2637,0.2636,0.2633,0.2634,0.2634,0.2633
1986,1,08,1/08/1986,0.2647,1.0,1986-01-08,0.2646,0.2641,0.2631,0.2637,0.2636,0.2633,0.2634,0.2638
1986,1,09,1/09/1986,0.2653,1.0,1986-01-09,0.2647,0.2646,0.2641,0.2631,0.2637,0.2636,0.2633,0.2636
1986,1,10,1/10/1986,0.2657,1.0,1986-01-10,0.2653,0.2647,0.2646,0.2641,0.2631,0.2637,0.2636,0.2633
1986,1,11,1/11/1986,0.2655,1.0,1986-01-11,0.2657,0.2653,0.2647,0.2646,0.2641,0.2631,0.2637,0.2638
1986,1,13,1/13/1986,0.2657,1.0,1986-01-13,0.2655,0.2657,0.2653,0.2647,0.2646,0.2641,0.2631,0.2637
1986,1,15,1/15/1986,0.2654,1.0,1986-01-15,0.2657,0.2655,0.2657,0.2653,0.2647,0.2646,0.2641,0.2644
1986,1,16,1/16/1986,0.2648,1.0,1986-01-16,0.2654,0.2657,0.2655,0.2657,0.2653,0.2647,0.2646,0.265
1986,1,17,1/17/1986,0.2642,1.0,1986-01-17,0.2648,0.2654,0.2657,0.2655,0.2657,0.2653,0.2647,0.2657
1986,1,19,1/19/1986,0.2635,1.0,1986-01-19,0.2642,0.2648,0.2654,0.2657,0.2655,0.2657,0.2653,0.2659
1986,1,20,1/20/1986,0.2633,1.0,1986-01-20,0.2635,0.2642,0.2648,0.2654,0.2657,0.2655,0.2657,0.2659
1986,1,21,1/21/1986,0.2632,1.0,1986-01-21,0.2633,0.2635,0.2642,0.2648,0.2654,0.2657,0.2655,0.2666
1986,1,23,1/23/1986,0.2632,1.0,1986-01-23,0.2632,0.2633,0.2635,0.2642,0.2648,0.2654,0.2657,0.2662
1986,1,24,1/24/1986,0.2636,1.0,1986-01-24,0.2632,0.2632,0.2633,0.2635,0.2642,0.2648,0.2654,0.2662
1986,1,25,1/25/1986,0.2633,1.0,1986-01-25,0.2636,0.2632,0.2632,0.2633,0.2635,0.2642,0.2648,0.2652
1986,1,26,1/26/1986,0.2633,1.0,1986-01-26,0.2633,0.2636,0.2632,0.2632,0.2633,0.2635,0.2642,0.2647
1986,1,27,1/27/1986,0.2634,1.0,1986-01-27,0.2633,0.2633,0.2636,0.2632,0.2632,0.2633,0.2635,0.2645
1986,1,29,1/29/1986,0.2633,1.0,1986-01-29,0.2634,0.2633,0.2633,0.2636,0.2632,0.2632,0.2633,0.2635
1986,1,31,1/31/1986,0.2642,1.0,1986-01-31,0.2633,0.2634,0.2633,0.2633,0.2636,0.2632,0.2632,0.2634
1986,2,01,2/01/1986,0.2644,1.0,1986-02-01,0.2642,0.2633,0.2634,0.2633,0.2633,0.2636,0.2632,0.2633
1986,2,02,2/02/1986,0.2655,1.0,1986-02-02,0.2644,0.2642,0.2633,0.2634,0.2633,0.2633,0.2636,0.2634
1986,2,04,2/04/1986,0.2669,1.0,1986-02-04,0.2655,0.2644,0.2642,0.2633,0.2634,0.2633,0.2633,0.2634
1986,2,05,2/05/1986,0.2676,1.0,1986-02-05,0.2669,0.2655,0.2644,0.2642,0.2633,0.2634,0.2633,0.2633
1986,2,06,2/06/1986,0.2667,1.0,1986-02-06,0.2676,0.2669,0.2655,0.2644,0.2642,0.2633,0.2634,0.2636
1986,2,07,2/07/1986,0.2671,1.0,1986-02-07,0.2667,0.2676,0.2669,0.2655,0.2644,0.2642,0.2633,0.2637
1986,2,08,2/08/1986,0.2676,1.0,1986-02-08,0.2671,0.2667,0.2676,0.2669,0.2655,0.2644,0.2642,0.2631
1986,2,10,2/10/1986,0.2674,1.0,1986-02-10,0.2676,0.2671,0.2667,0.2676,0.2669,0.2655,0.2644,0.2641
1986,2,11,2/11/1986,0.2666,1.0,1986-02-11,0.2674,0.2676,0.2671,0.2667,0.2676,0.2669,0.2655,0.2646
1986,2,12,2/12/1986,0.2657,1.0,1986-02-12,0.2666,0.2674,0.2676,0.2671,0.2667,0.2676,0.2669,0.2647
1986,2,13,2/13/1986,0.2645,1.0,1986-02-13,0.2657,0.2666,0.2674,0.2676,0.2671,0.2667,0.2676,0.2653
1986,2,16,2/16/1986,0.2633,1.0,1986-02-16,0.2645,0.2657,0.2666,0.2674,0.2676,0.2671,0.2667,0.2657
1986,2,17,2/17/1986,0.2629,1.0,1986-02-17,0.2633,0.2645,0.2657,0.2666,0.2674,0.2676,0.2671,0.2655
1986,2,18,2/18/1986,0.2636,1.0,1986-02-18,0.2629,0.2633,0.2645,0.2657,0.2666,0.2674,0.2676,0.2657
1986,2,19,2/19/1986,0.2631,1.0,1986-02-19,0.2636,0.2629,0.2633,0.2645,0.2657,0.2666,0.2674,0.2654
1986,2,21,2/21/1986,0.2633,1.0,1986-02-21,0.2631,0.2636,0.2629,0.2633,0.2645,0.2657,0.2666,0.2648
1986,2,22,2/22/1986,0.2637,1.0,1986-02-22,0.2633,0.2631,0.2636,0.2629,0.2633,0.2645,0.2657,0.2642
1986,2,23,2/23/1986,0.264,1.0,1986-02-23,0.2637,0.2633,0.2631,0.2636,0.2629,0.2633,0.2645,0.2635
1986,2,24,2/24/1986,0.2637,1.0,1986-02-24,0.264,0.2637,0.2633,0.2631,0.2636,0.2629,0.2633,0.2633
1986,2,26,2/26/1986,0.2644,1.0,1986-02-26,0.2637,0.264,0.2637,0.2633,0.2631,0.2636,0.2629,0.2632
1986,2,28,2/28/1986,0.2645,1.0,1986-02-28,0.2644,0.2637,0.264,0.2637,0.2633,0.2631,0.2636,0.2632
1986,3,01,3/01/1986,0.2648,1.0,1986-03-01,0.2645,0.2644,0.2637,0.264,0.2637,0.2633,0.2631,0.2636
1986,3,02,3/02/1986,0.2659,1.0,1986-03-02,0.2648,0.2645,0.2644,0.2637,0.264,0.2637,0.2633,0.2633
1986,3,04,3/04/1986,0.2662,1.0,1986-03-04,0.2659,0.2648,0.2645,0.2644,0.2637,0.264,0.2637,0.2633
1986,3,05,3/05/1986,0.2669,1.0,1986-03-05,0.2662,0.2659,0.2648,0.2645,0.2644,0.2637,0.264,0.2634
1986,3,06,3/06/1986,0.2673,1.0,1986-03-06,0.2669,0.2662,0.2659,0.2648,0.2645,0.2644,0.2637,0.2633
1986,3,07,3/07/1986,0.2674,1.0,1986-03-07,0.2673,0.2669,0.2662,0.2659,0.2648,0.2645,0.2644,0.2642
1986,3,08,3/08/1986,0.2669,1.0,1986-03-08,0.2674,0.2673,0.2669,0.2662,0.2659,0.2648,0.2645,0.2644
1986,3,10,3/10/1986,0.266,1.0,1986-03-10,0.2669,0.2674,0.2673,0.2669,0.2662,0.2659,0.2648,0.2655
1986,3,11,3/11/1986,0.2651,1.0,1986-03-11,0.266,0.2669,0.2674,0.2673,0.2669,0.2662,0.2659,0.2669
1986,3,12,3/12/1986,0.2652,1.0,1986-03-12,0.2651,0.266,0.2669,0.2674,0.2673,0.2669,0.2662,0.2676
1986,3,13,3/13/1986,0.2641,1.0,1986-03-13,0.2652,0.2651,0.266,0.2669,0.2674,0.2673,0.2669,0.2667
1986,3,15,3/15/1986,0.2632,1.0,1986-03-15,0.2641,0.2652,0.2651,0.266,0.2669,0.2674,0.2673,0.2671
1986,3,16,3/16/1986,0.2639,1.0,1986-03-16,0.2632,0.2641,0.2652,0.2651,0.266,0.2669,0.2674,0.2676
1986,3,17,3/17/1986,0.2635,1.0,1986-03-17,0.2639,0.2632,0.2641,0.2652,0.2651,0.266,0.2669,0.2674
1986,3,18,3/18/1986,0.2632,1.0,1986-03-18,0.2635,0.2639,0.2632,0.2641,0.2652,0.2651,0.266,0.2666
1986,3,19,3/19/1986,0.2637,1.0,1986-03-19,0.2632,0.2635,0.2639,0.2632,0.2641,0.2652,0.2651,0.2657
1986,3,21,3/21/1986,0.2636,1.0,1986-03-21,0.2637,0.2632,0.2635,0.2639,0.2632,0.2641,0.2652,0.2645
1986,3,22,3/22/1986,0.264,1.0,1986-03-22,0.2636,0.2637,0.2632,0.2635,0.2639,0.2632,0.2641,0.2633
1986,3,23,3/23/1986,0.2634,1.0,1986-03-23,0.264,0.2636,0.2637,0.2632,0.2635,0.2639,0.2632,0.2629
1986,3,24,3/24/1986,0.264,1.0,1986-03-24,0.2634,0.264,0.2636,0.2637,0.2632,0.2635,0.2639,0.2636
1986,3,26,3/26/1986,0.2638,1.0,1986-03-26,0.264,0.2634,0.264,0.2636,0.2637,0.2632,0.2635,0.2631
1986,3,27,3/27/1986,0.2642,1.0,1986-03-27,0.2638,0.264,0.2634,0.264,0.2636,0.2637,0.2632,0.2633
1986,3,28,3/28/1986,0.264,1.0,1986-03-28,0.2642,0.2638,0.264,0.2634,0.264,0.2636,0.2637,0.2637
1986,3,29,3/29/1986,0.2646,1.0,1986-03-29,0.264,0.2642,0.2638,0.264,0.2634,0.264,0.2636,0.264
1986,3,30,3/30/1986,0.2654,1.0,1986-03-30,0.2646,0.264,0.2642,0.2638,0.264,0.2634,0.264,0.2637
1986,4,01,4/01/1986,0.2651,1.0,1986-04-01,0.2654,0.2646,0.264,0.2642,0.2638,0.264,0.2634,0.2644
1986,4,03,4/03/1986,0.265,1.0,1986-04-03,0.2651,0.2654,0.2646,0.264,0.2642,0.2638,0.264,0.2645
1986,4,04,4/04/1986,0.2647,1.0,1986-04-04,0.265,0.2651,0.2654,0.2646,0.264,0.2642,0.2638,0.2648
1986,4,05,4/05/1986,0.2653,1.0,1986-04-05,0.2647,0.265,0.2651,0.2654,0.2646,0.264,0.2642,0.2659
1986,4,06,4/06/1986,0.2641,1.0,1986-04-06,0.2653,0.2647,0.265,0.2651,0.2654,0.2646,0.264,0.2662
1986,4,09,4/09/1986,0.2638,1.0,1986-04-09,0.2641,0.2653,0.2647,0.265,0.2651,0.2654,0.2646,0.2669
1986,4,10,4/10/1986,0.2635,1.0,1986-04-10,0.2638,0.2641,0.2653,0.2647,0.265,0.2651,0.2654,0.2673
1986,4,11,4/11/1986,0.2639,1.0,1986-04-11,0.2635,0.2638,0.2641,0.2653,0.2647,0.265,0.2651,0.2674
1986,4,13,4/13/1986,0.2639,1.0,1986-04-13,0.2639,0.2635,0.2638,0.2641,0.2653,0.2647,0.265,0.2669
1986,4,14,4/14/1986,0.264,1.0,1986-04-14,0.2639,0.2639,0.2635,0.2638,0.2641,0.2653,0.2647,0.266
1986,4,16,4/16/1986,0.2641,1.0,1986-04-16,0.264,0.2639,0.2639,0.2635,0.2638,0.2641,0.2653,0.2651
1986,4,18,4/18/1986,0.2647,1.0,1986-04-18,0.2641,0.264,0.2639,0.2639,0.2635,0.2638,0.2641,0.2652
1986,4,20,4/20/1986,0.2649,1.0,1986-04-20,0.2647,0.2641,0.264,0.2639,0.2639,0.2635,0.2638,0.2641
1986,4,21,4/21/1986,0.2644,1.0,1986-04-21,0.2649,0.2647,0.2641,0.264,0.2639,0.2639,0.2635,0.2632
1986,4,22,4/22/1986,0.265,1.0,1986-04-22,0.2644,0.2649,0.2647,0.2641,0.264,0.2639,0.2639,0.2639
1986,4,24,4/24/1986,0.2655,1.0,1986-04-24,0.265,0.2644,0.2649,0.2647,0.2641,0.264,0.2639,0.2635
1986,4,25,4/25/1986,0.2656,1.0,1986-04-25,0.2655,0.265,0.2644,0.2649,0.2647,0.2641,0.264,0.2632
1986,4,26,4/26/1986,0.2655,1.0,1986-04-26,0.2656,0.2655,0.265,0.2644,0.2649,0.2647,0.2641,0.2637
1986,4,27,4/27/1986,0.2652,1.0,1986-04-27,0.2655,0.2656,0.2655,0.265,0.2644,0.2649,0.2647,0.2636
1986,4,30,4/30/1986,0.265,1.0,1986-04-30,0.2652,0.2655,0.2656,0.2655,0.265,0.2644,0.2649,0.264
1986,5,05,5/05/1986,0.264,1.0,1986-05-05,0.265,0.2652,0.2655,0.2656,0.2655,0.265,0.2644,0.2634
1986,5,06,5/06/1986,0.2638,1.0,1986-05-06,0.264,0.265,0.2652,0.2655,0.2656,0.2655,0.265,0.264
1986,5,07,5/07/1986,0.2632,1.0,1986-05-07,0.2638,0.264,0.265,0.2652,0.2655,0.2656,0.2655,0.2638
1986,5,08,5/08/1986,0.2631,1.0,1986-05-08,0.2632,0.2638,0.264,0.265,0.2652,0.2655,0.2656,0.2642
1986,5,09,5/09/1986,0.2637,1.0,1986-05-09,0.2631,0.2632,0.2638,0.264,0.265,0.2652,0.2655,0.264
1986,5,12,5/12/1986,0.2635,1.0,1986-05-12,0.2637,0.2631,0.2632,0.2638,0.264,0.265,0.2652,0.2646
1986,5,13,5/13/1986,0.2639,1.0,1986-05-13,0.2635,0.2637,0.2631,0.2632,0.2638,0.264,0.265,0.2654
1986,5,14,5/14/1986,0.2633,1.0,1986-05-14,0.2639,0.2635,0.2637,0.2631,0.2632,0.2638,0.264,0.2651
1986,5,16,5/16/1986,0.2641,1.0,1986-05-16,0.2633,0.2639,0.2635,0.2637,0.2631,0.2632,0.2638,0.265
1986,5,17,5/17/1986,0.2639,1.0,1986-05-17,0.2641,0.2633,0.2639,0.2635,0.2637,0.2631,0.2632,0.2647
1986,5,18,5/18/1986,0.2646,1.0,1986-05-18,0.2639,0.2641,0.2633,0.2639,0.2635,0.2637,0.2631,0.2653
1986,5,19,5/19/1986,0.2653,1.0,1986-05-19,0.2646,0.2639,0.2641,0.2633,0.2639,0.2635,0.2637,0.2641
1986,5,20,5/20/1986,0.2658,1.0,1986-05-20,0.2653,0.2646,0.2639,0.2641,0.2633,0.2639,0.2635,0.2638
1986,5,21,5/21/1986,0.2661,1.0,1986-05-21,0.2658,0.2653,0.2646,0.2639,0.2641,0.2633,0.2639,0.2635
1986,5,23,5/23/1986,0.2664,1.0,1986-05-23,0.2661,0.2658,0.2653,0.2646,0.2639,0.2641,0.2633,0.2639
1986,5,24,5/24/1986,0.2665,1.0,1986-05-24,0.2664,0.2661,0.2658,0.2653,0.2646,0.2639,0.2641,0.2639
1986,5,25,5/25/1986,0.2665,1.0,1986-05-25,0.2665,0.2664,0.2661,0.2658,0.2653,0.2646,0.2639,0.264
1986,5,26,5/26/1986,0.2655,1.0,1986-05-26,0.2665,0.2665,0.2664,0.2661,0.2658,0.2653,0.2646,0.2641
1986,5,27,5/27/1986,0.2654,1.0,1986-05-27,0.2655,0.2665,0.2665,0.2664,0.2661,0.2658,0.2653,0.2647
1986,5,28,5/28/1986,0.2651,1.0,1986-05-28,0.2654,0.2655,0.2665,0.2665,0.2664,0.2661,0.2658,0.2649
1986,5,29,5/29/1986,0.2645,1.0,1986-05-29,0.2651,0.2654,0.2655,0.2665,0.2665,0.2664,0.2661,0.2644
1986,5,30,5/30/1986,0.2645,1.0,1986-05-30,0.2645,0.2651,0.2654,0.2655,0.2665,0.2665,0.2664,0.265
1986,5,31,5/31/1986,0.2638,1.0,1986-05-31,0.2645,0.2645,0.2651,0.2654,0.2655,0.2665,0.2665,0.2655
1986,6,01,6/01/1986,0.2639,1.0,1986-06-01,0.2638,0.2645,0.2645,0.2651,0.2654,0.2655,0.2665,0.2656
1986,6,02,6/02/1986,0.2635,1.0,1986-06-02,0.2639,0.2638,0.2645,0.2645,0.2651,0.2654,0.2655,0.2655
1986,6,03,6/03/1986,0.2633,1.0,1986-06-03,0.2635,0.2639,0.2638,0.2645,0.2645,0.2651,0.2654,0.2652
1986,6,04,6/04/1986,0.2633,1.0,1986-06-04,0.2633,0.2635,0.2639,0.2638,0.2645,0.2645,0.2651,0.265
1986,6,05,6/05/1986,0.2634,1.0,1986-06-05,0.2633,0.2633,0.2635,0.2639,0.2638,0.2645,0.2645,0.264
1986,6,06,6/06/1986,0.2637,1.0,1986-06-06,0.2634,0.2633,0.2633,0.2635,0.2639,0.2638,0.2645,0.2638
1986,6,07,6/07/1986,0.2632,1.0,1986-06-07,0.2637,0.2634,0.2633,0.2633,0.2635,0.2639,0.2638,0.2632
1986,6,08,6/08/1986,0.2637,1.0,1986-06-08,0.2632,0.2637,0.2634,0.2633,0.2633,0.2635,0.2639,0.2631
1986,6,09,6/09/1986,0.2638,1.0,1986-06-09,0.2637,0.2632,0.2637,0.2634,0.2633,0.2633,0.2635,0.2637
1986,6,10,6/10/1986,0.2636,1.0,1986-06-10,0.2638,0.2637,0.2632,0.2637,0.2634,0.2633,0.2633,0.2635
1986,6,11,6/11/1986,0.2636,1.0,1986-06-11,0.2636,0.2638,0.2637,0.2632,0.2637,0.2634,0.2633,0.2639
1986,6,12,6/12/1986,0.2638,1.0,1986-06-12,0.2636,0.2636,0.2638,0.2637,0.2632,0.2637,0.2634,0.2633
1986,6,13,6/13/1986,0.2641,1.0,1986-06-13,0.2638,0.2636,0.2636,0.2638,0.2637,0.2632,0.2637,0.2641
1986,6,14,6/14/1986,0.2643,1.0,1986-06-14,0.2641,0.2638,0.2636,0.2636,0.2638,0.2637,0.2632,0.2639
1986,6,15,6/15/1986,0.2643,1.0,1986-06-15,0.2643,0.2641,0.2638,0.2636,0.2636,0.2638,0.2637,0.2646
1986,6,16,6/16/1986,0.2643,1.0,1986-06-16,0.2643,0.2643,0.2641,0.2638,0.2636,0.2636,0.2638,0.2653
1986,6,17,6/17/1986,0.2649,1.0,1986-06-17,0.2643,0.2643,0.2643,0.2641,0.2638,0.2636,0.2636,0.2658
1986,6,18,6/18/1986,0.2648,1.0,1986-06-18,0.2649,0.2643,0.2643,0.2643,0.2641,0.2638,0.2636,0.2661
1986,6,19,6/19/1986,0.2644,1.0,1986-06-19,0.2648,0.2649,0.2643,0.2643,0.2643,0.2641,0.2638,0.2664
1986,6,20,6/20/1986,0.2647,1.0,1986-06-20,0.2644,0.2648,0.2649,0.2643,0.2643,0.2643,0.2641,0.2665
1986,6,21,6/21/1986,0.2643,1.0,1986-06-21,0.2647,0.2644,0.2648,0.2649,0.2643,0.2643,0.2643,0.2665
1986,6,22,6/22/1986,0.2645,1.0,1986-06-22,0.2643,0.2647,0.2644,0.2648,0.2649,0.2643,0.2643,0.2655
1986,6,23,6/23/1986,0.264,1.0,1986-06-23,0.2645,0.2643,0.2647,0.2644,0.2648,0.2649,0.2643,0.2654
1986,6,24,6/24/1986,0.264,1.0,1986-06-24,0.264,0.2645,0.2643,0.2647,0.2644,0.2648,0.2649,0.2651
1986,6,25,6/25/1986,0.2636,1.0,1986-06-25,0.264,0.264,0.2645,0.2643,0.2647,0.2644,0.2648,0.2645
1986,6,26,6/26/1986,0.2638,1.0,1986-06-26,0.2636,0.264,0.264,0.2645,0.2643,0.2647,0.2644,0.2645
1986,6,27,6/27/1986,0.2634,1.0,1986-06-27,0.2638,0.2636,0.264,0.264,0.2645,0.2643,0.2647,0.2638
1986,6,28,6/28/1986,0.2634,1.0,1986-06-28,0.2634,0.2638,0.2636,0.264,0.264,0.2645,0.2643,0.2639
1986,6,29,6/29/1986,0.2632,1.0,1986-06-29,0.2634,0.2634,0.2638,0.2636,0.264,0.264,0.2645,0.2635
1986,6,30,6/30/1986,0.2631,1.0,1986-06-30,0.2632,0.2634,0.2634,0.2638,0.2636,0.264,0.264,0.2633
1986,7,01,7/01/1986,0.2631,1.0,1986-07-01,0.2631,0.2632,0.2634,0.2634,0.2638,0.2636,0.264,0.2633
1986,7,02,7/02/1986,0.2631,1.0,1986-07-02,0.2631,0.2631,0.2632,0.2634,0.2634,0.2638,0.2636,0.2634
1986,7,03,7/03/1986,0.2634,1.0,1986-07-03,0.2631,0.2631,0.2631,0.2632,0.2634,0.2634,0.2638,0.2637
1986,7,04,7/04/1986,0.2632,1.0,1986-07-04,0.2634,0.2631,0.2631,0.2631,0.2632,0.2634,0.2634,0.2632
1986,7,05,7/05/1986,0.2632,1.0,1986-07-05,0.2632,0.2634,0.2631,0.2631,0.2631,0.2632,0.2634,0.2637
1986,7,06,7/06/1986,0.2636,1.0,1986-07-06,0.2632,0.2632,0.2634,0.2631,0.2631,0.2631,0.2632,0.2638
1986,7,07,7/07/1986,0.2639,1.0,1986-07-07,0.2636,0.2632,0.2632,0.2634,0.2631,0.2631,0.2631,0.2636
1986,7,08,7/08/1986,0.2637,1.0,1986-07-08,0.2639,0.2636,0.2632,0.2632,0.2634,0.2631,0.2631,0.2636
1986,7,09,7/09/1986,0.264,1.0,1986-07-09,0.2637,0.2639,0.2636,0.2632,0.2632,0.2634,0.2631,0.2638
1986,7,10,7/10/1986,0.2646,1.0,1986-07-10,0.264,0.2637,0.2639,0.2636,0.2632,0.2632,0.2634,0.2641
1986,7,11,7/11/1986,0.2646,1.0,1986-07-11,0.2646,0.264,0.2637,0.2639,0.2636,0.2632,0.2632,0.2643
1986,7,12,7/12/1986,0.2645,1.0,1986-07-12,0.2646,0.2646,0.264,0.2637,0.2639,0.2636,0.2632,0.2643
1986,7,13,7/13/1986,0.2645,1.0,1986-07-13,0.2645,0.2646,0.2646,0.264,0.2637,0.2639,0.2636,0.2643
1986,7,14,7/14/1986,0.2643,1.0,1986-07-14,0.2645,0.2645,0.2646,0.2646,0.264,0.2637,0.2639,0.2649
1986,7,15,7/15/1986,0.2646,1.0,1986-07-15,0.2643,0.2645,0.2645,0.2646,0.2646,0.264,0.2637,0.2648
1986,7,16,7/16/1986,0.265,1.0,1986-07-16,0.2646,0.2643,0.2645,0.2645,0.2646,0.2646,0.264,0.2644
1986,7,17,7/17/1986,0.2648,1.0,1986-07-17,0.265,0.2646,0.2643,0.2645,0.2645,0.2646,0.2646,0.2647
1986,7,18,7/18/1986,0.2649,1.0,1986-07-18,0.2648,0.265,0.2646,0.2643,0.2645,0.2645,0.2646,0.2643
1986,7,19,7/19/1986,0.2651,1.0,1986-07-19,0.2649,0.2648,0.265,0.2646,0.2643,0.2645,0.2645,0.2645
1986,7,20,7/20/1986,0.2648,1.0,1986-07-20,0.2651,0.2649,0.2648,0.265,0.2646,0.2643,0.2645,0.264
1986,7,21,7/21/1986,0.265,1.0,1986-07-21,0.2648,0.2651,0.2649,0.2648,0.265,0.2646,0.2643,0.264
1986,7,22,7/22/1986,0.2646,1.0,1986-07-22,0.265,0.2648,0.2651,0.2649,0.2648,0.265,0.2646,0.2636
1986,7,23,7/23/1986,0.2645,1.0,1986-07-23,0.2646,0.265,0.2648,0.2651,0.2649,0.2648,0.265,0.2638
1986,7,24,7/24/1986,0.2641,1.0,1986-07-24,0.2645,0.2646,0.265,0.2648,0.2651,0.2649,0.2648,0.2634
1986,7,25,7/25/1986,0.264,1.0,1986-07-25,0.2641,0.2645,0.2646,0.265,0.2648,0.2651,0.2649,0.2634
1986,7,26,7/26/1986,0.2636,1.0,1986-07-26,0.264,0.2641,0.2645,0.2646,0.265,0.2648,0.2651,0.2632
1986,7,27,7/27/1986,0.2637,1.0,1986-07-27,0.2636,0.264,0.2641,0.2645,0.2646,0.265,0.2648,0.2631
1986,7,28,7/28/1986,0.2636,1.0,1986-07-28,0.2637,0.2636,0.264,0.2641,0.2645,0.2646,0.265,0.2631
1986,7,29,7/29/1986,0.264,1.0,1986-07-29,0.2636,0.2637,0.2636,0.264,0.2641,0.2645,0.2646,0.2631
1986,7,30,7/30/1986,0.2638,1.0,1986-07-30,0.264,0.2636,0.2637,0.2636,0.264,0.2641,0.2645,0.2634
1986,7,31,7/31/1986,0.2638,1.0,1986-07-31,0.2638,0.264,0.2636,0.2637,0.2636,0.264,0.2641,0.2632
1986,8,01,8/01/1986,0.2641,1.0,1986-08-01,0.2638,0.2638,0.264,0.2636,0.2637,0.2636,0.264,0.2632
1986,8,02,8/02/1986,0.264,1.0,1986-08-02,0.2641,0.2638,0.2638,0.264,0.2636,0.2637,0.2636,0.2636
1986,8,03,8/03/1986,0.2639,1.0,1986-08-03,0.264,0.2641,0.2638,0.2638,0.264,0.2636,0.2637,0.2639
1986,8,04,8/04/1986,0.2641,1.0,1986-08-04,0.2639,0.264,0.2641,0.2638,0.2638,0.264,0.2636,0.2637
1986,8,05,8/05/1986,0.264,1.0,1986-08-05,0.2641,0.2639,0.264,0.2641,0.2638,0.2638,0.264,0.264
1986,8,06,8/06/1986,0.2642,1.0,1986-08-06,0.264,0.2641,0.2639,0.264,0.2641,0.2638,0.2638,0.2646
1986,8,07,8/07/1986,0.2643,1.0,1986-08-07,0.2642,0.264,0.2641,0.2639,0.264,0.2641,0.2638,0.2646
1986,8,08,8/08/1986,0.2642,1.0,1986-08-08,0.2643,0.2642,0.264,0.2641,0.2639,0.264,0.2641,0.2645
1986,8,09,8/09/1986,0.2641,1.0,1986-08-09,0.2642,0.2643,0.2642,0.264,0.2641,0.2639,0.264,0.2645
1986,8,10,8/10/1986,0.2636,1.0,1986-08-10,0.2641,0.2642,0.2643,0.2642,0.264,0.2641,0.2639,0.2643
1986,8,11,8/11/1986,0.2638,1.0,1986-08-11,0.2636,0.2641,0.2642,0.2643,0.2642,0.264,0.2641,0.2646
1986,8,12,8/12/1986,0.2638,1.0,1986-08-12,0.2638,0.2636,0.2641,0.2642,0.2643,0.2642,0.264,0.265
1986,8,13,8/13/1986,0.2639,1.0,1986-08-13,0.2638,0.2638,0.2636,0.2641,0.2642,0.2643,0.2642,0.2648
1986,8,14,8/14/1986,0.2638,1.0,1986-08-14,0.2639,0.2638,0.2638,0.2636,0.2641,0.2642,0.2643,0.2649
1986,8,15,8/15/1986,0.2642,1.0,1986-08-15,0.2638,0.2639,0.2638,0.2638,0.2636,0.2641,0.2642,0.2651
1986,8,16,8/16/1986,0.2639,1.0,1986-08-16,0.2642,0.2638,0.2639,0.2638,0.2638,0.2636,0.2641,0.2648
1986,8,17,8/17/1986,0.2634,1.0,1986-08-17,0.2639,0.2642,0.2638,0.2639,0.2638,0.2638,0.2636,0.265
1986,8,18,8/18/1986,0.2636,1.0,1986-08-18,0.2634,0.2639,0.2642,0.2638,0.2639,0.2638,0.2638,0.2646
1986,8,19,8/19/1986,0.2636,1.0,1986-08-19,0.2636,0.2634,0.2639,0.2642,0.2638,0.2639,0.2638,0.2645
1986,8,20,8/20/1986,0.2637,1.0,1986-08-20,0.2636,0.2636,0.2634,0.2639,0.2642,0.2638,0.2639,0.2641
1986,8,21,8/21/1986,0.2636,1.0,1986-08-21,0.2637,0.2636,0.2636,0.2634,0.2639,0.2642,0.2638,0.264
1986,8,22,8/22/1986,0.264,1.0,1986-08-22,0.2636,0.2637,0.2636,0.2636,0.2634,0.2639,0.2642,0.2636
1986,8,23,8/23/1986,0.2634,1.0,1986-08-23,0.264,0.2636,0.2637,0.2636,0.2636,0.2634,0.2639,0.2637
1986,8,24,8/24/1986,0.2635,1.0,1986-08-24,0.2634,0.264,0.2636,0.2637,0.2636,0.2636,0.2634,0.2636
1986,8,25,8/25/1986,0.2635,1.0,1986-08-25,0.2635,0.2634,0.264,0.2636,0.2637,0.2636,0.2636,0.264
1986,8,26,8/26/1986,0.2634,1.0,1986-08-26,0.2635,0.2635,0.2634,0.264,0.2636,0.2637,0.2636,0.2638
1986,8,27,8/27/1986,0.2632,1.0,1986-08-27,0.2634,0.2635,0.2635,0.2634,0.264,0.2636,0.2637,0.2638
1986,8,28,8/28/1986,0.2635,1.0,1986-08-28,0.2632,0.2634,0.2635,0.2635,0.2634,0.264,0.2636,0.2641
1986,8,29,8/29/1986,0.2636,1.0,1986-08-29,0.2635,0.2632,0.2634,0.2635,0.2635,0.2634,0.264,0.264
1986,8,30,8/30/1986,0.2631,1.0,1986-08-30,0.2636,0.2635,0.2632,0.2634,0.2635,0.2635,0.2634,0.2639
1986,8,31,8/31/1986,0.2633,1.0,1986-08-31,0.2631,0.2636,0.2635,0.2632,0.2634,0.2635,0.2635,0.2641
1986,9,01,9/01/1986,0.2637,1.0,1986-09-01,0.2633,0.2631,0.2636,0.2635,0.2632,0.2634,0.2635,0.264
1986,9,02,9/02/1986,0.2636,1.0,1986-09-02,0.2637,0.2633,0.2631,0.2636,0.2635,0.2632,0.2634,0.2642
1986,9,03,9/03/1986,0.2635,1.0,1986-09-03,0.2636,0.2637,0.2633,0.2631,0.2636,0.2635,0.2632,0.2643
1986,9,04,9/04/1986,0.2637,1.0,1986-09-04,0.2635,0.2636,0.2637,0.2633,0.2631,0.2636,0.2635,0.2642
1986,9,05,9/05/1986,0.2634,1.0,1986-09-05,0.2637,0.2635,0.2636,0.2637,0.2633,0.2631,0.2636,0.2641
1986,9,06,9/06/1986,0.2635,1.0,1986-09-06,0.2634,0.2637,0.2635,0.2636,0.2637,0.2633,0.2631,0.2636
1986,9,07,9/07/1986,0.2635,1.0,1986-09-07,0.2635,0.2634,0.2637,0.2635,0.2636,0.2637,0.2633,0.2638
1986,9,08,9/08/1986,0.2636,1.0,1986-09-08,0.2635,0.2635,0.2634,0.2637,0.2635,0.2636,0.2637,0.2638
1986,9,09,9/09/1986,0.2637,1.0,1986-09-09,0.2636,0.2635,0.2635,0.2634,0.2637,0.2635,0.2636,0.2639
1986,9,10,9/10/1986,0.2635,1.0,1986-09-10,0.2637,0.2636,0.2635,0.2635,0.2634,0.2637,0.2635,0.2638
1986,9,11,9/11/1986,0.2633,1.0,1986-09-11,0.2635,0.2637,0.2636,0.2635,0.2635,0.2634,0.2637,0.2642
1986,9,12,9/12/1986,0.2638,1.0,1986-09-12,0.2633,0.2635,0.2637,0.2636,0.2635,0.2635,0.2634,0.2639
1986,9,13,9/13/1986,0.2637,1.0,1986-09-13,0.2638,0.2633,0.2635,0.2637,0.2636,0.2635,0.2635,0.2634
1986,9,14,9/14/1986,0.2634,1.0,1986-09-14,0.2637,0.2638,0.2633,0.2635,0.2637,0.2636,0.2635,0.2636
1986,9,15,9/15/1986,0.2636,1.0,1986-09-15,0.2634,0.2637,0.2638,0.2633,0.2635,0.2637,0.2636,0.2636
1986,9,16,9/16/1986,0.2634,1.0,1986-09-16,0.2636,0.2634,0.2637,0.2638,0.2633,0.2635,0.2637,0.2637
1986,9,17,9/17/1986,0.2635,1.0,1986-09-17,0.2634,0.2636,0.2634,0.2637,0.2638,0.2633,0.2635,0.2636
1986,9,18,9/18/1986,0.2632,1.0,1986-09-18,0.2635,0.2634,0.2636,0.2634,0.2637,0.2638,0.2633,0.264
1986,9,19,9/19/1986,0.2629,1.0,1986-09-19,0.2632,0.2635,0.2634,0.2636,0.2634,0.2637,0.2638,0.2634
1986,9,20,9/20/1986,0.2635,1.0,1986-09-20,0.2629,0.2632,0.2635,0.2634,0.2636,0.2634,0.2637,0.2635
1986,9,21,9/21/1986,0.2633,1.0,1986-09-21,0.2635,0.2629,0.2632,0.2635,0.2634,0.2636,0.2634,0.2635
1986,9,22,9/22/1986,0.2635,1.0,1986-09-22,0.2633,0.2635,0.2629,0.2632,0.2635,0.2634,0.2636,0.2634
1986,9,23,9/23/1986,0.2634,1.0,1986-09-23,0.2635,0.2633,0.2635,0.2629,0.2632,0.2635,0.2634,0.2632
1986,9,24,9/24/1986,0.2634,1.0,1986-09-24,0.2634,0.2635,0.2633,0.2635,0.2629,0.2632,0.2635,0.2635
1986,9,25,9/25/1986,0.2631,1.0,1986-09-25,0.2634,0.2634,0.2635,0.2633,0.2635,0.2629,0.2632,0.2636
1986,9,26,9/26/1986,0.2635,1.0,1986-09-26,0.2631,0.2634,0.2634,0.2635,0.2633,0.2635,0.2629,0.2631
1986,9,27,9/27/1986,0.2634,1.0,1986-09-27,0.2635,0.2631,0.2634,0.2634,0.2635,0.2633,0.2635,0.2633
1986,9,28,9/28/1986,0.2635,1.0,1986-09-28,0.2634,0.2635,0.2631,0.2634,0.2634,0.2635,0.2633,0.2637
1986,9,29,9/29/1986,0.2634,1.0,1986-09-29,0.2635,0.2634,0.2635,0.2631,0.2634,0.2634,0.2635,0.2636
1986,9,30,9/30/1986,0.2639,1.0,1986-09-30,0.2634,0.2635,0.2634,0.2635,0.2631,0.2634,0.2634,0.2635
1986,10,01,10/01/1986,0.2636,1.0,1986-10-01,0.2639,0.2634,0.2635,0.2634,0.2635,0.2631,0.2634,0.2637
1986,10,02,10/02/1986,0.2642,1.0,1986-10-02,0.2636,0.2639,0.2634,0.2635,0.2634,0.2635,0.2631,0.2634
1986,10,03,10/03/1986,0.2647,1.0,1986-10-03,0.2642,0.2636,0.2639,0.2634,0.2635,0.2634,0.2635,0.2635
1986,10,04,10/04/1986,0.2643,1.0,1986-10-04,0.2647,0.2642,0.2636,0.2639,0.2634,0.2635,0.2634,0.2635
1986,10,05,10/05/1986,0.2644,1.0,1986-10-05,0.2643,0.2647,0.2642,0.2636,0.2639,0.2634,0.2635,0.2636
1986,10,06,10/06/1986,0.2647,1.0,1986-10-06,0.2644,0.2643,0.2647,0.2642,0.2636,0.2639,0.2634,0.2637
1986,10,07,10/07/1986,0.2649,1.0,1986-10-07,0.2647,0.2644,0.2643,0.2647,0.2642,0.2636,0.2639,0.2635
1986,10,08,10/08/1986,0.2645,1.0,1986-10-08,0.2649,0.2647,0.2644,0.2643,0.2647,0.2642,0.2636,0.2633
1986,10,09,10/09/1986,0.2644,1.0,1986-10-09,0.2645,0.2649,0.2647,0.2644,0.2643,0.2647,0.2642,0.2638
1986,10,10,10/10/1986,0.2644,1.0,1986-10-10,0.2644,0.2645,0.2649,0.2647,0.2644,0.2643,0.2647,0.2637
1986,10,11,10/11/1986,0.2642,1.0,1986-10-11,0.2644,0.2644,0.2645,0.2649,0.2647,0.2644,0.2643,0.2634
1986,10,12,10/12/1986,0.2639,1.0,1986-10-12,0.2642,0.2644,0.2644,0.2645,0.2649,0.2647,0.2644,0.2636
1986,10,13,10/13/1986,0.2636,1.0,1986-10-13,0.2639,0.2642,0.2644,0.2644,0.2645,0.2649,0.2647,0.2634
1986,10,14,10/14/1986,0.2631,1.0,1986-10-14,0.2636,0.2639,0.2642,0.2644,0.2644,0.2645,0.2649,0.2635
1986,10,15,10/15/1986,0.2631,1.0,1986-10-15,0.2631,0.2636,0.2639,0.2642,0.2644,0.2644,0.2645,0.2632
1986,10,16,10/16/1986,0.2631,1.0,1986-10-16,0.2631,0.2631,0.2636,0.2639,0.2642,0.2644,0.2644,0.2629
1986,10,17,10/17/1986,0.2635,1.0,1986-10-17,0.2631,0.2631,0.2631,0.2636,0.2639,0.2642,0.2644,0.2635
1986,10,18,10/18/1986,0.2638,1.0,1986-10-18,0.2635,0.2631,0.2631,0.2631,0.2636,0.2639,0.2642,0.2633
1986,10,19,10/19/1986,0.2643,1.0,1986-10-19,0.2638,0.2635,0.2631,0.2631,0.2631,0.2636,0.2639,0.2635
1986,10,20,10/20/1986,0.264,1.0,1986-10-20,0.2643,0.2638,0.2635,0.2631,0.2631,0.2631,0.2636,0.2634
1986,10,21,10/21/1986,0.2651,1.0,1986-10-21,0.264,0.2643,0.2638,0.2635,0.2631,0.2631,0.2631,0.2634
1986,10,22,10/22/1986,0.2654,1.0,1986-10-22,0.2651,0.264,0.2643,0.2638,0.2635,0.2631,0.2631,0.2631
1986,10,23,10/23/1986,0.2661,1.0,1986-10-23,0.2654,0.2651,0.264,0.2643,0.2638,0.2635,0.2631,0.2635
1986,10,24,10/24/1986,0.2663,1.0,1986-10-24,0.2661,0.2654,0.2651,0.264,0.2643,0.2638,0.2635,0.2634
1986,10,25,10/25/1986,0.2667,1.0,1986-10-25,0.2663,0.2661,0.2654,0.2651,0.264,0.2643,0.2638,0.2635
1986,10,26,10/26/1986,0.2673,1.0,1986-10-26,0.2667,0.2663,0.2661,0.2654,0.2651,0.264,0.2643,0.2634
1986,10,27,10/27/1986,0.2674,1.0,1986-10-27,0.2673,0.2667,0.2663,0.2661,0.2654,0.2651,0.264,0.2639
1986,10,28,10/28/1986,0.267,1.0,1986-10-28,0.2674,0.2673,0.2667,0.2663,0.2661,0.2654,0.2651,0.2636
1986,10,29,10/29/1986,0.2667,1.0,1986-10-29,0.267,0.2674,0.2673,0.2667,0.2663,0.2661,0.2654,0.2642
1986,10,30,10/30/1986,0.2667,1.0,1986-10-30,0.2667,0.267,0.2674,0.2673,0.2667,0.2663,0.2661,0.2647
1986,10,31,10/31/1986,0.2663,1.0,1986-10-31,0.2667,0.2667,0.267,0.2674,0.2673,0.2667,0.2663,0.2643
1986,11,01,11/01/1986,0.2664,1.0,1986-11-01,0.2663,0.2667,0.2667,0.267,0.2674,0.2673,0.2667,0.2644
1986,11,02,11/02/1986,0.2665,1.0,1986-11-02,0.2664,0.2663,0.2667,0.2667,0.267,0.2674,0.2673,0.2647
1986,11,03,11/03/1986,0.2661,1.0,1986-11-03,0.2665,0.2664,0.2663,0.2667,0.2667,0.267,0.2674,0.2649
1986,11,04,11/04/1986,0.2658,1.0,1986-11-04,0.2661,0.2665,0.2664,0.2663,0.2667,0.2667,0.267,0.2645
1986,11,05,11/05/1986,0.2656,1.0,1986-11-05,0.2658,0.2661,0.2665,0.2664,0.2663,0.2667,0.2667,0.2644
1986,11,06,11/06/1986,0.2651,1.0,1986-11-06,0.2656,0.2658,0.2661,0.2665,0.2664,0.2663,0.2667,0.2644
1986,11,07,11/07/1986,0.2648,1.0,1986-11-07,0.2651,0.2656,0.2658,0.2661,0.2665,0.2664,0.2663,0.2642
1986,11,08,11/08/1986,0.2642,1.0,1986-11-08,0.2648,0.2651,0.2656,0.2658,0.2661,0.2665,0.2664,0.2639
1986,11,09,11/09/1986,0.2636,1.0,1986-11-09,0.2642,0.2648,0.2651,0.2656,0.2658,0.2661,0.2665,0.2636
1986,11,10,11/10/1986,0.2634,1.0,1986-11-10,0.2636,0.2642,0.2648,0.2651,0.2656,0.2658,0.2661,0.2631
1986,11,11,11/11/1986,0.2632,1.0,1986-11-11,0.2634,0.2636,0.2642,0.2648,0.2651,0.2656,0.2658,0.2631
1986,11,12,11/12/1986,0.2634,1.0,1986-11-12,0.2632,0.2634,0.2636,0.2642,0.2648,0.2651,0.2656,0.2631
1986,11,13,11/13/1986,0.2634,1.0,1986-11-13,0.2634,0.2632,0.2634,0.2636,0.2642,0.2648,0.2651,0.2635
1986,11,14,11/14/1986,0.2637,1.0,1986-11-14,0.2634,0.2634,0.2632,0.2634,0.2636,0.2642,0.2648,0.2638
1986,11,15,11/15/1986,0.264,1.0,1986-11-15,0.2637,0.2634,0.2634,0.2632,0.2634,0.2636,0.2642,0.2643
1986,11,16,11/16/1986,0.2645,1.0,1986-11-16,0.264,0.2637,0.2634,0.2634,0.2632,0.2634,0.2636,0.264
1986,11,17,11/17/1986,0.2647,1.0,1986-11-17,0.2645,0.264,0.2637,0.2634,0.2634,0.2632,0.2634,0.2651
1986,11,18,11/18/1986,0.2649,1.0,1986-11-18,0.2647,0.2645,0.264,0.2637,0.2634,0.2634,0.2632,0.2654
1986,11,19,11/19/1986,0.2651,1.0,1986-11-19,0.2649,0.2647,0.2645,0.264,0.2637,0.2634,0.2634,0.2661
1986,11,20,11/20/1986,0.2652,1.0,1986-11-20,0.2651,0.2649,0.2647,0.2645,0.264,0.2637,0.2634,0.2663
1986,11,21,11/21/1986,0.2651,1.0,1986-11-21,0.2652,0.2651,0.2649,0.2647,0.2645,0.264,0.2637,0.2667
1986,11,22,11/22/1986,0.2651,1.0,1986-11-22,0.2651,0.2652,0.2651,0.2649,0.2647,0.2645,0.264,0.2673
1986,11,23,11/23/1986,0.2653,1.0,1986-11-23,0.2651,0.2651,0.2652,0.2651,0.2649,0.2647,0.2645,0.2674
1986,11,24,11/24/1986,0.2655,1.0,1986-11-24,0.2653,0.2651,0.2651,0.2652,0.2651,0.2649,0.2647,0.267
1986,11,25,11/25/1986,0.2653,1.0,1986-11-25,0.2655,0.2653,0.2651,0.2651,0.2652,0.2651,0.2649,0.2667
1986,11,26,11/26/1986,0.2651,1.0,1986-11-26,0.2653,0.2655,0.2653,0.2651,0.2651,0.2652,0.2651,0.2667
1986,11,27,11/27/1986,0.2651,1.0,1986-11-27,0.2651,0.2653,0.2655,0.2653,0.2651,0.2651,0.2652,0.2663
1986,11,28,11/28/1986,0.2651,1.0,1986-11-28,0.2651,0.2651,0.2653,0.2655,0.2653,0.2651,0.2651,0.2664
1986,11,29,11/29/1986,0.2648,1.0,1986-11-29,0.2651,0.2651,0.2651,0.2653,0.2655,0.2653,0.2651,0.2665
1986,11,30,11/30/1986,0.2644,1.0,1986-11-30,0.2648,0.2651,0.2651,0.2651,0.2653,0.2655,0.2653,0.2661
1986,12,01,12/01/1986,0.2645,1.0,1986-12-01,0.2644,0.2648,0.2651,0.2651,0.2651,0.2653,0.2655,0.2658
1986,12,02,12/02/1986,0.2643,1.0,1986-12-02,0.2645,0.2644,0.2648,0.2651,0.2651,0.2651,0.2653,0.2656
1986,12,03,12/03/1986,0.264,1.0,1986-12-03,0.2643,0.2645,0.2644,0.2648,0.2651,0.2651,0.2651,0.2651
1986,12,04,12/04/1986,0.2641,1.0,1986-12-04,0.264,0.2643,0.2645,0.2644,0.2648,0.2651,0.2651,0.2648
1986,12,05,12/05/1986,0.2638,1.0,1986-12-05,0.2641,0.264,0.2643,0.2645,0.2644,0.2648,0.2651,0.2642
1986,12,06,12/06/1986,0.2633,1.0,1986-12-06,0.2638,0.2641,0.264,0.2643,0.2645,0.2644,0.2648,0.2636
1986,12,07,12/07/1986,0.2633,1.0,1986-12-07,0.2633,0.2638,0.2641,0.264,0.2643,0.2645,0.2644,0.2634
1986,12,08,12/08/1986,0.2634,1.0,1986-12-08,0.2633,0.2633,0.2638,0.2641,0.264,0.2643,0.2645,0.2632
1986,12,09,12/09/1986,0.2633,1.0,1986-12-09,0.2634,0.2633,0.2633,0.2638,0.2641,0.264,0.2643,0.2634
1986,12,10,12/10/1986,0.2636,1.0,1986-12-10,0.2633,0.2634,0.2633,0.2633,0.2638,0.2641,0.264,0.2634
1986,12,11,12/11/1986,0.2638,1.0,1986-12-11,0.2636,0.2633,0.2634,0.2633,0.2633,0.2638,0.2641,0.2637
1986,12,12,12/12/1986,0.264,1.0,1986-12-12,0.2638,0.2636,0.2633,0.2634,0.2633,0.2633,0.2638,0.264
1986,12,13,12/13/1986,0.2643,1.0,1986-12-13,0.264,0.2638,0.2636,0.2633,0.2634,0.2633,0.2633,0.2645
1986,12,14,12/14/1986,0.2644,1.0,1986-12-14,0.2643,0.264,0.2638,0.2636,0.2633,0.2634,0.2633,0.2647
1986,12,15,12/15/1986,0.2642,1.0,1986-12-15,0.2644,0.2643,0.264,0.2638,0.2636,0.2633,0.2634,0.2649
1986,12,16,12/16/1986,0.2645,1.0,1986-12-16,0.2642,0.2644,0.2643,0.264,0.2638,0.2636,0.2633,0.2651
1986,12,17,12/17/1986,0.2645,1.0,1986-12-17,0.2645,0.2642,0.2644,0.2643,0.264,0.2638,0.2636,0.2652
1986,12,18,12/18/1986,0.2647,1.0,1986-12-18,0.2645,0.2645,0.2642,0.2644,0.2643,0.264,0.2638,0.2651
1986,12,19,12/19/1986,0.2644,1.0,1986-12-19,0.2647,0.2645,0.2645,0.2642,0.2644,0.2643,0.264,0.2651
1986,12,20,12/20/1986,0.2642,1.0,1986-12-20,0.2644,0.2647,0.2645,0.2645,0.2642,0.2644,0.2643,0.2653
1986,12,21,12/21/1986,0.2645,1.0,1986-12-21,0.2642,0.2644,0.2647,0.2645,0.2645,0.2642,0.2644,0.2655
1986,12,22,12/22/1986,0.2645,1.0,1986-12-22,0.2645,0.2642,0.2644,0.2647,0.2645,0.2645,0.2642,0.2653
1986,12,23,12/23/1986,0.2643,1.0,1986-12-23,0.2645,0.2645,0.2642,0.2644,0.2647,0.2645,0.2645,0.2651
1986,12,24,12/24/1986,0.2641,1.0,1986-12-24,0.2643,0.2645,0.2645,0.2642,0.2644,0.2647,0.2645,0.2651
1986,12,25,12/25/1986,0.2643,1.0,1986-12-25,0.2641,0.2643,0.2645,0.2645,0.2642,0.2644,0.2647,0.2651
1986,12,26,12/26/1986,0.2643,1.0,1986-12-26,0.2643,0.2641,0.2643,0.2645,0.2645,0.2642,0.2644,0.2648
1986,12,27,12/27/1986,0.264,1.0,1986-12-27,0.2643,0.2643,0.2641,0.2643,0.2645,0.2645,0.2642,0.2644
1986,12,28,12/28/1986,0.264,1.0,1986-12-28,0.264,0.2643,0.2643,0.2641,0.2643,0.2645,0.2645,0.2645
1986,12,29,12/29/1986,0.2638,1.0,1986-12-29,0.264,0.264,0.2643,0.2643,0.2641,0.2643,0.2645,0.2643
1986,12,31,12/31/1986,0.2634,1.0,1986-12-31,0.2638,0.264,0.264,0.2643,0.2643,0.2641,0.2643,0.264
1987,1,01,1/01/1987,0.2636,1.0,1987-01-01,0.2634,0.2638,0.264,0.264,0.2643,0.2643,0.2641,0.2641
1987,1,02,1/02/1987,0.2635,1.0,1987-01-02,0.2636,0.2634,0.2638,0.264,0.264,0.2643,0.2643,0.2638
1987,1,03,1/03/1987,0.2634,1.0,1987-01-03,0.2635,0.2636,0.2634,0.2638,0.264,0.264,0.2643,0.2633
1987,1,04,1/04/1987,0.2636,1.0,1987-01-04,0.2634,0.2635,0.2636,0.2634,0.2638,0.264,0.264,0.2633
1987,1,05,1/05/1987,0.2636,1.0,1987-01-05,0.2636,0.2634,0.2635,0.2636,0.2634,0.2638,0.264,0.2634
1987,1,06,1/06/1987,0.2636,1.0,1987-01-06,0.2636,0.2636,0.2634,0.2635,0.2636,0.2634,0.2638,0.2633
1987,1,07,1/07/1987,0.2636,1.0,1987-01-07,0.2636,0.2636,0.2636,0.2634,0.2635,0.2636,0.2634,0.2636
1987,1,08,1/08/1987,0.2636,1.0,1987-01-08,0.2636,0.2636,0.2636,0.2636,0.2634,0.2635,0.2636,0.2638
1987,1,09,1/09/1987,0.2638,1.0,1987-01-09,0.2636,0.2636,0.2636,0.2636,0.2636,0.2634,0.2635,0.264
1987,1,10,1/10/1987,0.2635,1.0,1987-01-10,0.2638,0.2636,0.2636,0.2636,0.2636,0.2636,0.2634,0.2643
1987,1,11,1/11/1987,0.2636,1.0,1987-01-11,0.2635,0.2638,0.2636,0.2636,0.2636,0.2636,0.2636,0.2644
1987,1,12,1/12/1987,0.2638,1.0,1987-01-12,0.2636,0.2635,0.2638,0.2636,0.2636,0.2636,0.2636,0.2642
1987,1,13,1/13/1987,0.2636,1.0,1987-01-13,0.2638,0.2636,0.2635,0.2638,0.2636,0.2636,0.2636,0.2645
1987,1,14,1/14/1987,0.2638,1.0,1987-01-14,0.2636,0.2638,0.2636,0.2635,0.2638,0.2636,0.2636,0.2645
1987,1,15,1/15/1987,0.2641,1.0,1987-01-15,0.2638,0.2636,0.2638,0.2636,0.2635,0.2638,0.2636,0.2647
1987,1,16,1/16/1987,0.2644,1.0,1987-01-16,0.2641,0.2638,0.2636,0.2638,0.2636,0.2635,0.2638,0.2644
1987,1,17,1/17/1987,0.2644,1.0,1987-01-17,0.2644,0.2641,0.2638,0.2636,0.2638,0.2636,0.2635,0.2642
1987,1,18,1/18/1987,0.2648,1.0,1987-01-18,0.2644,0.2644,0.2641,0.2638,0.2636,0.2638,0.2636,0.2645
1987,1,19,1/19/1987,0.2647,1.0,1987-01-19,0.2648,0.2644,0.2644,0.2641,0.2638,0.2636,0.2638,0.2645
1987,1,20,1/20/1987,0.2647,1.0,1987-01-20,0.2647,0.2648,0.2644,0.2644,0.2641,0.2638,0.2636,0.2643
1987,1,21,1/21/1987,0.2647,1.0,1987-01-21,0.2647,0.2647,0.2648,0.2644,0.2644,0.2641,0.2638,0.2641
1987,1,22,1/22/1987,0.265,1.0,1987-01-22,0.2647,0.2647,0.2647,0.2648,0.2644,0.2644,0.2641,0.2643
1987,1,23,1/23/1987,0.2651,1.0,1987-01-23,0.265,0.2647,0.2647,0.2647,0.2648,0.2644,0.2644,0.2643
1987,1,24,1/24/1987,0.2648,1.0,1987-01-24,0.2651,0.265,0.2647,0.2647,0.2647,0.2648,0.2644,0.264
1987,1,25,1/25/1987,0.2643,1.0,1987-01-25,0.2648,0.2651,0.265,0.2647,0.2647,0.2647,0.2648,0.264
1987,1,26,1/26/1987,0.2642,1.0,1987-01-26,0.2643,0.2648,0.2651,0.265,0.2647,0.2647,0.2647,0.2638
1987,1,27,1/27/1987,0.2639,1.0,1987-01-27,0.2642,0.2643,0.2648,0.2651,0.265,0.2647,0.2647,0.2634
1987,1,28,1/28/1987,0.2637,1.0,1987-01-28,0.2639,0.2642,0.2643,0.2648,0.2651,0.265,0.2647,0.2636
1987,1,29,1/29/1987,0.2637,1.0,1987-01-29,0.2637,0.2639,0.2642,0.2643,0.2648,0.2651,0.265,0.2635
1987,1,30,1/30/1987,0.2637,1.0,1987-01-30,0.2637,0.2637,0.2639,0.2642,0.2643,0.2648,0.2651,0.2634
1987,1,31,1/31/1987,0.2638,1.0,1987-01-31,0.2637,0.2637,0.2637,0.2639,0.2642,0.2643,0.2648,0.2636
1987,2,02,2/02/1987,0.2635,1.0,1987-02-02,0.2638,0.2637,0.2637,0.2637,0.2639,0.2642,0.2643,0.2636
1987,2,03,2/03/1987,0.2636,1.0,1987-02-03,0.2635,0.2638,0.2637,0.2637,0.2637,0.2639,0.2642,0.2636
1987,2,04,2/04/1987,0.2634,1.0,1987-02-04,0.2636,0.2635,0.2638,0.2637,0.2637,0.2637,0.2639,0.2636
1987,2,05,2/05/1987,0.2635,1.0,1987-02-05,0.2634,0.2636,0.2635,0.2638,0.2637,0.2637,0.2637,0.2636
1987,2,06,2/06/1987,0.2635,1.0,1987-02-06,0.2635,0.2634,0.2636,0.2635,0.2638,0.2637,0.2637,0.2638
1987,2,07,2/07/1987,0.2633,1.0,1987-02-07,0.2635,0.2635,0.2634,0.2636,0.2635,0.2638,0.2637,0.2635
1987,2,08,2/08/1987,0.2635,1.0,1987-02-08,0.2633,0.2635,0.2635,0.2634,0.2636,0.2635,0.2638,0.2636
1987,2,09,2/09/1987,0.2637,1.0,1987-02-09,0.2635,0.2633,0.2635,0.2635,0.2634,0.2636,0.2635,0.2638
1987,2,10,2/10/1987,0.2637,1.0,1987-02-10,0.2637,0.2635,0.2633,0.2635,0.2635,0.2634,0.2636,0.2636
1987,2,11,2/11/1987,0.2636,1.0,1987-02-11,0.2637,0.2637,0.2635,0.2633,0.2635,0.2635,0.2634,0.2638
1987,2,12,2/12/1987,0.2639,1.0,1987-02-12,0.2636,0.2637,0.2637,0.2635,0.2633,0.2635,0.2635,0.2641
1987,2,13,2/13/1987,0.264,1.0,1987-02-13,0.2639,0.2636,0.2637,0.2637,0.2635,0.2633,0.2635,0.2644
1987,2,14,2/14/1987,0.2639,1.0,1987-02-14,0.264,0.2639,0.2636,0.2637,0.2637,0.2635,0.2633,0.2644
1987,2,15,2/15/1987,0.2643,1.0,1987-02-15,0.2639,0.264,0.2639,0.2636,0.2637,0.2637,0.2635,0.2648
1987,2,16,2/16/1987,0.2642,1.0,1987-02-16,0.2643,0.2639,0.264,0.2639,0.2636,0.2637,0.2637,0.2647
1987,2,17,2/17/1987,0.264,1.0,1987-02-17,0.2642,0.2643,0.2639,0.264,0.2639,0.2636,0.2637,0.2647
1987,2,18,2/18/1987,0.264,1.0,1987-02-18,0.264,0.2642,0.2643,0.2639,0.264,0.2639,0.2636,0.2647
1987,2,19,2/19/1987,0.2642,1.0,1987-02-19,0.264,0.264,0.2642,0.2643,0.2639,0.264,0.2639,0.265
1987,2,20,2/20/1987,0.2639,1.0,1987-02-20,0.2642,0.264,0.264,0.2642,0.2643,0.2639,0.264,0.2651
1987,2,21,2/21/1987,0.2643,1.0,1987-02-21,0.2639,0.2642,0.264,0.264,0.2642,0.2643,0.2639,0.2648
1987,2,22,2/22/1987,0.2642,1.0,1987-02-22,0.2643,0.2639,0.2642,0.264,0.264,0.2642,0.2643,0.2643
1987,2,23,2/23/1987,0.2641,1.0,1987-02-23,0.2642,0.2643,0.2639,0.2642,0.264,0.264,0.2642,0.2642
1987,2,25,2/25/1987,0.2639,1.0,1987-02-25,0.2641,0.2642,0.2643,0.2639,0.2642,0.264,0.264,0.2639
1987,2,26,2/26/1987,0.2641,1.0,1987-02-26,0.2639,0.2641,0.2642,0.2643,0.2639,0.2642,0.264,0.2637
1987,2,27,2/27/1987,0.2643,1.0,1987-02-27,0.2641,0.2639,0.2641,0.2642,0.2643,0.2639,0.2642,0.2637
1987,2,28,2/28/1987,0.2642,1.0,1987-02-28,0.2643,0.2641,0.2639,0.2641,0.2642,0.2643,0.2639,0.2637
1987,3,01,3/01/1987,0.2641,1.0,1987-03-01,0.2642,0.2643,0.2641,0.2639,0.2641,0.2642,0.2643,0.2638
1987,3,02,3/02/1987,0.2643,1.0,1987-03-02,0.2641,0.2642,0.2643,0.2641,0.2639,0.2641,0.2642,0.2635
1987,3,03,3/03/1987,0.2641,1.0,1987-03-03,0.2643,0.2641,0.2642,0.2643,0.2641,0.2639,0.2641,0.2636
1987,3,04,3/04/1987,0.2642,1.0,1987-03-04,0.2641,0.2643,0.2641,0.2642,0.2643,0.2641,0.2639,0.2634
1987,3,05,3/05/1987,0.2642,1.0,1987-03-05,0.2642,0.2641,0.2643,0.2641,0.2642,0.2643,0.2641,0.2635
1987,3,06,3/06/1987,0.2641,1.0,1987-03-06,0.2642,0.2642,0.2641,0.2643,0.2641,0.2642,0.2643,0.2635
1987,3,07,3/07/1987,0.2642,1.0,1987-03-07,0.2641,0.2642,0.2642,0.2641,0.2643,0.2641,0.2642,0.2633
1987,3,08,3/08/1987,0.2642,1.0,1987-03-08,0.2642,0.2641,0.2642,0.2642,0.2641,0.2643,0.2641,0.2635
1987,3,09,3/09/1987,0.2641,1.0,1987-03-09,0.2642,0.2642,0.2641,0.2642,0.2642,0.2641,0.2643,0.2637
1987,3,10,3/10/1987,0.2637,1.0,1987-03-10,0.2641,0.2642,0.2642,0.2641,0.2642,0.2642,0.2641,0.2637
1987,3,11,3/11/1987,0.2635,1.0,1987-03-11,0.2637,0.2641,0.2642,0.2642,0.2641,0.2642,0.2642,0.2636
1987,3,12,3/12/1987,0.2636,1.0,1987-03-12,0.2635,0.2637,0.2641,0.2642,0.2642,0.2641,0.2642,0.2639
1987,3,13,3/13/1987,0.2635,1.0,1987-03-13,0.2636,0.2635,0.2637,0.2641,0.2642,0.2642,0.2641,0.264
1987,3,14,3/14/1987,0.2636,1.0,1987-03-14,0.2635,0.2636,0.2635,0.2637,0.2641,0.2642,0.2642,0.2639
1987,3,15,3/15/1987,0.2641,1.0,1987-03-15,0.2636,0.2635,0.2636,0.2635,0.2637,0.2641,0.2642,0.2643
1987,3,16,3/16/1987,0.2639,1.0,1987-03-16,0.2641,0.2636,0.2635,0.2636,0.2635,0.2637,0.2641,0.2642
1987,3,17,3/17/1987,0.2641,1.0,1987-03-17,0.2639,0.2641,0.2636,0.2635,0.2636,0.2635,0.2637,0.264
1987,3,18,3/18/1987,0.2643,1.0,1987-03-18,0.2641,0.2639,0.2641,0.2636,0.2635,0.2636,0.2635,0.264
1987,3,19,3/19/1987,0.2644,1.0,1987-03-19,0.2643,0.2641,0.2639,0.2641,0.2636,0.2635,0.2636,0.2642
1987,3,20,3/20/1987,0.2647,1.0,1987-03-20,0.2644,0.2643,0.2641,0.2639,0.2641,0.2636,0.2635,0.2639
1987,3,21,3/21/1987,0.2649,1.0,1987-03-21,0.2647,0.2644,0.2643,0.2641,0.2639,0.2641,0.2636,0.2643
1987,3,22,3/22/1987,0.2649,1.0,1987-03-22,0.2649,0.2647,0.2644,0.2643,0.2641,0.2639,0.2641,0.2642
1987,3,23,3/23/1987,0.2647,1.0,1987-03-23,0.2649,0.2649,0.2647,0.2644,0.2643,0.2641,0.2639,0.2641
1987,3,24,3/24/1987,0.2648,1.0,1987-03-24,0.2647,0.2649,0.2649,0.2647,0.2644,0.2643,0.2641,0.2639
1987,3,25,3/25/1987,0.2647,1.0,1987-03-25,0.2648,0.2647,0.2649,0.2649,0.2647,0.2644,0.2643,0.2641
1987,3,26,3/26/1987,0.2646,1.0,1987-03-26,0.2647,0.2648,0.2647,0.2649,0.2649,0.2647,0.2644,0.2643
1987,3,27,3/27/1987,0.2645,1.0,1987-03-27,0.2646,0.2647,0.2648,0.2647,0.2649,0.2649,0.2647,0.2642
1987,3,28,3/28/1987,0.2644,1.0,1987-03-28,0.2645,0.2646,0.2647,0.2648,0.2647,0.2649,0.2649,0.2641
1987,3,29,3/29/1987,0.2644,1.0,1987-03-29,0.2644,0.2645,0.2646,0.2647,0.2648,0.2647,0.2649,0.2643
1987,3,30,3/30/1987,0.2642,1.0,1987-03-30,0.2644,0.2644,0.2645,0.2646,0.2647,0.2648,0.2647,0.2641
1987,3,31,3/31/1987,0.2642,1.0,1987-03-31,0.2642,0.2644,0.2644,0.2645,0.2646,0.2647,0.2648,0.2642
1987,4,01,4/01/1987,0.2641,1.0,1987-04-01,0.2642,0.2642,0.2644,0.2644,0.2645,0.2646,0.2647,0.2642
1987,4,02,4/02/1987,0.2639,1.0,1987-04-02,0.2641,0.2642,0.2642,0.2644,0.2644,0.2645,0.2646,0.2641
1987,4,03,4/03/1987,0.2642,1.0,1987-04-03,0.2639,0.2641,0.2642,0.2642,0.2644,0.2644,0.2645,0.2642
1987,4,04,4/04/1987,0.2638,1.0,1987-04-04,0.2642,0.2639,0.2641,0.2642,0.2642,0.2644,0.2644,0.2642
1987,4,05,4/05/1987,0.264,1.0,1987-04-05,0.2638,0.2642,0.2639,0.2641,0.2642,0.2642,0.2644,0.2641
1987,4,06,4/06/1987,0.2644,1.0,1987-04-06,0.264,0.2638,0.2642,0.2639,0.2641,0.2642,0.2642,0.2637
1987,4,07,4/07/1987,0.2645,1.0,1987-04-07,0.2644,0.264,0.2638,0.2642,0.2639,0.2641,0.2642,0.2635
1987,4,08,4/08/1987,0.2652,1.0,1987-04-08,0.2645,0.2644,0.264,0.2638,0.2642,0.2639,0.2641,0.2636
1987,4,09,4/09/1987,0.2656,1.0,1987-04-09,0.2652,0.2645,0.2644,0.264,0.2638,0.2642,0.2639,0.2635
1987,4,10,4/10/1987,0.2665,1.0,1987-04-10,0.2656,0.2652,0.2645,0.2644,0.264,0.2638,0.2642,0.2636
1987,4,11,4/11/1987,0.2668,1.0,1987-04-11,0.2665,0.2656,0.2652,0.2645,0.2644,0.264,0.2638,0.2641
1987,4,12,4/12/1987,0.2669,1.0,1987-04-12,0.2668,0.2665,0.2656,0.2652,0.2645,0.2644,0.264,0.2639
1987,4,13,4/13/1987,0.2676,1.0,1987-04-13,0.2669,0.2668,0.2665,0.2656,0.2652,0.2645,0.2644,0.2641
1987,4,14,4/14/1987,0.2678,1.0,1987-04-14,0.2676,0.2669,0.2668,0.2665,0.2656,0.2652,0.2645,0.2643
1987,4,15,4/15/1987,0.2678,1.0,1987-04-15,0.2678,0.2676,0.2669,0.2668,0.2665,0.2656,0.2652,0.2644
1987,4,16,4/16/1987,0.2675,1.0,1987-04-16,0.2678,0.2678,0.2676,0.2669,0.2668,0.2665,0.2656,0.2647
1987,4,17,4/17/1987,0.2673,1.0,1987-04-17,0.2675,0.2678,0.2678,0.2676,0.2669,0.2668,0.2665,0.2649
1987,4,18,4/18/1987,0.2668,1.0,1987-04-18,0.2673,0.2675,0.2678,0.2678,0.2676,0.2669,0.2668,0.2649
1987,4,19,4/19/1987,0.2662,1.0,1987-04-19,0.2668,0.2673,0.2675,0.2678,0.2678,0.2676,0.2669,0.2647
1987,4,20,4/20/1987,0.2652,1.0,1987-04-20,0.2662,0.2668,0.2673,0.2675,0.2678,0.2678,0.2676,0.2648
1987,4,21,4/21/1987,0.2649,1.0,1987-04-21,0.2652,0.2662,0.2668,0.2673,0.2675,0.2678,0.2678,0.2647
1987,4,22,4/22/1987,0.2649,1.0,1987-04-22,0.2649,0.2652,0.2662,0.2668,0.2673,0.2675,0.2678,0.2646
1987,4,23,4/23/1987,0.2647,1.0,1987-04-23,0.2649,0.2649,0.2652,0.2662,0.2668,0.2673,0.2675,0.2645
1987,4,24,4/24/1987,0.265,1.0,1987-04-24,0.2647,0.2649,0.2649,0.2652,0.2662,0.2668,0.2673,0.2644
1987,4,25,4/25/1987,0.2649,1.0,1987-04-25,0.265,0.2647,0.2649,0.2649,0.2652,0.2662,0.2668,0.2644
1987,4,26,4/26/1987,0.2645,1.0,1987-04-26,0.2649,0.265,0.2647,0.2649,0.2649,0.2652,0.2662,0.2642
1987,4,27,4/27/1987,0.2643,1.0,1987-04-27,0.2645,0.2649,0.265,0.2647,0.2649,0.2649,0.2652,0.2642
1987,4,28,4/28/1987,0.2643,1.0,1987-04-28,0.2643,0.2645,0.2649,0.265,0.2647,0.2649,0.2649,0.2641
1987,4,29,4/29/1987,0.2644,1.0,1987-04-29,0.2643,0.2643,0.2645,0.2649,0.265,0.2647,0.2649,0.2639
1987,4,30,4/30/1987,0.2646,1.0,1987-04-30,0.2644,0.2643,0.2643,0.2645,0.2649,0.265,0.2647,0.2642
1987,5,01,5/01/1987,0.265,1.0,1987-05-01,0.2646,0.2644,0.2643,0.2643,0.2645,0.2649,0.265,0.2638
1987,5,02,5/02/1987,0.2649,1.0,1987-05-02,0.265,0.2646,0.2644,0.2643,0.2643,0.2645,0.2649,0.264
1987,5,03,5/03/1987,0.2648,1.0,1987-05-03,0.2649,0.265,0.2646,0.2644,0.2643,0.2643,0.2645,0.2644
1987,5,04,5/04/1987,0.2649,1.0,1987-05-04,0.2648,0.2649,0.265,0.2646,0.2644,0.2643,0.2643,0.2645
1987,5,05,5/05/1987,0.2654,1.0,1987-05-05,0.2649,0.2648,0.2649,0.265,0.2646,0.2644,0.2643,0.2652
1987,5,06,5/06/1987,0.266,1.0,1987-05-06,0.2654,0.2649,0.2648,0.2649,0.265,0.2646,0.2644,0.2656
1987,5,07,5/07/1987,0.2665,1.0,1987-05-07,0.266,0.2654,0.2649,0.2648,0.2649,0.265,0.2646,0.2665
1987,5,08,5/08/1987,0.2668,1.0,1987-05-08,0.2665,0.266,0.2654,0.2649,0.2648,0.2649,0.265,0.2668
1987,5,09,5/09/1987,0.2672,1.0,1987-05-09,0.2668,0.2665,0.266,0.2654,0.2649,0.2648,0.2649,0.2669
1987,5,10,5/10/1987,0.2675,1.0,1987-05-10,0.2672,0.2668,0.2665,0.266,0.2654,0.2649,0.2648,0.2676
1987,5,11,5/11/1987,0.2677,1.0,1987-05-11,0.2675,0.2672,0.2668,0.2665,0.266,0.2654,0.2649,0.2678
1987,5,12,5/12/1987,0.2676,1.0,1987-05-12,0.2677,0.2675,0.2672,0.2668,0.2665,0.266,0.2654,0.2678
1987,5,13,5/13/1987,0.267,1.0,1987-05-13,0.2676,0.2677,0.2675,0.2672,0.2668,0.2665,0.266,0.2675
1987,5,14,5/14/1987,0.2665,1.0,1987-05-14,0.267,0.2676,0.2677,0.2675,0.2672,0.2668,0.2665,0.2673
1987,5,15,5/15/1987,0.2665,1.0,1987-05-15,0.2665,0.267,0.2676,0.2677,0.2675,0.2672,0.2668,0.2668
1987,5,16,5/16/1987,0.2666,1.0,1987-05-16,0.2665,0.2665,0.267,0.2676,0.2677,0.2675,0.2672,0.2662
1987,5,17,5/17/1987,0.2667,1.0,1987-05-17,0.2666,0.2665,0.2665,0.267,0.2676,0.2677,0.2675,0.2652
1987,5,18,5/18/1987,0.2666,1.0,1987-05-18,0.2667,0.2666,0.2665,0.2665,0.267,0.2676,0.2677,0.2649
1987,5,19,5/19/1987,0.2668,1.0,1987-05-19,0.2666,0.2667,0.2666,0.2665,0.2665,0.267,0.2676,0.2649
1987,5,20,5/20/1987,0.2666,1.0,1987-05-20,0.2668,0.2666,0.2667,0.2666,0.2665,0.2665,0.267,0.2647
1987,5,21,5/21/1987,0.2664,1.0,1987-05-21,0.2666,0.2668,0.2666,0.2667,0.2666,0.2665,0.2665,0.265
1987,5,22,5/22/1987,0.2665,1.0,1987-05-22,0.2664,0.2666,0.2668,0.2666,0.2667,0.2666,0.2665,0.2649
1987,5,23,5/23/1987,0.2666,1.0,1987-05-23,0.2665,0.2664,0.2666,0.2668,0.2666,0.2667,0.2666,0.2645
1987,5,24,5/24/1987,0.2667,1.0,1987-05-24,0.2666,0.2665,0.2664,0.2666,0.2668,0.2666,0.2667,0.2643
1987,5,25,5/25/1987,0.2664,1.0,1987-05-25,0.2667,0.2666,0.2665,0.2664,0.2666,0.2668,0.2666,0.2643
1987,5,26,5/26/1987,0.2661,1.0,1987-05-26,0.2664,0.2667,0.2666,0.2665,0.2664,0.2666,0.2668,0.2644
1987,5,27,5/27/1987,0.2653,1.0,1987-05-27,0.2661,0.2664,0.2667,0.2666,0.2665,0.2664,0.2666,0.2646
1987,5,28,5/28/1987,0.2647,1.0,1987-05-28,0.2653,0.2661,0.2664,0.2667,0.2666,0.2665,0.2664,0.265
1987,5,29,5/29/1987,0.2646,1.0,1987-05-29,0.2647,0.2653,0.2661,0.2664,0.2667,0.2666,0.2665,0.2649
1987,5,30,5/30/1987,0.2646,1.0,1987-05-30,0.2646,0.2647,0.2653,0.2661,0.2664,0.2667,0.2666,0.2648
1987,5,31,5/31/1987,0.2644,1.0,1987-05-31,0.2646,0.2646,0.2647,0.2653,0.2661,0.2664,0.2667,0.2649
1987,6,01,6/01/1987,0.2647,1.0,1987-06-01,0.2644,0.2646,0.2646,0.2647,0.2653,0.2661,0.2664,0.2654
1987,6,02,6/02/1987,0.2649,1.0,1987-06-02,0.2647,0.2644,0.2646,0.2646,0.2647,0.2653,0.2661,0.266
1987,6,03,6/03/1987,0.2649,1.0,1987-06-03,0.2649,0.2647,0.2644,0.2646,0.2646,0.2647,0.2653,0.2665
1987,6,04,6/04/1987,0.2651,1.0,1987-06-04,0.2649,0.2649,0.2647,0.2644,0.2646,0.2646,0.2647,0.2668
1987,6,05,6/05/1987,0.2655,1.0,1987-06-05,0.2651,0.2649,0.2649,0.2647,0.2644,0.2646,0.2646,0.2672
1987,6,06,6/06/1987,0.2657,1.0,1987-06-06,0.2655,0.2651,0.2649,0.2649,0.2647,0.2644,0.2646,0.2675
1987,6,07,6/07/1987,0.2659,1.0,1987-06-07,0.2657,0.2655,0.2651,0.2649,0.2649,0.2647,0.2644,0.2677
1987,6,08,6/08/1987,0.2662,1.0,1987-06-08,0.2659,0.2657,0.2655,0.2651,0.2649,0.2649,0.2647,0.2676
1987,6,09,6/09/1987,0.2661,1.0,1987-06-09,0.2662,0.2659,0.2657,0.2655,0.2651,0.2649,0.2649,0.267
1987,6,10,6/10/1987,0.2657,1.0,1987-06-10,0.2661,0.2662,0.2659,0.2657,0.2655,0.2651,0.2649,0.2665
1987,6,11,6/11/1987,0.2658,1.0,1987-06-11,0.2657,0.2661,0.2662,0.2659,0.2657,0.2655,0.2651,0.2665
1987,6,12,6/12/1987,0.2658,1.0,1987-06-12,0.2658,0.2657,0.2661,0.2662,0.2659,0.2657,0.2655,0.2666
1987,6,13,6/13/1987,0.266,1.0,1987-06-13,0.2658,0.2658,0.2657,0.2661,0.2662,0.2659,0.2657,0.2667
1987,6,14,6/14/1987,0.2661,1.0,1987-06-14,0.266,0.2658,0.2658,0.2657,0.2661,0.2662,0.2659,0.2666
1987,6,15,6/15/1987,0.2662,1.0,1987-06-15,0.2661,0.266,0.2658,0.2658,0.2657,0.2661,0.2662,0.2668
1987,6,16,6/16/1987,0.266,1.0,1987-06-16,0.2662,0.2661,0.266,0.2658,0.2658,0.2657,0.2661,0.2666
1987,6,17,6/17/1987,0.2661,1.0,1987-06-17,0.266,0.2662,0.2661,0.266,0.2658,0.2658,0.2657,0.2664
1987,6,18,6/18/1987,0.2663,1.0,1987-06-18,0.2661,0.266,0.2662,0.2661,0.266,0.2658,0.2658,0.2665
1987,6,19,6/19/1987,0.2667,1.0,1987-06-19,0.2663,0.2661,0.266,0.2662,0.2661,0.266,0.2658,0.2666
1987,6,20,6/20/1987,0.2665,1.0,1987-06-20,0.2667,0.2663,0.2661,0.266,0.2662,0.2661,0.266,0.2667
1987,6,21,6/21/1987,0.2668,1.0,1987-06-21,0.2665,0.2667,0.2663,0.2661,0.266,0.2662,0.2661,0.2664
1987,6,22,6/22/1987,0.2667,1.0,1987-06-22,0.2668,0.2665,0.2667,0.2663,0.2661,0.266,0.2662,0.2661
1987,6,23,6/23/1987,0.2662,1.0,1987-06-23,0.2667,0.2668,0.2665,0.2667,0.2663,0.2661,0.266,0.2653
1987,6,24,6/24/1987,0.2659,1.0,1987-06-24,0.2662,0.2667,0.2668,0.2665,0.2667,0.2663,0.2661,0.2647
1987,6,25,6/25/1987,0.2656,1.0,1987-06-25,0.2659,0.2662,0.2667,0.2668,0.2665,0.2667,0.2663,0.2646
1987,6,27,6/27/1987,0.2654,1.0,1987-06-27,0.2656,0.2659,0.2662,0.2667,0.2668,0.2665,0.2667,0.2646
1987,6,28,6/28/1987,0.2653,1.0,1987-06-28,0.2654,0.2656,0.2659,0.2662,0.2667,0.2668,0.2665,0.2644
1987,6,29,6/29/1987,0.2651,1.0,1987-06-29,0.2653,0.2654,0.2656,0.2659,0.2662,0.2667,0.2668,0.2647
1987,6,30,6/30/1987,0.2653,1.0,1987-06-30,0.2651,0.2653,0.2654,0.2656,0.2659,0.2662,0.2667,0.2649
1987,7,01,7/01/1987,0.2651,1.0,1987-07-01,0.2653,0.2651,0.2653,0.2654,0.2656,0.2659,0.2662,0.2649
1987,7,02,7/02/1987,0.265,1.0,1987-07-02,0.2651,0.2653,0.2651,0.2653,0.2654,0.2656,0.2659,0.2651
1987,7,03,7/03/1987,0.2652,1.0,1987-07-03,0.265,0.2651,0.2653,0.2651,0.2653,0.2654,0.2656,0.2655
1987,7,04,7/04/1987,0.2654,1.0,1987-07-04,0.2652,0.265,0.2651,0.2653,0.2651,0.2653,0.2654,0.2657
1987,7,05,7/05/1987,0.2653,1.0,1987-07-05,0.2654,0.2652,0.265,0.2651,0.2653,0.2651,0.2653,0.2659
1987,7,06,7/06/1987,0.265,1.0,1987-07-06,0.2653,0.2654,0.2652,0.265,0.2651,0.2653,0.2651,0.2662
1987,7,07,7/07/1987,0.2652,1.0,1987-07-07,0.265,0.2653,0.2654,0.2652,0.265,0.2651,0.2653,0.2661
1987,7,08,7/08/1987,0.2649,1.0,1987-07-08,0.2652,0.265,0.2653,0.2654,0.2652,0.265,0.2651,0.2657
1987,7,10,7/10/1987,0.2646,1.0,1987-07-10,0.2649,0.2652,0.265,0.2653,0.2654,0.2652,0.265,0.2658
1987,7,13,7/13/1987,0.2648,1.0,1987-07-13,0.2646,0.2649,0.2652,0.265,0.2653,0.2654,0.2652,0.2658
1987,7,14,7/14/1987,0.2648,1.0,1987-07-14,0.2648,0.2646,0.2649,0.2652,0.265,0.2653,0.2654,0.266
1987,7,15,7/15/1987,0.2653,1.0,1987-07-15,0.2648,0.2648,0.2646,0.2649,0.2652,0.265,0.2653,0.2661
1987,7,16,7/16/1987,0.2657,1.0,1987-07-16,0.2653,0.2648,0.2648,0.2646,0.2649,0.2652,0.265,0.2662
1987,7,17,7/17/1987,0.2659,1.0,1987-07-17,0.2657,0.2653,0.2648,0.2648,0.2646,0.2649,0.2652,0.266
1987,7,18,7/18/1987,0.2662,1.0,1987-07-18,0.2659,0.2657,0.2653,0.2648,0.2648,0.2646,0.2649,0.2661
1987,7,20,7/20/1987,0.2667,1.0,1987-07-20,0.2662,0.2659,0.2657,0.2653,0.2648,0.2648,0.2646,0.2663
1987,7,21,7/21/1987,0.2673,1.0,1987-07-21,0.2667,0.2662,0.2659,0.2657,0.2653,0.2648,0.2648,0.2667
1987,7,22,7/22/1987,0.268,1.0,1987-07-22,0.2673,0.2667,0.2662,0.2659,0.2657,0.2653,0.2648,0.2665
1987,7,23,7/23/1987,0.2686,1.0,1987-07-23,0.268,0.2673,0.2667,0.2662,0.2659,0.2657,0.2653,0.2668
1987,7,24,7/24/1987,0.2691,1.0,1987-07-24,0.2686,0.268,0.2673,0.2667,0.2662,0.2659,0.2657,0.2667
1987,7,25,7/25/1987,0.269,1.0,1987-07-25,0.2691,0.2686,0.268,0.2673,0.2667,0.2662,0.2659,0.2662
1987,7,26,7/26/1987,0.2688,1.0,1987-07-26,0.269,0.2691,0.2686,0.268,0.2673,0.2667,0.2662,0.2659
1987,7,27,7/27/1987,0.2685,1.0,1987-07-27,0.2688,0.269,0.2691,0.2686,0.268,0.2673,0.2667,0.2656
1987,7,29,7/29/1987,0.268,1.0,1987-07-29,0.2685,0.2688,0.269,0.2691,0.2686,0.268,0.2673,0.2654
1987,7,30,7/30/1987,0.2679,1.0,1987-07-30,0.268,0.2685,0.2688,0.269,0.2691,0.2686,0.268,0.2653
1987,7,31,7/31/1987,0.2675,1.0,1987-07-31,0.2679,0.268,0.2685,0.2688,0.269,0.2691,0.2686,0.2651
1987,8,01,8/01/1987,0.2671,1.0,1987-08-01,0.2675,0.2679,0.268,0.2685,0.2688,0.269,0.2691,0.2653
1987,8,02,8/02/1987,0.2663,1.0,1987-08-02,0.2671,0.2675,0.2679,0.268,0.2685,0.2688,0.269,0.2651
1987,8,03,8/03/1987,0.2661,1.0,1987-08-03,0.2663,0.2671,0.2675,0.2679,0.268,0.2685,0.2688,0.265
1987,8,04,8/04/1987,0.2659,1.0,1987-08-04,0.2661,0.2663,0.2671,0.2675,0.2679,0.268,0.2685,0.2652
1987,8,05,8/05/1987,0.2653,1.0,1987-08-05,0.2659,0.2661,0.2663,0.2671,0.2675,0.2679,0.268,0.2654
1987,8,06,8/06/1987,0.2652,1.0,1987-08-06,0.2653,0.2659,0.2661,0.2663,0.2671,0.2675,0.2679,0.2653
1987,8,07,8/07/1987,0.2652,1.0,1987-08-07,0.2652,0.2653,0.2659,0.2661,0.2663,0.2671,0.2675,0.265
1987,8,08,8/08/1987,0.2653,1.0,1987-08-08,0.2652,0.2652,0.2653,0.2659,0.2661,0.2663,0.2671,0.2652
1987,8,09,8/09/1987,0.2654,1.0,1987-08-09,0.2653,0.2652,0.2652,0.2653,0.2659,0.2661,0.2663,0.2649
1987,8,11,8/11/1987,0.2661,1.0,1987-08-11,0.2654,0.2653,0.2652,0.2652,0.2653,0.2659,0.2661,0.2646
1987,8,12,8/12/1987,0.2661,1.0,1987-08-12,0.2661,0.2654,0.2653,0.2652,0.2652,0.2653,0.2659,0.2648
1987,8,13,8/13/1987,0.2664,1.0,1987-08-13,0.2661,0.2661,0.2654,0.2653,0.2652,0.2652,0.2653,0.2648
1987,8,14,8/14/1987,0.267,1.0,1987-08-14,0.2664,0.2661,0.2661,0.2654,0.2653,0.2652,0.2652,0.2653
1987,8,15,8/15/1987,0.2675,1.0,1987-08-15,0.267,0.2664,0.2661,0.2661,0.2654,0.2653,0.2652,0.2657
1987,8,16,8/16/1987,0.2679,1.0,1987-08-16,0.2675,0.267,0.2664,0.2661,0.2661,0.2654,0.2653,0.2659
1987,8,17,8/17/1987,0.2679,1.0,1987-08-17,0.2679,0.2675,0.267,0.2664,0.2661,0.2661,0.2654,0.2662
1987,8,18,8/18/1987,0.2681,1.0,1987-08-18,0.2679,0.2679,0.2675,0.267,0.2664,0.2661,0.2661,0.2667
1987,8,19,8/19/1987,0.2679,1.0,1987-08-19,0.2681,0.2679,0.2679,0.2675,0.267,0.2664,0.2661,0.2673
1987,8,20,8/20/1987,0.2679,1.0,1987-08-20,0.2679,0.2681,0.2679,0.2679,0.2675,0.267,0.2664,0.268
1987,8,21,8/21/1987,0.268,1.0,1987-08-21,0.2679,0.2679,0.2681,0.2679,0.2679,0.2675,0.267,0.2686
1987,8,22,8/22/1987,0.2676,1.0,1987-08-22,0.268,0.2679,0.2679,0.2681,0.2679,0.2679,0.2675,0.2691
1987,8,23,8/23/1987,0.2674,1.0,1987-08-23,0.2676,0.268,0.2679,0.2679,0.2681,0.2679,0.2679,0.269
1987,8,24,8/24/1987,0.2671,1.0,1987-08-24,0.2674,0.2676,0.268,0.2679,0.2679,0.2681,0.2679,0.2688
1987,8,25,8/25/1987,0.2668,1.0,1987-08-25,0.2671,0.2674,0.2676,0.268,0.2679,0.2679,0.2681,0.2685
1987,8,26,8/26/1987,0.2665,1.0,1987-08-26,0.2668,0.2671,0.2674,0.2676,0.268,0.2679,0.2679,0.268
1987,8,27,8/27/1987,0.2663,1.0,1987-08-27,0.2665,0.2668,0.2671,0.2674,0.2676,0.268,0.2679,0.2679
1987,8,28,8/28/1987,0.266,1.0,1987-08-28,0.2663,0.2665,0.2668,0.2671,0.2674,0.2676,0.268,0.2675
1987,8,29,8/29/1987,0.2659,1.0,1987-08-29,0.266,0.2663,0.2665,0.2668,0.2671,0.2674,0.2676,0.2671
1987,8,30,8/30/1987,0.2658,1.0,1987-08-30,0.2659,0.266,0.2663,0.2665,0.2668,0.2671,0.2674,0.2663
1987,9,01,9/01/1987,0.2662,1.0,1987-09-01,0.2658,0.2659,0.266,0.2663,0.2665,0.2668,0.2671,0.2661
1987,9,02,9/02/1987,0.266,1.0,1987-09-02,0.2662,0.2658,0.2659,0.266,0.2663,0.2665,0.2668,0.2659
1987,9,03,9/03/1987,0.2662,1.0,1987-09-03,0.266,0.2662,0.2658,0.2659,0.266,0.2663,0.2665,0.2653
1987,9,04,9/04/1987,0.2664,1.0,1987-09-04,0.2662,0.266,0.2662,0.2658,0.2659,0.266,0.2663,0.2652
1987,9,05,9/05/1987,0.2664,1.0,1987-09-05,0.2664,0.2662,0.266,0.2662,0.2658,0.2659,0.266,0.2652
1987,9,06,9/06/1987,0.2664,1.0,1987-09-06,0.2664,0.2664,0.2662,0.266,0.2662,0.2658,0.2659,0.2653
1987,9,07,9/07/1987,0.2664,1.0,1987-09-07,0.2664,0.2664,0.2664,0.2662,0.266,0.2662,0.2658,0.2654
1987,9,08,9/08/1987,0.2663,1.0,1987-09-08,0.2664,0.2664,0.2664,0.2664,0.2662,0.266,0.2662,0.2661
1987,9,09,9/09/1987,0.2663,1.0,1987-09-09,0.2663,0.2664,0.2664,0.2664,0.2664,0.2662,0.266,0.2661
1987,9,10,9/10/1987,0.2666,1.0,1987-09-10,0.2663,0.2663,0.2664,0.2664,0.2664,0.2664,0.2662,0.2664
1987,9,11,9/11/1987,0.267,1.0,1987-09-11,0.2666,0.2663,0.2663,0.2664,0.2664,0.2664,0.2664,0.267
1987,9,12,9/12/1987,0.267,1.0,1987-09-12,0.267,0.2666,0.2663,0.2663,0.2664,0.2664,0.2664,0.2675
1987,9,13,9/13/1987,0.267,1.0,1987-09-13,0.267,0.267,0.2666,0.2663,0.2663,0.2664,0.2664,0.2679
1987,9,14,9/14/1987,0.2669,1.0,1987-09-14,0.267,0.267,0.267,0.2666,0.2663,0.2663,0.2664,0.2679
1987,9,15,9/15/1987,0.267,1.0,1987-09-15,0.2669,0.267,0.267,0.267,0.2666,0.2663,0.2663,0.2681
1987,9,16,9/16/1987,0.2669,1.0,1987-09-16,0.267,0.2669,0.267,0.267,0.267,0.2666,0.2663,0.2679
1987,9,17,9/17/1987,0.2671,1.0,1987-09-17,0.2669,0.267,0.2669,0.267,0.267,0.267,0.2666,0.2679
1987,9,18,9/18/1987,0.2669,1.0,1987-09-18,0.2671,0.2669,0.267,0.2669,0.267,0.267,0.267,0.268
1987,9,19,9/19/1987,0.267,1.0,1987-09-19,0.2669,0.2671,0.2669,0.267,0.2669,0.267,0.267,0.2676
1987,9,20,9/20/1987,0.2668,1.0,1987-09-20,0.267,0.2669,0.2671,0.2669,0.267,0.2669,0.267,0.2674
1987,9,21,9/21/1987,0.2666,1.0,1987-09-21,0.2668,0.267,0.2669,0.2671,0.2669,0.267,0.2669,0.2671
1987,9,22,9/22/1987,0.2658,1.0,1987-09-22,0.2666,0.2668,0.267,0.2669,0.2671,0.2669,0.267,0.2668
1987,9,23,9/23/1987,0.2656,1.0,1987-09-23,0.2658,0.2666,0.2668,0.267,0.2669,0.2671,0.2669,0.2665
1987,9,24,9/24/1987,0.2655,1.0,1987-09-24,0.2656,0.2658,0.2666,0.2668,0.267,0.2669,0.2671,0.2663
1987,9,25,9/25/1987,0.2654,1.0,1987-09-25,0.2655,0.2656,0.2658,0.2666,0.2668,0.267,0.2669,0.266
1987,9,26,9/26/1987,0.2652,1.0,1987-09-26,0.2654,0.2655,0.2656,0.2658,0.2666,0.2668,0.267,0.2659
1987,9,27,9/27/1987,0.2651,1.0,1987-09-27,0.2652,0.2654,0.2655,0.2656,0.2658,0.2666,0.2668,0.2658
1987,9,28,9/28/1987,0.2649,1.0,1987-09-28,0.2651,0.2652,0.2654,0.2655,0.2656,0.2658,0.2666,0.2662
1987,9,29,9/29/1987,0.2655,1.0,1987-09-29,0.2649,0.2651,0.2652,0.2654,0.2655,0.2656,0.2658,0.266
1987,9,30,9/30/1987,0.2657,1.0,1987-09-30,0.2655,0.2649,0.2651,0.2652,0.2654,0.2655,0.2656,0.2662
1987,10,01,10/01/1987,0.2659,1.0,1987-10-01,0.2657,0.2655,0.2649,0.2651,0.2652,0.2654,0.2655,0.2664
1987,10,02,10/02/1987,0.2661,1.0,1987-10-02,0.2659,0.2657,0.2655,0.2649,0.2651,0.2652,0.2654,0.2664
1987,10,03,10/03/1987,0.2664,1.0,1987-10-03,0.2661,0.2659,0.2657,0.2655,0.2649,0.2651,0.2652,0.2664
1987,10,04,10/04/1987,0.2663,1.0,1987-10-04,0.2664,0.2661,0.2659,0.2657,0.2655,0.2649,0.2651,0.2664
1987,10,05,10/05/1987,0.2667,1.0,1987-10-05,0.2663,0.2664,0.2661,0.2659,0.2657,0.2655,0.2649,0.2663
1987,10,06,10/06/1987,0.267,1.0,1987-10-06,0.2667,0.2663,0.2664,0.2661,0.2659,0.2657,0.2655,0.2663
1987,10,07,10/07/1987,0.267,1.0,1987-10-07,0.267,0.2667,0.2663,0.2664,0.2661,0.2659,0.2657,0.2666
1987,10,08,10/08/1987,0.2669,1.0,1987-10-08,0.267,0.267,0.2667,0.2663,0.2664,0.2661,0.2659,0.267
1987,10,09,10/09/1987,0.267,1.0,1987-10-09,0.2669,0.267,0.267,0.2667,0.2663,0.2664,0.2661,0.267
1987,10,10,10/10/1987,0.2672,1.0,1987-10-10,0.267,0.2669,0.267,0.267,0.2667,0.2663,0.2664,0.267
1987,10,11,10/11/1987,0.2675,1.0,1987-10-11,0.2672,0.267,0.2669,0.267,0.267,0.2667,0.2663,0.2669
1987,10,12,10/12/1987,0.2675,1.0,1987-10-12,0.2675,0.2672,0.267,0.2669,0.267,0.267,0.2667,0.267
1987,10,13,10/13/1987,0.2677,1.0,1987-10-13,0.2675,0.2675,0.2672,0.267,0.2669,0.267,0.267,0.2669
1987,10,14,10/14/1987,0.2683,1.0,1987-10-14,0.2677,0.2675,0.2675,0.2672,0.267,0.2669,0.267,0.2671
1987,10,15,10/15/1987,0.2688,1.0,1987-10-15,0.2683,0.2677,0.2675,0.2675,0.2672,0.267,0.2669,0.2669
1987,10,16,10/16/1987,0.2688,1.0,1987-10-16,0.2688,0.2683,0.2677,0.2675,0.2675,0.2672,0.267,0.267
1987,10,17,10/17/1987,0.2684,1.0,1987-10-17,0.2688,0.2688,0.2683,0.2677,0.2675,0.2675,0.2672,0.2668
1987,10,19,10/19/1987,0.2681,1.0,1987-10-19,0.2684,0.2688,0.2688,0.2683,0.2677,0.2675,0.2675,0.2666
1987,10,20,10/20/1987,0.2678,1.0,1987-10-20,0.2681,0.2684,0.2688,0.2688,0.2683,0.2677,0.2675,0.2658
1987,10,21,10/21/1987,0.2674,1.0,1987-10-21,0.2678,0.2681,0.2684,0.2688,0.2688,0.2683,0.2677,0.2656
1987,10,22,10/22/1987,0.2665,1.0,1987-10-22,0.2674,0.2678,0.2681,0.2684,0.2688,0.2688,0.2683,0.2655
1987,10,23,10/23/1987,0.2658,1.0,1987-10-23,0.2665,0.2674,0.2678,0.2681,0.2684,0.2688,0.2688,0.2654
1987,10,24,10/24/1987,0.2657,1.0,1987-10-24,0.2658,0.2665,0.2674,0.2678,0.2681,0.2684,0.2688,0.2652
1987,10,25,10/25/1987,0.2658,1.0,1987-10-25,0.2657,0.2658,0.2665,0.2674,0.2678,0.2681,0.2684,0.2651
1987,10,26,10/26/1987,0.2663,1.0,1987-10-26,0.2658,0.2657,0.2658,0.2665,0.2674,0.2678,0.2681,0.2649
1987,10,27,10/27/1987,0.2669,1.0,1987-10-27,0.2663,0.2658,0.2657,0.2658,0.2665,0.2674,0.2678,0.2655
1987,10,28,10/28/1987,0.2673,1.0,1987-10-28,0.2669,0.2663,0.2658,0.2657,0.2658,0.2665,0.2674,0.2657
1987,10,29,10/29/1987,0.2678,1.0,1987-10-29,0.2673,0.2669,0.2663,0.2658,0.2657,0.2658,0.2665,0.2659
1987,10,30,10/30/1987,0.268,1.0,1987-10-30,0.2678,0.2673,0.2669,0.2663,0.2658,0.2657,0.2658,0.2661
1987,10,31,10/31/1987,0.2682,1.0,1987-10-31,0.268,0.2678,0.2673,0.2669,0.2663,0.2658,0.2657,0.2664
1987,11,01,11/01/1987,0.2683,1.0,1987-11-01,0.2682,0.268,0.2678,0.2673,0.2669,0.2663,0.2658,0.2663
1987,11,02,11/02/1987,0.2688,1.0,1987-11-02,0.2683,0.2682,0.268,0.2678,0.2673,0.2669,0.2663,0.2667
1987,11,03,11/03/1987,0.2688,1.0,1987-11-03,0.2688,0.2683,0.2682,0.268,0.2678,0.2673,0.2669,0.267
1987,11,04,11/04/1987,0.2693,1.0,1987-11-04,0.2688,0.2688,0.2683,0.2682,0.268,0.2678,0.2673,0.267
1987,11,05,11/05/1987,0.2686,1.0,1987-11-05,0.2693,0.2688,0.2688,0.2683,0.2682,0.268,0.2678,0.2669
1987,11,06,11/06/1987,0.2681,1.0,1987-11-06,0.2686,0.2693,0.2688,0.2688,0.2683,0.2682,0.268,0.267
1987,11,07,11/07/1987,0.268,1.0,1987-11-07,0.2681,0.2686,0.2693,0.2688,0.2688,0.2683,0.2682,0.2672
1987,11,08,11/08/1987,0.2681,1.0,1987-11-08,0.268,0.2681,0.2686,0.2693,0.2688,0.2688,0.2683,0.2675
1987,11,09,11/09/1987,0.268,1.0,1987-11-09,0.2681,0.268,0.2681,0.2686,0.2693,0.2688,0.2688,0.2675
1987,11,10,11/10/1987,0.268,1.0,1987-11-10,0.268,0.2681,0.268,0.2681,0.2686,0.2693,0.2688,0.2677
1987,11,11,11/11/1987,0.2677,1.0,1987-11-11,0.268,0.268,0.2681,0.268,0.2681,0.2686,0.2693,0.2683
1987,11,12,11/12/1987,0.2676,1.0,1987-11-12,0.2677,0.268,0.268,0.2681,0.268,0.2681,0.2686,0.2688
1987,11,13,11/13/1987,0.2676,1.0,1987-11-13,0.2676,0.2677,0.268,0.268,0.2681,0.268,0.2681,0.2688
1987,11,14,11/14/1987,0.2677,1.0,1987-11-14,0.2676,0.2676,0.2677,0.268,0.268,0.2681,0.268,0.2684
1987,11,15,11/15/1987,0.2672,1.0,1987-11-15,0.2677,0.2676,0.2676,0.2677,0.268,0.268,0.2681,0.2681
1987,11,16,11/16/1987,0.2671,1.0,1987-11-16,0.2672,0.2677,0.2676,0.2676,0.2677,0.268,0.268,0.2678
1987,11,17,11/17/1987,0.267,1.0,1987-11-17,0.2671,0.2672,0.2677,0.2676,0.2676,0.2677,0.268,0.2674
1987,11,18,11/18/1987,0.2674,1.0,1987-11-18,0.267,0.2671,0.2672,0.2677,0.2676,0.2676,0.2677,0.2665
1987,11,19,11/19/1987,0.2677,1.0,1987-11-19,0.2674,0.267,0.2671,0.2672,0.2677,0.2676,0.2676,0.2658
1987,11,20,11/20/1987,0.2677,1.0,1987-11-20,0.2677,0.2674,0.267,0.2671,0.2672,0.2677,0.2676,0.2657
1987,11,21,11/21/1987,0.2679,1.0,1987-11-21,0.2677,0.2677,0.2674,0.267,0.2671,0.2672,0.2677,0.2658
1987,11,22,11/22/1987,0.2684,1.0,1987-11-22,0.2679,0.2677,0.2677,0.2674,0.267,0.2671,0.2672,0.2663
1987,11,23,11/23/1987,0.2691,1.0,1987-11-23,0.2684,0.2679,0.2677,0.2677,0.2674,0.267,0.2671,0.2669
1987,11,24,11/24/1987,0.2692,1.0,1987-11-24,0.2691,0.2684,0.2679,0.2677,0.2677,0.2674,0.267,0.2673
1987,11,25,11/25/1987,0.2691,1.0,1987-11-25,0.2692,0.2691,0.2684,0.2679,0.2677,0.2677,0.2674,0.2678
1987,11,26,11/26/1987,0.2691,1.0,1987-11-26,0.2691,0.2692,0.2691,0.2684,0.2679,0.2677,0.2677,0.268
1987,11,27,11/27/1987,0.2687,1.0,1987-11-27,0.2691,0.2691,0.2692,0.2691,0.2684,0.2679,0.2677,0.2682
1987,11,28,11/28/1987,0.2679,1.0,1987-11-28,0.2687,0.2691,0.2691,0.2692,0.2691,0.2684,0.2679,0.2683
1987,11,29,11/29/1987,0.2678,1.0,1987-11-29,0.2679,0.2687,0.2691,0.2691,0.2692,0.2691,0.2684,0.2688
1987,11,30,11/30/1987,0.2676,1.0,1987-11-30,0.2678,0.2679,0.2687,0.2691,0.2691,0.2692,0.2691,0.2688
1987,12,01,12/01/1987,0.2676,1.0,1987-12-01,0.2676,0.2678,0.2679,0.2687,0.2691,0.2691,0.2692,0.2693
1987,12,02,12/02/1987,0.2674,1.0,1987-12-02,0.2676,0.2676,0.2678,0.2679,0.2687,0.2691,0.2691,0.2686
1987,12,03,12/03/1987,0.2673,1.0,1987-12-03,0.2674,0.2676,0.2676,0.2678,0.2679,0.2687,0.2691,0.2681
1987,12,04,12/04/1987,0.2673,1.0,1987-12-04,0.2673,0.2674,0.2676,0.2676,0.2678,0.2679,0.2687,0.268
1987,12,05,12/05/1987,0.267,1.0,1987-12-05,0.2673,0.2673,0.2674,0.2676,0.2676,0.2678,0.2679,0.2681
1987,12,07,12/07/1987,0.2668,1.0,1987-12-07,0.267,0.2673,0.2673,0.2674,0.2676,0.2676,0.2678,0.268
1987,12,08,12/08/1987,0.2666,1.0,1987-12-08,0.2668,0.267,0.2673,0.2673,0.2674,0.2676,0.2676,0.268
1987,12,09,12/09/1987,0.2668,1.0,1987-12-09,0.2666,0.2668,0.267,0.2673,0.2673,0.2674,0.2676,0.2677
1987,12,10,12/10/1987,0.2668,1.0,1987-12-10,0.2668,0.2666,0.2668,0.267,0.2673,0.2673,0.2674,0.2676
1987,12,11,12/11/1987,0.2665,1.0,1987-12-11,0.2668,0.2668,0.2666,0.2668,0.267,0.2673,0.2673,0.2676
1987,12,12,12/12/1987,0.2662,1.0,1987-12-12,0.2665,0.2668,0.2668,0.2666,0.2668,0.267,0.2673,0.2677
1987,12,13,12/13/1987,0.2664,1.0,1987-12-13,0.2662,0.2665,0.2668,0.2668,0.2666,0.2668,0.267,0.2672
1987,12,14,12/14/1987,0.267,1.0,1987-12-14,0.2664,0.2662,0.2665,0.2668,0.2668,0.2666,0.2668,0.2671
1987,12,15,12/15/1987,0.2676,1.0,1987-12-15,0.267,0.2664,0.2662,0.2665,0.2668,0.2668,0.2666,0.267
1987,12,16,12/16/1987,0.2682,1.0,1987-12-16,0.2676,0.267,0.2664,0.2662,0.2665,0.2668,0.2668,0.2674
1987,12,17,12/17/1987,0.2682,1.0,1987-12-17,0.2682,0.2676,0.267,0.2664,0.2662,0.2665,0.2668,0.2677
1987,12,18,12/18/1987,0.2682,1.0,1987-12-18,0.2682,0.2682,0.2676,0.267,0.2664,0.2662,0.2665,0.2677
1987,12,19,12/19/1987,0.268,1.0,1987-12-19,0.2682,0.2682,0.2682,0.2676,0.267,0.2664,0.2662,0.2679
1987,12,20,12/20/1987,0.2682,1.0,1987-12-20,0.268,0.2682,0.2682,0.2682,0.2676,0.267,0.2664,0.2684
1987,12,21,12/21/1987,0.2681,1.0,1987-12-21,0.2682,0.268,0.2682,0.2682,0.2682,0.2676,0.267,0.2691
1987,12,22,12/22/1987,0.2679,1.0,1987-12-22,0.2681,0.2682,0.268,0.2682,0.2682,0.2682,0.2676,0.2692
1987,12,23,12/23/1987,0.2677,1.0,1987-12-23,0.2679,0.2681,0.2682,0.268,0.2682,0.2682,0.2682,0.2691
1987,12,24,12/24/1987,0.2674,1.0,1987-12-24,0.2677,0.2679,0.2681,0.2682,0.268,0.2682,0.2682,0.2691
1987,12,25,12/25/1987,0.2672,1.0,1987-12-25,0.2674,0.2677,0.2679,0.2681,0.2682,0.268,0.2682,0.2687
1987,12,26,12/26/1987,0.2675,1.0,1987-12-26,0.2672,0.2674,0.2677,0.2679,0.2681,0.2682,0.268,0.2679
1987,12,27,12/27/1987,0.2674,1.0,1987-12-27,0.2675,0.2672,0.2674,0.2677,0.2679,0.2681,0.2682,0.2678
1987,12,28,12/28/1987,0.2676,1.0,1987-12-28,0.2674,0.2675,0.2672,0.2674,0.2677,0.2679,0.2681,0.2676
1987,12,29,12/29/1987,0.2679,1.0,1987-12-29,0.2676,0.2674,0.2675,0.2672,0.2674,0.2677,0.2679,0.2676
1987,12,30,12/30/1987,0.2686,1.0,1987-12-30,0.2679,0.2676,0.2674,0.2675,0.2672,0.2674,0.2677,0.2674
1987,12,31,12/31/1987,0.2685,1.0,1987-12-31,0.2686,0.2679,0.2676,0.2674,0.2675,0.2672,0.2674,0.2673
1988,1,01,1/01/1988,0.2685,1.0,1988-01-01,0.2685,0.2686,0.2679,0.2676,0.2674,0.2675,0.2672,0.2673
1988,1,02,1/02/1988,0.2682,1.0,1988-01-02,0.2685,0.2685,0.2686,0.2679,0.2676,0.2674,0.2675,0.267
1988,1,03,1/03/1988,0.2685,1.0,1988-01-03,0.2682,0.2685,0.2685,0.2686,0.2679,0.2676,0.2674,0.2668
1988,1,04,1/04/1988,0.2684,1.0,1988-01-04,0.2685,0.2682,0.2685,0.2685,0.2686,0.2679,0.2676,0.2666
1988,1,05,1/05/1988,0.2687,1.0,1988-01-05,0.2684,0.2685,0.2682,0.2685,0.2685,0.2686,0.2679,0.2668
1988,1,06,1/06/1988,0.2688,1.0,1988-01-06,0.2687,0.2684,0.2685,0.2682,0.2685,0.2685,0.2686,0.2668
1988,1,07,1/07/1988,0.2689,1.0,1988-01-07,0.2688,0.2687,0.2684,0.2685,0.2682,0.2685,0.2685,0.2665
1988,1,08,1/08/1988,0.2685,1.0,1988-01-08,0.2689,0.2688,0.2687,0.2684,0.2685,0.2682,0.2685,0.2662
1988,1,09,1/09/1988,0.2681,1.0,1988-01-09,0.2685,0.2689,0.2688,0.2687,0.2684,0.2685,0.2682,0.2664
1988,1,10,1/10/1988,0.2683,1.0,1988-01-10,0.2681,0.2685,0.2689,0.2688,0.2687,0.2684,0.2685,0.267
1988,1,11,1/11/1988,0.2686,1.0,1988-01-11,0.2683,0.2681,0.2685,0.2689,0.2688,0.2687,0.2684,0.2676
1988,1,12,1/12/1988,0.2692,1.0,1988-01-12,0.2686,0.2683,0.2681,0.2685,0.2689,0.2688,0.2687,0.2682
1988,1,13,1/13/1988,0.2697,1.0,1988-01-13,0.2692,0.2686,0.2683,0.2681,0.2685,0.2689,0.2688,0.2682
1988,1,14,1/14/1988,0.2701,1.0,1988-01-14,0.2697,0.2692,0.2686,0.2683,0.2681,0.2685,0.2689,0.2682
1988,1,15,1/15/1988,0.27,1.0,1988-01-15,0.2701,0.2697,0.2692,0.2686,0.2683,0.2681,0.2685,0.268
1988,1,16,1/16/1988,0.2702,1.0,1988-01-16,0.27,0.2701,0.2697,0.2692,0.2686,0.2683,0.2681,0.2682
1988,1,17,1/17/1988,0.2702,1.0,1988-01-17,0.2702,0.27,0.2701,0.2697,0.2692,0.2686,0.2683,0.2681
1988,1,18,1/18/1988,0.2699,1.0,1988-01-18,0.2702,0.2702,0.27,0.2701,0.2697,0.2692,0.2686,0.2679
1988,1,19,1/19/1988,0.2699,1.0,1988-01-19,0.2699,0.2702,0.2702,0.27,0.2701,0.2697,0.2692,0.2677
1988,1,20,1/20/1988,0.2697,1.0,1988-01-20,0.2699,0.2699,0.2702,0.2702,0.27,0.2701,0.2697,0.2674
1988,1,21,1/21/1988,0.2693,1.0,1988-01-21,0.2697,0.2699,0.2699,0.2702,0.2702,0.27,0.2701,0.2672
1988,1,22,1/22/1988,0.269,1.0,1988-01-22,0.2693,0.2697,0.2699,0.2699,0.2702,0.2702,0.27,0.2675
1988,1,23,1/23/1988,0.2687,1.0,1988-01-23,0.269,0.2693,0.2697,0.2699,0.2699,0.2702,0.2702,0.2674
1988,1,24,1/24/1988,0.2687,1.0,1988-01-24,0.2687,0.269,0.2693,0.2697,0.2699,0.2699,0.2702,0.2676
1988,1,25,1/25/1988,0.2678,1.0,1988-01-25,0.2687,0.2687,0.269,0.2693,0.2697,0.2699,0.2699,0.2679
1988,1,26,1/26/1988,0.2678,1.0,1988-01-26,0.2678,0.2687,0.2687,0.269,0.2693,0.2697,0.2699,0.2686
1988,1,29,1/29/1988,0.2677,1.0,1988-01-29,0.2678,0.2678,0.2687,0.2687,0.269,0.2693,0.2697,0.2685
1988,1,30,1/30/1988,0.2681,1.0,1988-01-30,0.2677,0.2678,0.2678,0.2687,0.2687,0.269,0.2693,0.2685
1988,1,31,1/31/1988,0.2686,1.0,1988-01-31,0.2681,0.2677,0.2678,0.2678,0.2687,0.2687,0.269,0.2682
1988,2,01,2/01/1988,0.2697,1.0,1988-02-01,0.2686,0.2681,0.2677,0.2678,0.2678,0.2687,0.2687,0.2685
1988,2,02,2/02/1988,0.2701,1.0,1988-02-02,0.2697,0.2686,0.2681,0.2677,0.2678,0.2678,0.2687,0.2684
1988,2,03,2/03/1988,0.2705,1.0,1988-02-03,0.2701,0.2697,0.2686,0.2681,0.2677,0.2678,0.2678,0.2687
1988,2,04,2/04/1988,0.2705,1.0,1988-02-04,0.2705,0.2701,0.2697,0.2686,0.2681,0.2677,0.2678,0.2688
1988,2,05,2/05/1988,0.2706,1.0,1988-02-05,0.2705,0.2705,0.2701,0.2697,0.2686,0.2681,0.2677,0.2689
1988,2,06,2/06/1988,0.2702,1.0,1988-02-06,0.2706,0.2705,0.2705,0.2701,0.2697,0.2686,0.2681,0.2685
1988,2,07,2/07/1988,0.2699,1.0,1988-02-07,0.2702,0.2706,0.2705,0.2705,0.2701,0.2697,0.2686,0.2681
1988,2,08,2/08/1988,0.2697,1.0,1988-02-08,0.2699,0.2702,0.2706,0.2705,0.2705,0.2701,0.2697,0.2683
1988,2,09,2/09/1988,0.2694,1.0,1988-02-09,0.2697,0.2699,0.2702,0.2706,0.2705,0.2705,0.2701,0.2686
1988,2,10,2/10/1988,0.269,1.0,1988-02-10,0.2694,0.2697,0.2699,0.2702,0.2706,0.2705,0.2705,0.2692
1988,2,11,2/11/1988,0.2688,1.0,1988-02-11,0.269,0.2694,0.2697,0.2699,0.2702,0.2706,0.2705,0.2697
1988,2,12,2/12/1988,0.2687,1.0,1988-02-12,0.2688,0.269,0.2694,0.2697,0.2699,0.2702,0.2706,0.2701
1988,2,13,2/13/1988,0.2688,1.0,1988-02-13,0.2687,0.2688,0.269,0.2694,0.2697,0.2699,0.2702,0.27
1988,2,14,2/14/1988,0.2689,1.0,1988-02-14,0.2688,0.2687,0.2688,0.269,0.2694,0.2697,0.2699,0.2702
1988,2,15,2/15/1988,0.2694,1.0,1988-02-15,0.2689,0.2688,0.2687,0.2688,0.269,0.2694,0.2697,0.2702
1988,2,17,2/17/1988,0.2699,1.0,1988-02-17,0.2694,0.2689,0.2688,0.2687,0.2688,0.269,0.2694,0.2699
1988,2,18,2/18/1988,0.2701,1.0,1988-02-18,0.2699,0.2694,0.2689,0.2688,0.2687,0.2688,0.269,0.2699
1988,2,19,2/19/1988,0.27,1.0,1988-02-19,0.2701,0.2699,0.2694,0.2689,0.2688,0.2687,0.2688,0.2697
1988,2,20,2/20/1988,0.2699,1.0,1988-02-20,0.27,0.2701,0.2699,0.2694,0.2689,0.2688,0.2687,0.2693
1988,2,21,2/21/1988,0.2694,1.0,1988-02-21,0.2699,0.27,0.2701,0.2699,0.2694,0.2689,0.2688,0.269
1988,2,22,2/22/1988,0.2688,1.0,1988-02-22,0.2694,0.2699,0.27,0.2701,0.2699,0.2694,0.2689,0.2687
1988,2,23,2/23/1988,0.2685,1.0,1988-02-23,0.2688,0.2694,0.2699,0.27,0.2701,0.2699,0.2694,0.2687
1988,2,24,2/24/1988,0.2682,1.0,1988-02-24,0.2685,0.2688,0.2694,0.2699,0.27,0.2701,0.2699,0.2678
1988,2,25,2/25/1988,0.2677,1.0,1988-02-25,0.2682,0.2685,0.2688,0.2694,0.2699,0.27,0.2701,0.2678
1988,2,26,2/26/1988,0.2676,1.0,1988-02-26,0.2677,0.2682,0.2685,0.2688,0.2694,0.2699,0.27,0.2677
1988,2,27,2/27/1988,0.2673,1.0,1988-02-27,0.2676,0.2677,0.2682,0.2685,0.2688,0.2694,0.2699,0.2681
1988,2,28,2/28/1988,0.2679,1.0,1988-02-28,0.2673,0.2676,0.2677,0.2682,0.2685,0.2688,0.2694,0.2686
1988,2,29,2/29/1988,0.2687,1.0,1988-02-29,0.2679,0.2673,0.2676,0.2677,0.2682,0.2685,0.2688,0.2697
1988,3,01,3/01/1988,0.2689,1.0,1988-03-01,0.2687,0.2679,0.2673,0.2676,0.2677,0.2682,0.2685,0.2701
1988,3,02,3/02/1988,0.2692,1.0,1988-03-02,0.2689,0.2687,0.2679,0.2673,0.2676,0.2677,0.2682,0.2705
1988,3,03,3/03/1988,0.2697,1.0,1988-03-03,0.2692,0.2689,0.2687,0.2679,0.2673,0.2676,0.2677,0.2705
1988,3,04,3/04/1988,0.2697,1.0,1988-03-04,0.2697,0.2692,0.2689,0.2687,0.2679,0.2673,0.2676,0.2706
1988,3,05,3/05/1988,0.2693,1.0,1988-03-05,0.2697,0.2697,0.2692,0.2689,0.2687,0.2679,0.2673,0.2702
1988,3,06,3/06/1988,0.2691,1.0,1988-03-06,0.2693,0.2697,0.2697,0.2692,0.2689,0.2687,0.2679,0.2699
1988,3,07,3/07/1988,0.2691,1.0,1988-03-07,0.2691,0.2693,0.2697,0.2697,0.2692,0.2689,0.2687,0.2697
1988,3,08,3/08/1988,0.2689,1.0,1988-03-08,0.2691,0.2691,0.2693,0.2697,0.2697,0.2692,0.2689,0.2694
1988,3,09,3/09/1988,0.2683,1.0,1988-03-09,0.2689,0.2691,0.2691,0.2693,0.2697,0.2697,0.2692,0.269
1988,3,10,3/10/1988,0.268,1.0,1988-03-10,0.2683,0.2689,0.2691,0.2691,0.2693,0.2697,0.2697,0.2688
1988,3,11,3/11/1988,0.2675,1.0,1988-03-11,0.268,0.2683,0.2689,0.2691,0.2691,0.2693,0.2697,0.2687
1988,3,12,3/12/1988,0.2681,1.0,1988-03-12,0.2675,0.268,0.2683,0.2689,0.2691,0.2691,0.2693,0.2688
1988,3,13,3/13/1988,0.2689,1.0,1988-03-13,0.2681,0.2675,0.268,0.2683,0.2689,0.2691,0.2691,0.2689
1988,3,14,3/14/1988,0.269,1.0,1988-03-14,0.2689,0.2681,0.2675,0.268,0.2683,0.2689,0.2691,0.2694
1988,3,15,3/15/1988,0.2696,1.0,1988-03-15,0.269,0.2689,0.2681,0.2675,0.268,0.2683,0.2689,0.2699
1988,3,16,3/16/1988,0.2697,1.0,1988-03-16,0.2696,0.269,0.2689,0.2681,0.2675,0.268,0.2683,0.2701
1988,3,17,3/17/1988,0.2703,1.0,1988-03-17,0.2697,0.2696,0.269,0.2689,0.2681,0.2675,0.268,0.27
1988,3,18,3/18/1988,0.2701,1.0,1988-03-18,0.2703,0.2697,0.2696,0.269,0.2689,0.2681,0.2675,0.2699
1988,3,19,3/19/1988,0.2706,1.0,1988-03-19,0.2701,0.2703,0.2697,0.2696,0.269,0.2689,0.2681,0.2694
1988,3,20,3/20/1988,0.2702,1.0,1988-03-20,0.2706,0.2701,0.2703,0.2697,0.2696,0.269,0.2689,0.2688
1988,3,21,3/21/1988,0.2705,1.0,1988-03-21,0.2702,0.2706,0.2701,0.2703,0.2697,0.2696,0.269,0.2685
1988,3,22,3/22/1988,0.2698,1.0,1988-03-22,0.2705,0.2702,0.2706,0.2701,0.2703,0.2697,0.2696,0.2682
1988,3,23,3/23/1988,0.2689,1.0,1988-03-23,0.2698,0.2705,0.2702,0.2706,0.2701,0.2703,0.2697,0.2677
1988,3,24,3/24/1988,0.269,1.0,1988-03-24,0.2689,0.2698,0.2705,0.2702,0.2706,0.2701,0.2703,0.2676
1988,3,25,3/25/1988,0.269,1.0,1988-03-25,0.269,0.2689,0.2698,0.2705,0.2702,0.2706,0.2701,0.2673
1988,3,27,3/27/1988,0.27,1.0,1988-03-27,0.269,0.269,0.2689,0.2698,0.2705,0.2702,0.2706,0.2679
1988,3,28,3/28/1988,0.2707,1.0,1988-03-28,0.27,0.269,0.269,0.2689,0.2698,0.2705,0.2702,0.2687
1988,3,29,3/29/1988,0.2712,1.0,1988-03-29,0.2707,0.27,0.269,0.269,0.2689,0.2698,0.2705,0.2689
1988,3,30,3/30/1988,0.2715,1.0,1988-03-30,0.2712,0.2707,0.27,0.269,0.269,0.2689,0.2698,0.2692
1988,3,31,3/31/1988,0.2719,1.0,1988-03-31,0.2715,0.2712,0.2707,0.27,0.269,0.269,0.2689,0.2697
1988,4,01,4/01/1988,0.2717,1.0,1988-04-01,0.2719,0.2715,0.2712,0.2707,0.27,0.269,0.269,0.2697
1988,4,02,4/02/1988,0.2713,1.0,1988-04-02,0.2717,0.2719,0.2715,0.2712,0.2707,0.27,0.269,0.2693
1988,4,03,4/03/1988,0.2708,1.0,1988-04-03,0.2713,0.2717,0.2719,0.2715,0.2712,0.2707,0.27,0.2691
1988,4,04,4/04/1988,0.2702,1.0,1988-04-04,0.2708,0.2713,0.2717,0.2719,0.2715,0.2712,0.2707,0.2691
1988,4,05,4/05/1988,0.2695,1.0,1988-04-05,0.2702,0.2708,0.2713,0.2717,0.2719,0.2715,0.2712,0.2689
1988,4,06,4/06/1988,0.2684,1.0,1988-04-06,0.2695,0.2702,0.2708,0.2713,0.2717,0.2719,0.2715,0.2683
1988,4,07,4/07/1988,0.2685,1.0,1988-04-07,0.2684,0.2695,0.2702,0.2708,0.2713,0.2717,0.2719,0.268
1988,4,08,4/08/1988,0.2695,1.0,1988-04-08,0.2685,0.2684,0.2695,0.2702,0.2708,0.2713,0.2717,0.2675
1988,4,09,4/09/1988,0.2708,1.0,1988-04-09,0.2695,0.2685,0.2684,0.2695,0.2702,0.2708,0.2713,0.2681
1988,4,10,4/10/1988,0.272,1.0,1988-04-10,0.2708,0.2695,0.2685,0.2684,0.2695,0.2702,0.2708,0.2689
1988,4,11,4/11/1988,0.2727,1.0,1988-04-11,0.272,0.2708,0.2695,0.2685,0.2684,0.2695,0.2702,0.269
1988,4,13,4/13/1988,0.2737,1.0,1988-04-13,0.2727,0.272,0.2708,0.2695,0.2685,0.2684,0.2695,0.2696
1988,4,14,4/14/1988,0.2736,1.0,1988-04-14,0.2737,0.2727,0.272,0.2708,0.2695,0.2685,0.2684,0.2697
1988,4,15,4/15/1988,0.2737,1.0,1988-04-15,0.2736,0.2737,0.2727,0.272,0.2708,0.2695,0.2685,0.2703
1988,4,16,4/16/1988,0.2735,1.0,1988-04-16,0.2737,0.2736,0.2737,0.2727,0.272,0.2708,0.2695,0.2701
1988,4,17,4/17/1988,0.2735,1.0,1988-04-17,0.2735,0.2737,0.2736,0.2737,0.2727,0.272,0.2708,0.2706
1988,4,18,4/18/1988,0.2729,1.0,1988-04-18,0.2735,0.2735,0.2737,0.2736,0.2737,0.2727,0.272,0.2702
1988,4,19,4/19/1988,0.2719,1.0,1988-04-19,0.2729,0.2735,0.2735,0.2737,0.2736,0.2737,0.2727,0.2705
1988,4,20,4/20/1988,0.2711,1.0,1988-04-20,0.2719,0.2729,0.2735,0.2735,0.2737,0.2736,0.2737,0.2698
1988,4,22,4/22/1988,0.2708,1.0,1988-04-22,0.2711,0.2719,0.2729,0.2735,0.2735,0.2737,0.2736,0.2689
1988,4,23,4/23/1988,0.2701,1.0,1988-04-23,0.2708,0.2711,0.2719,0.2729,0.2735,0.2735,0.2737,0.269
1988,4,24,4/24/1988,0.27,1.0,1988-04-24,0.2701,0.2708,0.2711,0.2719,0.2729,0.2735,0.2735,0.269
1988,4,25,4/25/1988,0.2697,1.0,1988-04-25,0.27,0.2701,0.2708,0.2711,0.2719,0.2729,0.2735,0.27
1988,4,26,4/26/1988,0.2698,1.0,1988-04-26,0.2697,0.27,0.2701,0.2708,0.2711,0.2719,0.2729,0.2707
1988,4,27,4/27/1988,0.2696,1.0,1988-04-27,0.2698,0.2697,0.27,0.2701,0.2708,0.2711,0.2719,0.2712
1988,4,28,4/28/1988,0.2698,1.0,1988-04-28,0.2696,0.2698,0.2697,0.27,0.2701,0.2708,0.2711,0.2715
1988,4,29,4/29/1988,0.2696,1.0,1988-04-29,0.2698,0.2696,0.2698,0.2697,0.27,0.2701,0.2708,0.2719
1988,4,30,4/30/1988,0.2698,1.0,1988-04-30,0.2696,0.2698,0.2696,0.2698,0.2697,0.27,0.2701,0.2717
1988,5,01,5/01/1988,0.27,1.0,1988-05-01,0.2698,0.2696,0.2698,0.2696,0.2698,0.2697,0.27,0.2713
1988,5,02,5/02/1988,0.2702,1.0,1988-05-02,0.27,0.2698,0.2696,0.2698,0.2696,0.2698,0.2697,0.2708
1988,5,03,5/03/1988,0.2701,1.0,1988-05-03,0.2702,0.27,0.2698,0.2696,0.2698,0.2696,0.2698,0.2702
1988,5,04,5/04/1988,0.2701,1.0,1988-05-04,0.2701,0.2702,0.27,0.2698,0.2696,0.2698,0.2696,0.2695
1988,5,05,5/05/1988,0.2706,1.0,1988-05-05,0.2701,0.2701,0.2702,0.27,0.2698,0.2696,0.2698,0.2684
1988,5,06,5/06/1988,0.2709,1.0,1988-05-06,0.2706,0.2701,0.2701,0.2702,0.27,0.2698,0.2696,0.2685
1988,5,07,5/07/1988,0.2712,1.0,1988-05-07,0.2709,0.2706,0.2701,0.2701,0.2702,0.27,0.2698,0.2695
1988,5,08,5/08/1988,0.2716,1.0,1988-05-08,0.2712,0.2709,0.2706,0.2701,0.2701,0.2702,0.27,0.2708
1988,5,09,5/09/1988,0.2724,1.0,1988-05-09,0.2716,0.2712,0.2709,0.2706,0.2701,0.2701,0.2702,0.272
1988,5,10,5/10/1988,0.2727,1.0,1988-05-10,0.2724,0.2716,0.2712,0.2709,0.2706,0.2701,0.2701,0.2727
1988,5,11,5/11/1988,0.2729,1.0,1988-05-11,0.2727,0.2724,0.2716,0.2712,0.2709,0.2706,0.2701,0.2737
1988,5,12,5/12/1988,0.2723,1.0,1988-05-12,0.2729,0.2727,0.2724,0.2716,0.2712,0.2709,0.2706,0.2736
1988,5,13,5/13/1988,0.2717,1.0,1988-05-13,0.2723,0.2729,0.2727,0.2724,0.2716,0.2712,0.2709,0.2737
1988,5,14,5/14/1988,0.2709,1.0,1988-05-14,0.2717,0.2723,0.2729,0.2727,0.2724,0.2716,0.2712,0.2735
1988,5,15,5/15/1988,0.2703,1.0,1988-05-15,0.2709,0.2717,0.2723,0.2729,0.2727,0.2724,0.2716,0.2735
1988,5,16,5/16/1988,0.2699,1.0,1988-05-16,0.2703,0.2709,0.2717,0.2723,0.2729,0.2727,0.2724,0.2729
1988,5,17,5/17/1988,0.2692,1.0,1988-05-17,0.2699,0.2703,0.2709,0.2717,0.2723,0.2729,0.2727,0.2719
1988,5,18,5/18/1988,0.2688,1.0,1988-05-18,0.2692,0.2699,0.2703,0.2709,0.2717,0.2723,0.2729,0.2711
1988,5,19,5/19/1988,0.2685,1.0,1988-05-19,0.2688,0.2692,0.2699,0.2703,0.2709,0.2717,0.2723,0.2708
1988,5,20,5/20/1988,0.2689,1.0,1988-05-20,0.2685,0.2688,0.2692,0.2699,0.2703,0.2709,0.2717,0.2701
1988,5,21,5/21/1988,0.2693,1.0,1988-05-21,0.2689,0.2685,0.2688,0.2692,0.2699,0.2703,0.2709,0.27
1988,5,22,5/22/1988,0.2703,1.0,1988-05-22,0.2693,0.2689,0.2685,0.2688,0.2692,0.2699,0.2703,0.2697
1988,5,23,5/23/1988,0.2709,1.0,1988-05-23,0.2703,0.2693,0.2689,0.2685,0.2688,0.2692,0.2699,0.2698
1988,5,24,5/24/1988,0.2716,1.0,1988-05-24,0.2709,0.2703,0.2693,0.2689,0.2685,0.2688,0.2692,0.2696
1988,5,25,5/25/1988,0.2718,1.0,1988-05-25,0.2716,0.2709,0.2703,0.2693,0.2689,0.2685,0.2688,0.2698
1988,5,26,5/26/1988,0.2721,1.0,1988-05-26,0.2718,0.2716,0.2709,0.2703,0.2693,0.2689,0.2685,0.2696
1988,5,27,5/27/1988,0.2724,1.0,1988-05-27,0.2721,0.2718,0.2716,0.2709,0.2703,0.2693,0.2689,0.2698
1988,5,28,5/28/1988,0.2722,1.0,1988-05-28,0.2724,0.2721,0.2718,0.2716,0.2709,0.2703,0.2693,0.27
1988,5,29,5/29/1988,0.2724,1.0,1988-05-29,0.2722,0.2724,0.2721,0.2718,0.2716,0.2709,0.2703,0.2702
1988,5,30,5/30/1988,0.2721,1.0,1988-05-30,0.2724,0.2722,0.2724,0.2721,0.2718,0.2716,0.2709,0.2701
1988,5,31,5/31/1988,0.2725,1.0,1988-05-31,0.2721,0.2724,0.2722,0.2724,0.2721,0.2718,0.2716,0.2701
1988,6,01,6/01/1988,0.2724,1.0,1988-06-01,0.2725,0.2721,0.2724,0.2722,0.2724,0.2721,0.2718,0.2706
1988,6,02,6/02/1988,0.2726,1.0,1988-06-02,0.2724,0.2725,0.2721,0.2724,0.2722,0.2724,0.2721,0.2709
1988,6,03,6/03/1988,0.273,1.0,1988-06-03,0.2726,0.2724,0.2725,0.2721,0.2724,0.2722,0.2724,0.2712
1988,6,04,6/04/1988,0.2735,1.0,1988-06-04,0.273,0.2726,0.2724,0.2725,0.2721,0.2724,0.2722,0.2716
1988,6,05,6/05/1988,0.2744,1.0,1988-06-05,0.2735,0.273,0.2726,0.2724,0.2725,0.2721,0.2724,0.2724
1988,6,06,6/06/1988,0.2758,1.0,1988-06-06,0.2744,0.2735,0.273,0.2726,0.2724,0.2725,0.2721,0.2727
1988,6,07,6/07/1988,0.2758,1.0,1988-06-07,0.2758,0.2744,0.2735,0.273,0.2726,0.2724,0.2725,0.2729
1988,6,08,6/08/1988,0.276,1.0,1988-06-08,0.2758,0.2758,0.2744,0.2735,0.273,0.2726,0.2724,0.2723
1988,6,09,6/09/1988,0.2764,1.0,1988-06-09,0.276,0.2758,0.2758,0.2744,0.2735,0.273,0.2726,0.2717
1988,6,10,6/10/1988,0.2751,1.0,1988-06-10,0.2764,0.276,0.2758,0.2758,0.2744,0.2735,0.273,0.2709
1988,6,11,6/11/1988,0.2738,1.0,1988-06-11,0.2751,0.2764,0.276,0.2758,0.2758,0.2744,0.2735,0.2703
1988,6,12,6/12/1988,0.273,1.0,1988-06-12,0.2738,0.2751,0.2764,0.276,0.2758,0.2758,0.2744,0.2699
1988,6,13,6/13/1988,0.2708,1.0,1988-06-13,0.273,0.2738,0.2751,0.2764,0.276,0.2758,0.2758,0.2692
1988,6,14,6/14/1988,0.2717,1.0,1988-06-14,0.2708,0.273,0.2738,0.2751,0.2764,0.276,0.2758,0.2688
1988,6,15,6/15/1988,0.2704,1.0,1988-06-15,0.2717,0.2708,0.273,0.2738,0.2751,0.2764,0.276,0.2685
1988,6,16,6/16/1988,0.2706,1.0,1988-06-16,0.2704,0.2717,0.2708,0.273,0.2738,0.2751,0.2764,0.2689
1988,6,17,6/17/1988,0.2706,1.0,1988-06-17,0.2706,0.2704,0.2717,0.2708,0.273,0.2738,0.2751,0.2693
1988,6,18,6/18/1988,0.2707,1.0,1988-06-18,0.2706,0.2706,0.2704,0.2717,0.2708,0.273,0.2738,0.2703
1988,6,19,6/19/1988,0.2712,1.0,1988-06-19,0.2707,0.2706,0.2706,0.2704,0.2717,0.2708,0.273,0.2709
1988,6,20,6/20/1988,0.2713,1.0,1988-06-20,0.2712,0.2707,0.2706,0.2706,0.2704,0.2717,0.2708,0.2716
1988,6,21,6/21/1988,0.2718,1.0,1988-06-21,0.2713,0.2712,0.2707,0.2706,0.2706,0.2704,0.2717,0.2718
1988,6,22,6/22/1988,0.272,1.0,1988-06-22,0.2718,0.2713,0.2712,0.2707,0.2706,0.2706,0.2704,0.2721
1988,6,23,6/23/1988,0.2721,1.0,1988-06-23,0.272,0.2718,0.2713,0.2712,0.2707,0.2706,0.2706,0.2724
1988,6,24,6/24/1988,0.2721,1.0,1988-06-24,0.2721,0.272,0.2718,0.2713,0.2712,0.2707,0.2706,0.2722
1988,6,25,6/25/1988,0.2723,1.0,1988-06-25,0.2721,0.2721,0.272,0.2718,0.2713,0.2712,0.2707,0.2724
1988,6,26,6/26/1988,0.2727,1.0,1988-06-26,0.2723,0.2721,0.2721,0.272,0.2718,0.2713,0.2712,0.2721
1988,6,27,6/27/1988,0.2729,1.0,1988-06-27,0.2727,0.2723,0.2721,0.2721,0.272,0.2718,0.2713,0.2725
1988,6,28,6/28/1988,0.2736,1.0,1988-06-28,0.2729,0.2727,0.2723,0.2721,0.2721,0.272,0.2718,0.2724
1988,6,29,6/29/1988,0.2742,1.0,1988-06-29,0.2736,0.2729,0.2727,0.2723,0.2721,0.2721,0.272,0.2726
1988,6,30,6/30/1988,0.2748,1.0,1988-06-30,0.2742,0.2736,0.2729,0.2727,0.2723,0.2721,0.2721,0.273
1988,7,01,7/01/1988,0.275,1.0,1988-07-01,0.2748,0.2742,0.2736,0.2729,0.2727,0.2723,0.2721,0.2735
1988,7,02,7/02/1988,0.2757,1.0,1988-07-02,0.275,0.2748,0.2742,0.2736,0.2729,0.2727,0.2723,0.2744
1988,7,03,7/03/1988,0.276,1.0,1988-07-03,0.2757,0.275,0.2748,0.2742,0.2736,0.2729,0.2727,0.2758
1988,7,04,7/04/1988,0.276,1.0,1988-07-04,0.276,0.2757,0.275,0.2748,0.2742,0.2736,0.2729,0.2758
1988,7,05,7/05/1988,0.2757,1.0,1988-07-05,0.276,0.276,0.2757,0.275,0.2748,0.2742,0.2736,0.276
1988,7,06,7/06/1988,0.2748,1.0,1988-07-06,0.2757,0.276,0.276,0.2757,0.275,0.2748,0.2742,0.2764
1988,7,07,7/07/1988,0.2737,1.0,1988-07-07,0.2748,0.2757,0.276,0.276,0.2757,0.275,0.2748,0.2751
1988,7,08,7/08/1988,0.2722,1.0,1988-07-08,0.2737,0.2748,0.2757,0.276,0.276,0.2757,0.275,0.2738
1988,7,09,7/09/1988,0.2712,1.0,1988-07-09,0.2722,0.2737,0.2748,0.2757,0.276,0.276,0.2757,0.273
1988,7,10,7/10/1988,0.2707,1.0,1988-07-10,0.2712,0.2722,0.2737,0.2748,0.2757,0.276,0.276,0.2708
1988,7,11,7/11/1988,0.271,1.0,1988-07-11,0.2707,0.2712,0.2722,0.2737,0.2748,0.2757,0.276,0.2717
1988,7,12,7/12/1988,0.2711,1.0,1988-07-12,0.271,0.2707,0.2712,0.2722,0.2737,0.2748,0.2757,0.2704
1988,7,13,7/13/1988,0.2717,1.0,1988-07-13,0.2711,0.271,0.2707,0.2712,0.2722,0.2737,0.2748,0.2706
1988,7,14,7/14/1988,0.2717,1.0,1988-07-14,0.2717,0.2711,0.271,0.2707,0.2712,0.2722,0.2737,0.2706
1988,7,15,7/15/1988,0.2723,1.0,1988-07-15,0.2717,0.2717,0.2711,0.271,0.2707,0.2712,0.2722,0.2707
1988,7,16,7/16/1988,0.2723,1.0,1988-07-16,0.2723,0.2717,0.2717,0.2711,0.271,0.2707,0.2712,0.2712
1988,7,17,7/17/1988,0.273,1.0,1988-07-17,0.2723,0.2723,0.2717,0.2717,0.2711,0.271,0.2707,0.2713
1988,7,18,7/18/1988,0.2733,1.0,1988-07-18,0.273,0.2723,0.2723,0.2717,0.2717,0.2711,0.271,0.2718
1988,7,19,7/19/1988,0.2736,1.0,1988-07-19,0.2733,0.273,0.2723,0.2723,0.2717,0.2717,0.2711,0.272
1988,7,20,7/20/1988,0.2727,1.0,1988-07-20,0.2736,0.2733,0.273,0.2723,0.2723,0.2717,0.2717,0.2721
1988,7,21,7/21/1988,0.2722,1.0,1988-07-21,0.2727,0.2736,0.2733,0.273,0.2723,0.2723,0.2717,0.2721
1988,7,22,7/22/1988,0.272,1.0,1988-07-22,0.2722,0.2727,0.2736,0.2733,0.273,0.2723,0.2723,0.2723
1988,7,23,7/23/1988,0.2727,1.0,1988-07-23,0.272,0.2722,0.2727,0.2736,0.2733,0.273,0.2723,0.2727
1988,7,24,7/24/1988,0.2733,1.0,1988-07-24,0.2727,0.272,0.2722,0.2727,0.2736,0.2733,0.273,0.2729
1988,7,25,7/25/1988,0.2731,1.0,1988-07-25,0.2733,0.2727,0.272,0.2722,0.2727,0.2736,0.2733,0.2736
1988,7,26,7/26/1988,0.2737,1.0,1988-07-26,0.2731,0.2733,0.2727,0.272,0.2722,0.2727,0.2736,0.2742
1988,7,27,7/27/1988,0.2745,1.0,1988-07-27,0.2737,0.2731,0.2733,0.2727,0.272,0.2722,0.2727,0.2748
1988,7,28,7/28/1988,0.2752,1.0,1988-07-28,0.2745,0.2737,0.2731,0.2733,0.2727,0.272,0.2722,0.275
1988,7,29,7/29/1988,0.2759,1.0,1988-07-29,0.2752,0.2745,0.2737,0.2731,0.2733,0.2727,0.272,0.2757
1988,7,30,7/30/1988,0.2766,1.0,1988-07-30,0.2759,0.2752,0.2745,0.2737,0.2731,0.2733,0.2727,0.276
1988,8,01,8/01/1988,0.2768,1.0,1988-08-01,0.2766,0.2759,0.2752,0.2745,0.2737,0.2731,0.2733,0.276
1988,8,02,8/02/1988,0.2763,1.0,1988-08-02,0.2768,0.2766,0.2759,0.2752,0.2745,0.2737,0.2731,0.2757
1988,8,03,8/03/1988,0.2756,1.0,1988-08-03,0.2763,0.2768,0.2766,0.2759,0.2752,0.2745,0.2737,0.2748
1988,8,04,8/04/1988,0.2747,1.0,1988-08-04,0.2756,0.2763,0.2768,0.2766,0.2759,0.2752,0.2745,0.2737
1988,8,05,8/05/1988,0.2737,1.0,1988-08-05,0.2747,0.2756,0.2763,0.2768,0.2766,0.2759,0.2752,0.2722
1988,8,06,8/06/1988,0.2734,1.0,1988-08-06,0.2737,0.2747,0.2756,0.2763,0.2768,0.2766,0.2759,0.2712
1988,8,07,8/07/1988,0.2738,1.0,1988-08-07,0.2734,0.2737,0.2747,0.2756,0.2763,0.2768,0.2766,0.2707
1988,8,08,8/08/1988,0.2742,1.0,1988-08-08,0.2738,0.2734,0.2737,0.2747,0.2756,0.2763,0.2768,0.271
1988,8,09,8/09/1988,0.2745,1.0,1988-08-09,0.2742,0.2738,0.2734,0.2737,0.2747,0.2756,0.2763,0.2711
1988,8,10,8/10/1988,0.2741,1.0,1988-08-10,0.2745,0.2742,0.2738,0.2734,0.2737,0.2747,0.2756,0.2717
1988,8,11,8/11/1988,0.2741,1.0,1988-08-11,0.2741,0.2745,0.2742,0.2738,0.2734,0.2737,0.2747,0.2717
1988,8,12,8/12/1988,0.2738,1.0,1988-08-12,0.2741,0.2741,0.2745,0.2742,0.2738,0.2734,0.2737,0.2723
1988,8,13,8/13/1988,0.2738,1.0,1988-08-13,0.2738,0.2741,0.2741,0.2745,0.2742,0.2738,0.2734,0.2723
1988,8,14,8/14/1988,0.2735,1.0,1988-08-14,0.2738,0.2738,0.2741,0.2741,0.2745,0.2742,0.2738,0.273
1988,8,15,8/15/1988,0.2734,1.0,1988-08-15,0.2735,0.2738,0.2738,0.2741,0.2741,0.2745,0.2742,0.2733
1988,8,16,8/16/1988,0.273,1.0,1988-08-16,0.2734,0.2735,0.2738,0.2738,0.2741,0.2741,0.2745,0.2736
1988,8,17,8/17/1988,0.2724,1.0,1988-08-17,0.273,0.2734,0.2735,0.2738,0.2738,0.2741,0.2741,0.2727
1988,8,19,8/19/1988,0.2711,1.0,1988-08-19,0.2724,0.273,0.2734,0.2735,0.2738,0.2738,0.2741,0.2722
1988,8,20,8/20/1988,0.271,1.0,1988-08-20,0.2711,0.2724,0.273,0.2734,0.2735,0.2738,0.2738,0.272
1988,8,21,8/21/1988,0.2711,1.0,1988-08-21,0.271,0.2711,0.2724,0.273,0.2734,0.2735,0.2738,0.2727
1988,8,22,8/22/1988,0.2712,1.0,1988-08-22,0.2711,0.271,0.2711,0.2724,0.273,0.2734,0.2735,0.2733
1988,8,23,8/23/1988,0.272,1.0,1988-08-23,0.2712,0.2711,0.271,0.2711,0.2724,0.273,0.2734,0.2731
1988,8,24,8/24/1988,0.2726,1.0,1988-08-24,0.272,0.2712,0.2711,0.271,0.2711,0.2724,0.273,0.2737
1988,8,25,8/25/1988,0.2741,1.0,1988-08-25,0.2726,0.272,0.2712,0.2711,0.271,0.2711,0.2724,0.2745
1988,8,26,8/26/1988,0.275,1.0,1988-08-26,0.2741,0.2726,0.272,0.2712,0.2711,0.271,0.2711,0.2752
1988,8,27,8/27/1988,0.2766,1.0,1988-08-27,0.275,0.2741,0.2726,0.272,0.2712,0.2711,0.271,0.2759
1988,8,28,8/28/1988,0.2776,1.0,1988-08-28,0.2766,0.275,0.2741,0.2726,0.272,0.2712,0.2711,0.2766
1988,8,29,8/29/1988,0.2782,1.0,1988-08-29,0.2776,0.2766,0.275,0.2741,0.2726,0.272,0.2712,0.2768
1988,8,30,8/30/1988,0.2778,1.0,1988-08-30,0.2782,0.2776,0.2766,0.275,0.2741,0.2726,0.272,0.2763
1988,8,31,8/31/1988,0.2776,1.0,1988-08-31,0.2778,0.2782,0.2776,0.2766,0.275,0.2741,0.2726,0.2756
1988,9,01,9/01/1988,0.2769,1.0,1988-09-01,0.2776,0.2778,0.2782,0.2776,0.2766,0.275,0.2741,0.2747
1988,9,02,9/02/1988,0.277,1.0,1988-09-02,0.2769,0.2776,0.2778,0.2782,0.2776,0.2766,0.275,0.2737
1988,9,03,9/03/1988,0.2768,1.0,1988-09-03,0.277,0.2769,0.2776,0.2778,0.2782,0.2776,0.2766,0.2734
1988,9,04,9/04/1988,0.2765,1.0,1988-09-04,0.2768,0.277,0.2769,0.2776,0.2778,0.2782,0.2776,0.2738
1988,9,05,9/05/1988,0.2764,1.0,1988-09-05,0.2765,0.2768,0.277,0.2769,0.2776,0.2778,0.2782,0.2742
1988,9,06,9/06/1988,0.2755,1.0,1988-09-06,0.2764,0.2765,0.2768,0.277,0.2769,0.2776,0.2778,0.2745
1988,9,07,9/07/1988,0.2748,1.0,1988-09-07,0.2755,0.2764,0.2765,0.2768,0.277,0.2769,0.2776,0.2741
1988,9,08,9/08/1988,0.2737,1.0,1988-09-08,0.2748,0.2755,0.2764,0.2765,0.2768,0.277,0.2769,0.2741
1988,9,09,9/09/1988,0.2731,1.0,1988-09-09,0.2737,0.2748,0.2755,0.2764,0.2765,0.2768,0.277,0.2738
1988,9,10,9/10/1988,0.2733,1.0,1988-09-10,0.2731,0.2737,0.2748,0.2755,0.2764,0.2765,0.2768,0.2738
1988,9,11,9/11/1988,0.2731,1.0,1988-09-11,0.2733,0.2731,0.2737,0.2748,0.2755,0.2764,0.2765,0.2735
1988,9,12,9/12/1988,0.2734,1.0,1988-09-12,0.2731,0.2733,0.2731,0.2737,0.2748,0.2755,0.2764,0.2734
1988,11,14,11/14/1988,0.276,1.0,1988-11-14,0.2734,0.2731,0.2733,0.2731,0.2737,0.2748,0.2755,0.273
1988,11,15,11/15/1988,0.2759,1.0,1988-11-15,0.276,0.2734,0.2731,0.2733,0.2731,0.2737,0.2748,0.2724
1988,11,16,11/16/1988,0.2762,1.0,1988-11-16,0.2759,0.276,0.2734,0.2731,0.2733,0.2731,0.2737,0.2711
1988,11,17,11/17/1988,0.2766,1.0,1988-11-17,0.2762,0.2759,0.276,0.2734,0.2731,0.2733,0.2731,0.271
1988,11,18,11/18/1988,0.2761,1.0,1988-11-18,0.2766,0.2762,0.2759,0.276,0.2734,0.2731,0.2733,0.2711
1988,11,20,11/20/1988,0.2744,1.0,1988-11-20,0.2761,0.2766,0.2762,0.2759,0.276,0.2734,0.2731,0.2712
1988,11,21,11/21/1988,0.2749,1.0,1988-11-21,0.2744,0.2761,0.2766,0.2762,0.2759,0.276,0.2734,0.272
1988,11,26,11/26/1988,0.2735,1.0,1988-11-26,0.2749,0.2744,0.2761,0.2766,0.2762,0.2759,0.276,0.2726
1988,11,27,11/27/1988,0.2737,1.0,1988-11-27,0.2735,0.2749,0.2744,0.2761,0.2766,0.2762,0.2759,0.2741
1988,11,28,11/28/1988,0.2744,1.0,1988-11-28,0.2737,0.2735,0.2749,0.2744,0.2761,0.2766,0.2762,0.275
1988,11,29,11/29/1988,0.2746,1.0,1988-11-29,0.2744,0.2737,0.2735,0.2749,0.2744,0.2761,0.2766,0.2766
1988,11,30,11/30/1988,0.2752,1.0,1988-11-30,0.2746,0.2744,0.2737,0.2735,0.2749,0.2744,0.2761,0.2776
1988,12,01,12/01/1988,0.276,1.0,1988-12-01,0.2752,0.2746,0.2744,0.2737,0.2735,0.2749,0.2744,0.2782
1988,12,02,12/02/1988,0.276,1.0,1988-12-02,0.276,0.2752,0.2746,0.2744,0.2737,0.2735,0.2749,0.2778
1988,12,03,12/03/1988,0.2753,1.0,1988-12-03,0.276,0.276,0.2752,0.2746,0.2744,0.2737,0.2735,0.2776
1988,12,04,12/04/1988,0.2751,1.0,1988-12-04,0.2753,0.276,0.276,0.2752,0.2746,0.2744,0.2737,0.2769
1988,12,05,12/05/1988,0.2754,1.0,1988-12-05,0.2751,0.2753,0.276,0.276,0.2752,0.2746,0.2744,0.277
1988,12,06,12/06/1988,0.2756,1.0,1988-12-06,0.2754,0.2751,0.2753,0.276,0.276,0.2752,0.2746,0.2768
1988,12,07,12/07/1988,0.2757,1.0,1988-12-07,0.2756,0.2754,0.2751,0.2753,0.276,0.276,0.2752,0.2765
1988,12,08,12/08/1988,0.2756,1.0,1988-12-08,0.2757,0.2756,0.2754,0.2751,0.2753,0.276,0.276,0.2764
1988,12,09,12/09/1988,0.2762,1.0,1988-12-09,0.2756,0.2757,0.2756,0.2754,0.2751,0.2753,0.276,0.2755
1988,12,10,12/10/1988,0.2769,1.0,1988-12-10,0.2762,0.2756,0.2757,0.2756,0.2754,0.2751,0.2753,0.2748
1988,12,11,12/11/1988,0.2775,1.0,1988-12-11,0.2769,0.2762,0.2756,0.2757,0.2756,0.2754,0.2751,0.2737
1988,12,12,12/12/1988,0.2782,1.0,1988-12-12,0.2775,0.2769,0.2762,0.2756,0.2757,0.2756,0.2754,0.2731
1988,12,13,12/13/1988,0.2789,1.0,1988-12-13,0.2782,0.2775,0.2769,0.2762,0.2756,0.2757,0.2756,0.2733
1988,12,14,12/14/1988,0.2802,1.0,1988-12-14,0.2789,0.2782,0.2775,0.2769,0.2762,0.2756,0.2757,0.2731
1988,12,15,12/15/1988,0.2807,1.0,1988-12-15,0.2802,0.2789,0.2782,0.2775,0.2769,0.2762,0.2756,0.2734
1988,12,16,12/16/1988,0.2809,1.0,1988-12-16,0.2807,0.2802,0.2789,0.2782,0.2775,0.2769,0.2762,0.276
1988,12,17,12/17/1988,0.281,1.0,1988-12-17,0.2809,0.2807,0.2802,0.2789,0.2782,0.2775,0.2769,0.2759
1988,12,20,12/20/1988,0.2797,1.0,1988-12-20,0.281,0.2809,0.2807,0.2802,0.2789,0.2782,0.2775,0.2762
1988,12,21,12/21/1988,0.2786,1.0,1988-12-21,0.2797,0.281,0.2809,0.2807,0.2802,0.2789,0.2782,0.2766
1988,12,22,12/22/1988,0.2787,1.0,1988-12-22,0.2786,0.2797,0.281,0.2809,0.2807,0.2802,0.2789,0.2761
1988,12,24,12/24/1988,0.2782,1.0,1988-12-24,0.2787,0.2786,0.2797,0.281,0.2809,0.2807,0.2802,0.2744
1988,12,25,12/25/1988,0.278,1.0,1988-12-25,0.2782,0.2787,0.2786,0.2797,0.281,0.2809,0.2807,0.2749
1988,12,26,12/26/1988,0.2776,1.0,1988-12-26,0.278,0.2782,0.2787,0.2786,0.2797,0.281,0.2809,0.2735
1988,12,27,12/27/1988,0.2779,1.0,1988-12-27,0.2776,0.278,0.2782,0.2787,0.2786,0.2797,0.281,0.2737
1988,12,28,12/28/1988,0.2778,1.0,1988-12-28,0.2779,0.2776,0.278,0.2782,0.2787,0.2786,0.2797,0.2744
1988,12,29,12/29/1988,0.2778,1.0,1988-12-29,0.2778,0.2779,0.2776,0.278,0.2782,0.2787,0.2786,0.2746
1988,12,30,12/30/1988,0.278,1.0,1988-12-30,0.2778,0.2778,0.2779,0.2776,0.278,0.2782,0.2787,0.2752
1988,12,31,12/31/1988,0.2764,1.0,1988-12-31,0.278,0.2778,0.2778,0.2779,0.2776,0.278,0.2782,0.276
1989,1,01,1/01/1989,0.2759,1.0,1989-01-01,0.2764,0.278,0.2778,0.2778,0.2779,0.2776,0.278,0.276
1989,1,02,1/02/1989,0.2751,1.0,1989-01-02,0.2759,0.2764,0.278,0.2778,0.2778,0.2779,0.2776,0.2753
1989,1,03,1/03/1989,0.2744,1.0,1989-01-03,0.2751,0.2759,0.2764,0.278,0.2778,0.2778,0.2779,0.2751
1989,1,04,1/04/1989,0.2746,1.0,1989-01-04,0.2744,0.2751,0.2759,0.2764,0.278,0.2778,0.2778,0.2754
1989,1,05,1/05/1989,0.2757,1.0,1989-01-05,0.2746,0.2744,0.2751,0.2759,0.2764,0.278,0.2778,0.2756
1989,1,06,1/06/1989,0.277,1.0,1989-01-06,0.2757,0.2746,0.2744,0.2751,0.2759,0.2764,0.278,0.2757
1989,1,07,1/07/1989,0.2793,1.0,1989-01-07,0.277,0.2757,0.2746,0.2744,0.2751,0.2759,0.2764,0.2756
1989,1,08,1/08/1989,0.2815,1.0,1989-01-08,0.2793,0.277,0.2757,0.2746,0.2744,0.2751,0.2759,0.2762
1989,1,09,1/09/1989,0.284,1.0,1989-01-09,0.2815,0.2793,0.277,0.2757,0.2746,0.2744,0.2751,0.2769
1989,1,10,1/10/1989,0.2868,1.0,1989-01-10,0.284,0.2815,0.2793,0.277,0.2757,0.2746,0.2744,0.2775
1989,1,12,1/12/1989,0.2891,1.0,1989-01-12,0.2868,0.284,0.2815,0.2793,0.277,0.2757,0.2746,0.2782
1989,1,14,1/14/1989,0.2889,1.0,1989-01-14,0.2891,0.2868,0.284,0.2815,0.2793,0.277,0.2757,0.2789
1989,1,15,1/15/1989,0.2875,1.0,1989-01-15,0.2889,0.2891,0.2868,0.284,0.2815,0.2793,0.277,0.2802
1989,1,16,1/16/1989,0.2851,1.0,1989-01-16,0.2875,0.2889,0.2891,0.2868,0.284,0.2815,0.2793,0.2807
1989,1,17,1/17/1989,0.2831,1.0,1989-01-17,0.2851,0.2875,0.2889,0.2891,0.2868,0.284,0.2815,0.2809
1989,1,18,1/18/1989,0.2826,1.0,1989-01-18,0.2831,0.2851,0.2875,0.2889,0.2891,0.2868,0.284,0.281
1989,1,19,1/19/1989,0.2813,1.0,1989-01-19,0.2826,0.2831,0.2851,0.2875,0.2889,0.2891,0.2868,0.2797
1989,1,20,1/20/1989,0.2805,1.0,1989-01-20,0.2813,0.2826,0.2831,0.2851,0.2875,0.2889,0.2891,0.2786
1989,1,21,1/21/1989,0.2795,1.0,1989-01-21,0.2805,0.2813,0.2826,0.2831,0.2851,0.2875,0.2889,0.2787
1989,1,22,1/22/1989,0.2793,1.0,1989-01-22,0.2795,0.2805,0.2813,0.2826,0.2831,0.2851,0.2875,0.2782
1989,1,23,1/23/1989,0.2798,1.0,1989-01-23,0.2793,0.2795,0.2805,0.2813,0.2826,0.2831,0.2851,0.278
1989,1,25,1/25/1989,0.2806,1.0,1989-01-25,0.2798,0.2793,0.2795,0.2805,0.2813,0.2826,0.2831,0.2776
1989,1,26,1/26/1989,0.2807,1.0,1989-01-26,0.2806,0.2798,0.2793,0.2795,0.2805,0.2813,0.2826,0.2779
1989,1,27,1/27/1989,0.2803,1.0,1989-01-27,0.2807,0.2806,0.2798,0.2793,0.2795,0.2805,0.2813,0.2778
1989,1,28,1/28/1989,0.2796,1.0,1989-01-28,0.2803,0.2807,0.2806,0.2798,0.2793,0.2795,0.2805,0.2778
1989,1,29,1/29/1989,0.2789,1.0,1989-01-29,0.2796,0.2803,0.2807,0.2806,0.2798,0.2793,0.2795,0.278
1989,1,30,1/30/1989,0.2781,1.0,1989-01-30,0.2789,0.2796,0.2803,0.2807,0.2806,0.2798,0.2793,0.2764
1989,1,31,1/31/1989,0.2771,1.0,1989-01-31,0.2781,0.2789,0.2796,0.2803,0.2807,0.2806,0.2798,0.2759
1989,2,01,2/01/1989,0.2761,1.0,1989-02-01,0.2771,0.2781,0.2789,0.2796,0.2803,0.2807,0.2806,0.2751
1989,2,03,2/03/1989,0.2763,1.0,1989-02-03,0.2761,0.2771,0.2781,0.2789,0.2796,0.2803,0.2807,0.2744
1989,2,04,2/04/1989,0.2769,1.0,1989-02-04,0.2763,0.2761,0.2771,0.2781,0.2789,0.2796,0.2803,0.2746
1989,2,05,2/05/1989,0.2782,1.0,1989-02-05,0.2769,0.2763,0.2761,0.2771,0.2781,0.2789,0.2796,0.2757
1989,2,06,2/06/1989,0.2801,1.0,1989-02-06,0.2782,0.2769,0.2763,0.2761,0.2771,0.2781,0.2789,0.277
1989,2,07,2/07/1989,0.2822,1.0,1989-02-07,0.2801,0.2782,0.2769,0.2763,0.2761,0.2771,0.2781,0.2793
1989,2,08,2/08/1989,0.2835,1.0,1989-02-08,0.2822,0.2801,0.2782,0.2769,0.2763,0.2761,0.2771,0.2815
1989,2,09,2/09/1989,0.2854,1.0,1989-02-09,0.2835,0.2822,0.2801,0.2782,0.2769,0.2763,0.2761,0.284
1989,2,10,2/10/1989,0.2858,1.0,1989-02-10,0.2854,0.2835,0.2822,0.2801,0.2782,0.2769,0.2763,0.2868
1989,2,11,2/11/1989,0.2863,1.0,1989-02-11,0.2858,0.2854,0.2835,0.2822,0.2801,0.2782,0.2769,0.2891
1989,2,12,2/12/1989,0.2865,1.0,1989-02-12,0.2863,0.2858,0.2854,0.2835,0.2822,0.2801,0.2782,0.2889
1989,2,13,2/13/1989,0.2865,1.0,1989-02-13,0.2865,0.2863,0.2858,0.2854,0.2835,0.2822,0.2801,0.2875
1989,2,14,2/14/1989,0.2859,1.0,1989-02-14,0.2865,0.2865,0.2863,0.2858,0.2854,0.2835,0.2822,0.2851
1989,2,15,2/15/1989,0.2841,1.0,1989-02-15,0.2859,0.2865,0.2865,0.2863,0.2858,0.2854,0.2835,0.2831
1989,2,16,2/16/1989,0.2838,1.0,1989-02-16,0.2841,0.2859,0.2865,0.2865,0.2863,0.2858,0.2854,0.2826
1989,2,17,2/17/1989,0.2829,1.0,1989-02-17,0.2838,0.2841,0.2859,0.2865,0.2865,0.2863,0.2858,0.2813
1989,2,18,2/18/1989,0.2818,1.0,1989-02-18,0.2829,0.2838,0.2841,0.2859,0.2865,0.2865,0.2863,0.2805
1989,2,19,2/19/1989,0.2816,1.0,1989-02-19,0.2818,0.2829,0.2838,0.2841,0.2859,0.2865,0.2865,0.2795
1989,2,20,2/20/1989,0.2811,1.0,1989-02-20,0.2816,0.2818,0.2829,0.2838,0.2841,0.2859,0.2865,0.2793
1989,2,21,2/21/1989,0.2802,1.0,1989-02-21,0.2811,0.2816,0.2818,0.2829,0.2838,0.2841,0.2859,0.2798
1989,2,22,2/22/1989,0.2805,1.0,1989-02-22,0.2802,0.2811,0.2816,0.2818,0.2829,0.2838,0.2841,0.2806
1989,2,23,2/23/1989,0.2799,1.0,1989-02-23,0.2805,0.2802,0.2811,0.2816,0.2818,0.2829,0.2838,0.2807
1989,2,24,2/24/1989,0.2798,1.0,1989-02-24,0.2799,0.2805,0.2802,0.2811,0.2816,0.2818,0.2829,0.2803
1989,2,25,2/25/1989,0.2801,1.0,1989-02-25,0.2798,0.2799,0.2805,0.2802,0.2811,0.2816,0.2818,0.2796
1989,2,26,2/26/1989,0.2794,2.0,1989-02-26,0.2801,0.2798,0.2799,0.2805,0.2802,0.2811,0.2816,0.2789
1989,2,27,2/27/1989,0.2783,2.0,1989-02-27,0.2794,0.2801,0.2798,0.2799,0.2805,0.2802,0.2811,0.2781
1989,2,28,2/28/1989,0.2771,1.0,1989-02-28,0.2783,0.2794,0.2801,0.2798,0.2799,0.2805,0.2802,0.2771
1989,3,01,3/01/1989,0.2766,1.0,1989-03-01,0.2771,0.2783,0.2794,0.2801,0.2798,0.2799,0.2805,0.2761
1989,3,02,3/02/1989,0.2757,1.0,1989-03-02,0.2766,0.2771,0.2783,0.2794,0.2801,0.2798,0.2799,0.2763
1989,3,03,3/03/1989,0.2758,1.0,1989-03-03,0.2757,0.2766,0.2771,0.2783,0.2794,0.2801,0.2798,0.2769
1989,3,04,3/04/1989,0.2755,1.0,1989-03-04,0.2758,0.2757,0.2766,0.2771,0.2783,0.2794,0.2801,0.2782
1989,3,05,3/05/1989,0.2758,1.0,1989-03-05,0.2755,0.2758,0.2757,0.2766,0.2771,0.2783,0.2794,0.2801
1989,3,06,3/06/1989,0.2768,1.0,1989-03-06,0.2758,0.2755,0.2758,0.2757,0.2766,0.2771,0.2783,0.2822
1989,3,07,3/07/1989,0.2779,1.0,1989-03-07,0.2768,0.2758,0.2755,0.2758,0.2757,0.2766,0.2771,0.2835
1989,3,08,3/08/1989,0.2792,1.0,1989-03-08,0.2779,0.2768,0.2758,0.2755,0.2758,0.2757,0.2766,0.2854
1989,3,09,3/09/1989,0.2811,1.0,1989-03-09,0.2792,0.2779,0.2768,0.2758,0.2755,0.2758,0.2757,0.2858
1989,3,10,3/10/1989,0.282,1.0,1989-03-10,0.2811,0.2792,0.2779,0.2768,0.2758,0.2755,0.2758,0.2863
1989,3,11,3/11/1989,0.2834,1.0,1989-03-11,0.282,0.2811,0.2792,0.2779,0.2768,0.2758,0.2755,0.2865
1989,3,12,3/12/1989,0.2834,2.0,1989-03-12,0.2834,0.282,0.2811,0.2792,0.2779,0.2768,0.2758,0.2865
1989,3,13,3/13/1989,0.2846,1.0,1989-03-13,0.2834,0.2834,0.282,0.2811,0.2792,0.2779,0.2768,0.2859
1989,3,14,3/14/1989,0.2846,1.0,1989-03-14,0.2846,0.2834,0.2834,0.282,0.2811,0.2792,0.2779,0.2841
1989,3,15,3/15/1989,0.2851,1.0,1989-03-15,0.2846,0.2846,0.2834,0.2834,0.282,0.2811,0.2792,0.2838
1989,3,16,3/16/1989,0.2846,1.0,1989-03-16,0.2851,0.2846,0.2846,0.2834,0.2834,0.282,0.2811,0.2829
1989,3,17,3/17/1989,0.2846,1.0,1989-03-17,0.2846,0.2851,0.2846,0.2846,0.2834,0.2834,0.282,0.2818
1989,3,18,3/18/1989,0.2839,1.0,1989-03-18,0.2846,0.2846,0.2851,0.2846,0.2846,0.2834,0.2834,0.2816
1989,3,19,3/19/1989,0.2825,1.0,1989-03-19,0.2839,0.2846,0.2846,0.2851,0.2846,0.2846,0.2834,0.2811
1989,3,20,3/20/1989,0.2823,1.0,1989-03-20,0.2825,0.2839,0.2846,0.2846,0.2851,0.2846,0.2846,0.2802
1989,3,21,3/21/1989,0.2813,1.0,1989-03-21,0.2823,0.2825,0.2839,0.2846,0.2846,0.2851,0.2846,0.2805
1989,3,22,3/22/1989,0.2807,1.0,1989-03-22,0.2813,0.2823,0.2825,0.2839,0.2846,0.2846,0.2851,0.2799
1989,3,23,3/23/1989,0.2803,1.0,1989-03-23,0.2807,0.2813,0.2823,0.2825,0.2839,0.2846,0.2846,0.2798
1989,3,24,3/24/1989,0.2792,1.0,1989-03-24,0.2803,0.2807,0.2813,0.2823,0.2825,0.2839,0.2846,0.2801
1989,3,25,3/25/1989,0.2781,1.0,1989-03-25,0.2792,0.2803,0.2807,0.2813,0.2823,0.2825,0.2839,0.2794
1989,3,26,3/26/1989,0.2765,1.0,1989-03-26,0.2781,0.2792,0.2803,0.2807,0.2813,0.2823,0.2825,0.2783
1989,3,27,3/27/1989,0.2758,1.0,1989-03-27,0.2765,0.2781,0.2792,0.2803,0.2807,0.2813,0.2823,0.2771
1989,3,28,3/28/1989,0.2744,1.0,1989-03-28,0.2758,0.2765,0.2781,0.2792,0.2803,0.2807,0.2813,0.2766
1989,3,29,3/29/1989,0.274,1.0,1989-03-29,0.2744,0.2758,0.2765,0.2781,0.2792,0.2803,0.2807,0.2757
1989,3,30,3/30/1989,0.2738,1.0,1989-03-30,0.274,0.2744,0.2758,0.2765,0.2781,0.2792,0.2803,0.2758
1989,3,31,3/31/1989,0.274,1.0,1989-03-31,0.2738,0.274,0.2744,0.2758,0.2765,0.2781,0.2792,0.2755
1989,4,01,4/01/1989,0.2745,1.0,1989-04-01,0.274,0.2738,0.274,0.2744,0.2758,0.2765,0.2781,0.2758
1989,4,02,4/02/1989,0.275,1.0,1989-04-02,0.2745,0.274,0.2738,0.274,0.2744,0.2758,0.2765,0.2768
1989,4,03,4/03/1989,0.2759,1.0,1989-04-03,0.275,0.2745,0.274,0.2738,0.274,0.2744,0.2758,0.2779
1989,4,04,4/04/1989,0.2774,1.0,1989-04-04,0.2759,0.275,0.2745,0.274,0.2738,0.274,0.2744,0.2792
1989,4,05,4/05/1989,0.2788,1.0,1989-04-05,0.2774,0.2759,0.275,0.2745,0.274,0.2738,0.274,0.2811
1989,4,06,4/06/1989,0.2813,1.0,1989-04-06,0.2788,0.2774,0.2759,0.275,0.2745,0.274,0.2738,0.282
1989,4,07,4/07/1989,0.2829,1.0,1989-04-07,0.2813,0.2788,0.2774,0.2759,0.275,0.2745,0.274,0.2834
1989,4,08,4/08/1989,0.2838,1.0,1989-04-08,0.2829,0.2813,0.2788,0.2774,0.2759,0.275,0.2745,0.2834
1989,4,09,4/09/1989,0.2839,1.0,1989-04-09,0.2838,0.2829,0.2813,0.2788,0.2774,0.2759,0.275,0.2846
1989,4,10,4/10/1989,0.2833,2.0,1989-04-10,0.2839,0.2838,0.2829,0.2813,0.2788,0.2774,0.2759,0.2846
1989,4,11,4/11/1989,0.2831,1.0,1989-04-11,0.2833,0.2839,0.2838,0.2829,0.2813,0.2788,0.2774,0.2851
1989,4,12,4/12/1989,0.2825,1.0,1989-04-12,0.2831,0.2833,0.2839,0.2838,0.2829,0.2813,0.2788,0.2846
1989,4,13,4/13/1989,0.2815,1.0,1989-04-13,0.2825,0.2831,0.2833,0.2839,0.2838,0.2829,0.2813,0.2846
1989,4,14,4/14/1989,0.2805,2.0,1989-04-14,0.2815,0.2825,0.2831,0.2833,0.2839,0.2838,0.2829,0.2839
1989,4,15,4/15/1989,0.2803,1.0,1989-04-15,0.2805,0.2815,0.2825,0.2831,0.2833,0.2839,0.2838,0.2825
1989,4,16,4/16/1989,0.2795,1.0,1989-04-16,0.2803,0.2805,0.2815,0.2825,0.2831,0.2833,0.2839,0.2823
1989,4,17,4/17/1989,0.2791,1.0,1989-04-17,0.2795,0.2803,0.2805,0.2815,0.2825,0.2831,0.2833,0.2813
1989,4,18,4/18/1989,0.2788,1.0,1989-04-18,0.2791,0.2795,0.2803,0.2805,0.2815,0.2825,0.2831,0.2807
1989,4,19,4/19/1989,0.2787,1.0,1989-04-19,0.2788,0.2791,0.2795,0.2803,0.2805,0.2815,0.2825,0.2803
1989,4,20,4/20/1989,0.2793,1.0,1989-04-20,0.2787,0.2788,0.2791,0.2795,0.2803,0.2805,0.2815,0.2792
1989,4,21,4/21/1989,0.2793,2.0,1989-04-21,0.2793,0.2787,0.2788,0.2791,0.2795,0.2803,0.2805,0.2781
1989,4,22,4/22/1989,0.2791,1.0,1989-04-22,0.2793,0.2793,0.2787,0.2788,0.2791,0.2795,0.2803,0.2765
1989,4,23,4/23/1989,0.2774,2.0,1989-04-23,0.2791,0.2793,0.2793,0.2787,0.2788,0.2791,0.2795,0.2758
1989,4,24,4/24/1989,0.2763,2.0,1989-04-24,0.2774,0.2791,0.2793,0.2793,0.2787,0.2788,0.2791,0.2744
1989,4,25,4/25/1989,0.2758,1.0,1989-04-25,0.2763,0.2774,0.2791,0.2793,0.2793,0.2787,0.2788,0.274
1989,4,26,4/26/1989,0.2762,1.0,1989-04-26,0.2758,0.2763,0.2774,0.2791,0.2793,0.2793,0.2787,0.2738
1989,4,27,4/27/1989,0.2766,1.0,1989-04-27,0.2762,0.2758,0.2763,0.2774,0.2791,0.2793,0.2793,0.274
1989,4,28,4/28/1989,0.2769,1.0,1989-04-28,0.2766,0.2762,0.2758,0.2763,0.2774,0.2791,0.2793,0.2745
1989,4,29,4/29/1989,0.277,2.0,1989-04-29,0.2769,0.2766,0.2762,0.2758,0.2763,0.2774,0.2791,0.275
1989,4,30,4/30/1989,0.2766,1.0,1989-04-30,0.277,0.2769,0.2766,0.2762,0.2758,0.2763,0.2774,0.2759
1989,5,01,5/01/1989,0.2773,1.0,1989-05-01,0.2766,0.277,0.2769,0.2766,0.2762,0.2758,0.2763,0.2774
1989,5,02,5/02/1989,0.278,2.0,1989-05-02,0.2773,0.2766,0.277,0.2769,0.2766,0.2762,0.2758,0.2788
1989,5,03,5/03/1989,0.2789,1.0,1989-05-03,0.278,0.2773,0.2766,0.277,0.2769,0.2766,0.2762,0.2813
1989,5,04,5/04/1989,0.2806,1.0,1989-05-04,0.2789,0.278,0.2773,0.2766,0.277,0.2769,0.2766,0.2829
1989,5,05,5/05/1989,0.2818,1.0,1989-05-05,0.2806,0.2789,0.278,0.2773,0.2766,0.277,0.2769,0.2838
1989,5,06,5/06/1989,0.2817,1.0,1989-05-06,0.2818,0.2806,0.2789,0.278,0.2773,0.2766,0.277,0.2839
1989,5,07,5/07/1989,0.2821,1.0,1989-05-07,0.2817,0.2818,0.2806,0.2789,0.278,0.2773,0.2766,0.2833
1989,5,08,5/08/1989,0.2834,1.0,1989-05-08,0.2821,0.2817,0.2818,0.2806,0.2789,0.278,0.2773,0.2831
1989,5,09,5/09/1989,0.2837,2.0,1989-05-09,0.2834,0.2821,0.2817,0.2818,0.2806,0.2789,0.278,0.2825
1989,5,10,5/10/1989,0.2844,2.0,1989-05-10,0.2837,0.2834,0.2821,0.2817,0.2818,0.2806,0.2789,0.2815
1989,5,11,5/11/1989,0.2846,2.0,1989-05-11,0.2844,0.2837,0.2834,0.2821,0.2817,0.2818,0.2806,0.2805
1989,5,12,5/12/1989,0.2848,2.0,1989-05-12,0.2846,0.2844,0.2837,0.2834,0.2821,0.2817,0.2818,0.2803
1989,5,13,5/13/1989,0.2842,2.0,1989-05-13,0.2848,0.2846,0.2844,0.2837,0.2834,0.2821,0.2817,0.2795
1989,5,14,5/14/1989,0.284,1.0,1989-05-14,0.2842,0.2848,0.2846,0.2844,0.2837,0.2834,0.2821,0.2791
1989,5,15,5/15/1989,0.2834,1.0,1989-05-15,0.284,0.2842,0.2848,0.2846,0.2844,0.2837,0.2834,0.2788
1989,5,16,5/16/1989,0.2815,2.0,1989-05-16,0.2834,0.284,0.2842,0.2848,0.2846,0.2844,0.2837,0.2787
1989,5,17,5/17/1989,0.2809,2.0,1989-05-17,0.2815,0.2834,0.284,0.2842,0.2848,0.2846,0.2844,0.2793
1989,5,18,5/18/1989,0.2807,2.0,1989-05-18,0.2809,0.2815,0.2834,0.284,0.2842,0.2848,0.2846,0.2793
1989,5,19,5/19/1989,0.2797,2.0,1989-05-19,0.2807,0.2809,0.2815,0.2834,0.284,0.2842,0.2848,0.2791
1989,5,20,5/20/1989,0.2793,1.0,1989-05-20,0.2797,0.2807,0.2809,0.2815,0.2834,0.284,0.2842,0.2774
1989,5,21,5/21/1989,0.2784,1.0,1989-05-21,0.2793,0.2797,0.2807,0.2809,0.2815,0.2834,0.284,0.2763
1989,5,22,5/22/1989,0.2776,1.0,1989-05-22,0.2784,0.2793,0.2797,0.2807,0.2809,0.2815,0.2834,0.2758
1989,5,23,5/23/1989,0.2772,2.0,1989-05-23,0.2776,0.2784,0.2793,0.2797,0.2807,0.2809,0.2815,0.2762
1989,5,24,5/24/1989,0.2775,2.0,1989-05-24,0.2772,0.2776,0.2784,0.2793,0.2797,0.2807,0.2809,0.2766
1989,5,25,5/25/1989,0.2767,2.0,1989-05-25,0.2775,0.2772,0.2776,0.2784,0.2793,0.2797,0.2807,0.2769
1989,5,26,5/26/1989,0.2766,2.0,1989-05-26,0.2767,0.2775,0.2772,0.2776,0.2784,0.2793,0.2797,0.277
1989,5,27,5/27/1989,0.2759,2.0,1989-05-27,0.2766,0.2767,0.2775,0.2772,0.2776,0.2784,0.2793,0.2766
1989,5,28,5/28/1989,0.2765,2.0,1989-05-28,0.2759,0.2766,0.2767,0.2775,0.2772,0.2776,0.2784,0.2773
1989,5,29,5/29/1989,0.2767,2.0,1989-05-29,0.2765,0.2759,0.2766,0.2767,0.2775,0.2772,0.2776,0.278
1989,5,30,5/30/1989,0.2776,1.0,1989-05-30,0.2767,0.2765,0.2759,0.2766,0.2767,0.2775,0.2772,0.2789
1989,5,31,5/31/1989,0.2782,1.0,1989-05-31,0.2776,0.2767,0.2765,0.2759,0.2766,0.2767,0.2775,0.2806
1989,6,01,6/01/1989,0.279,2.0,1989-06-01,0.2782,0.2776,0.2767,0.2765,0.2759,0.2766,0.2767,0.2818
1989,6,02,6/02/1989,0.2802,1.0,1989-06-02,0.279,0.2782,0.2776,0.2767,0.2765,0.2759,0.2766,0.2817
1989,6,03,6/03/1989,0.2808,1.0,1989-06-03,0.2802,0.279,0.2782,0.2776,0.2767,0.2765,0.2759,0.2821
1989,6,04,6/04/1989,0.2815,1.0,1989-06-04,0.2808,0.2802,0.279,0.2782,0.2776,0.2767,0.2765,0.2834
1989,6,05,6/05/1989,0.282,1.0,1989-06-05,0.2815,0.2808,0.2802,0.279,0.2782,0.2776,0.2767,0.2837
1989,6,06,6/06/1989,0.2819,2.0,1989-06-06,0.282,0.2815,0.2808,0.2802,0.279,0.2782,0.2776,0.2844
1989,6,07,6/07/1989,0.2833,1.0,1989-06-07,0.2819,0.282,0.2815,0.2808,0.2802,0.279,0.2782,0.2846
1989,6,08,6/08/1989,0.2843,1.0,1989-06-08,0.2833,0.2819,0.282,0.2815,0.2808,0.2802,0.279,0.2848
1989,6,09,6/09/1989,0.2848,1.0,1989-06-09,0.2843,0.2833,0.2819,0.282,0.2815,0.2808,0.2802,0.2842
1989,6,10,6/10/1989,0.2862,1.0,1989-06-10,0.2848,0.2843,0.2833,0.2819,0.282,0.2815,0.2808,0.284
1989,6,11,6/11/1989,0.287,1.0,1989-06-11,0.2862,0.2848,0.2843,0.2833,0.2819,0.282,0.2815,0.2834
1989,6,12,6/12/1989,0.288,1.0,1989-06-12,0.287,0.2862,0.2848,0.2843,0.2833,0.2819,0.282,0.2815
1989,6,13,6/13/1989,0.2886,2.0,1989-06-13,0.288,0.287,0.2862,0.2848,0.2843,0.2833,0.2819,0.2809
1989,6,14,6/14/1989,0.2896,1.0,1989-06-14,0.2886,0.288,0.287,0.2862,0.2848,0.2843,0.2833,0.2807
1989,6,15,6/15/1989,0.2888,1.0,1989-06-15,0.2896,0.2886,0.288,0.287,0.2862,0.2848,0.2843,0.2797
1989,6,16,6/16/1989,0.2888,1.0,1989-06-16,0.2888,0.2896,0.2886,0.288,0.287,0.2862,0.2848,0.2793
1989,6,17,6/17/1989,0.2872,1.0,1989-06-17,0.2888,0.2888,0.2896,0.2886,0.288,0.287,0.2862,0.2784
1989,6,18,6/18/1989,0.2857,1.0,1989-06-18,0.2872,0.2888,0.2888,0.2896,0.2886,0.288,0.287,0.2776
1989,6,19,6/19/1989,0.2844,1.0,1989-06-19,0.2857,0.2872,0.2888,0.2888,0.2896,0.2886,0.288,0.2772
1989,6,20,6/20/1989,0.2825,2.0,1989-06-20,0.2844,0.2857,0.2872,0.2888,0.2888,0.2896,0.2886,0.2775
1989,6,21,6/21/1989,0.2817,2.0,1989-06-21,0.2825,0.2844,0.2857,0.2872,0.2888,0.2888,0.2896,0.2767
1989,6,22,6/22/1989,0.281,2.0,1989-06-22,0.2817,0.2825,0.2844,0.2857,0.2872,0.2888,0.2888,0.2766
1989,6,23,6/23/1989,0.2809,2.0,1989-06-23,0.281,0.2817,0.2825,0.2844,0.2857,0.2872,0.2888,0.2759
1989,6,24,6/24/1989,0.2818,1.0,1989-06-24,0.2809,0.281,0.2817,0.2825,0.2844,0.2857,0.2872,0.2765
1989,6,25,6/25/1989,0.2818,1.0,1989-06-25,0.2818,0.2809,0.281,0.2817,0.2825,0.2844,0.2857,0.2767
1989,6,26,6/26/1989,0.2823,1.0,1989-06-26,0.2818,0.2818,0.2809,0.281,0.2817,0.2825,0.2844,0.2776
1989,6,27,6/27/1989,0.283,1.0,1989-06-27,0.2823,0.2818,0.2818,0.2809,0.281,0.2817,0.2825,0.2782
1989,6,28,6/28/1989,0.282,1.0,1989-06-28,0.283,0.2823,0.2818,0.2818,0.2809,0.281,0.2817,0.279
1989,6,29,6/29/1989,0.2815,1.0,1989-06-29,0.282,0.283,0.2823,0.2818,0.2818,0.2809,0.281,0.2802
1989,6,30,6/30/1989,0.2805,1.0,1989-06-30,0.2815,0.282,0.283,0.2823,0.2818,0.2818,0.2809,0.2808
1989,7,01,7/01/1989,0.2799,1.0,1989-07-01,0.2805,0.2815,0.282,0.283,0.2823,0.2818,0.2818,0.2815
1989,7,02,7/02/1989,0.2797,1.0,1989-07-02,0.2799,0.2805,0.2815,0.282,0.283,0.2823,0.2818,0.282
1989,7,03,7/03/1989,0.2796,1.0,1989-07-03,0.2797,0.2799,0.2805,0.2815,0.282,0.283,0.2823,0.2819
1989,7,04,7/04/1989,0.2792,1.0,1989-07-04,0.2796,0.2797,0.2799,0.2805,0.2815,0.282,0.283,0.2833
1989,7,05,7/05/1989,0.2799,1.0,1989-07-05,0.2792,0.2796,0.2797,0.2799,0.2805,0.2815,0.282,0.2843
1989,7,06,7/06/1989,0.2815,1.0,1989-07-06,0.2799,0.2792,0.2796,0.2797,0.2799,0.2805,0.2815,0.2848
1989,7,07,7/07/1989,0.2834,1.0,1989-07-07,0.2815,0.2799,0.2792,0.2796,0.2797,0.2799,0.2805,0.2862
1989,7,08,7/08/1989,0.2847,1.0,1989-07-08,0.2834,0.2815,0.2799,0.2792,0.2796,0.2797,0.2799,0.287
1989,7,09,7/09/1989,0.2848,2.0,1989-07-09,0.2847,0.2834,0.2815,0.2799,0.2792,0.2796,0.2797,0.288
1989,7,10,7/10/1989,0.2846,1.0,1989-07-10,0.2848,0.2847,0.2834,0.2815,0.2799,0.2792,0.2796,0.2886
1989,7,11,7/11/1989,0.2844,2.0,1989-07-11,0.2846,0.2848,0.2847,0.2834,0.2815,0.2799,0.2792,0.2896
1989,7,12,7/12/1989,0.2842,1.0,1989-07-12,0.2844,0.2846,0.2848,0.2847,0.2834,0.2815,0.2799,0.2888
1989,7,13,7/13/1989,0.2834,1.0,1989-07-13,0.2842,0.2844,0.2846,0.2848,0.2847,0.2834,0.2815,0.2888
1989,7,14,7/14/1989,0.2819,1.0,1989-07-14,0.2834,0.2842,0.2844,0.2846,0.2848,0.2847,0.2834,0.2872
1989,7,15,7/15/1989,0.281,1.0,1989-07-15,0.2819,0.2834,0.2842,0.2844,0.2846,0.2848,0.2847,0.2857
1989,7,16,7/16/1989,0.2804,1.0,1989-07-16,0.281,0.2819,0.2834,0.2842,0.2844,0.2846,0.2848,0.2844
1989,7,17,7/17/1989,0.2801,1.0,1989-07-17,0.2804,0.281,0.2819,0.2834,0.2842,0.2844,0.2846,0.2825
1989,7,18,7/18/1989,0.2798,2.0,1989-07-18,0.2801,0.2804,0.281,0.2819,0.2834,0.2842,0.2844,0.2817
1989,7,19,7/19/1989,0.28,2.0,1989-07-19,0.2798,0.2801,0.2804,0.281,0.2819,0.2834,0.2842,0.281
1989,7,20,7/20/1989,0.2805,2.0,1989-07-20,0.28,0.2798,0.2801,0.2804,0.281,0.2819,0.2834,0.2809
1989,7,21,7/21/1989,0.2812,1.0,1989-07-21,0.2805,0.28,0.2798,0.2801,0.2804,0.281,0.2819,0.2818
1989,7,22,7/22/1989,0.2815,1.0,1989-07-22,0.2812,0.2805,0.28,0.2798,0.2801,0.2804,0.281,0.2818
1989,7,23,7/23/1989,0.2813,1.0,1989-07-23,0.2815,0.2812,0.2805,0.28,0.2798,0.2801,0.2804,0.2823
1989,7,24,7/24/1989,0.2805,1.0,1989-07-24,0.2813,0.2815,0.2812,0.2805,0.28,0.2798,0.2801,0.283
1989,7,25,7/25/1989,0.2794,2.0,1989-07-25,0.2805,0.2813,0.2815,0.2812,0.2805,0.28,0.2798,0.282
1989,7,26,7/26/1989,0.2773,2.0,1989-07-26,0.2794,0.2805,0.2813,0.2815,0.2812,0.2805,0.28,0.2815
1989,7,27,7/27/1989,0.2771,2.0,1989-07-27,0.2773,0.2794,0.2805,0.2813,0.2815,0.2812,0.2805,0.2805
1989,7,30,7/30/1989,0.277,1.0,1989-07-30,0.2771,0.2773,0.2794,0.2805,0.2813,0.2815,0.2812,0.2799
1989,7,31,7/31/1989,0.2781,1.0,1989-07-31,0.277,0.2771,0.2773,0.2794,0.2805,0.2813,0.2815,0.2797
1989,8,01,8/01/1989,0.2795,1.0,1989-08-01,0.2781,0.277,0.2771,0.2773,0.2794,0.2805,0.2813,0.2796
1989,8,02,8/02/1989,0.2808,2.0,1989-08-02,0.2795,0.2781,0.277,0.2771,0.2773,0.2794,0.2805,0.2792
1989,8,03,8/03/1989,0.2823,1.0,1989-08-03,0.2808,0.2795,0.2781,0.277,0.2771,0.2773,0.2794,0.2799
1989,8,04,8/04/1989,0.2837,1.0,1989-08-04,0.2823,0.2808,0.2795,0.2781,0.277,0.2771,0.2773,0.2815
1989,8,05,8/05/1989,0.284,1.0,1989-08-05,0.2837,0.2823,0.2808,0.2795,0.2781,0.277,0.2771,0.2834
1989,8,06,8/06/1989,0.285,1.0,1989-08-06,0.284,0.2837,0.2823,0.2808,0.2795,0.2781,0.277,0.2847
1989,8,07,8/07/1989,0.2854,1.0,1989-08-07,0.285,0.284,0.2837,0.2823,0.2808,0.2795,0.2781,0.2848
1989,8,08,8/08/1989,0.2845,1.0,1989-08-08,0.2854,0.285,0.284,0.2837,0.2823,0.2808,0.2795,0.2846
1989,8,09,8/09/1989,0.2846,1.0,1989-08-09,0.2845,0.2854,0.285,0.284,0.2837,0.2823,0.2808,0.2844
1989,8,11,8/11/1989,0.2841,1.0,1989-08-11,0.2846,0.2845,0.2854,0.285,0.284,0.2837,0.2823,0.2842
1989,8,12,8/12/1989,0.2839,1.0,1989-08-12,0.2841,0.2846,0.2845,0.2854,0.285,0.284,0.2837,0.2834
1989,8,13,8/13/1989,0.2849,1.0,1989-08-13,0.2839,0.2841,0.2846,0.2845,0.2854,0.285,0.284,0.2819
1989,8,14,8/14/1989,0.2853,1.0,1989-08-14,0.2849,0.2839,0.2841,0.2846,0.2845,0.2854,0.285,0.281
1989,8,16,8/16/1989,0.2851,1.0,1989-08-16,0.2853,0.2849,0.2839,0.2841,0.2846,0.2845,0.2854,0.2804
1989,8,17,8/17/1989,0.2847,1.0,1989-08-17,0.2851,0.2853,0.2849,0.2839,0.2841,0.2846,0.2845,0.2801
1989,8,18,8/18/1989,0.2846,1.0,1989-08-18,0.2847,0.2851,0.2853,0.2849,0.2839,0.2841,0.2846,0.2798
1989,8,19,8/19/1989,0.2844,1.0,1989-08-19,0.2846,0.2847,0.2851,0.2853,0.2849,0.2839,0.2841,0.28
1989,8,20,8/20/1989,0.2835,1.0,1989-08-20,0.2844,0.2846,0.2847,0.2851,0.2853,0.2849,0.2839,0.2805
1989,8,21,8/21/1989,0.2823,1.0,1989-08-21,0.2835,0.2844,0.2846,0.2847,0.2851,0.2853,0.2849,0.2812
1989,8,22,8/22/1989,0.281,2.0,1989-08-22,0.2823,0.2835,0.2844,0.2846,0.2847,0.2851,0.2853,0.2815
1989,8,23,8/23/1989,0.2788,2.0,1989-08-23,0.281,0.2823,0.2835,0.2844,0.2846,0.2847,0.2851,0.2813
1989,8,24,8/24/1989,0.2773,2.0,1989-08-24,0.2788,0.281,0.2823,0.2835,0.2844,0.2846,0.2847,0.2805
1989,8,25,8/25/1989,0.276,2.0,1989-08-25,0.2773,0.2788,0.281,0.2823,0.2835,0.2844,0.2846,0.2794
1989,8,26,8/26/1989,0.2755,1.0,1989-08-26,0.276,0.2773,0.2788,0.281,0.2823,0.2835,0.2844,0.2773
1989,8,27,8/27/1989,0.2754,1.0,1989-08-27,0.2755,0.276,0.2773,0.2788,0.281,0.2823,0.2835,0.2771
1989,8,28,8/28/1989,0.2761,1.0,1989-08-28,0.2754,0.2755,0.276,0.2773,0.2788,0.281,0.2823,0.277
1989,8,29,8/29/1989,0.2764,2.0,1989-08-29,0.2761,0.2754,0.2755,0.276,0.2773,0.2788,0.281,0.2781
1989,8,30,8/30/1989,0.2774,2.0,1989-08-30,0.2764,0.2761,0.2754,0.2755,0.276,0.2773,0.2788,0.2795
1989,8,31,8/31/1989,0.2788,2.0,1989-08-31,0.2774,0.2764,0.2761,0.2754,0.2755,0.276,0.2773,0.2808
1989,9,01,9/01/1989,0.2805,2.0,1989-09-01,0.2788,0.2774,0.2764,0.2761,0.2754,0.2755,0.276,0.2823
1989,9,02,9/02/1989,0.2816,2.0,1989-09-02,0.2805,0.2788,0.2774,0.2764,0.2761,0.2754,0.2755,0.2837
1989,9,03,9/03/1989,0.2834,1.0,1989-09-03,0.2816,0.2805,0.2788,0.2774,0.2764,0.2761,0.2754,0.284
1989,9,04,9/04/1989,0.2848,1.0,1989-09-04,0.2834,0.2816,0.2805,0.2788,0.2774,0.2764,0.2761,0.285
1989,9,05,9/05/1989,0.2849,1.0,1989-09-05,0.2848,0.2834,0.2816,0.2805,0.2788,0.2774,0.2764,0.2854
1989,9,06,9/06/1989,0.2856,1.0,1989-09-06,0.2849,0.2848,0.2834,0.2816,0.2805,0.2788,0.2774,0.2845
1989,9,07,9/07/1989,0.2867,1.0,1989-09-07,0.2856,0.2849,0.2848,0.2834,0.2816,0.2805,0.2788,0.2846
1989,9,08,9/08/1989,0.2875,1.0,1989-09-08,0.2867,0.2856,0.2849,0.2848,0.2834,0.2816,0.2805,0.2841
1989,9,09,9/09/1989,0.2884,1.0,1989-09-09,0.2875,0.2867,0.2856,0.2849,0.2848,0.2834,0.2816,0.2839
1989,9,10,9/10/1989,0.289,1.0,1989-09-10,0.2884,0.2875,0.2867,0.2856,0.2849,0.2848,0.2834,0.2849
1989,9,11,9/11/1989,0.2884,1.0,1989-09-11,0.289,0.2884,0.2875,0.2867,0.2856,0.2849,0.2848,0.2853
1989,9,12,9/12/1989,0.2875,1.0,1989-09-12,0.2884,0.289,0.2884,0.2875,0.2867,0.2856,0.2849,0.2851
1989,9,13,9/13/1989,0.2861,1.0,1989-09-13,0.2875,0.2884,0.289,0.2884,0.2875,0.2867,0.2856,0.2847
1989,9,14,9/14/1989,0.2855,1.0,1989-09-14,0.2861,0.2875,0.2884,0.289,0.2884,0.2875,0.2867,0.2846
1989,9,15,9/15/1989,0.2844,1.0,1989-09-15,0.2855,0.2861,0.2875,0.2884,0.289,0.2884,0.2875,0.2844
1989,9,16,9/16/1989,0.2832,1.0,1989-09-16,0.2844,0.2855,0.2861,0.2875,0.2884,0.289,0.2884,0.2835
1989,9,17,9/17/1989,0.2813,1.0,1989-09-17,0.2832,0.2844,0.2855,0.2861,0.2875,0.2884,0.289,0.2823
1989,9,18,9/18/1989,0.2794,1.0,1989-09-18,0.2813,0.2832,0.2844,0.2855,0.2861,0.2875,0.2884,0.281
1989,9,19,9/19/1989,0.2775,2.0,1989-09-19,0.2794,0.2813,0.2832,0.2844,0.2855,0.2861,0.2875,0.2788
1989,9,20,9/20/1989,0.2758,2.0,1989-09-20,0.2775,0.2794,0.2813,0.2832,0.2844,0.2855,0.2861,0.2773
1989,9,21,9/21/1989,0.2754,1.0,1989-09-21,0.2758,0.2775,0.2794,0.2813,0.2832,0.2844,0.2855,0.276
1989,9,22,9/22/1989,0.2751,1.0,1989-09-22,0.2754,0.2758,0.2775,0.2794,0.2813,0.2832,0.2844,0.2755
1989,9,23,9/23/1989,0.275,1.0,1989-09-23,0.2751,0.2754,0.2758,0.2775,0.2794,0.2813,0.2832,0.2754
1989,9,24,9/24/1989,0.2745,2.0,1989-09-24,0.275,0.2751,0.2754,0.2758,0.2775,0.2794,0.2813,0.2761
1989,9,25,9/25/1989,0.2744,1.0,1989-09-25,0.2745,0.275,0.2751,0.2754,0.2758,0.2775,0.2794,0.2764
1989,9,26,9/26/1989,0.2749,1.0,1989-09-26,0.2744,0.2745,0.275,0.2751,0.2754,0.2758,0.2775,0.2774
1989,9,27,9/27/1989,0.2766,1.0,1989-09-27,0.2749,0.2744,0.2745,0.275,0.2751,0.2754,0.2758,0.2788
1989,9,28,9/28/1989,0.2774,1.0,1989-09-28,0.2766,0.2749,0.2744,0.2745,0.275,0.2751,0.2754,0.2805
1989,9,29,9/29/1989,0.2794,1.0,1989-09-29,0.2774,0.2766,0.2749,0.2744,0.2745,0.275,0.2751,0.2816
1989,9,30,9/30/1989,0.2804,1.0,1989-09-30,0.2794,0.2774,0.2766,0.2749,0.2744,0.2745,0.275,0.2834
1989,10,01,10/01/1989,0.2815,1.0,1989-10-01,0.2804,0.2794,0.2774,0.2766,0.2749,0.2744,0.2745,0.2848
1989,10,02,10/02/1989,0.2828,1.0,1989-10-02,0.2815,0.2804,0.2794,0.2774,0.2766,0.2749,0.2744,0.2849
1989,10,03,10/03/1989,0.2849,1.0,1989-10-03,0.2828,0.2815,0.2804,0.2794,0.2774,0.2766,0.2749,0.2856
1989,10,04,10/04/1989,0.2867,1.0,1989-10-04,0.2849,0.2828,0.2815,0.2804,0.2794,0.2774,0.2766,0.2867
1989,10,05,10/05/1989,0.2878,1.0,1989-10-05,0.2867,0.2849,0.2828,0.2815,0.2804,0.2794,0.2774,0.2875
1989,10,06,10/06/1989,0.2876,1.0,1989-10-06,0.2878,0.2867,0.2849,0.2828,0.2815,0.2804,0.2794,0.2884
1989,10,07,10/07/1989,0.2869,1.0,1989-10-07,0.2876,0.2878,0.2867,0.2849,0.2828,0.2815,0.2804,0.289
1989,10,08,10/08/1989,0.2861,1.0,1989-10-08,0.2869,0.2876,0.2878,0.2867,0.2849,0.2828,0.2815,0.2884
1989,10,09,10/09/1989,0.2852,1.0,1989-10-09,0.2861,0.2869,0.2876,0.2878,0.2867,0.2849,0.2828,0.2875
1989,10,10,10/10/1989,0.2839,1.0,1989-10-10,0.2852,0.2861,0.2869,0.2876,0.2878,0.2867,0.2849,0.2861
1989,10,11,10/11/1989,0.2834,1.0,1989-10-11,0.2839,0.2852,0.2861,0.2869,0.2876,0.2878,0.2867,0.2855
1989,10,12,10/12/1989,0.2828,1.0,1989-10-12,0.2834,0.2839,0.2852,0.2861,0.2869,0.2876,0.2878,0.2844
1989,10,13,10/13/1989,0.2827,1.0,1989-10-13,0.2828,0.2834,0.2839,0.2852,0.2861,0.2869,0.2876,0.2832
1989,10,14,10/14/1989,0.282,1.0,1989-10-14,0.2827,0.2828,0.2834,0.2839,0.2852,0.2861,0.2869,0.2813
1989,10,15,10/15/1989,0.2819,1.0,1989-10-15,0.282,0.2827,0.2828,0.2834,0.2839,0.2852,0.2861,0.2794
1989,10,16,10/16/1989,0.2815,1.0,1989-10-16,0.2819,0.282,0.2827,0.2828,0.2834,0.2839,0.2852,0.2775
1989,10,17,10/17/1989,0.2814,1.0,1989-10-17,0.2815,0.2819,0.282,0.2827,0.2828,0.2834,0.2839,0.2758
1989,10,18,10/18/1989,0.2811,1.0,1989-10-18,0.2814,0.2815,0.2819,0.282,0.2827,0.2828,0.2834,0.2754
1989,10,19,10/19/1989,0.2803,1.0,1989-10-19,0.2811,0.2814,0.2815,0.2819,0.282,0.2827,0.2828,0.2751
1989,10,20,10/20/1989,0.2792,1.0,1989-10-20,0.2803,0.2811,0.2814,0.2815,0.2819,0.282,0.2827,0.275
1989,10,21,10/21/1989,0.2784,2.0,1989-10-21,0.2792,0.2803,0.2811,0.2814,0.2815,0.2819,0.282,0.2745
1989,10,22,10/22/1989,0.2788,1.0,1989-10-22,0.2784,0.2792,0.2803,0.2811,0.2814,0.2815,0.2819,0.2744
1989,10,23,10/23/1989,0.2784,1.0,1989-10-23,0.2788,0.2784,0.2792,0.2803,0.2811,0.2814,0.2815,0.2749
1989,10,24,10/24/1989,0.2783,1.0,1989-10-24,0.2784,0.2788,0.2784,0.2792,0.2803,0.2811,0.2814,0.2766
1989,10,25,10/25/1989,0.2779,1.0,1989-10-25,0.2783,0.2784,0.2788,0.2784,0.2792,0.2803,0.2811,0.2774
1989,10,26,10/26/1989,0.2768,2.0,1989-10-26,0.2779,0.2783,0.2784,0.2788,0.2784,0.2792,0.2803,0.2794
1989,10,27,10/27/1989,0.277,2.0,1989-10-27,0.2768,0.2779,0.2783,0.2784,0.2788,0.2784,0.2792,0.2804
1989,10,28,10/28/1989,0.2779,1.0,1989-10-28,0.277,0.2768,0.2779,0.2783,0.2784,0.2788,0.2784,0.2815
1989,10,29,10/29/1989,0.2793,1.0,1989-10-29,0.2779,0.277,0.2768,0.2779,0.2783,0.2784,0.2788,0.2828
1989,10,30,10/30/1989,0.2801,1.0,1989-10-30,0.2793,0.2779,0.277,0.2768,0.2779,0.2783,0.2784,0.2849
1989,10,31,10/31/1989,0.2811,1.0,1989-10-31,0.2801,0.2793,0.2779,0.277,0.2768,0.2779,0.2783,0.2867
1989,11,01,11/01/1989,0.2819,1.0,1989-11-01,0.2811,0.2801,0.2793,0.2779,0.277,0.2768,0.2779,0.2878
1989,11,02,11/02/1989,0.2824,1.0,1989-11-02,0.2819,0.2811,0.2801,0.2793,0.2779,0.277,0.2768,0.2876
1989,11,03,11/03/1989,0.283,1.0,1989-11-03,0.2824,0.2819,0.2811,0.2801,0.2793,0.2779,0.277,0.2869
1989,11,04,11/04/1989,0.2833,1.0,1989-11-04,0.283,0.2824,0.2819,0.2811,0.2801,0.2793,0.2779,0.2861
1989,11,05,11/05/1989,0.2837,1.0,1989-11-05,0.2833,0.283,0.2824,0.2819,0.2811,0.2801,0.2793,0.2852
1989,11,06,11/06/1989,0.2845,1.0,1989-11-06,0.2837,0.2833,0.283,0.2824,0.2819,0.2811,0.2801,0.2839
1989,11,07,11/07/1989,0.285,1.0,1989-11-07,0.2845,0.2837,0.2833,0.283,0.2824,0.2819,0.2811,0.2834
1989,11,08,11/08/1989,0.2862,1.0,1989-11-08,0.285,0.2845,0.2837,0.2833,0.283,0.2824,0.2819,0.2828
1989,11,09,11/09/1989,0.2858,1.0,1989-11-09,0.2862,0.285,0.2845,0.2837,0.2833,0.283,0.2824,0.2827
1989,11,10,11/10/1989,0.2855,1.0,1989-11-10,0.2858,0.2862,0.285,0.2845,0.2837,0.2833,0.283,0.282
1989,11,11,11/11/1989,0.2854,1.0,1989-11-11,0.2855,0.2858,0.2862,0.285,0.2845,0.2837,0.2833,0.2819
1989,11,12,11/12/1989,0.2849,1.0,1989-11-12,0.2854,0.2855,0.2858,0.2862,0.285,0.2845,0.2837,0.2815
1989,11,13,11/13/1989,0.2842,1.0,1989-11-13,0.2849,0.2854,0.2855,0.2858,0.2862,0.285,0.2845,0.2814
1989,11,14,11/14/1989,0.2835,2.0,1989-11-14,0.2842,0.2849,0.2854,0.2855,0.2858,0.2862,0.285,0.2811
1989,11,15,11/15/1989,0.2838,1.0,1989-11-15,0.2835,0.2842,0.2849,0.2854,0.2855,0.2858,0.2862,0.2803
1989,11,16,11/16/1989,0.2828,1.0,1989-11-16,0.2838,0.2835,0.2842,0.2849,0.2854,0.2855,0.2858,0.2792
1989,11,17,11/17/1989,0.2824,1.0,1989-11-17,0.2828,0.2838,0.2835,0.2842,0.2849,0.2854,0.2855,0.2784
1989,11,18,11/18/1989,0.2816,1.0,1989-11-18,0.2824,0.2828,0.2838,0.2835,0.2842,0.2849,0.2854,0.2788
1989,11,19,11/19/1989,0.2818,1.0,1989-11-19,0.2816,0.2824,0.2828,0.2838,0.2835,0.2842,0.2849,0.2784
1989,11,20,11/20/1989,0.2821,1.0,1989-11-20,0.2818,0.2816,0.2824,0.2828,0.2838,0.2835,0.2842,0.2783
1989,11,21,11/21/1989,0.2826,1.0,1989-11-21,0.2821,0.2818,0.2816,0.2824,0.2828,0.2838,0.2835,0.2779
1989,11,22,11/22/1989,0.283,1.0,1989-11-22,0.2826,0.2821,0.2818,0.2816,0.2824,0.2828,0.2838,0.2768
1989,11,23,11/23/1989,0.2823,1.0,1989-11-23,0.283,0.2826,0.2821,0.2818,0.2816,0.2824,0.2828,0.277
1989,11,24,11/24/1989,0.2821,2.0,1989-11-24,0.2823,0.283,0.2826,0.2821,0.2818,0.2816,0.2824,0.2779
1989,11,25,11/25/1989,0.2827,1.0,1989-11-25,0.2821,0.2823,0.283,0.2826,0.2821,0.2818,0.2816,0.2793
1989,11,26,11/26/1989,0.2834,1.0,1989-11-26,0.2827,0.2821,0.2823,0.283,0.2826,0.2821,0.2818,0.2801
1989,11,27,11/27/1989,0.2833,1.0,1989-11-27,0.2834,0.2827,0.2821,0.2823,0.283,0.2826,0.2821,0.2811
1989,11,28,11/28/1989,0.2825,2.0,1989-11-28,0.2833,0.2834,0.2827,0.2821,0.2823,0.283,0.2826,0.2819
1989,11,29,11/29/1989,0.2821,1.0,1989-11-29,0.2825,0.2833,0.2834,0.2827,0.2821,0.2823,0.283,0.2824
1989,11,30,11/30/1989,0.2825,1.0,1989-11-30,0.2821,0.2825,0.2833,0.2834,0.2827,0.2821,0.2823,0.283
1989,12,01,12/01/1989,0.2832,1.0,1989-12-01,0.2825,0.2821,0.2825,0.2833,0.2834,0.2827,0.2821,0.2833
1989,12,02,12/02/1989,0.2825,1.0,1989-12-02,0.2832,0.2825,0.2821,0.2825,0.2833,0.2834,0.2827,0.2837
1989,12,03,12/03/1989,0.283,1.0,1989-12-03,0.2825,0.2832,0.2825,0.2821,0.2825,0.2833,0.2834,0.2845
1989,12,04,12/04/1989,0.2828,1.0,1989-12-04,0.283,0.2825,0.2832,0.2825,0.2821,0.2825,0.2833,0.285
1989,12,05,12/05/1989,0.2829,1.0,1989-12-05,0.2828,0.283,0.2825,0.2832,0.2825,0.2821,0.2825,0.2862
1989,12,06,12/06/1989,0.2823,1.0,1989-12-06,0.2829,0.2828,0.283,0.2825,0.2832,0.2825,0.2821,0.2858
1989,12,07,12/07/1989,0.2822,2.0,1989-12-07,0.2823,0.2829,0.2828,0.283,0.2825,0.2832,0.2825,0.2855
1989,12,08,12/08/1989,0.2821,1.0,1989-12-08,0.2822,0.2823,0.2829,0.2828,0.283,0.2825,0.2832,0.2854
1989,12,09,12/09/1989,0.2814,1.0,1989-12-09,0.2821,0.2822,0.2823,0.2829,0.2828,0.283,0.2825,0.2849
1989,12,10,12/10/1989,0.2807,2.0,1989-12-10,0.2814,0.2821,0.2822,0.2823,0.2829,0.2828,0.283,0.2842
1989,12,11,12/11/1989,0.2799,1.0,1989-12-11,0.2807,0.2814,0.2821,0.2822,0.2823,0.2829,0.2828,0.2835
1989,12,12,12/12/1989,0.2793,1.0,1989-12-12,0.2799,0.2807,0.2814,0.2821,0.2822,0.2823,0.2829,0.2838
1989,12,13,12/13/1989,0.2787,1.0,1989-12-13,0.2793,0.2799,0.2807,0.2814,0.2821,0.2822,0.2823,0.2828
1989,12,14,12/14/1989,0.2788,1.0,1989-12-14,0.2787,0.2793,0.2799,0.2807,0.2814,0.2821,0.2822,0.2824
1989,12,15,12/15/1989,0.2787,1.0,1989-12-15,0.2788,0.2787,0.2793,0.2799,0.2807,0.2814,0.2821,0.2816
1989,12,16,12/16/1989,0.2792,1.0,1989-12-16,0.2787,0.2788,0.2787,0.2793,0.2799,0.2807,0.2814,0.2818
1989,12,17,12/17/1989,0.2798,1.0,1989-12-17,0.2792,0.2787,0.2788,0.2787,0.2793,0.2799,0.2807,0.2821
1989,12,18,12/18/1989,0.28,1.0,1989-12-18,0.2798,0.2792,0.2787,0.2788,0.2787,0.2793,0.2799,0.2826
1989,12,19,12/19/1989,0.2806,2.0,1989-12-19,0.28,0.2798,0.2792,0.2787,0.2788,0.2787,0.2793,0.283
1989,12,20,12/20/1989,0.2805,1.0,1989-12-20,0.2806,0.28,0.2798,0.2792,0.2787,0.2788,0.2787,0.2823
1989,12,21,12/21/1989,0.2803,1.0,1989-12-21,0.2805,0.2806,0.28,0.2798,0.2792,0.2787,0.2788,0.2821
1989,12,22,12/22/1989,0.2811,1.0,1989-12-22,0.2803,0.2805,0.2806,0.28,0.2798,0.2792,0.2787,0.2827
1989,12,23,12/23/1989,0.2831,1.0,1989-12-23,0.2811,0.2803,0.2805,0.2806,0.28,0.2798,0.2792,0.2834
1989,12,24,12/24/1989,0.2847,1.0,1989-12-24,0.2831,0.2811,0.2803,0.2805,0.2806,0.28,0.2798,0.2833
1989,12,25,12/25/1989,0.2861,1.0,1989-12-25,0.2847,0.2831,0.2811,0.2803,0.2805,0.2806,0.28,0.2825
1989,12,26,12/26/1989,0.287,1.0,1989-12-26,0.2861,0.2847,0.2831,0.2811,0.2803,0.2805,0.2806,0.2821
1989,12,27,12/27/1989,0.2876,1.0,1989-12-27,0.287,0.2861,0.2847,0.2831,0.2811,0.2803,0.2805,0.2825
1989,12,28,12/28/1989,0.2877,1.0,1989-12-28,0.2876,0.287,0.2861,0.2847,0.2831,0.2811,0.2803,0.2832
1989,12,29,12/29/1989,0.2873,1.0,1989-12-29,0.2877,0.2876,0.287,0.2861,0.2847,0.2831,0.2811,0.2825
1989,12,30,12/30/1989,0.2864,1.0,1989-12-30,0.2873,0.2877,0.2876,0.287,0.2861,0.2847,0.2831,0.283
1989,12,31,12/31/1989,0.2862,1.0,1989-12-31,0.2864,0.2873,0.2877,0.2876,0.287,0.2861,0.2847,0.2828
1990,1,01,1/01/1990,0.2847,1.0,1990-01-01,0.2862,0.2864,0.2873,0.2877,0.2876,0.287,0.2861,0.2829
1990,1,02,1/02/1990,0.2834,1.0,1990-01-02,0.2847,0.2862,0.2864,0.2873,0.2877,0.2876,0.287,0.2823
1990,1,03,1/03/1990,0.2813,1.0,1990-01-03,0.2834,0.2847,0.2862,0.2864,0.2873,0.2877,0.2876,0.2822
1990,1,04,1/04/1990,0.28,1.0,1990-01-04,0.2813,0.2834,0.2847,0.2862,0.2864,0.2873,0.2877,0.2821
1990,1,05,1/05/1990,0.2788,2.0,1990-01-05,0.28,0.2813,0.2834,0.2847,0.2862,0.2864,0.2873,0.2814
1990,1,06,1/06/1990,0.278,1.0,1990-01-06,0.2788,0.28,0.2813,0.2834,0.2847,0.2862,0.2864,0.2807
1990,1,07,1/07/1990,0.2776,1.0,1990-01-07,0.278,0.2788,0.28,0.2813,0.2834,0.2847,0.2862,0.2799
1990,1,08,1/08/1990,0.2772,1.0,1990-01-08,0.2776,0.278,0.2788,0.28,0.2813,0.2834,0.2847,0.2793
1990,1,09,1/09/1990,0.2768,1.0,1990-01-09,0.2772,0.2776,0.278,0.2788,0.28,0.2813,0.2834,0.2787
1990,1,10,1/10/1990,0.2767,1.0,1990-01-10,0.2768,0.2772,0.2776,0.278,0.2788,0.28,0.2813,0.2788
1990,1,11,1/11/1990,0.277,1.0,1990-01-11,0.2767,0.2768,0.2772,0.2776,0.278,0.2788,0.28,0.2787
1990,1,12,1/12/1990,0.2777,1.0,1990-01-12,0.277,0.2767,0.2768,0.2772,0.2776,0.278,0.2788,0.2792
1990,1,13,1/13/1990,0.2781,1.0,1990-01-13,0.2777,0.277,0.2767,0.2768,0.2772,0.2776,0.278,0.2798
1990,1,14,1/14/1990,0.2785,1.0,1990-01-14,0.2781,0.2777,0.277,0.2767,0.2768,0.2772,0.2776,0.28
1990,1,15,1/15/1990,0.2787,1.0,1990-01-15,0.2785,0.2781,0.2777,0.277,0.2767,0.2768,0.2772,0.2806
1990,1,16,1/16/1990,0.2794,1.0,1990-01-16,0.2787,0.2785,0.2781,0.2777,0.277,0.2767,0.2768,0.2805
1990,1,17,1/17/1990,0.2799,1.0,1990-01-17,0.2794,0.2787,0.2785,0.2781,0.2777,0.277,0.2767,0.2803
1990,1,18,1/18/1990,0.2809,1.0,1990-01-18,0.2799,0.2794,0.2787,0.2785,0.2781,0.2777,0.277,0.2811
1990,1,19,1/19/1990,0.2824,1.0,1990-01-19,0.2809,0.2799,0.2794,0.2787,0.2785,0.2781,0.2777,0.2831
1990,1,20,1/20/1990,0.2843,1.0,1990-01-20,0.2824,0.2809,0.2799,0.2794,0.2787,0.2785,0.2781,0.2847
1990,1,21,1/21/1990,0.2856,1.0,1990-01-21,0.2843,0.2824,0.2809,0.2799,0.2794,0.2787,0.2785,0.2861
1990,1,22,1/22/1990,0.2867,2.0,1990-01-22,0.2856,0.2843,0.2824,0.2809,0.2799,0.2794,0.2787,0.287
1990,1,23,1/23/1990,0.2867,1.0,1990-01-23,0.2867,0.2856,0.2843,0.2824,0.2809,0.2799,0.2794,0.2876
1990,1,24,1/24/1990,0.2862,1.0,1990-01-24,0.2867,0.2867,0.2856,0.2843,0.2824,0.2809,0.2799,0.2877
1990,1,25,1/25/1990,0.2859,1.0,1990-01-25,0.2862,0.2867,0.2867,0.2856,0.2843,0.2824,0.2809,0.2873
1990,1,26,1/26/1990,0.2861,1.0,1990-01-26,0.2859,0.2862,0.2867,0.2867,0.2856,0.2843,0.2824,0.2864
1990,1,27,1/27/1990,0.2852,2.0,1990-01-27,0.2861,0.2859,0.2862,0.2867,0.2867,0.2856,0.2843,0.2862
1990,1,28,1/28/1990,0.2848,1.0,1990-01-28,0.2852,0.2861,0.2859,0.2862,0.2867,0.2867,0.2856,0.2847
1990,1,29,1/29/1990,0.2838,2.0,1990-01-29,0.2848,0.2852,0.2861,0.2859,0.2862,0.2867,0.2867,0.2834
1990,1,30,1/30/1990,0.2824,2.0,1990-01-30,0.2838,0.2848,0.2852,0.2861,0.2859,0.2862,0.2867,0.2813
1990,1,31,1/31/1990,0.2817,1.0,1990-01-31,0.2824,0.2838,0.2848,0.2852,0.2861,0.2859,0.2862,0.28
1990,2,01,2/01/1990,0.2804,1.0,1990-02-01,0.2817,0.2824,0.2838,0.2848,0.2852,0.2861,0.2859,0.2788
1990,2,02,2/02/1990,0.2785,1.0,1990-02-02,0.2804,0.2817,0.2824,0.2838,0.2848,0.2852,0.2861,0.278
1990,2,03,2/03/1990,0.2775,1.0,1990-02-03,0.2785,0.2804,0.2817,0.2824,0.2838,0.2848,0.2852,0.2776
1990,2,04,2/04/1990,0.2762,2.0,1990-02-04,0.2775,0.2785,0.2804,0.2817,0.2824,0.2838,0.2848,0.2772
1990,2,05,2/05/1990,0.2754,1.0,1990-02-05,0.2762,0.2775,0.2785,0.2804,0.2817,0.2824,0.2838,0.2768
1990,2,06,2/06/1990,0.2742,2.0,1990-02-06,0.2754,0.2762,0.2775,0.2785,0.2804,0.2817,0.2824,0.2767
1990,2,07,2/07/1990,0.2735,2.0,1990-02-07,0.2742,0.2754,0.2762,0.2775,0.2785,0.2804,0.2817,0.277
1990,2,08,2/08/1990,0.2737,1.0,1990-02-08,0.2735,0.2742,0.2754,0.2762,0.2775,0.2785,0.2804,0.2777
1990,2,09,2/09/1990,0.2741,1.0,1990-02-09,0.2737,0.2735,0.2742,0.2754,0.2762,0.2775,0.2785,0.2781
1990,2,10,2/10/1990,0.2743,1.0,1990-02-10,0.2741,0.2737,0.2735,0.2742,0.2754,0.2762,0.2775,0.2785
1990,2,11,2/11/1990,0.2744,2.0,1990-02-11,0.2743,0.2741,0.2737,0.2735,0.2742,0.2754,0.2762,0.2787
1990,2,12,2/12/1990,0.2753,1.0,1990-02-12,0.2744,0.2743,0.2741,0.2737,0.2735,0.2742,0.2754,0.2794
1990,2,13,2/13/1990,0.2762,1.0,1990-02-13,0.2753,0.2744,0.2743,0.2741,0.2737,0.2735,0.2742,0.2799
1990,2,14,2/14/1990,0.2768,1.0,1990-02-14,0.2762,0.2753,0.2744,0.2743,0.2741,0.2737,0.2735,0.2809
1990,2,15,2/15/1990,0.278,1.0,1990-02-15,0.2768,0.2762,0.2753,0.2744,0.2743,0.2741,0.2737,0.2824
1990,2,16,2/16/1990,0.2787,1.0,1990-02-16,0.278,0.2768,0.2762,0.2753,0.2744,0.2743,0.2741,0.2843
1990,2,17,2/17/1990,0.2789,1.0,1990-02-17,0.2787,0.278,0.2768,0.2762,0.2753,0.2744,0.2743,0.2856
1990,2,18,2/18/1990,0.279,1.0,1990-02-18,0.2789,0.2787,0.278,0.2768,0.2762,0.2753,0.2744,0.2867
1990,2,19,2/19/1990,0.2799,1.0,1990-02-19,0.279,0.2789,0.2787,0.278,0.2768,0.2762,0.2753,0.2867
1990,2,20,2/20/1990,0.2806,1.0,1990-02-20,0.2799,0.279,0.2789,0.2787,0.278,0.2768,0.2762,0.2862
1990,2,21,2/21/1990,0.2815,1.0,1990-02-21,0.2806,0.2799,0.279,0.2789,0.2787,0.278,0.2768,0.2859
1990,2,22,2/22/1990,0.2821,1.0,1990-02-22,0.2815,0.2806,0.2799,0.279,0.2789,0.2787,0.278,0.2861
1990,2,24,2/24/1990,0.2844,1.0,1990-02-24,0.2821,0.2815,0.2806,0.2799,0.279,0.2789,0.2787,0.2852
1990,2,25,2/25/1990,0.285,1.0,1990-02-25,0.2844,0.2821,0.2815,0.2806,0.2799,0.279,0.2789,0.2848
1990,2,26,2/26/1990,0.2849,1.0,1990-02-26,0.285,0.2844,0.2821,0.2815,0.2806,0.2799,0.279,0.2838
1990,2,27,2/27/1990,0.2837,1.0,1990-02-27,0.2849,0.285,0.2844,0.2821,0.2815,0.2806,0.2799,0.2824
1990,2,28,2/28/1990,0.282,2.0,1990-02-28,0.2837,0.2849,0.285,0.2844,0.2821,0.2815,0.2806,0.2817
1990,3,01,3/01/1990,0.2809,1.0,1990-03-01,0.282,0.2837,0.2849,0.285,0.2844,0.2821,0.2815,0.2804
1990,3,02,3/02/1990,0.2798,1.0,1990-03-02,0.2809,0.282,0.2837,0.2849,0.285,0.2844,0.2821,0.2785
1990,3,03,3/03/1990,0.278,1.0,1990-03-03,0.2798,0.2809,0.282,0.2837,0.2849,0.285,0.2844,0.2775
1990,3,04,3/04/1990,0.2765,1.0,1990-03-04,0.278,0.2798,0.2809,0.282,0.2837,0.2849,0.285,0.2762
1990,3,05,3/05/1990,0.2754,1.0,1990-03-05,0.2765,0.278,0.2798,0.2809,0.282,0.2837,0.2849,0.2754
1990,3,06,3/06/1990,0.2755,1.0,1990-03-06,0.2754,0.2765,0.278,0.2798,0.2809,0.282,0.2837,0.2742
1990,3,07,3/07/1990,0.2753,1.0,1990-03-07,0.2755,0.2754,0.2765,0.278,0.2798,0.2809,0.282,0.2735
1990,3,08,3/08/1990,0.2743,1.0,1990-03-08,0.2753,0.2755,0.2754,0.2765,0.278,0.2798,0.2809,0.2737
1990,3,09,3/09/1990,0.2738,1.0,1990-03-09,0.2743,0.2753,0.2755,0.2754,0.2765,0.278,0.2798,0.2741
1990,3,10,3/10/1990,0.2739,1.0,1990-03-10,0.2738,0.2743,0.2753,0.2755,0.2754,0.2765,0.278,0.2743
1990,3,11,3/11/1990,0.2742,1.0,1990-03-11,0.2739,0.2738,0.2743,0.2753,0.2755,0.2754,0.2765,0.2744
1990,3,12,3/12/1990,0.274,1.0,1990-03-12,0.2742,0.2739,0.2738,0.2743,0.2753,0.2755,0.2754,0.2753
1990,3,13,3/13/1990,0.2739,1.0,1990-03-13,0.274,0.2742,0.2739,0.2738,0.2743,0.2753,0.2755,0.2762
1990,3,14,3/14/1990,0.2736,1.0,1990-03-14,0.2739,0.274,0.2742,0.2739,0.2738,0.2743,0.2753,0.2768
1990,3,15,3/15/1990,0.2742,1.0,1990-03-15,0.2736,0.2739,0.274,0.2742,0.2739,0.2738,0.2743,0.278
1990,3,16,3/16/1990,0.2752,1.0,1990-03-16,0.2742,0.2736,0.2739,0.274,0.2742,0.2739,0.2738,0.2787
1990,3,17,3/17/1990,0.2764,1.0,1990-03-17,0.2752,0.2742,0.2736,0.2739,0.274,0.2742,0.2739,0.2789
1990,3,18,3/18/1990,0.2784,1.0,1990-03-18,0.2764,0.2752,0.2742,0.2736,0.2739,0.274,0.2742,0.279
1990,3,19,3/19/1990,0.2814,1.0,1990-03-19,0.2784,0.2764,0.2752,0.2742,0.2736,0.2739,0.274,0.2799
1990,3,20,3/20/1990,0.2832,1.0,1990-03-20,0.2814,0.2784,0.2764,0.2752,0.2742,0.2736,0.2739,0.2806
1990,3,21,3/21/1990,0.2841,1.0,1990-03-21,0.2832,0.2814,0.2784,0.2764,0.2752,0.2742,0.2736,0.2815
1990,3,22,3/22/1990,0.2849,1.0,1990-03-22,0.2841,0.2832,0.2814,0.2784,0.2764,0.2752,0.2742,0.2821
1990,3,23,3/23/1990,0.2858,1.0,1990-03-23,0.2849,0.2841,0.2832,0.2814,0.2784,0.2764,0.2752,0.2844
1990,3,24,3/24/1990,0.286,1.0,1990-03-24,0.2858,0.2849,0.2841,0.2832,0.2814,0.2784,0.2764,0.285
1990,3,25,3/25/1990,0.2852,2.0,1990-03-25,0.286,0.2858,0.2849,0.2841,0.2832,0.2814,0.2784,0.2849
1990,3,26,3/26/1990,0.285,2.0,1990-03-26,0.2852,0.286,0.2858,0.2849,0.2841,0.2832,0.2814,0.2837
1990,3,27,3/27/1990,0.2831,2.0,1990-03-27,0.285,0.2852,0.286,0.2858,0.2849,0.2841,0.2832,0.282
1990,3,28,3/28/1990,0.2812,2.0,1990-03-28,0.2831,0.285,0.2852,0.286,0.2858,0.2849,0.2841,0.2809
1990,3,29,3/29/1990,0.2796,2.0,1990-03-29,0.2812,0.2831,0.285,0.2852,0.286,0.2858,0.2849,0.2798
1990,3,30,3/30/1990,0.2781,2.0,1990-03-30,0.2796,0.2812,0.2831,0.285,0.2852,0.286,0.2858,0.278
1990,3,31,3/31/1990,0.2768,1.0,1990-03-31,0.2781,0.2796,0.2812,0.2831,0.285,0.2852,0.286,0.2765
1990,4,01,4/01/1990,0.2759,1.0,1990-04-01,0.2768,0.2781,0.2796,0.2812,0.2831,0.285,0.2852,0.2754
1990,4,02,4/02/1990,0.2757,1.0,1990-04-02,0.2759,0.2768,0.2781,0.2796,0.2812,0.2831,0.285,0.2755
1990,4,03,4/03/1990,0.2749,2.0,1990-04-03,0.2757,0.2759,0.2768,0.2781,0.2796,0.2812,0.2831,0.2753
1990,4,04,4/04/1990,0.2745,2.0,1990-04-04,0.2749,0.2757,0.2759,0.2768,0.2781,0.2796,0.2812,0.2743
1990,4,05,4/05/1990,0.2743,2.0,1990-04-05,0.2745,0.2749,0.2757,0.2759,0.2768,0.2781,0.2796,0.2738
1990,4,06,4/06/1990,0.2743,2.0,1990-04-06,0.2743,0.2745,0.2749,0.2757,0.2759,0.2768,0.2781,0.2739
1990,4,07,4/07/1990,0.2747,2.0,1990-04-07,0.2743,0.2743,0.2745,0.2749,0.2757,0.2759,0.2768,0.2742
1990,4,08,4/08/1990,0.2753,1.0,1990-04-08,0.2747,0.2743,0.2743,0.2745,0.2749,0.2757,0.2759,0.274
1990,4,09,4/09/1990,0.2753,1.0,1990-04-09,0.2753,0.2747,0.2743,0.2743,0.2745,0.2749,0.2757,0.2739
1990,4,10,4/10/1990,0.2748,1.0,1990-04-10,0.2753,0.2753,0.2747,0.2743,0.2743,0.2745,0.2749,0.2736
1990,4,11,4/11/1990,0.2747,1.0,1990-04-11,0.2748,0.2753,0.2753,0.2747,0.2743,0.2743,0.2745,0.2742
1990,4,12,4/12/1990,0.2752,1.0,1990-04-12,0.2747,0.2748,0.2753,0.2753,0.2747,0.2743,0.2743,0.2752
1990,4,13,4/13/1990,0.2768,2.0,1990-04-13,0.2752,0.2747,0.2748,0.2753,0.2753,0.2747,0.2743,0.2764
1990,4,14,4/14/1990,0.2795,1.0,1990-04-14,0.2768,0.2752,0.2747,0.2748,0.2753,0.2753,0.2747,0.2784
1990,4,15,4/15/1990,0.2821,1.0,1990-04-15,0.2795,0.2768,0.2752,0.2747,0.2748,0.2753,0.2753,0.2814
1990,4,16,4/16/1990,0.2844,1.0,1990-04-16,0.2821,0.2795,0.2768,0.2752,0.2747,0.2748,0.2753,0.2832
1990,4,17,4/17/1990,0.2861,2.0,1990-04-17,0.2844,0.2821,0.2795,0.2768,0.2752,0.2747,0.2748,0.2841
1990,4,18,4/18/1990,0.2875,2.0,1990-04-18,0.2861,0.2844,0.2821,0.2795,0.2768,0.2752,0.2747,0.2849
1990,4,19,4/19/1990,0.288,1.0,1990-04-19,0.2875,0.2861,0.2844,0.2821,0.2795,0.2768,0.2752,0.2858
1990,4,20,4/20/1990,0.2891,1.0,1990-04-20,0.288,0.2875,0.2861,0.2844,0.2821,0.2795,0.2768,0.286
1990,4,21,4/21/1990,0.2895,1.0,1990-04-21,0.2891,0.288,0.2875,0.2861,0.2844,0.2821,0.2795,0.2852
1990,4,22,4/22/1990,0.2882,1.0,1990-04-22,0.2895,0.2891,0.288,0.2875,0.2861,0.2844,0.2821,0.285
1990,4,23,4/23/1990,0.2863,1.0,1990-04-23,0.2882,0.2895,0.2891,0.288,0.2875,0.2861,0.2844,0.2831
1990,4,24,4/24/1990,0.2846,1.0,1990-04-24,0.2863,0.2882,0.2895,0.2891,0.288,0.2875,0.2861,0.2812
1990,4,25,4/25/1990,0.2814,1.0,1990-04-25,0.2846,0.2863,0.2882,0.2895,0.2891,0.288,0.2875,0.2796
1990,4,26,4/26/1990,0.2794,1.0,1990-04-26,0.2814,0.2846,0.2863,0.2882,0.2895,0.2891,0.288,0.2781
1990,4,27,4/27/1990,0.2775,1.0,1990-04-27,0.2794,0.2814,0.2846,0.2863,0.2882,0.2895,0.2891,0.2768
1990,4,28,4/28/1990,0.2761,1.0,1990-04-28,0.2775,0.2794,0.2814,0.2846,0.2863,0.2882,0.2895,0.2759
1990,4,29,4/29/1990,0.2754,1.0,1990-04-29,0.2761,0.2775,0.2794,0.2814,0.2846,0.2863,0.2882,0.2757
1990,4,30,4/30/1990,0.275,1.0,1990-04-30,0.2754,0.2761,0.2775,0.2794,0.2814,0.2846,0.2863,0.2749
1990,5,01,5/01/1990,0.2738,1.0,1990-05-01,0.275,0.2754,0.2761,0.2775,0.2794,0.2814,0.2846,0.2745
1990,5,02,5/02/1990,0.2726,1.0,1990-05-02,0.2738,0.275,0.2754,0.2761,0.2775,0.2794,0.2814,0.2743
1990,5,03,5/03/1990,0.2721,2.0,1990-05-03,0.2726,0.2738,0.275,0.2754,0.2761,0.2775,0.2794,0.2743
1990,5,04,5/04/1990,0.2714,1.0,1990-05-04,0.2721,0.2726,0.2738,0.275,0.2754,0.2761,0.2775,0.2747
1990,5,05,5/05/1990,0.2715,1.0,1990-05-05,0.2714,0.2721,0.2726,0.2738,0.275,0.2754,0.2761,0.2753
1990,5,06,5/06/1990,0.2716,1.0,1990-05-06,0.2715,0.2714,0.2721,0.2726,0.2738,0.275,0.2754,0.2753
1990,5,07,5/07/1990,0.2728,2.0,1990-05-07,0.2716,0.2715,0.2714,0.2721,0.2726,0.2738,0.275,0.2748
1990,5,08,5/08/1990,0.2741,1.0,1990-05-08,0.2728,0.2716,0.2715,0.2714,0.2721,0.2726,0.2738,0.2747
1990,5,09,5/09/1990,0.2753,1.0,1990-05-09,0.2741,0.2728,0.2716,0.2715,0.2714,0.2721,0.2726,0.2752
1990,5,10,5/10/1990,0.2766,1.0,1990-05-10,0.2753,0.2741,0.2728,0.2716,0.2715,0.2714,0.2721,0.2768
1990,5,11,5/11/1990,0.279,1.0,1990-05-11,0.2766,0.2753,0.2741,0.2728,0.2716,0.2715,0.2714,0.2795
1990,5,12,5/12/1990,0.2816,1.0,1990-05-12,0.279,0.2766,0.2753,0.2741,0.2728,0.2716,0.2715,0.2821
1990,5,13,5/13/1990,0.2836,1.0,1990-05-13,0.2816,0.279,0.2766,0.2753,0.2741,0.2728,0.2716,0.2844
1990,5,14,5/14/1990,0.2851,1.0,1990-05-14,0.2836,0.2816,0.279,0.2766,0.2753,0.2741,0.2728,0.2861
1990,5,15,5/15/1990,0.2868,2.0,1990-05-15,0.2851,0.2836,0.2816,0.279,0.2766,0.2753,0.2741,0.2875
1990,5,16,5/16/1990,0.2872,1.0,1990-05-16,0.2868,0.2851,0.2836,0.2816,0.279,0.2766,0.2753,0.288
1990,5,17,5/17/1990,0.2875,1.0,1990-05-17,0.2872,0.2868,0.2851,0.2836,0.2816,0.279,0.2766,0.2891
1990,5,18,5/18/1990,0.2876,1.0,1990-05-18,0.2875,0.2872,0.2868,0.2851,0.2836,0.2816,0.279,0.2895
1990,5,19,5/19/1990,0.287,1.0,1990-05-19,0.2876,0.2875,0.2872,0.2868,0.2851,0.2836,0.2816,0.2882
1990,5,20,5/20/1990,0.286,1.0,1990-05-20,0.287,0.2876,0.2875,0.2872,0.2868,0.2851,0.2836,0.2863
1990,5,21,5/21/1990,0.2851,1.0,1990-05-21,0.286,0.287,0.2876,0.2875,0.2872,0.2868,0.2851,0.2846
1990,5,22,5/22/1990,0.2833,1.0,1990-05-22,0.2851,0.286,0.287,0.2876,0.2875,0.2872,0.2868,0.2814
1990,5,23,5/23/1990,0.2809,1.0,1990-05-23,0.2833,0.2851,0.286,0.287,0.2876,0.2875,0.2872,0.2794
1990,5,24,5/24/1990,0.2782,1.0,1990-05-24,0.2809,0.2833,0.2851,0.286,0.287,0.2876,0.2875,0.2775
1990,5,25,5/25/1990,0.2778,2.0,1990-05-25,0.2782,0.2809,0.2833,0.2851,0.286,0.287,0.2876,0.2761
1990,5,26,5/26/1990,0.2767,1.0,1990-05-26,0.2778,0.2782,0.2809,0.2833,0.2851,0.286,0.287,0.2754
1990,5,27,5/27/1990,0.276,2.0,1990-05-27,0.2767,0.2778,0.2782,0.2809,0.2833,0.2851,0.286,0.275
1990,5,28,5/28/1990,0.2756,1.0,1990-05-28,0.276,0.2767,0.2778,0.2782,0.2809,0.2833,0.2851,0.2738
1990,5,29,5/29/1990,0.2747,1.0,1990-05-29,0.2756,0.276,0.2767,0.2778,0.2782,0.2809,0.2833,0.2726
1990,5,30,5/30/1990,0.2721,1.0,1990-05-30,0.2747,0.2756,0.276,0.2767,0.2778,0.2782,0.2809,0.2721
1990,5,31,5/31/1990,0.2737,1.0,1990-05-31,0.2721,0.2747,0.2756,0.276,0.2767,0.2778,0.2782,0.2714
1990,6,01,6/01/1990,0.2732,2.0,1990-06-01,0.2737,0.2721,0.2747,0.2756,0.276,0.2767,0.2778,0.2715
1990,6,02,6/02/1990,0.2737,2.0,1990-06-02,0.2732,0.2737,0.2721,0.2747,0.2756,0.276,0.2767,0.2716
1990,6,03,6/03/1990,0.2745,1.0,1990-06-03,0.2737,0.2732,0.2737,0.2721,0.2747,0.2756,0.276,0.2728
1990,6,04,6/04/1990,0.2729,1.0,1990-06-04,0.2745,0.2737,0.2732,0.2737,0.2721,0.2747,0.2756,0.2741
1990,6,05,6/05/1990,0.274,1.0,1990-06-05,0.2729,0.2745,0.2737,0.2732,0.2737,0.2721,0.2747,0.2753
1990,6,06,6/06/1990,0.2764,1.0,1990-06-06,0.274,0.2729,0.2745,0.2737,0.2732,0.2737,0.2721,0.2766
1990,6,07,6/07/1990,0.2776,2.0,1990-06-07,0.2764,0.274,0.2729,0.2745,0.2737,0.2732,0.2737,0.279
1990,6,08,6/08/1990,0.2792,1.0,1990-06-08,0.2776,0.2764,0.274,0.2729,0.2745,0.2737,0.2732,0.2816
1990,6,09,6/09/1990,0.2814,1.0,1990-06-09,0.2792,0.2776,0.2764,0.274,0.2729,0.2745,0.2737,0.2836
1990,6,10,6/10/1990,0.2825,1.0,1990-06-10,0.2814,0.2792,0.2776,0.2764,0.274,0.2729,0.2745,0.2851
1990,6,11,6/11/1990,0.2849,1.0,1990-06-11,0.2825,0.2814,0.2792,0.2776,0.2764,0.274,0.2729,0.2868
1990,6,12,6/12/1990,0.2858,1.0,1990-06-12,0.2849,0.2825,0.2814,0.2792,0.2776,0.2764,0.274,0.2872
1990,6,13,6/13/1990,0.2856,1.0,1990-06-13,0.2858,0.2849,0.2825,0.2814,0.2792,0.2776,0.2764,0.2875
1990,6,14,6/14/1990,0.2841,1.0,1990-06-14,0.2856,0.2858,0.2849,0.2825,0.2814,0.2792,0.2776,0.2876
1990,6,15,6/15/1990,0.2841,1.0,1990-06-15,0.2841,0.2856,0.2858,0.2849,0.2825,0.2814,0.2792,0.287
1990,6,16,6/16/1990,0.2829,1.0,1990-06-16,0.2841,0.2841,0.2856,0.2858,0.2849,0.2825,0.2814,0.286
1990,6,17,6/17/1990,0.2825,1.0,1990-06-17,0.2829,0.2841,0.2841,0.2856,0.2858,0.2849,0.2825,0.2851
1990,6,18,6/18/1990,0.2807,1.0,1990-06-18,0.2825,0.2829,0.2841,0.2841,0.2856,0.2858,0.2849,0.2833
1990,6,19,6/19/1990,0.2791,1.0,1990-06-19,0.2807,0.2825,0.2829,0.2841,0.2841,0.2856,0.2858,0.2809
1990,6,20,6/20/1990,0.2778,1.0,1990-06-20,0.2791,0.2807,0.2825,0.2829,0.2841,0.2841,0.2856,0.2782
1990,6,21,6/21/1990,0.2735,1.0,1990-06-21,0.2778,0.2791,0.2807,0.2825,0.2829,0.2841,0.2841,0.2778
1990,6,22,6/22/1990,0.2747,1.0,1990-06-22,0.2735,0.2778,0.2791,0.2807,0.2825,0.2829,0.2841,0.2767
1990,6,23,6/23/1990,0.2736,1.0,1990-06-23,0.2747,0.2735,0.2778,0.2791,0.2807,0.2825,0.2829,0.276
1990,6,24,6/24/1990,0.2731,1.0,1990-06-24,0.2736,0.2747,0.2735,0.2778,0.2791,0.2807,0.2825,0.2756
1990,6,25,6/25/1990,0.2729,1.0,1990-06-25,0.2731,0.2736,0.2747,0.2735,0.2778,0.2791,0.2807,0.2747
1990,6,26,6/26/1990,0.2735,1.0,1990-06-26,0.2729,0.2731,0.2736,0.2747,0.2735,0.2778,0.2791,0.2721
1990,6,27,6/27/1990,0.2746,1.0,1990-06-27,0.2735,0.2729,0.2731,0.2736,0.2747,0.2735,0.2778,0.2737
1990,6,28,6/28/1990,0.276,1.0,1990-06-28,0.2746,0.2735,0.2729,0.2731,0.2736,0.2747,0.2735,0.2732
1990,6,29,6/29/1990,0.2778,2.0,1990-06-29,0.276,0.2746,0.2735,0.2729,0.2731,0.2736,0.2747,0.2737
1990,6,30,6/30/1990,0.2797,1.0,1990-06-30,0.2778,0.276,0.2746,0.2735,0.2729,0.2731,0.2736,0.2745
1990,7,01,7/01/1990,0.2821,1.0,1990-07-01,0.2797,0.2778,0.276,0.2746,0.2735,0.2729,0.2731,0.2729
1990,7,02,7/02/1990,0.2823,1.0,1990-07-02,0.2821,0.2797,0.2778,0.276,0.2746,0.2735,0.2729,0.274
1990,7,03,7/03/1990,0.2833,1.0,1990-07-03,0.2823,0.2821,0.2797,0.2778,0.276,0.2746,0.2735,0.2764
1990,7,04,7/04/1990,0.2832,1.0,1990-07-04,0.2833,0.2823,0.2821,0.2797,0.2778,0.276,0.2746,0.2776
1990,7,05,7/05/1990,0.2832,1.0,1990-07-05,0.2832,0.2833,0.2823,0.2821,0.2797,0.2778,0.276,0.2792
1990,7,06,7/06/1990,0.2825,2.0,1990-07-06,0.2832,0.2832,0.2833,0.2823,0.2821,0.2797,0.2778,0.2814
1990,7,07,7/07/1990,0.2819,1.0,1990-07-07,0.2825,0.2832,0.2832,0.2833,0.2823,0.2821,0.2797,0.2825
1990,7,08,7/08/1990,0.2805,1.0,1990-07-08,0.2819,0.2825,0.2832,0.2832,0.2833,0.2823,0.2821,0.2849
1990,7,09,7/09/1990,0.2791,2.0,1990-07-09,0.2805,0.2819,0.2825,0.2832,0.2832,0.2833,0.2823,0.2858
1990,7,10,7/10/1990,0.2789,2.0,1990-07-10,0.2791,0.2805,0.2819,0.2825,0.2832,0.2832,0.2833,0.2856
1990,7,11,7/11/1990,0.2789,2.0,1990-07-11,0.2789,0.2791,0.2805,0.2819,0.2825,0.2832,0.2832,0.2841
1990,7,12,7/12/1990,0.2788,1.0,1990-07-12,0.2789,0.2789,0.2791,0.2805,0.2819,0.2825,0.2832,0.2841
1990,7,13,7/13/1990,0.2784,1.0,1990-07-13,0.2788,0.2789,0.2789,0.2791,0.2805,0.2819,0.2825,0.2829
1990,7,14,7/14/1990,0.2784,1.0,1990-07-14,0.2784,0.2788,0.2789,0.2789,0.2791,0.2805,0.2819,0.2825
1990,7,15,7/15/1990,0.2774,1.0,1990-07-15,0.2784,0.2784,0.2788,0.2789,0.2789,0.2791,0.2805,0.2807
1990,7,16,7/16/1990,0.2762,1.0,1990-07-16,0.2774,0.2784,0.2784,0.2788,0.2789,0.2789,0.2791,0.2791
1990,7,17,7/17/1990,0.2753,1.0,1990-07-17,0.2762,0.2774,0.2784,0.2784,0.2788,0.2789,0.2789,0.2778
1990,7,18,7/18/1990,0.2744,1.0,1990-07-18,0.2753,0.2762,0.2774,0.2784,0.2784,0.2788,0.2789,0.2735
1990,7,19,7/19/1990,0.2738,1.0,1990-07-19,0.2744,0.2753,0.2762,0.2774,0.2784,0.2784,0.2788,0.2747
1990,7,20,7/20/1990,0.274,1.0,1990-07-20,0.2738,0.2744,0.2753,0.2762,0.2774,0.2784,0.2784,0.2736
1990,7,21,7/21/1990,0.274,1.0,1990-07-21,0.274,0.2738,0.2744,0.2753,0.2762,0.2774,0.2784,0.2731
1990,7,22,7/22/1990,0.2744,1.0,1990-07-22,0.274,0.274,0.2738,0.2744,0.2753,0.2762,0.2774,0.2729
1990,7,23,7/23/1990,0.2755,1.0,1990-07-23,0.2744,0.274,0.274,0.2738,0.2744,0.2753,0.2762,0.2735
1990,7,24,7/24/1990,0.2773,1.0,1990-07-24,0.2755,0.2744,0.274,0.274,0.2738,0.2744,0.2753,0.2746
1990,7,25,7/25/1990,0.2784,1.0,1990-07-25,0.2773,0.2755,0.2744,0.274,0.274,0.2738,0.2744,0.276
1990,7,26,7/26/1990,0.2796,1.0,1990-07-26,0.2784,0.2773,0.2755,0.2744,0.274,0.274,0.2738,0.2778
1990,7,27,7/27/1990,0.2803,1.0,1990-07-27,0.2796,0.2784,0.2773,0.2755,0.2744,0.274,0.274,0.2797
1990,7,28,7/28/1990,0.2803,1.0,1990-07-28,0.2803,0.2796,0.2784,0.2773,0.2755,0.2744,0.274,0.2821
1990,7,29,7/29/1990,0.2797,1.0,1990-07-29,0.2803,0.2803,0.2796,0.2784,0.2773,0.2755,0.2744,0.2823
1990,7,30,7/30/1990,0.2799,1.0,1990-07-30,0.2797,0.2803,0.2803,0.2796,0.2784,0.2773,0.2755,0.2833
1990,7,31,7/31/1990,0.2793,1.0,1990-07-31,0.2799,0.2797,0.2803,0.2803,0.2796,0.2784,0.2773,0.2832
1990,8,01,8/01/1990,0.28,1.0,1990-08-01,0.2793,0.2799,0.2797,0.2803,0.2803,0.2796,0.2784,0.2832
1990,8,02,8/02/1990,0.28,1.0,1990-08-02,0.28,0.2793,0.2799,0.2797,0.2803,0.2803,0.2796,0.2825
1990,8,03,8/03/1990,0.2796,1.0,1990-08-03,0.28,0.28,0.2793,0.2799,0.2797,0.2803,0.2803,0.2819
1990,8,04,8/04/1990,0.2796,1.0,1990-08-04,0.2796,0.28,0.28,0.2793,0.2799,0.2797,0.2803,0.2805
1990,8,05,8/05/1990,0.279,1.0,1990-08-05,0.2796,0.2796,0.28,0.28,0.2793,0.2799,0.2797,0.2791
1990,8,06,8/06/1990,0.2784,1.0,1990-08-06,0.279,0.2796,0.2796,0.28,0.28,0.2793,0.2799,0.2789
1990,8,07,8/07/1990,0.2786,1.0,1990-08-07,0.2784,0.279,0.2796,0.2796,0.28,0.28,0.2793,0.2789
1990,8,08,8/08/1990,0.2784,1.0,1990-08-08,0.2786,0.2784,0.279,0.2796,0.2796,0.28,0.28,0.2788
1990,8,09,8/09/1990,0.2778,1.0,1990-08-09,0.2784,0.2786,0.2784,0.279,0.2796,0.2796,0.28,0.2784
1990,8,10,8/10/1990,0.2778,1.0,1990-08-10,0.2778,0.2784,0.2786,0.2784,0.279,0.2796,0.2796,0.2784
1990,8,11,8/11/1990,0.2783,1.0,1990-08-11,0.2778,0.2778,0.2784,0.2786,0.2784,0.279,0.2796,0.2774
1990,8,12,8/12/1990,0.2776,1.0,1990-08-12,0.2783,0.2778,0.2778,0.2784,0.2786,0.2784,0.279,0.2762
1990,8,13,8/13/1990,0.2774,1.0,1990-08-13,0.2776,0.2783,0.2778,0.2778,0.2784,0.2786,0.2784,0.2753
1990,8,14,8/14/1990,0.2777,1.0,1990-08-14,0.2774,0.2776,0.2783,0.2778,0.2778,0.2784,0.2786,0.2744
1990,8,15,8/15/1990,0.2791,1.0,1990-08-15,0.2777,0.2774,0.2776,0.2783,0.2778,0.2778,0.2784,0.2738
1990,8,16,8/16/1990,0.2794,1.0,1990-08-16,0.2791,0.2777,0.2774,0.2776,0.2783,0.2778,0.2778,0.274
1990,8,17,8/17/1990,0.2802,1.0,1990-08-17,0.2794,0.2791,0.2777,0.2774,0.2776,0.2783,0.2778,0.274
1990,8,18,8/18/1990,0.2812,1.0,1990-08-18,0.2802,0.2794,0.2791,0.2777,0.2774,0.2776,0.2783,0.2744
1990,8,19,8/19/1990,0.2822,1.0,1990-08-19,0.2812,0.2802,0.2794,0.2791,0.2777,0.2774,0.2776,0.2755
1990,8,20,8/20/1990,0.2831,1.0,1990-08-20,0.2822,0.2812,0.2802,0.2794,0.2791,0.2777,0.2774,0.2773
1990,8,21,8/21/1990,0.2842,1.0,1990-08-21,0.2831,0.2822,0.2812,0.2802,0.2794,0.2791,0.2777,0.2784
1990,8,22,8/22/1990,0.2847,1.0,1990-08-22,0.2842,0.2831,0.2822,0.2812,0.2802,0.2794,0.2791,0.2796
1990,8,23,8/23/1990,0.2844,1.0,1990-08-23,0.2847,0.2842,0.2831,0.2822,0.2812,0.2802,0.2794,0.2803
1990,8,24,8/24/1990,0.2846,1.0,1990-08-24,0.2844,0.2847,0.2842,0.2831,0.2822,0.2812,0.2802,0.2803
1990,8,25,8/25/1990,0.2848,1.0,1990-08-25,0.2846,0.2844,0.2847,0.2842,0.2831,0.2822,0.2812,0.2797
1990,8,26,8/26/1990,0.2844,1.0,1990-08-26,0.2848,0.2846,0.2844,0.2847,0.2842,0.2831,0.2822,0.2799
1990,8,27,8/27/1990,0.284,1.0,1990-08-27,0.2844,0.2848,0.2846,0.2844,0.2847,0.2842,0.2831,0.2793
1990,8,28,8/28/1990,0.283,2.0,1990-08-28,0.284,0.2844,0.2848,0.2846,0.2844,0.2847,0.2842,0.28
1990,8,29,8/29/1990,0.2822,1.0,1990-08-29,0.283,0.284,0.2844,0.2848,0.2846,0.2844,0.2847,0.28
1990,8,30,8/30/1990,0.2812,1.0,1990-08-30,0.2822,0.283,0.284,0.2844,0.2848,0.2846,0.2844,0.2796
1990,8,31,8/31/1990,0.2796,1.0,1990-08-31,0.2812,0.2822,0.283,0.284,0.2844,0.2848,0.2846,0.2796
1990,9,01,9/01/1990,0.2788,1.0,1990-09-01,0.2796,0.2812,0.2822,0.283,0.284,0.2844,0.2848,0.279
1990,9,02,9/02/1990,0.2775,1.0,1990-09-02,0.2788,0.2796,0.2812,0.2822,0.283,0.284,0.2844,0.2784
1990,9,03,9/03/1990,0.2769,1.0,1990-09-03,0.2775,0.2788,0.2796,0.2812,0.2822,0.283,0.284,0.2786
1990,9,04,9/04/1990,0.2771,1.0,1990-09-04,0.2769,0.2775,0.2788,0.2796,0.2812,0.2822,0.283,0.2784
1990,9,05,9/05/1990,0.2764,1.0,1990-09-05,0.2771,0.2769,0.2775,0.2788,0.2796,0.2812,0.2822,0.2778
1990,9,06,9/06/1990,0.2765,1.0,1990-09-06,0.2764,0.2771,0.2769,0.2775,0.2788,0.2796,0.2812,0.2778
1990,9,07,9/07/1990,0.2772,1.0,1990-09-07,0.2765,0.2764,0.2771,0.2769,0.2775,0.2788,0.2796,0.2783
1990,9,08,9/08/1990,0.2774,1.0,1990-09-08,0.2772,0.2765,0.2764,0.2771,0.2769,0.2775,0.2788,0.2776
1990,9,09,9/09/1990,0.2781,1.0,1990-09-09,0.2774,0.2772,0.2765,0.2764,0.2771,0.2769,0.2775,0.2774
1990,9,10,9/10/1990,0.2789,2.0,1990-09-10,0.2781,0.2774,0.2772,0.2765,0.2764,0.2771,0.2769,0.2777
1990,9,11,9/11/1990,0.2797,2.0,1990-09-11,0.2789,0.2781,0.2774,0.2772,0.2765,0.2764,0.2771,0.2791
1990,9,12,9/12/1990,0.2808,1.0,1990-09-12,0.2797,0.2789,0.2781,0.2774,0.2772,0.2765,0.2764,0.2794
1990,9,13,9/13/1990,0.2815,1.0,1990-09-13,0.2808,0.2797,0.2789,0.2781,0.2774,0.2772,0.2765,0.2802
1990,9,14,9/14/1990,0.2823,1.0,1990-09-14,0.2815,0.2808,0.2797,0.2789,0.2781,0.2774,0.2772,0.2812
1990,9,15,9/15/1990,0.2832,1.0,1990-09-15,0.2823,0.2815,0.2808,0.2797,0.2789,0.2781,0.2774,0.2822
1990,9,16,9/16/1990,0.2835,1.0,1990-09-16,0.2832,0.2823,0.2815,0.2808,0.2797,0.2789,0.2781,0.2831
1990,9,17,9/17/1990,0.2836,1.0,1990-09-17,0.2835,0.2832,0.2823,0.2815,0.2808,0.2797,0.2789,0.2842
1990,9,18,9/18/1990,0.2829,1.0,1990-09-18,0.2836,0.2835,0.2832,0.2823,0.2815,0.2808,0.2797,0.2847
1990,9,19,9/19/1990,0.2836,1.0,1990-09-19,0.2829,0.2836,0.2835,0.2832,0.2823,0.2815,0.2808,0.2844
1990,9,20,9/20/1990,0.2821,1.0,1990-09-20,0.2836,0.2829,0.2836,0.2835,0.2832,0.2823,0.2815,0.2846
1990,9,21,9/21/1990,0.2819,1.0,1990-09-21,0.2821,0.2836,0.2829,0.2836,0.2835,0.2832,0.2823,0.2848
1990,9,22,9/22/1990,0.2814,2.0,1990-09-22,0.2819,0.2821,0.2836,0.2829,0.2836,0.2835,0.2832,0.2844
1990,9,23,9/23/1990,0.2806,2.0,1990-09-23,0.2814,0.2819,0.2821,0.2836,0.2829,0.2836,0.2835,0.284
1990,9,24,9/24/1990,0.2802,1.0,1990-09-24,0.2806,0.2814,0.2819,0.2821,0.2836,0.2829,0.2836,0.283
1990,9,25,9/25/1990,0.2797,1.0,1990-09-25,0.2802,0.2806,0.2814,0.2819,0.2821,0.2836,0.2829,0.2822
1990,9,26,9/26/1990,0.279,1.0,1990-09-26,0.2797,0.2802,0.2806,0.2814,0.2819,0.2821,0.2836,0.2812
1990,9,27,9/27/1990,0.2779,1.0,1990-09-27,0.279,0.2797,0.2802,0.2806,0.2814,0.2819,0.2821,0.2796
1990,9,28,9/28/1990,0.2775,2.0,1990-09-28,0.2779,0.279,0.2797,0.2802,0.2806,0.2814,0.2819,0.2788
1990,9,29,9/29/1990,0.2765,2.0,1990-09-29,0.2775,0.2779,0.279,0.2797,0.2802,0.2806,0.2814,0.2775
1990,9,30,9/30/1990,0.2761,2.0,1990-09-30,0.2765,0.2775,0.2779,0.279,0.2797,0.2802,0.2806,0.2769
1990,10,01,10/01/1990,0.2764,2.0,1990-10-01,0.2761,0.2765,0.2775,0.2779,0.279,0.2797,0.2802,0.2771
1990,10,02,10/02/1990,0.2757,2.0,1990-10-02,0.2764,0.2761,0.2765,0.2775,0.2779,0.279,0.2797,0.2764
1990,10,03,10/03/1990,0.2758,2.0,1990-10-03,0.2757,0.2764,0.2761,0.2765,0.2775,0.2779,0.279,0.2765
1990,10,04,10/04/1990,0.276,2.0,1990-10-04,0.2758,0.2757,0.2764,0.2761,0.2765,0.2775,0.2779,0.2772
1990,10,05,10/05/1990,0.2763,2.0,1990-10-05,0.276,0.2758,0.2757,0.2764,0.2761,0.2765,0.2775,0.2774
1990,10,06,10/06/1990,0.2767,2.0,1990-10-06,0.2763,0.276,0.2758,0.2757,0.2764,0.2761,0.2765,0.2781
1990,10,07,10/07/1990,0.2774,2.0,1990-10-07,0.2767,0.2763,0.276,0.2758,0.2757,0.2764,0.2761,0.2789
1990,10,08,10/08/1990,0.2784,2.0,1990-10-08,0.2774,0.2767,0.2763,0.276,0.2758,0.2757,0.2764,0.2797
1990,10,09,10/09/1990,0.28,2.0,1990-10-09,0.2784,0.2774,0.2767,0.2763,0.276,0.2758,0.2757,0.2808
1990,10,10,10/10/1990,0.2804,2.0,1990-10-10,0.28,0.2784,0.2774,0.2767,0.2763,0.276,0.2758,0.2815
1990,10,11,10/11/1990,0.2815,2.0,1990-10-11,0.2804,0.28,0.2784,0.2774,0.2767,0.2763,0.276,0.2823
1990,10,12,10/12/1990,0.2815,2.0,1990-10-12,0.2815,0.2804,0.28,0.2784,0.2774,0.2767,0.2763,0.2832
1990,10,13,10/13/1990,0.2818,2.0,1990-10-13,0.2815,0.2815,0.2804,0.28,0.2784,0.2774,0.2767,0.2835
1990,10,14,10/14/1990,0.2822,2.0,1990-10-14,0.2818,0.2815,0.2815,0.2804,0.28,0.2784,0.2774,0.2836
1990,10,15,10/15/1990,0.2822,2.0,1990-10-15,0.2822,0.2818,0.2815,0.2815,0.2804,0.28,0.2784,0.2829
1990,10,16,10/16/1990,0.2823,2.0,1990-10-16,0.2822,0.2822,0.2818,0.2815,0.2815,0.2804,0.28,0.2836
1990,10,17,10/17/1990,0.2822,2.0,1990-10-17,0.2823,0.2822,0.2822,0.2818,0.2815,0.2815,0.2804,0.2821
1990,10,18,10/18/1990,0.2823,2.0,1990-10-18,0.2822,0.2823,0.2822,0.2822,0.2818,0.2815,0.2815,0.2819
1990,10,19,10/19/1990,0.2823,2.0,1990-10-19,0.2823,0.2822,0.2823,0.2822,0.2822,0.2818,0.2815,0.2814
1990,10,20,10/20/1990,0.2814,2.0,1990-10-20,0.2823,0.2823,0.2822,0.2823,0.2822,0.2822,0.2818,0.2806
1990,10,21,10/21/1990,0.281,2.0,1990-10-21,0.2814,0.2823,0.2823,0.2822,0.2823,0.2822,0.2822,0.2802
1990,10,22,10/22/1990,0.2808,2.0,1990-10-22,0.281,0.2814,0.2823,0.2823,0.2822,0.2823,0.2822,0.2797
1990,10,23,10/23/1990,0.2812,2.0,1990-10-23,0.2808,0.281,0.2814,0.2823,0.2823,0.2822,0.2823,0.279
1990,10,24,10/24/1990,0.2802,2.0,1990-10-24,0.2812,0.2808,0.281,0.2814,0.2823,0.2823,0.2822,0.2779
1990,10,25,10/25/1990,0.28,2.0,1990-10-25,0.2802,0.2812,0.2808,0.281,0.2814,0.2823,0.2823,0.2775
1990,10,26,10/26/1990,0.2791,2.0,1990-10-26,0.28,0.2802,0.2812,0.2808,0.281,0.2814,0.2823,0.2765
1990,10,27,10/27/1990,0.2783,2.0,1990-10-27,0.2791,0.28,0.2802,0.2812,0.2808,0.281,0.2814,0.2761
1990,10,28,10/28/1990,0.2773,2.0,1990-10-28,0.2783,0.2791,0.28,0.2802,0.2812,0.2808,0.281,0.2764
1990,10,29,10/29/1990,0.2758,2.0,1990-10-29,0.2773,0.2783,0.2791,0.28,0.2802,0.2812,0.2808,0.2757
1990,10,30,10/30/1990,0.2743,2.0,1990-10-30,0.2758,0.2773,0.2783,0.2791,0.28,0.2802,0.2812,0.2758
1990,10,31,10/31/1990,0.2737,2.0,1990-10-31,0.2743,0.2758,0.2773,0.2783,0.2791,0.28,0.2802,0.276
1990,11,01,11/01/1990,0.2724,2.0,1990-11-01,0.2737,0.2743,0.2758,0.2773,0.2783,0.2791,0.28,0.2763
1990,11,02,11/02/1990,0.2722,2.0,1990-11-02,0.2724,0.2737,0.2743,0.2758,0.2773,0.2783,0.2791,0.2767
1990,11,03,11/03/1990,0.273,2.0,1990-11-03,0.2722,0.2724,0.2737,0.2743,0.2758,0.2773,0.2783,0.2774
1990,11,04,11/04/1990,0.2742,2.0,1990-11-04,0.273,0.2722,0.2724,0.2737,0.2743,0.2758,0.2773,0.2784
1990,11,05,11/05/1990,0.2762,2.0,1990-11-05,0.2742,0.273,0.2722,0.2724,0.2737,0.2743,0.2758,0.28
1990,11,06,11/06/1990,0.2788,2.0,1990-11-06,0.2762,0.2742,0.273,0.2722,0.2724,0.2737,0.2743,0.2804
1990,11,07,11/07/1990,0.2808,2.0,1990-11-07,0.2788,0.2762,0.2742,0.273,0.2722,0.2724,0.2737,0.2815
1990,11,08,11/08/1990,0.2814,1.0,1990-11-08,0.2808,0.2788,0.2762,0.2742,0.273,0.2722,0.2724,0.2815
1990,11,09,11/09/1990,0.2821,1.0,1990-11-09,0.2814,0.2808,0.2788,0.2762,0.2742,0.273,0.2722,0.2818
1990,11,10,11/10/1990,0.2823,1.0,1990-11-10,0.2821,0.2814,0.2808,0.2788,0.2762,0.2742,0.273,0.2822
1990,11,11,11/11/1990,0.2816,1.0,1990-11-11,0.2823,0.2821,0.2814,0.2808,0.2788,0.2762,0.2742,0.2822
1990,11,12,11/12/1990,0.2809,1.0,1990-11-12,0.2816,0.2823,0.2821,0.2814,0.2808,0.2788,0.2762,0.2823
1990,11,13,11/13/1990,0.28,2.0,1990-11-13,0.2809,0.2816,0.2823,0.2821,0.2814,0.2808,0.2788,0.2822
1990,11,15,11/15/1990,0.279,2.0,1990-11-15,0.28,0.2809,0.2816,0.2823,0.2821,0.2814,0.2808,0.2823
1990,11,16,11/16/1990,0.278,2.0,1990-11-16,0.279,0.28,0.2809,0.2816,0.2823,0.2821,0.2814,0.2823
1990,11,17,11/17/1990,0.2775,1.0,1990-11-17,0.278,0.279,0.28,0.2809,0.2816,0.2823,0.2821,0.2814
1990,11,18,11/18/1990,0.2766,1.0,1990-11-18,0.2775,0.278,0.279,0.28,0.2809,0.2816,0.2823,0.281
1990,11,19,11/19/1990,0.275,1.0,1990-11-19,0.2766,0.2775,0.278,0.279,0.28,0.2809,0.2816,0.2808
1990,11,20,11/20/1990,0.2749,1.0,1990-11-20,0.275,0.2766,0.2775,0.278,0.279,0.28,0.2809,0.2812
1990,11,21,11/21/1990,0.2738,1.0,1990-11-21,0.2749,0.275,0.2766,0.2775,0.278,0.279,0.28,0.2802
1990,11,22,11/22/1990,0.2739,1.0,1990-11-22,0.2738,0.2749,0.275,0.2766,0.2775,0.278,0.279,0.28
1990,11,23,11/23/1990,0.2732,1.0,1990-11-23,0.2739,0.2738,0.2749,0.275,0.2766,0.2775,0.278,0.2791
1990,11,24,11/24/1990,0.2727,1.0,1990-11-24,0.2732,0.2739,0.2738,0.2749,0.275,0.2766,0.2775,0.2783
1990,11,25,11/25/1990,0.272,1.0,1990-11-25,0.2727,0.2732,0.2739,0.2738,0.2749,0.275,0.2766,0.2773
1990,11,26,11/26/1990,0.2714,1.0,1990-11-26,0.272,0.2727,0.2732,0.2739,0.2738,0.2749,0.275,0.2758
1990,11,27,11/27/1990,0.2716,1.0,1990-11-27,0.2714,0.272,0.2727,0.2732,0.2739,0.2738,0.2749,0.2743
1990,11,28,11/28/1990,0.2722,1.0,1990-11-28,0.2716,0.2714,0.272,0.2727,0.2732,0.2739,0.2738,0.2737
1990,11,29,11/29/1990,0.2728,1.0,1990-11-29,0.2722,0.2716,0.2714,0.272,0.2727,0.2732,0.2739,0.2724
1990,11,30,11/30/1990,0.2738,1.0,1990-11-30,0.2728,0.2722,0.2716,0.2714,0.272,0.2727,0.2732,0.2722
1990,12,01,12/01/1990,0.2743,1.0,1990-12-01,0.2738,0.2728,0.2722,0.2716,0.2714,0.272,0.2727,0.273
1990,12,02,12/02/1990,0.2772,2.0,1990-12-02,0.2743,0.2738,0.2728,0.2722,0.2716,0.2714,0.272,0.2742
1990,12,03,12/03/1990,0.2781,1.0,1990-12-03,0.2772,0.2743,0.2738,0.2728,0.2722,0.2716,0.2714,0.2762
1990,12,04,12/04/1990,0.2799,1.0,1990-12-04,0.2781,0.2772,0.2743,0.2738,0.2728,0.2722,0.2716,0.2788
1990,12,05,12/05/1990,0.2815,1.0,1990-12-05,0.2799,0.2781,0.2772,0.2743,0.2738,0.2728,0.2722,0.2808
1990,12,06,12/06/1990,0.2817,1.0,1990-12-06,0.2815,0.2799,0.2781,0.2772,0.2743,0.2738,0.2728,0.2814
1990,12,07,12/07/1990,0.2819,1.0,1990-12-07,0.2817,0.2815,0.2799,0.2781,0.2772,0.2743,0.2738,0.2821
1990,12,08,12/08/1990,0.2824,1.0,1990-12-08,0.2819,0.2817,0.2815,0.2799,0.2781,0.2772,0.2743,0.2823
1990,12,09,12/09/1990,0.2823,1.0,1990-12-09,0.2824,0.2819,0.2817,0.2815,0.2799,0.2781,0.2772,0.2816
1990,12,10,12/10/1990,0.2818,1.0,1990-12-10,0.2823,0.2824,0.2819,0.2817,0.2815,0.2799,0.2781,0.2809
1990,12,11,12/11/1990,0.2812,1.0,1990-12-11,0.2818,0.2823,0.2824,0.2819,0.2817,0.2815,0.2799,0.28
1990,12,12,12/12/1990,0.2802,1.0,1990-12-12,0.2812,0.2818,0.2823,0.2824,0.2819,0.2817,0.2815,0.279
1990,12,13,12/13/1990,0.2786,1.0,1990-12-13,0.2802,0.2812,0.2818,0.2823,0.2824,0.2819,0.2817,0.278
1990,12,14,12/14/1990,0.2773,1.0,1990-12-14,0.2786,0.2802,0.2812,0.2818,0.2823,0.2824,0.2819,0.2775
1990,12,15,12/15/1990,0.2768,1.0,1990-12-15,0.2773,0.2786,0.2802,0.2812,0.2818,0.2823,0.2824,0.2766
1990,12,16,12/16/1990,0.2762,1.0,1990-12-16,0.2768,0.2773,0.2786,0.2802,0.2812,0.2818,0.2823,0.275
1990,12,17,12/17/1990,0.2766,2.0,1990-12-17,0.2762,0.2768,0.2773,0.2786,0.2802,0.2812,0.2818,0.2749
1990,12,18,12/18/1990,0.2757,1.0,1990-12-18,0.2766,0.2762,0.2768,0.2773,0.2786,0.2802,0.2812,0.2738
1990,12,19,12/19/1990,0.2756,1.0,1990-12-19,0.2757,0.2766,0.2762,0.2768,0.2773,0.2786,0.2802,0.2739
1990,12,20,12/20/1990,0.2749,1.0,1990-12-20,0.2756,0.2757,0.2766,0.2762,0.2768,0.2773,0.2786,0.2732
1990,12,21,12/21/1990,0.2744,1.0,1990-12-21,0.2749,0.2756,0.2757,0.2766,0.2762,0.2768,0.2773,0.2727
1990,12,22,12/22/1990,0.2735,1.0,1990-12-22,0.2744,0.2749,0.2756,0.2757,0.2766,0.2762,0.2768,0.272
1990,12,23,12/23/1990,0.2732,1.0,1990-12-23,0.2735,0.2744,0.2749,0.2756,0.2757,0.2766,0.2762,0.2714
1990,12,24,12/24/1990,0.2737,1.0,1990-12-24,0.2732,0.2735,0.2744,0.2749,0.2756,0.2757,0.2766,0.2716
1990,12,25,12/25/1990,0.274,2.0,1990-12-25,0.2737,0.2732,0.2735,0.2744,0.2749,0.2756,0.2757,0.2722
1990,12,26,12/26/1990,0.275,2.0,1990-12-26,0.274,0.2737,0.2732,0.2735,0.2744,0.2749,0.2756,0.2728
1990,12,27,12/27/1990,0.276,2.0,1990-12-27,0.275,0.274,0.2737,0.2732,0.2735,0.2744,0.2749,0.2738
1990,12,28,12/28/1990,0.2779,1.0,1990-12-28,0.276,0.275,0.274,0.2737,0.2732,0.2735,0.2744,0.2743
1990,12,29,12/29/1990,0.2794,1.0,1990-12-29,0.2779,0.276,0.275,0.274,0.2737,0.2732,0.2735,0.2772
1990,12,30,12/30/1990,0.2806,1.0,1990-12-30,0.2794,0.2779,0.276,0.275,0.274,0.2737,0.2732,0.2781
1991,1,01,1/01/1991,0.2812,1.0,1991-01-01,0.2806,0.2794,0.2779,0.276,0.275,0.274,0.2737,0.2799
1991,1,02,1/02/1991,0.281,1.0,1991-01-02,0.2812,0.2806,0.2794,0.2779,0.276,0.275,0.274,0.2815
1991,1,03,1/03/1991,0.2801,1.0,1991-01-03,0.281,0.2812,0.2806,0.2794,0.2779,0.276,0.275,0.2817
1991,1,04,1/04/1991,0.2795,1.0,1991-01-04,0.2801,0.281,0.2812,0.2806,0.2794,0.2779,0.276,0.2819
1991,1,05,1/05/1991,0.2804,2.0,1991-01-05,0.2795,0.2801,0.281,0.2812,0.2806,0.2794,0.2779,0.2824
1991,1,06,1/06/1991,0.2782,1.0,1991-01-06,0.2804,0.2795,0.2801,0.281,0.2812,0.2806,0.2794,0.2823
1991,1,07,1/07/1991,0.2775,1.0,1991-01-07,0.2782,0.2804,0.2795,0.2801,0.281,0.2812,0.2806,0.2818
1991,1,08,1/08/1991,0.277,1.0,1991-01-08,0.2775,0.2782,0.2804,0.2795,0.2801,0.281,0.2812,0.2812
1991,1,09,1/09/1991,0.2762,1.0,1991-01-09,0.277,0.2775,0.2782,0.2804,0.2795,0.2801,0.281,0.2802
1991,1,10,1/10/1991,0.2758,1.0,1991-01-10,0.2762,0.277,0.2775,0.2782,0.2804,0.2795,0.2801,0.2786
1991,1,11,1/11/1991,0.2761,1.0,1991-01-11,0.2758,0.2762,0.277,0.2775,0.2782,0.2804,0.2795,0.2773
1991,1,12,1/12/1991,0.2767,1.0,1991-01-12,0.2761,0.2758,0.2762,0.277,0.2775,0.2782,0.2804,0.2768
1991,1,13,1/13/1991,0.2765,1.0,1991-01-13,0.2767,0.2761,0.2758,0.2762,0.277,0.2775,0.2782,0.2762
1991,1,14,1/14/1991,0.276,2.0,1991-01-14,0.2765,0.2767,0.2761,0.2758,0.2762,0.277,0.2775,0.2766
1991,1,15,1/15/1991,0.2758,1.0,1991-01-15,0.276,0.2765,0.2767,0.2761,0.2758,0.2762,0.277,0.2757
1991,1,16,1/16/1991,0.2751,1.0,1991-01-16,0.2758,0.276,0.2765,0.2767,0.2761,0.2758,0.2762,0.2756
1991,1,17,1/17/1991,0.2751,1.0,1991-01-17,0.2751,0.2758,0.276,0.2765,0.2767,0.2761,0.2758,0.2749
1991,1,18,1/18/1991,0.2758,1.0,1991-01-18,0.2751,0.2751,0.2758,0.276,0.2765,0.2767,0.2761,0.2744
1991,1,19,1/19/1991,0.2752,1.0,1991-01-19,0.2758,0.2751,0.2751,0.2758,0.276,0.2765,0.2767,0.2735
1991,1,20,1/20/1991,0.275,1.0,1991-01-20,0.2752,0.2758,0.2751,0.2751,0.2758,0.276,0.2765,0.2732
1991,1,21,1/21/1991,0.2756,1.0,1991-01-21,0.275,0.2752,0.2758,0.2751,0.2751,0.2758,0.276,0.2737
1991,1,22,1/22/1991,0.2775,1.0,1991-01-22,0.2756,0.275,0.2752,0.2758,0.2751,0.2751,0.2758,0.274
1991,1,23,1/23/1991,0.2793,1.0,1991-01-23,0.2775,0.2756,0.275,0.2752,0.2758,0.2751,0.2751,0.275
1991,1,24,1/24/1991,0.2809,1.0,1991-01-24,0.2793,0.2775,0.2756,0.275,0.2752,0.2758,0.2751,0.276
1991,1,25,1/25/1991,0.2843,1.0,1991-01-25,0.2809,0.2793,0.2775,0.2756,0.275,0.2752,0.2758,0.2779
1991,1,26,1/26/1991,0.2858,2.0,1991-01-26,0.2843,0.2809,0.2793,0.2775,0.2756,0.275,0.2752,0.2794
1991,1,27,1/27/1991,0.2881,2.0,1991-01-27,0.2858,0.2843,0.2809,0.2793,0.2775,0.2756,0.275,0.2806
1991,1,28,1/28/1991,0.2893,2.0,1991-01-28,0.2881,0.2858,0.2843,0.2809,0.2793,0.2775,0.2756,0.2812
1991,1,29,1/29/1991,0.2903,2.0,1991-01-29,0.2893,0.2881,0.2858,0.2843,0.2809,0.2793,0.2775,0.281
1991,1,30,1/30/1991,0.2904,2.0,1991-01-30,0.2903,0.2893,0.2881,0.2858,0.2843,0.2809,0.2793,0.2801
1991,1,31,1/31/1991,0.2891,2.0,1991-01-31,0.2904,0.2903,0.2893,0.2881,0.2858,0.2843,0.2809,0.2795
1991,2,01,2/01/1991,0.2864,1.0,1991-02-01,0.2891,0.2904,0.2903,0.2893,0.2881,0.2858,0.2843,0.2804
1991,2,02,2/02/1991,0.2843,1.0,1991-02-02,0.2864,0.2891,0.2904,0.2903,0.2893,0.2881,0.2858,0.2782
1991,2,03,2/03/1991,0.2826,1.0,1991-02-03,0.2843,0.2864,0.2891,0.2904,0.2903,0.2893,0.2881,0.2775
1991,2,06,2/06/1991,0.2802,2.0,1991-02-06,0.2826,0.2843,0.2864,0.2891,0.2904,0.2903,0.2893,0.277
1991,2,07,2/07/1991,0.2797,2.0,1991-02-07,0.2802,0.2826,0.2843,0.2864,0.2891,0.2904,0.2903,0.2762
1991,2,08,2/08/1991,0.2795,2.0,1991-02-08,0.2797,0.2802,0.2826,0.2843,0.2864,0.2891,0.2904,0.2758
1991,2,09,2/09/1991,0.2789,2.0,1991-02-09,0.2795,0.2797,0.2802,0.2826,0.2843,0.2864,0.2891,0.2761
1991,2,10,2/10/1991,0.2787,2.0,1991-02-10,0.2789,0.2795,0.2797,0.2802,0.2826,0.2843,0.2864,0.2767
1991,2,11,2/11/1991,0.2779,1.0,1991-02-11,0.2787,0.2789,0.2795,0.2797,0.2802,0.2826,0.2843,0.2765
1991,2,12,2/12/1991,0.2782,1.0,1991-02-12,0.2779,0.2787,0.2789,0.2795,0.2797,0.2802,0.2826,0.276
1991,2,13,2/13/1991,0.2776,1.0,1991-02-13,0.2782,0.2779,0.2787,0.2789,0.2795,0.2797,0.2802,0.2758
1991,2,14,2/14/1991,0.2776,1.0,1991-02-14,0.2776,0.2782,0.2779,0.2787,0.2789,0.2795,0.2797,0.2751
1991,2,15,2/15/1991,0.277,1.0,1991-02-15,0.2776,0.2776,0.2782,0.2779,0.2787,0.2789,0.2795,0.2751
1991,2,16,2/16/1991,0.276,1.0,1991-02-16,0.277,0.2776,0.2776,0.2782,0.2779,0.2787,0.2789,0.2758
1991,2,17,2/17/1991,0.276,1.0,1991-02-17,0.276,0.277,0.2776,0.2776,0.2782,0.2779,0.2787,0.2752
1991,2,18,2/18/1991,0.2785,2.0,1991-02-18,0.276,0.276,0.277,0.2776,0.2776,0.2782,0.2779,0.275
1991,2,19,2/19/1991,0.2792,1.0,1991-02-19,0.2785,0.276,0.276,0.277,0.2776,0.2776,0.2782,0.2756
1991,2,20,2/20/1991,0.2815,1.0,1991-02-20,0.2792,0.2785,0.276,0.276,0.277,0.2776,0.2776,0.2775
1991,2,21,2/21/1991,0.2837,1.0,1991-02-21,0.2815,0.2792,0.2785,0.276,0.276,0.277,0.2776,0.2793
1991,2,22,2/22/1991,0.2863,1.0,1991-02-22,0.2837,0.2815,0.2792,0.2785,0.276,0.276,0.277,0.2809
1991,2,23,2/23/1991,0.2887,1.0,1991-02-23,0.2863,0.2837,0.2815,0.2792,0.2785,0.276,0.276,0.2843
1991,2,24,2/24/1991,0.2893,1.0,1991-02-24,0.2887,0.2863,0.2837,0.2815,0.2792,0.2785,0.276,0.2858
1991,2,25,2/25/1991,0.2899,1.0,1991-02-25,0.2893,0.2887,0.2863,0.2837,0.2815,0.2792,0.2785,0.2881
1991,2,26,2/26/1991,0.2887,1.0,1991-02-26,0.2899,0.2893,0.2887,0.2863,0.2837,0.2815,0.2792,0.2893
1991,2,27,2/27/1991,0.2862,1.0,1991-02-27,0.2887,0.2899,0.2893,0.2887,0.2863,0.2837,0.2815,0.2903
1991,4,01,4/01/1991,0.2746,1.0,1991-04-01,0.2862,0.2887,0.2899,0.2893,0.2887,0.2863,0.2837,0.2904
1991,4,02,4/02/1991,0.2757,1.0,1991-04-02,0.2746,0.2862,0.2887,0.2899,0.2893,0.2887,0.2863,0.2891
1991,4,03,4/03/1991,0.2772,1.0,1991-04-03,0.2757,0.2746,0.2862,0.2887,0.2899,0.2893,0.2887,0.2864
1991,4,04,4/04/1991,0.279,1.0,1991-04-04,0.2772,0.2757,0.2746,0.2862,0.2887,0.2899,0.2893,0.2843
1991,4,05,4/05/1991,0.2808,1.0,1991-04-05,0.279,0.2772,0.2757,0.2746,0.2862,0.2887,0.2899,0.2826
1991,4,06,4/06/1991,0.282,1.0,1991-04-06,0.2808,0.279,0.2772,0.2757,0.2746,0.2862,0.2887,0.2802
1991,4,07,4/07/1991,0.2833,1.0,1991-04-07,0.282,0.2808,0.279,0.2772,0.2757,0.2746,0.2862,0.2797
1991,4,08,4/08/1991,0.2836,1.0,1991-04-08,0.2833,0.282,0.2808,0.279,0.2772,0.2757,0.2746,0.2795
1991,4,09,4/09/1991,0.2835,1.0,1991-04-09,0.2836,0.2833,0.282,0.2808,0.279,0.2772,0.2757,0.2789
1991,4,10,4/10/1991,0.2841,1.0,1991-04-10,0.2835,0.2836,0.2833,0.282,0.2808,0.279,0.2772,0.2787
1991,4,11,4/11/1991,0.2848,1.0,1991-04-11,0.2841,0.2835,0.2836,0.2833,0.282,0.2808,0.279,0.2779
1991,4,12,4/12/1991,0.2856,1.0,1991-04-12,0.2848,0.2841,0.2835,0.2836,0.2833,0.282,0.2808,0.2782
1991,4,13,4/13/1991,0.2857,1.0,1991-04-13,0.2856,0.2848,0.2841,0.2835,0.2836,0.2833,0.282,0.2776
1991,4,14,4/14/1991,0.2869,1.0,1991-04-14,0.2857,0.2856,0.2848,0.2841,0.2835,0.2836,0.2833,0.2776
1991,4,15,4/15/1991,0.2879,1.0,1991-04-15,0.2869,0.2857,0.2856,0.2848,0.2841,0.2835,0.2836,0.277
1991,4,16,4/16/1991,0.289,1.0,1991-04-16,0.2879,0.2869,0.2857,0.2856,0.2848,0.2841,0.2835,0.276
1991,4,17,4/17/1991,0.2894,1.0,1991-04-17,0.289,0.2879,0.2869,0.2857,0.2856,0.2848,0.2841,0.276
1991,4,18,4/18/1991,0.2883,1.0,1991-04-18,0.2894,0.289,0.2879,0.2869,0.2857,0.2856,0.2848,0.2785
1991,4,19,4/19/1991,0.287,1.0,1991-04-19,0.2883,0.2894,0.289,0.2879,0.2869,0.2857,0.2856,0.2792
1991,4,20,4/20/1991,0.2854,1.0,1991-04-20,0.287,0.2883,0.2894,0.289,0.2879,0.2869,0.2857,0.2815
1991,4,21,4/21/1991,0.2834,1.0,1991-04-21,0.2854,0.287,0.2883,0.2894,0.289,0.2879,0.2869,0.2837
1991,4,22,4/22/1991,0.2801,1.0,1991-04-22,0.2834,0.2854,0.287,0.2883,0.2894,0.289,0.2879,0.2863
1991,4,23,4/23/1991,0.2768,1.0,1991-04-23,0.2801,0.2834,0.2854,0.287,0.2883,0.2894,0.289,0.2887
1991,4,24,4/24/1991,0.2749,1.0,1991-04-24,0.2768,0.2801,0.2834,0.2854,0.287,0.2883,0.2894,0.2893
1991,4,25,4/25/1991,0.2735,1.0,1991-04-25,0.2749,0.2768,0.2801,0.2834,0.2854,0.287,0.2883,0.2899
1991,4,26,4/26/1991,0.2723,1.0,1991-04-26,0.2735,0.2749,0.2768,0.2801,0.2834,0.2854,0.287,0.2887
1991,4,27,4/27/1991,0.2722,1.0,1991-04-27,0.2723,0.2735,0.2749,0.2768,0.2801,0.2834,0.2854,0.2862
1991,4,28,4/28/1991,0.2731,1.0,1991-04-28,0.2722,0.2723,0.2735,0.2749,0.2768,0.2801,0.2834,0.2746
1991,4,29,4/29/1991,0.2745,1.0,1991-04-29,0.2731,0.2722,0.2723,0.2735,0.2749,0.2768,0.2801,0.2757
1991,4,30,4/30/1991,0.276,1.0,1991-04-30,0.2745,0.2731,0.2722,0.2723,0.2735,0.2749,0.2768,0.2772
1991,5,01,5/01/1991,0.277,1.0,1991-05-01,0.276,0.2745,0.2731,0.2722,0.2723,0.2735,0.2749,0.279
1991,5,02,5/02/1991,0.278,1.0,1991-05-02,0.277,0.276,0.2745,0.2731,0.2722,0.2723,0.2735,0.2808
1991,5,03,5/03/1991,0.2793,1.0,1991-05-03,0.278,0.277,0.276,0.2745,0.2731,0.2722,0.2723,0.282
1991,5,04,5/04/1991,0.2799,1.0,1991-05-04,0.2793,0.278,0.277,0.276,0.2745,0.2731,0.2722,0.2833
1991,5,05,5/05/1991,0.2798,1.0,1991-05-05,0.2799,0.2793,0.278,0.277,0.276,0.2745,0.2731,0.2836
1991,5,06,5/06/1991,0.2797,1.0,1991-05-06,0.2798,0.2799,0.2793,0.278,0.277,0.276,0.2745,0.2835
1991,5,07,5/07/1991,0.2797,1.0,1991-05-07,0.2797,0.2798,0.2799,0.2793,0.278,0.277,0.276,0.2841
1991,5,08,5/08/1991,0.2808,2.0,1991-05-08,0.2797,0.2797,0.2798,0.2799,0.2793,0.278,0.277,0.2848
1991,5,09,5/09/1991,0.2801,1.0,1991-05-09,0.2808,0.2797,0.2797,0.2798,0.2799,0.2793,0.278,0.2856
1991,5,10,5/10/1991,0.2814,1.0,1991-05-10,0.2801,0.2808,0.2797,0.2797,0.2798,0.2799,0.2793,0.2857
1991,5,11,5/11/1991,0.2815,1.0,1991-05-11,0.2814,0.2801,0.2808,0.2797,0.2797,0.2798,0.2799,0.2869
1991,5,12,5/12/1991,0.282,1.0,1991-05-12,0.2815,0.2814,0.2801,0.2808,0.2797,0.2797,0.2798,0.2879
1991,5,13,5/13/1991,0.2824,1.0,1991-05-13,0.282,0.2815,0.2814,0.2801,0.2808,0.2797,0.2797,0.289
1991,5,14,5/14/1991,0.2829,1.0,1991-05-14,0.2824,0.282,0.2815,0.2814,0.2801,0.2808,0.2797,0.2894
1991,5,15,5/15/1991,0.2822,1.0,1991-05-15,0.2829,0.2824,0.282,0.2815,0.2814,0.2801,0.2808,0.2883
1991,5,16,5/16/1991,0.2819,1.0,1991-05-16,0.2822,0.2829,0.2824,0.282,0.2815,0.2814,0.2801,0.287
1991,5,17,5/17/1991,0.2801,1.0,1991-05-17,0.2819,0.2822,0.2829,0.2824,0.282,0.2815,0.2814,0.2854
1991,5,18,5/18/1991,0.2793,1.0,1991-05-18,0.2801,0.2819,0.2822,0.2829,0.2824,0.282,0.2815,0.2834
1991,5,19,5/19/1991,0.2771,1.0,1991-05-19,0.2793,0.2801,0.2819,0.2822,0.2829,0.2824,0.282,0.2801
1991,5,20,5/20/1991,0.2763,1.0,1991-05-20,0.2771,0.2793,0.2801,0.2819,0.2822,0.2829,0.2824,0.2768
1991,5,21,5/21/1991,0.275,1.0,1991-05-21,0.2763,0.2771,0.2793,0.2801,0.2819,0.2822,0.2829,0.2749
1991,5,22,5/22/1991,0.2756,2.0,1991-05-22,0.275,0.2763,0.2771,0.2793,0.2801,0.2819,0.2822,0.2735
1991,5,23,5/23/1991,0.2747,2.0,1991-05-23,0.2756,0.275,0.2763,0.2771,0.2793,0.2801,0.2819,0.2723
1991,5,24,5/24/1991,0.2744,2.0,1991-05-24,0.2747,0.2756,0.275,0.2763,0.2771,0.2793,0.2801,0.2722
1991,5,25,5/25/1991,0.2754,2.0,1991-05-25,0.2744,0.2747,0.2756,0.275,0.2763,0.2771,0.2793,0.2731
1991,5,26,5/26/1991,0.276,2.0,1991-05-26,0.2754,0.2744,0.2747,0.2756,0.275,0.2763,0.2771,0.2745
1991,5,27,5/27/1991,0.2775,2.0,1991-05-27,0.276,0.2754,0.2744,0.2747,0.2756,0.275,0.2763,0.276
1991,5,28,5/28/1991,0.2792,2.0,1991-05-28,0.2775,0.276,0.2754,0.2744,0.2747,0.2756,0.275,0.277
1991,5,29,5/29/1991,0.2799,2.0,1991-05-29,0.2792,0.2775,0.276,0.2754,0.2744,0.2747,0.2756,0.278
1991,5,30,5/30/1991,0.2807,2.0,1991-05-30,0.2799,0.2792,0.2775,0.276,0.2754,0.2744,0.2747,0.2793
1991,5,31,5/31/1991,0.2808,2.0,1991-05-31,0.2807,0.2799,0.2792,0.2775,0.276,0.2754,0.2744,0.2799
1991,6,01,6/01/1991,0.2807,2.0,1991-06-01,0.2808,0.2807,0.2799,0.2792,0.2775,0.276,0.2754,0.2798
1991,6,02,6/02/1991,0.2809,2.0,1991-06-02,0.2807,0.2808,0.2807,0.2799,0.2792,0.2775,0.276,0.2797
1991,6,03,6/03/1991,0.281,2.0,1991-06-03,0.2809,0.2807,0.2808,0.2807,0.2799,0.2792,0.2775,0.2797
1991,6,04,6/04/1991,0.2815,2.0,1991-06-04,0.281,0.2809,0.2807,0.2808,0.2807,0.2799,0.2792,0.2808
1991,6,05,6/05/1991,0.2819,2.0,1991-06-05,0.2815,0.281,0.2809,0.2807,0.2808,0.2807,0.2799,0.2801
1991,6,06,6/06/1991,0.2829,2.0,1991-06-06,0.2819,0.2815,0.281,0.2809,0.2807,0.2808,0.2807,0.2814
1991,6,07,6/07/1991,0.2834,2.0,1991-06-07,0.2829,0.2819,0.2815,0.281,0.2809,0.2807,0.2808,0.2815
1991,6,08,6/08/1991,0.2835,2.0,1991-06-08,0.2834,0.2829,0.2819,0.2815,0.281,0.2809,0.2807,0.282
1991,6,09,6/09/1991,0.2838,2.0,1991-06-09,0.2835,0.2834,0.2829,0.2819,0.2815,0.281,0.2809,0.2824
1991,6,10,6/10/1991,0.2851,2.0,1991-06-10,0.2838,0.2835,0.2834,0.2829,0.2819,0.2815,0.281,0.2829
1991,6,11,6/11/1991,0.2843,1.0,1991-06-11,0.2851,0.2838,0.2835,0.2834,0.2829,0.2819,0.2815,0.2822
1991,6,12,6/12/1991,0.2835,1.0,1991-06-12,0.2843,0.2851,0.2838,0.2835,0.2834,0.2829,0.2819,0.2819
1991,6,13,6/13/1991,0.2818,1.0,1991-06-13,0.2835,0.2843,0.2851,0.2838,0.2835,0.2834,0.2829,0.2801
1991,6,14,6/14/1991,0.28,1.0,1991-06-14,0.2818,0.2835,0.2843,0.2851,0.2838,0.2835,0.2834,0.2793
1991,6,15,6/15/1991,0.2781,1.0,1991-06-15,0.28,0.2818,0.2835,0.2843,0.2851,0.2838,0.2835,0.2771
1991,6,16,6/16/1991,0.2769,1.0,1991-06-16,0.2781,0.28,0.2818,0.2835,0.2843,0.2851,0.2838,0.2763
1991,6,17,6/17/1991,0.2759,1.0,1991-06-17,0.2769,0.2781,0.28,0.2818,0.2835,0.2843,0.2851,0.275
1991,6,18,6/18/1991,0.2758,1.0,1991-06-18,0.2759,0.2769,0.2781,0.28,0.2818,0.2835,0.2843,0.2756
1991,6,19,6/19/1991,0.2756,1.0,1991-06-19,0.2758,0.2759,0.2769,0.2781,0.28,0.2818,0.2835,0.2747
1991,6,20,6/20/1991,0.2759,1.0,1991-06-20,0.2756,0.2758,0.2759,0.2769,0.2781,0.28,0.2818,0.2744
1991,6,21,6/21/1991,0.2762,1.0,1991-06-21,0.2759,0.2756,0.2758,0.2759,0.2769,0.2781,0.28,0.2754
1991,6,22,6/22/1991,0.2768,1.0,1991-06-22,0.2762,0.2759,0.2756,0.2758,0.2759,0.2769,0.2781,0.276
1991,6,23,6/23/1991,0.2777,1.0,1991-06-23,0.2768,0.2762,0.2759,0.2756,0.2758,0.2759,0.2769,0.2775
1991,6,24,6/24/1991,0.2785,1.0,1991-06-24,0.2777,0.2768,0.2762,0.2759,0.2756,0.2758,0.2759,0.2792
1991,6,25,6/25/1991,0.2791,1.0,1991-06-25,0.2785,0.2777,0.2768,0.2762,0.2759,0.2756,0.2758,0.2799
1991,6,26,6/26/1991,0.2799,1.0,1991-06-26,0.2791,0.2785,0.2777,0.2768,0.2762,0.2759,0.2756,0.2807
1991,6,27,6/27/1991,0.281,1.0,1991-06-27,0.2799,0.2791,0.2785,0.2777,0.2768,0.2762,0.2759,0.2808
1991,6,28,6/28/1991,0.2815,1.0,1991-06-28,0.281,0.2799,0.2791,0.2785,0.2777,0.2768,0.2762,0.2807
1991,6,29,6/29/1991,0.2815,1.0,1991-06-29,0.2815,0.281,0.2799,0.2791,0.2785,0.2777,0.2768,0.2809
1991,6,30,6/30/1991,0.2822,1.0,1991-06-30,0.2815,0.2815,0.281,0.2799,0.2791,0.2785,0.2777,0.281
1991,7,01,7/01/1991,0.2826,1.0,1991-07-01,0.2822,0.2815,0.2815,0.281,0.2799,0.2791,0.2785,0.2815
1991,7,02,7/02/1991,0.2835,1.0,1991-07-02,0.2826,0.2822,0.2815,0.2815,0.281,0.2799,0.2791,0.2819
1991,7,03,7/03/1991,0.2848,1.0,1991-07-03,0.2835,0.2826,0.2822,0.2815,0.2815,0.281,0.2799,0.2829
1991,7,04,7/04/1991,0.2857,1.0,1991-07-04,0.2848,0.2835,0.2826,0.2822,0.2815,0.2815,0.281,0.2834
1991,7,05,7/05/1991,0.2858,1.0,1991-07-05,0.2857,0.2848,0.2835,0.2826,0.2822,0.2815,0.2815,0.2835
1991,7,06,7/06/1991,0.2859,1.0,1991-07-06,0.2858,0.2857,0.2848,0.2835,0.2826,0.2822,0.2815,0.2838
1991,7,07,7/07/1991,0.2862,1.0,1991-07-07,0.2859,0.2858,0.2857,0.2848,0.2835,0.2826,0.2822,0.2851
1991,7,08,7/08/1991,0.2859,1.0,1991-07-08,0.2862,0.2859,0.2858,0.2857,0.2848,0.2835,0.2826,0.2843
1991,7,09,7/09/1991,0.2852,1.0,1991-07-09,0.2859,0.2862,0.2859,0.2858,0.2857,0.2848,0.2835,0.2835
1991,7,10,7/10/1991,0.2839,1.0,1991-07-10,0.2852,0.2859,0.2862,0.2859,0.2858,0.2857,0.2848,0.2818
1991,7,11,7/11/1991,0.2824,1.0,1991-07-11,0.2839,0.2852,0.2859,0.2862,0.2859,0.2858,0.2857,0.28
1991,7,12,7/12/1991,0.2809,1.0,1991-07-12,0.2824,0.2839,0.2852,0.2859,0.2862,0.2859,0.2858,0.2781
1991,7,13,7/13/1991,0.2796,1.0,1991-07-13,0.2809,0.2824,0.2839,0.2852,0.2859,0.2862,0.2859,0.2769
1991,7,14,7/14/1991,0.2776,1.0,1991-07-14,0.2796,0.2809,0.2824,0.2839,0.2852,0.2859,0.2862,0.2759
1991,7,15,7/15/1991,0.2763,1.0,1991-07-15,0.2776,0.2796,0.2809,0.2824,0.2839,0.2852,0.2859,0.2758
1991,7,16,7/16/1991,0.276,1.0,1991-07-16,0.2763,0.2776,0.2796,0.2809,0.2824,0.2839,0.2852,0.2756
1991,7,17,7/17/1991,0.2752,1.0,1991-07-17,0.276,0.2763,0.2776,0.2796,0.2809,0.2824,0.2839,0.2759
1991,7,18,7/18/1991,0.2747,1.0,1991-07-18,0.2752,0.276,0.2763,0.2776,0.2796,0.2809,0.2824,0.2762
1991,7,19,7/19/1991,0.2752,1.0,1991-07-19,0.2747,0.2752,0.276,0.2763,0.2776,0.2796,0.2809,0.2768
1991,7,20,7/20/1991,0.2764,1.0,1991-07-20,0.2752,0.2747,0.2752,0.276,0.2763,0.2776,0.2796,0.2777
1991,7,21,7/21/1991,0.2782,1.0,1991-07-21,0.2764,0.2752,0.2747,0.2752,0.276,0.2763,0.2776,0.2785
1991,7,22,7/22/1991,0.2801,1.0,1991-07-22,0.2782,0.2764,0.2752,0.2747,0.2752,0.276,0.2763,0.2791
1991,7,23,7/23/1991,0.2819,1.0,1991-07-23,0.2801,0.2782,0.2764,0.2752,0.2747,0.2752,0.276,0.2799
1991,7,24,7/24/1991,0.2834,1.0,1991-07-24,0.2819,0.2801,0.2782,0.2764,0.2752,0.2747,0.2752,0.281
1991,7,25,7/25/1991,0.2837,1.0,1991-07-25,0.2834,0.2819,0.2801,0.2782,0.2764,0.2752,0.2747,0.2815
1991,7,26,7/26/1991,0.284,1.0,1991-07-26,0.2837,0.2834,0.2819,0.2801,0.2782,0.2764,0.2752,0.2815
1991,7,27,7/27/1991,0.2835,1.0,1991-07-27,0.284,0.2837,0.2834,0.2819,0.2801,0.2782,0.2764,0.2822
1991,7,28,7/28/1991,0.2837,1.0,1991-07-28,0.2835,0.284,0.2837,0.2834,0.2819,0.2801,0.2782,0.2826
1991,7,29,7/29/1991,0.2837,1.0,1991-07-29,0.2837,0.2835,0.284,0.2837,0.2834,0.2819,0.2801,0.2835
1991,7,30,7/30/1991,0.2845,1.0,1991-07-30,0.2837,0.2837,0.2835,0.284,0.2837,0.2834,0.2819,0.2848
1991,7,31,7/31/1991,0.2839,1.0,1991-07-31,0.2845,0.2837,0.2837,0.2835,0.284,0.2837,0.2834,0.2857
1991,8,01,8/01/1991,0.2832,1.0,1991-08-01,0.2839,0.2845,0.2837,0.2837,0.2835,0.284,0.2837,0.2858
1991,8,02,8/02/1991,0.2821,1.0,1991-08-02,0.2832,0.2839,0.2845,0.2837,0.2837,0.2835,0.284,0.2859
1991,8,03,8/03/1991,0.2819,1.0,1991-08-03,0.2821,0.2832,0.2839,0.2845,0.2837,0.2837,0.2835,0.2862
1991,8,04,8/04/1991,0.2815,1.0,1991-08-04,0.2819,0.2821,0.2832,0.2839,0.2845,0.2837,0.2837,0.2859
1991,8,05,8/05/1991,0.2813,1.0,1991-08-05,0.2815,0.2819,0.2821,0.2832,0.2839,0.2845,0.2837,0.2852
1991,8,06,8/06/1991,0.2807,1.0,1991-08-06,0.2813,0.2815,0.2819,0.2821,0.2832,0.2839,0.2845,0.2839
1991,8,07,8/07/1991,0.2801,1.0,1991-08-07,0.2807,0.2813,0.2815,0.2819,0.2821,0.2832,0.2839,0.2824
1991,8,08,8/08/1991,0.2792,1.0,1991-08-08,0.2801,0.2807,0.2813,0.2815,0.2819,0.2821,0.2832,0.2809
1991,8,09,8/09/1991,0.2779,1.0,1991-08-09,0.2792,0.2801,0.2807,0.2813,0.2815,0.2819,0.2821,0.2796
1991,8,10,8/10/1991,0.2762,1.0,1991-08-10,0.2779,0.2792,0.2801,0.2807,0.2813,0.2815,0.2819,0.2776
1991,8,11,8/11/1991,0.275,1.0,1991-08-11,0.2762,0.2779,0.2792,0.2801,0.2807,0.2813,0.2815,0.2763
1991,8,12,8/12/1991,0.2746,1.0,1991-08-12,0.275,0.2762,0.2779,0.2792,0.2801,0.2807,0.2813,0.276
1991,8,13,8/13/1991,0.2749,1.0,1991-08-13,0.2746,0.275,0.2762,0.2779,0.2792,0.2801,0.2807,0.2752
1991,8,14,8/14/1991,0.2763,1.0,1991-08-14,0.2749,0.2746,0.275,0.2762,0.2779,0.2792,0.2801,0.2747
1991,8,15,8/15/1991,0.2781,1.0,1991-08-15,0.2763,0.2749,0.2746,0.275,0.2762,0.2779,0.2792,0.2752
1991,8,16,8/16/1991,0.2808,1.0,1991-08-16,0.2781,0.2763,0.2749,0.2746,0.275,0.2762,0.2779,0.2764
1991,8,17,8/17/1991,0.2838,1.0,1991-08-17,0.2808,0.2781,0.2763,0.2749,0.2746,0.275,0.2762,0.2782
1991,8,18,8/18/1991,0.2862,1.0,1991-08-18,0.2838,0.2808,0.2781,0.2763,0.2749,0.2746,0.275,0.2801
1991,8,19,8/19/1991,0.2882,1.0,1991-08-19,0.2862,0.2838,0.2808,0.2781,0.2763,0.2749,0.2746,0.2819
1991,8,20,8/20/1991,0.2891,1.0,1991-08-20,0.2882,0.2862,0.2838,0.2808,0.2781,0.2763,0.2749,0.2834
1991,9,01,9/01/1991,0.2807,2.0,1991-09-01,0.2891,0.2882,0.2862,0.2838,0.2808,0.2781,0.2763,0.2837
1991,9,02,9/02/1991,0.2807,2.0,1991-09-02,0.2807,0.2891,0.2882,0.2862,0.2838,0.2808,0.2781,0.284
1991,9,03,9/03/1991,0.2805,1.0,1991-09-03,0.2807,0.2807,0.2891,0.2882,0.2862,0.2838,0.2808,0.2835
1991,9,04,9/04/1991,0.2788,1.0,1991-09-04,0.2805,0.2807,0.2807,0.2891,0.2882,0.2862,0.2838,0.2837
1991,9,05,9/05/1991,0.2772,1.0,1991-09-05,0.2788,0.2805,0.2807,0.2807,0.2891,0.2882,0.2862,0.2837
1991,9,06,9/06/1991,0.2762,1.0,1991-09-06,0.2772,0.2788,0.2805,0.2807,0.2807,0.2891,0.2882,0.2845
1991,9,07,9/07/1991,0.2751,1.0,1991-09-07,0.2762,0.2772,0.2788,0.2805,0.2807,0.2807,0.2891,0.2839
1991,9,08,9/08/1991,0.2755,1.0,1991-09-08,0.2751,0.2762,0.2772,0.2788,0.2805,0.2807,0.2807,0.2832
1991,9,09,9/09/1991,0.2754,1.0,1991-09-09,0.2755,0.2751,0.2762,0.2772,0.2788,0.2805,0.2807,0.2821
1991,9,10,9/10/1991,0.2761,1.0,1991-09-10,0.2754,0.2755,0.2751,0.2762,0.2772,0.2788,0.2805,0.2819
1991,9,11,9/11/1991,0.2773,1.0,1991-09-11,0.2761,0.2754,0.2755,0.2751,0.2762,0.2772,0.2788,0.2815
1991,9,12,9/12/1991,0.2794,1.0,1991-09-12,0.2773,0.2761,0.2754,0.2755,0.2751,0.2762,0.2772,0.2813
1991,9,13,9/13/1991,0.2811,1.0,1991-09-13,0.2794,0.2773,0.2761,0.2754,0.2755,0.2751,0.2762,0.2807
1991,9,14,9/14/1991,0.2829,1.0,1991-09-14,0.2811,0.2794,0.2773,0.2761,0.2754,0.2755,0.2751,0.2801
1991,9,15,9/15/1991,0.2837,1.0,1991-09-15,0.2829,0.2811,0.2794,0.2773,0.2761,0.2754,0.2755,0.2792
1991,9,16,9/16/1991,0.2837,1.0,1991-09-16,0.2837,0.2829,0.2811,0.2794,0.2773,0.2761,0.2754,0.2779
1991,9,17,9/17/1991,0.2836,2.0,1991-09-17,0.2837,0.2837,0.2829,0.2811,0.2794,0.2773,0.2761,0.2762
1991,9,18,9/18/1991,0.2827,1.0,1991-09-18,0.2836,0.2837,0.2837,0.2829,0.2811,0.2794,0.2773,0.275
1991,9,19,9/19/1991,0.2817,1.0,1991-09-19,0.2827,0.2836,0.2837,0.2837,0.2829,0.2811,0.2794,0.2746
1991,9,20,9/20/1991,0.2813,1.0,1991-09-20,0.2817,0.2827,0.2836,0.2837,0.2837,0.2829,0.2811,0.2749
1991,9,21,9/21/1991,0.281,1.0,1991-09-21,0.2813,0.2817,0.2827,0.2836,0.2837,0.2837,0.2829,0.2763
1991,9,22,9/22/1991,0.2807,1.0,1991-09-22,0.281,0.2813,0.2817,0.2827,0.2836,0.2837,0.2837,0.2781
1991,9,23,9/23/1991,0.2806,1.0,1991-09-23,0.2807,0.281,0.2813,0.2817,0.2827,0.2836,0.2837,0.2808
1991,9,24,9/24/1991,0.2806,1.0,1991-09-24,0.2806,0.2807,0.281,0.2813,0.2817,0.2827,0.2836,0.2838
1991,9,25,9/25/1991,0.2805,1.0,1991-09-25,0.2806,0.2806,0.2807,0.281,0.2813,0.2817,0.2827,0.2862
1991,9,26,9/26/1991,0.2808,1.0,1991-09-26,0.2805,0.2806,0.2806,0.2807,0.281,0.2813,0.2817,0.2882
1991,9,27,9/27/1991,0.2809,1.0,1991-09-27,0.2808,0.2805,0.2806,0.2806,0.2807,0.281,0.2813,0.2891
1991,9,28,9/28/1991,0.2808,1.0,1991-09-28,0.2809,0.2808,0.2805,0.2806,0.2806,0.2807,0.281,0.2807
1991,9,29,9/29/1991,0.2809,2.0,1991-09-29,0.2808,0.2809,0.2808,0.2805,0.2806,0.2806,0.2807,0.2807
1991,9,30,9/30/1991,0.2808,1.0,1991-09-30,0.2809,0.2808,0.2809,0.2808,0.2805,0.2806,0.2806,0.2805
1991,10,01,10/01/1991,0.2808,1.0,1991-10-01,0.2808,0.2809,0.2808,0.2809,0.2808,0.2805,0.2806,0.2788
1991,10,02,10/02/1991,0.2801,1.0,1991-10-02,0.2808,0.2808,0.2809,0.2808,0.2809,0.2808,0.2805,0.2772
1991,10,03,10/03/1991,0.2791,1.0,1991-10-03,0.2801,0.2808,0.2808,0.2809,0.2808,0.2809,0.2808,0.2762
1991,10,04,10/04/1991,0.2779,1.0,1991-10-04,0.2791,0.2801,0.2808,0.2808,0.2809,0.2808,0.2809,0.2751
1991,10,05,10/05/1991,0.2773,1.0,1991-10-05,0.2779,0.2791,0.2801,0.2808,0.2808,0.2809,0.2808,0.2755
1991,10,06,10/06/1991,0.2765,1.0,1991-10-06,0.2773,0.2779,0.2791,0.2801,0.2808,0.2808,0.2809,0.2754
1991,10,07,10/07/1991,0.2766,1.0,1991-10-07,0.2765,0.2773,0.2779,0.2791,0.2801,0.2808,0.2808,0.2761
1991,10,08,10/08/1991,0.276,1.0,1991-10-08,0.2766,0.2765,0.2773,0.2779,0.2791,0.2801,0.2808,0.2773
1991,10,09,10/09/1991,0.2777,1.0,1991-10-09,0.276,0.2766,0.2765,0.2773,0.2779,0.2791,0.2801,0.2794
1991,10,10,10/10/1991,0.279,1.0,1991-10-10,0.2777,0.276,0.2766,0.2765,0.2773,0.2779,0.2791,0.2811
1991,10,11,10/11/1991,0.2799,1.0,1991-10-11,0.279,0.2777,0.276,0.2766,0.2765,0.2773,0.2779,0.2829
1991,10,12,10/12/1991,0.281,1.0,1991-10-12,0.2799,0.279,0.2777,0.276,0.2766,0.2765,0.2773,0.2837
1991,10,13,10/13/1991,0.2815,1.0,1991-10-13,0.281,0.2799,0.279,0.2777,0.276,0.2766,0.2765,0.2837
1991,10,14,10/14/1991,0.282,1.0,1991-10-14,0.2815,0.281,0.2799,0.279,0.2777,0.276,0.2766,0.2836
1991,10,15,10/15/1991,0.282,1.0,1991-10-15,0.282,0.2815,0.281,0.2799,0.279,0.2777,0.276,0.2827
1991,10,16,10/16/1991,0.2815,1.0,1991-10-16,0.282,0.282,0.2815,0.281,0.2799,0.279,0.2777,0.2817
1991,10,17,10/17/1991,0.2805,1.0,1991-10-17,0.2815,0.282,0.282,0.2815,0.281,0.2799,0.279,0.2813
1991,10,18,10/18/1991,0.2796,1.0,1991-10-18,0.2805,0.2815,0.282,0.282,0.2815,0.281,0.2799,0.281
1991,10,19,10/19/1991,0.2782,1.0,1991-10-19,0.2796,0.2805,0.2815,0.282,0.282,0.2815,0.281,0.2807
1991,10,20,10/20/1991,0.2766,1.0,1991-10-20,0.2782,0.2796,0.2805,0.2815,0.282,0.282,0.2815,0.2806
1991,10,21,10/21/1991,0.2757,1.0,1991-10-21,0.2766,0.2782,0.2796,0.2805,0.2815,0.282,0.282,0.2806
1991,10,22,10/22/1991,0.2754,1.0,1991-10-22,0.2757,0.2766,0.2782,0.2796,0.2805,0.2815,0.282,0.2805
1991,10,23,10/23/1991,0.2767,1.0,1991-10-23,0.2754,0.2757,0.2766,0.2782,0.2796,0.2805,0.2815,0.2808
1991,10,24,10/24/1991,0.2788,1.0,1991-10-24,0.2767,0.2754,0.2757,0.2766,0.2782,0.2796,0.2805,0.2809
1991,10,25,10/25/1991,0.2807,1.0,1991-10-25,0.2788,0.2767,0.2754,0.2757,0.2766,0.2782,0.2796,0.2808
1991,10,26,10/26/1991,0.2815,1.0,1991-10-26,0.2807,0.2788,0.2767,0.2754,0.2757,0.2766,0.2782,0.2809
1991,10,27,10/27/1991,0.2829,1.0,1991-10-27,0.2815,0.2807,0.2788,0.2767,0.2754,0.2757,0.2766,0.2808
1991,10,28,10/28/1991,0.2837,1.0,1991-10-28,0.2829,0.2815,0.2807,0.2788,0.2767,0.2754,0.2757,0.2808
1991,10,29,10/29/1991,0.2839,1.0,1991-10-29,0.2837,0.2829,0.2815,0.2807,0.2788,0.2767,0.2754,0.2801
1991,10,30,10/30/1991,0.2849,1.0,1991-10-30,0.2839,0.2837,0.2829,0.2815,0.2807,0.2788,0.2767,0.2791
1991,10,31,10/31/1991,0.2825,1.0,1991-10-31,0.2849,0.2839,0.2837,0.2829,0.2815,0.2807,0.2788,0.2779
1991,11,01,11/01/1991,0.2812,1.0,1991-11-01,0.2825,0.2849,0.2839,0.2837,0.2829,0.2815,0.2807,0.2773
1991,11,02,11/02/1991,0.28,1.0,1991-11-02,0.2812,0.2825,0.2849,0.2839,0.2837,0.2829,0.2815,0.2765
1991,11,03,11/03/1991,0.278,1.0,1991-11-03,0.28,0.2812,0.2825,0.2849,0.2839,0.2837,0.2829,0.2766
1991,11,04,11/04/1991,0.2766,1.0,1991-11-04,0.278,0.28,0.2812,0.2825,0.2849,0.2839,0.2837,0.276
1991,11,05,11/05/1991,0.277,1.0,1991-11-05,0.2766,0.278,0.28,0.2812,0.2825,0.2849,0.2839,0.2777
1991,11,06,11/06/1991,0.2774,2.0,1991-11-06,0.277,0.2766,0.278,0.28,0.2812,0.2825,0.2849,0.279
1991,11,07,11/07/1991,0.2786,1.0,1991-11-07,0.2774,0.277,0.2766,0.278,0.28,0.2812,0.2825,0.2799
1991,11,08,11/08/1991,0.2798,1.0,1991-11-08,0.2786,0.2774,0.277,0.2766,0.278,0.28,0.2812,0.281
1991,11,09,11/09/1991,0.2805,1.0,1991-11-09,0.2798,0.2786,0.2774,0.277,0.2766,0.278,0.28,0.2815
1991,11,10,11/10/1991,0.2813,1.0,1991-11-10,0.2805,0.2798,0.2786,0.2774,0.277,0.2766,0.278,0.282
1991,11,11,11/11/1991,0.2807,1.0,1991-11-11,0.2813,0.2805,0.2798,0.2786,0.2774,0.277,0.2766,0.282
1991,11,12,11/12/1991,0.281,1.0,1991-11-12,0.2807,0.2813,0.2805,0.2798,0.2786,0.2774,0.277,0.2815
1991,11,13,11/13/1991,0.2804,1.0,1991-11-13,0.281,0.2807,0.2813,0.2805,0.2798,0.2786,0.2774,0.2805
1991,11,14,11/14/1991,0.2797,2.0,1991-11-14,0.2804,0.281,0.2807,0.2813,0.2805,0.2798,0.2786,0.2796
1991,11,15,11/15/1991,0.2781,2.0,1991-11-15,0.2797,0.2804,0.281,0.2807,0.2813,0.2805,0.2798,0.2782
1991,11,16,11/16/1991,0.2767,2.0,1991-11-16,0.2781,0.2797,0.2804,0.281,0.2807,0.2813,0.2805,0.2766
1991,11,17,11/17/1991,0.2756,2.0,1991-11-17,0.2767,0.2781,0.2797,0.2804,0.281,0.2807,0.2813,0.2757
1991,11,18,11/18/1991,0.2749,2.0,1991-11-18,0.2756,0.2767,0.2781,0.2797,0.2804,0.281,0.2807,0.2754
1991,11,19,11/19/1991,0.2752,1.0,1991-11-19,0.2749,0.2756,0.2767,0.2781,0.2797,0.2804,0.281,0.2767
1991,11,20,11/20/1991,0.276,1.0,1991-11-20,0.2752,0.2749,0.2756,0.2767,0.2781,0.2797,0.2804,0.2788
1991,11,21,11/21/1991,0.2763,1.0,1991-11-21,0.276,0.2752,0.2749,0.2756,0.2767,0.2781,0.2797,0.2807
1991,11,22,11/22/1991,0.2765,1.0,1991-11-22,0.2763,0.276,0.2752,0.2749,0.2756,0.2767,0.2781,0.2815
1991,11,23,11/23/1991,0.2765,1.0,1991-11-23,0.2765,0.2763,0.276,0.2752,0.2749,0.2756,0.2767,0.2829
1991,11,24,11/24/1991,0.2766,1.0,1991-11-24,0.2765,0.2765,0.2763,0.276,0.2752,0.2749,0.2756,0.2837
1991,11,25,11/25/1991,0.2762,1.0,1991-11-25,0.2766,0.2765,0.2765,0.2763,0.276,0.2752,0.2749,0.2839
1991,11,26,11/26/1991,0.2764,1.0,1991-11-26,0.2762,0.2766,0.2765,0.2765,0.2763,0.276,0.2752,0.2849
1991,11,27,11/27/1991,0.2762,1.0,1991-11-27,0.2764,0.2762,0.2766,0.2765,0.2765,0.2763,0.276,0.2825
1991,11,28,11/28/1991,0.2761,1.0,1991-11-28,0.2762,0.2764,0.2762,0.2766,0.2765,0.2765,0.2763,0.2812
1991,11,29,11/29/1991,0.2759,1.0,1991-11-29,0.2761,0.2762,0.2764,0.2762,0.2766,0.2765,0.2765,0.28
1991,11,30,11/30/1991,0.2754,1.0,1991-11-30,0.2759,0.2761,0.2762,0.2764,0.2762,0.2766,0.2765,0.278
1991,12,01,12/01/1991,0.275,1.0,1991-12-01,0.2754,0.2759,0.2761,0.2762,0.2764,0.2762,0.2766,0.2766
1991,12,02,12/02/1991,0.2749,1.0,1991-12-02,0.275,0.2754,0.2759,0.2761,0.2762,0.2764,0.2762,0.277
1991,12,03,12/03/1991,0.2756,1.0,1991-12-03,0.2749,0.275,0.2754,0.2759,0.2761,0.2762,0.2764,0.2774
1991,12,04,12/04/1991,0.2764,1.0,1991-12-04,0.2756,0.2749,0.275,0.2754,0.2759,0.2761,0.2762,0.2786
1991,12,05,12/05/1991,0.2777,1.0,1991-12-05,0.2764,0.2756,0.2749,0.275,0.2754,0.2759,0.2761,0.2798
1991,12,06,12/06/1991,0.279,1.0,1991-12-06,0.2777,0.2764,0.2756,0.2749,0.275,0.2754,0.2759,0.2805
1991,12,07,12/07/1991,0.2799,1.0,1991-12-07,0.279,0.2777,0.2764,0.2756,0.2749,0.275,0.2754,0.2813
1991,12,08,12/08/1991,0.2812,1.0,1991-12-08,0.2799,0.279,0.2777,0.2764,0.2756,0.2749,0.275,0.2807
1991,12,09,12/09/1991,0.2824,1.0,1991-12-09,0.2812,0.2799,0.279,0.2777,0.2764,0.2756,0.2749,0.281
1991,12,10,12/10/1991,0.2828,1.0,1991-12-10,0.2824,0.2812,0.2799,0.279,0.2777,0.2764,0.2756,0.2804
1991,12,11,12/11/1991,0.2831,1.0,1991-12-11,0.2828,0.2824,0.2812,0.2799,0.279,0.2777,0.2764,0.2797
1991,12,12,12/12/1991,0.2816,1.0,1991-12-12,0.2831,0.2828,0.2824,0.2812,0.2799,0.279,0.2777,0.2781
1991,12,13,12/13/1991,0.2814,1.0,1991-12-13,0.2816,0.2831,0.2828,0.2824,0.2812,0.2799,0.279,0.2767
1991,12,14,12/14/1991,0.2805,1.0,1991-12-14,0.2814,0.2816,0.2831,0.2828,0.2824,0.2812,0.2799,0.2756
1991,12,15,12/15/1991,0.2786,1.0,1991-12-15,0.2805,0.2814,0.2816,0.2831,0.2828,0.2824,0.2812,0.2749
1991,12,16,12/16/1991,0.2775,1.0,1991-12-16,0.2786,0.2805,0.2814,0.2816,0.2831,0.2828,0.2824,0.2752
1991,12,17,12/17/1991,0.2771,1.0,1991-12-17,0.2775,0.2786,0.2805,0.2814,0.2816,0.2831,0.2828,0.276
1991,12,18,12/18/1991,0.2767,1.0,1991-12-18,0.2771,0.2775,0.2786,0.2805,0.2814,0.2816,0.2831,0.2763
1991,12,19,12/19/1991,0.2772,1.0,1991-12-19,0.2767,0.2771,0.2775,0.2786,0.2805,0.2814,0.2816,0.2765
1991,12,20,12/20/1991,0.2768,1.0,1991-12-20,0.2772,0.2767,0.2771,0.2775,0.2786,0.2805,0.2814,0.2765
1991,12,21,12/21/1991,0.2771,1.0,1991-12-21,0.2768,0.2772,0.2767,0.2771,0.2775,0.2786,0.2805,0.2766
1991,12,22,12/22/1991,0.2772,1.0,1991-12-22,0.2771,0.2768,0.2772,0.2767,0.2771,0.2775,0.2786,0.2762
1991,12,23,12/23/1991,0.278,1.0,1991-12-23,0.2772,0.2771,0.2768,0.2772,0.2767,0.2771,0.2775,0.2764
1991,12,24,12/24/1991,0.2789,1.0,1991-12-24,0.278,0.2772,0.2771,0.2768,0.2772,0.2767,0.2771,0.2762
1991,12,25,12/25/1991,0.2792,1.0,1991-12-25,0.2789,0.278,0.2772,0.2771,0.2768,0.2772,0.2767,0.2761
1991,12,26,12/26/1991,0.2798,1.0,1991-12-26,0.2792,0.2789,0.278,0.2772,0.2771,0.2768,0.2772,0.2759
1991,12,27,12/27/1991,0.2794,1.0,1991-12-27,0.2798,0.2792,0.2789,0.278,0.2772,0.2771,0.2768,0.2754
1991,12,28,12/28/1991,0.2787,1.0,1991-12-28,0.2794,0.2798,0.2792,0.2789,0.278,0.2772,0.2771,0.275
1991,12,29,12/29/1991,0.2787,1.0,1991-12-29,0.2787,0.2794,0.2798,0.2792,0.2789,0.278,0.2772,0.2749
1991,12,30,12/30/1991,0.2794,1.0,1991-12-30,0.2787,0.2787,0.2794,0.2798,0.2792,0.2789,0.278,0.2756
1991,12,31,12/31/1991,0.2803,1.0,1991-12-31,0.2794,0.2787,0.2787,0.2794,0.2798,0.2792,0.2789,0.2764
1992,1,01,1/01/1992,0.2809,1.0,1992-01-01,0.2803,0.2794,0.2787,0.2787,0.2794,0.2798,0.2792,0.2777
1992,1,02,1/02/1992,0.2821,1.0,1992-01-02,0.2809,0.2803,0.2794,0.2787,0.2787,0.2794,0.2798,0.279
1992,1,03,1/03/1992,0.2828,1.0,1992-01-03,0.2821,0.2809,0.2803,0.2794,0.2787,0.2787,0.2794,0.2799
1992,1,04,1/04/1992,0.2843,1.0,1992-01-04,0.2828,0.2821,0.2809,0.2803,0.2794,0.2787,0.2787,0.2812
1992,1,05,1/05/1992,0.2848,1.0,1992-01-05,0.2843,0.2828,0.2821,0.2809,0.2803,0.2794,0.2787,0.2824
1992,1,06,1/06/1992,0.2857,1.0,1992-01-06,0.2848,0.2843,0.2828,0.2821,0.2809,0.2803,0.2794,0.2828
1992,1,07,1/07/1992,0.2864,2.0,1992-01-07,0.2857,0.2848,0.2843,0.2828,0.2821,0.2809,0.2803,0.2831
1992,1,08,1/08/1992,0.2869,1.0,1992-01-08,0.2864,0.2857,0.2848,0.2843,0.2828,0.2821,0.2809,0.2816
1992,1,09,1/09/1992,0.2859,1.0,1992-01-09,0.2869,0.2864,0.2857,0.2848,0.2843,0.2828,0.2821,0.2814
1992,1,10,1/10/1992,0.2838,1.0,1992-01-10,0.2859,0.2869,0.2864,0.2857,0.2848,0.2843,0.2828,0.2805
1992,1,11,1/11/1992,0.2816,1.0,1992-01-11,0.2838,0.2859,0.2869,0.2864,0.2857,0.2848,0.2843,0.2786
1992,1,12,1/12/1992,0.2803,1.0,1992-01-12,0.2816,0.2838,0.2859,0.2869,0.2864,0.2857,0.2848,0.2775
1992,1,13,1/13/1992,0.279,2.0,1992-01-13,0.2803,0.2816,0.2838,0.2859,0.2869,0.2864,0.2857,0.2771
1992,1,14,1/14/1992,0.278,1.0,1992-01-14,0.279,0.2803,0.2816,0.2838,0.2859,0.2869,0.2864,0.2767
1992,1,15,1/15/1992,0.2773,1.0,1992-01-15,0.278,0.279,0.2803,0.2816,0.2838,0.2859,0.2869,0.2772
1992,1,16,1/16/1992,0.277,1.0,1992-01-16,0.2773,0.278,0.279,0.2803,0.2816,0.2838,0.2859,0.2768
1992,1,17,1/17/1992,0.2766,1.0,1992-01-17,0.277,0.2773,0.278,0.279,0.2803,0.2816,0.2838,0.2771
1992,1,18,1/18/1992,0.2769,1.0,1992-01-18,0.2766,0.277,0.2773,0.278,0.279,0.2803,0.2816,0.2772
1992,1,19,1/19/1992,0.2779,1.0,1992-01-19,0.2769,0.2766,0.277,0.2773,0.278,0.279,0.2803,0.278
1992,1,20,1/20/1992,0.2788,1.0,1992-01-20,0.2779,0.2769,0.2766,0.277,0.2773,0.278,0.279,0.2789
1992,1,21,1/21/1992,0.2799,1.0,1992-01-21,0.2788,0.2779,0.2769,0.2766,0.277,0.2773,0.278,0.2792
1992,1,22,1/22/1992,0.2803,1.0,1992-01-22,0.2799,0.2788,0.2779,0.2769,0.2766,0.277,0.2773,0.2798
1992,1,23,1/23/1992,0.2798,1.0,1992-01-23,0.2803,0.2799,0.2788,0.2779,0.2769,0.2766,0.277,0.2794
1992,1,24,1/24/1992,0.2796,1.0,1992-01-24,0.2798,0.2803,0.2799,0.2788,0.2779,0.2769,0.2766,0.2787
1992,1,25,1/25/1992,0.2798,1.0,1992-01-25,0.2796,0.2798,0.2803,0.2799,0.2788,0.2779,0.2769,0.2787
1992,1,26,1/26/1992,0.2805,1.0,1992-01-26,0.2798,0.2796,0.2798,0.2803,0.2799,0.2788,0.2779,0.2794
1992,1,27,1/27/1992,0.2812,1.0,1992-01-27,0.2805,0.2798,0.2796,0.2798,0.2803,0.2799,0.2788,0.2803
1992,1,28,1/28/1992,0.2819,1.0,1992-01-28,0.2812,0.2805,0.2798,0.2796,0.2798,0.2803,0.2799,0.2809
1992,1,29,1/29/1992,0.2837,1.0,1992-01-29,0.2819,0.2812,0.2805,0.2798,0.2796,0.2798,0.2803,0.2821
1992,1,30,1/30/1992,0.2852,1.0,1992-01-30,0.2837,0.2819,0.2812,0.2805,0.2798,0.2796,0.2798,0.2828
1992,1,31,1/31/1992,0.2858,1.0,1992-01-31,0.2852,0.2837,0.2819,0.2812,0.2805,0.2798,0.2796,0.2843
1992,2,01,2/01/1992,0.2869,1.0,1992-02-01,0.2858,0.2852,0.2837,0.2819,0.2812,0.2805,0.2798,0.2848
1992,2,02,2/02/1992,0.288,1.0,1992-02-02,0.2869,0.2858,0.2852,0.2837,0.2819,0.2812,0.2805,0.2857
1992,2,03,2/03/1992,0.2881,1.0,1992-02-03,0.288,0.2869,0.2858,0.2852,0.2837,0.2819,0.2812,0.2864
1992,2,04,2/04/1992,0.2864,1.0,1992-02-04,0.2881,0.288,0.2869,0.2858,0.2852,0.2837,0.2819,0.2869
1992,2,05,2/05/1992,0.2846,2.0,1992-02-05,0.2864,0.2881,0.288,0.2869,0.2858,0.2852,0.2837,0.2859
1992,2,06,2/06/1992,0.2831,1.0,1992-02-06,0.2846,0.2864,0.2881,0.288,0.2869,0.2858,0.2852,0.2838
1992,2,07,2/07/1992,0.2824,1.0,1992-02-07,0.2831,0.2846,0.2864,0.2881,0.288,0.2869,0.2858,0.2816
1992,2,08,2/08/1992,0.2818,1.0,1992-02-08,0.2824,0.2831,0.2846,0.2864,0.2881,0.288,0.2869,0.2803
1992,2,09,2/09/1992,0.2817,1.0,1992-02-09,0.2818,0.2824,0.2831,0.2846,0.2864,0.2881,0.288,0.279
1992,2,10,2/10/1992,0.2814,1.0,1992-02-10,0.2817,0.2818,0.2824,0.2831,0.2846,0.2864,0.2881,0.278
1992,2,11,2/11/1992,0.2806,1.0,1992-02-11,0.2814,0.2817,0.2818,0.2824,0.2831,0.2846,0.2864,0.2773
1992,2,12,2/12/1992,0.2804,1.0,1992-02-12,0.2806,0.2814,0.2817,0.2818,0.2824,0.2831,0.2846,0.277
1992,2,13,2/13/1992,0.28,1.0,1992-02-13,0.2804,0.2806,0.2814,0.2817,0.2818,0.2824,0.2831,0.2766
1992,2,14,2/14/1992,0.2796,1.0,1992-02-14,0.28,0.2804,0.2806,0.2814,0.2817,0.2818,0.2824,0.2769
1992,2,15,2/15/1992,0.2795,1.0,1992-02-15,0.2796,0.28,0.2804,0.2806,0.2814,0.2817,0.2818,0.2779
1992,2,16,2/16/1992,0.2796,1.0,1992-02-16,0.2795,0.2796,0.28,0.2804,0.2806,0.2814,0.2817,0.2788
1992,2,17,2/17/1992,0.2794,1.0,1992-02-17,0.2796,0.2795,0.2796,0.28,0.2804,0.2806,0.2814,0.2799
1992,2,18,2/18/1992,0.279,1.0,1992-02-18,0.2794,0.2796,0.2795,0.2796,0.28,0.2804,0.2806,0.2803
1992,2,19,2/19/1992,0.2783,1.0,1992-02-19,0.279,0.2794,0.2796,0.2795,0.2796,0.28,0.2804,0.2798
1992,2,20,2/20/1992,0.2789,1.0,1992-02-20,0.2783,0.279,0.2794,0.2796,0.2795,0.2796,0.28,0.2796
1992,2,21,2/21/1992,0.2804,1.0,1992-02-21,0.2789,0.2783,0.279,0.2794,0.2796,0.2795,0.2796,0.2798
1992,2,22,2/22/1992,0.2813,1.0,1992-02-22,0.2804,0.2789,0.2783,0.279,0.2794,0.2796,0.2795,0.2805
1992,2,23,2/23/1992,0.2828,1.0,1992-02-23,0.2813,0.2804,0.2789,0.2783,0.279,0.2794,0.2796,0.2812
1992,2,24,2/24/1992,0.2843,1.0,1992-02-24,0.2828,0.2813,0.2804,0.2789,0.2783,0.279,0.2794,0.2819
1992,2,25,2/25/1992,0.2864,1.0,1992-02-25,0.2843,0.2828,0.2813,0.2804,0.2789,0.2783,0.279,0.2837
1992,2,26,2/26/1992,0.2868,1.0,1992-02-26,0.2864,0.2843,0.2828,0.2813,0.2804,0.2789,0.2783,0.2852
1992,2,27,2/27/1992,0.2874,1.0,1992-02-27,0.2868,0.2864,0.2843,0.2828,0.2813,0.2804,0.2789,0.2858
1992,2,28,2/28/1992,0.2869,1.0,1992-02-28,0.2874,0.2868,0.2864,0.2843,0.2828,0.2813,0.2804,0.2869
1992,2,29,2/29/1992,0.2862,1.0,1992-02-29,0.2869,0.2874,0.2868,0.2864,0.2843,0.2828,0.2813,0.288
1992,3,01,3/01/1992,0.2846,1.0,1992-03-01,0.2862,0.2869,0.2874,0.2868,0.2864,0.2843,0.2828,0.2881
1992,3,02,3/02/1992,0.2822,1.0,1992-03-02,0.2846,0.2862,0.2869,0.2874,0.2868,0.2864,0.2843,0.2864
1992,3,03,3/03/1992,0.2797,1.0,1992-03-03,0.2822,0.2846,0.2862,0.2869,0.2874,0.2868,0.2864,0.2846
1992,3,04,3/04/1992,0.2774,1.0,1992-03-04,0.2797,0.2822,0.2846,0.2862,0.2869,0.2874,0.2868,0.2831
1992,3,05,3/05/1992,0.2763,1.0,1992-03-05,0.2774,0.2797,0.2822,0.2846,0.2862,0.2869,0.2874,0.2824
1992,3,06,3/06/1992,0.2758,1.0,1992-03-06,0.2763,0.2774,0.2797,0.2822,0.2846,0.2862,0.2869,0.2818
1992,3,07,3/07/1992,0.2761,1.0,1992-03-07,0.2758,0.2763,0.2774,0.2797,0.2822,0.2846,0.2862,0.2817
1992,3,08,3/08/1992,0.2772,1.0,1992-03-08,0.2761,0.2758,0.2763,0.2774,0.2797,0.2822,0.2846,0.2814
1992,3,09,3/09/1992,0.2779,1.0,1992-03-09,0.2772,0.2761,0.2758,0.2763,0.2774,0.2797,0.2822,0.2806
1992,3,10,3/10/1992,0.2783,1.0,1992-03-10,0.2779,0.2772,0.2761,0.2758,0.2763,0.2774,0.2797,0.2804
1992,3,11,3/11/1992,0.2789,1.0,1992-03-11,0.2783,0.2779,0.2772,0.2761,0.2758,0.2763,0.2774,0.28
1992,3,12,3/12/1992,0.2792,1.0,1992-03-12,0.2789,0.2783,0.2779,0.2772,0.2761,0.2758,0.2763,0.2796
1992,3,13,3/13/1992,0.2797,1.0,1992-03-13,0.2792,0.2789,0.2783,0.2779,0.2772,0.2761,0.2758,0.2795
1992,3,14,3/14/1992,0.2796,1.0,1992-03-14,0.2797,0.2792,0.2789,0.2783,0.2779,0.2772,0.2761,0.2796
1992,3,15,3/15/1992,0.2794,1.0,1992-03-15,0.2796,0.2797,0.2792,0.2789,0.2783,0.2779,0.2772,0.2794
1992,3,16,3/16/1992,0.2788,1.0,1992-03-16,0.2794,0.2796,0.2797,0.2792,0.2789,0.2783,0.2779,0.279
1992,3,17,3/17/1992,0.2783,1.0,1992-03-17,0.2788,0.2794,0.2796,0.2797,0.2792,0.2789,0.2783,0.2783
1992,3,18,3/18/1992,0.2783,1.0,1992-03-18,0.2783,0.2788,0.2794,0.2796,0.2797,0.2792,0.2789,0.2789
1992,3,19,3/19/1992,0.2786,1.0,1992-03-19,0.2783,0.2783,0.2788,0.2794,0.2796,0.2797,0.2792,0.2804
1992,3,20,3/20/1992,0.2791,1.0,1992-03-20,0.2786,0.2783,0.2783,0.2788,0.2794,0.2796,0.2797,0.2813
1992,3,21,3/21/1992,0.28,1.0,1992-03-21,0.2791,0.2786,0.2783,0.2783,0.2788,0.2794,0.2796,0.2828
1992,3,22,3/22/1992,0.2798,1.0,1992-03-22,0.28,0.2791,0.2786,0.2783,0.2783,0.2788,0.2794,0.2843
1992,3,23,3/23/1992,0.2797,1.0,1992-03-23,0.2798,0.28,0.2791,0.2786,0.2783,0.2783,0.2788,0.2864
1992,3,24,3/24/1992,0.2804,1.0,1992-03-24,0.2797,0.2798,0.28,0.2791,0.2786,0.2783,0.2783,0.2868
1992,3,25,3/25/1992,0.2807,2.0,1992-03-25,0.2804,0.2797,0.2798,0.28,0.2791,0.2786,0.2783,0.2874
1992,3,26,3/26/1992,0.2808,1.0,1992-03-26,0.2807,0.2804,0.2797,0.2798,0.28,0.2791,0.2786,0.2869
1992,3,27,3/27/1992,0.2799,1.0,1992-03-27,0.2808,0.2807,0.2804,0.2797,0.2798,0.28,0.2791,0.2862
1992,3,28,3/28/1992,0.2787,1.0,1992-03-28,0.2799,0.2808,0.2807,0.2804,0.2797,0.2798,0.28,0.2846
1992,3,29,3/29/1992,0.2778,1.0,1992-03-29,0.2787,0.2799,0.2808,0.2807,0.2804,0.2797,0.2798,0.2822
1992,3,30,3/30/1992,0.2759,1.0,1992-03-30,0.2778,0.2787,0.2799,0.2808,0.2807,0.2804,0.2797,0.2797
1992,3,31,3/31/1992,0.2758,1.0,1992-03-31,0.2759,0.2778,0.2787,0.2799,0.2808,0.2807,0.2804,0.2774
1992,4,01,4/01/1992,0.275,1.0,1992-04-01,0.2758,0.2759,0.2778,0.2787,0.2799,0.2808,0.2807,0.2763
1992,4,02,4/02/1992,0.2742,1.0,1992-04-02,0.275,0.2758,0.2759,0.2778,0.2787,0.2799,0.2808,0.2758
1992,4,03,4/03/1992,0.2745,1.0,1992-04-03,0.2742,0.275,0.2758,0.2759,0.2778,0.2787,0.2799,0.2761
1992,4,04,4/04/1992,0.2735,1.0,1992-04-04,0.2745,0.2742,0.275,0.2758,0.2759,0.2778,0.2787,0.2772
1992,4,05,4/05/1992,0.2728,1.0,1992-04-05,0.2735,0.2745,0.2742,0.275,0.2758,0.2759,0.2778,0.2779
1992,4,06,4/06/1992,0.273,1.0,1992-04-06,0.2728,0.2735,0.2745,0.2742,0.275,0.2758,0.2759,0.2783
1992,4,07,4/07/1992,0.2738,1.0,1992-04-07,0.273,0.2728,0.2735,0.2745,0.2742,0.275,0.2758,0.2789
1992,4,08,4/08/1992,0.2747,1.0,1992-04-08,0.2738,0.273,0.2728,0.2735,0.2745,0.2742,0.275,0.2792
1992,4,09,4/09/1992,0.2754,1.0,1992-04-09,0.2747,0.2738,0.273,0.2728,0.2735,0.2745,0.2742,0.2797
1992,4,10,4/10/1992,0.2762,1.0,1992-04-10,0.2754,0.2747,0.2738,0.273,0.2728,0.2735,0.2745,0.2796
1992,4,11,4/11/1992,0.2764,1.0,1992-04-11,0.2762,0.2754,0.2747,0.2738,0.273,0.2728,0.2735,0.2794
1992,4,12,4/12/1992,0.2765,1.0,1992-04-12,0.2764,0.2762,0.2754,0.2747,0.2738,0.273,0.2728,0.2788
1992,4,13,4/13/1992,0.2767,1.0,1992-04-13,0.2765,0.2764,0.2762,0.2754,0.2747,0.2738,0.273,0.2783
1992,4,14,4/14/1992,0.2766,1.0,1992-04-14,0.2767,0.2765,0.2764,0.2762,0.2754,0.2747,0.2738,0.2783
1992,4,15,4/15/1992,0.2768,1.0,1992-04-15,0.2766,0.2767,0.2765,0.2764,0.2762,0.2754,0.2747,0.2786
1992,4,16,4/16/1992,0.2775,1.0,1992-04-16,0.2768,0.2766,0.2767,0.2765,0.2764,0.2762,0.2754,0.2791
1992,4,17,4/17/1992,0.2782,1.0,1992-04-17,0.2775,0.2768,0.2766,0.2767,0.2765,0.2764,0.2762,0.28
1992,4,18,4/18/1992,0.2784,1.0,1992-04-18,0.2782,0.2775,0.2768,0.2766,0.2767,0.2765,0.2764,0.2798
1992,4,19,4/19/1992,0.2797,1.0,1992-04-19,0.2784,0.2782,0.2775,0.2768,0.2766,0.2767,0.2765,0.2797
1992,4,20,4/20/1992,0.2805,1.0,1992-04-20,0.2797,0.2784,0.2782,0.2775,0.2768,0.2766,0.2767,0.2804
1992,4,21,4/21/1992,0.2815,1.0,1992-04-21,0.2805,0.2797,0.2784,0.2782,0.2775,0.2768,0.2766,0.2807
1992,4,22,4/22/1992,0.2815,1.0,1992-04-22,0.2815,0.2805,0.2797,0.2784,0.2782,0.2775,0.2768,0.2808
1992,4,23,4/23/1992,0.2813,1.0,1992-04-23,0.2815,0.2815,0.2805,0.2797,0.2784,0.2782,0.2775,0.2799
1992,4,24,4/24/1992,0.281,1.0,1992-04-24,0.2813,0.2815,0.2815,0.2805,0.2797,0.2784,0.2782,0.2787
1992,4,25,4/25/1992,0.28,1.0,1992-04-25,0.281,0.2813,0.2815,0.2815,0.2805,0.2797,0.2784,0.2778
1992,4,26,4/26/1992,0.2781,1.0,1992-04-26,0.28,0.281,0.2813,0.2815,0.2815,0.2805,0.2797,0.2759
1992,4,27,4/27/1992,0.2769,1.0,1992-04-27,0.2781,0.28,0.281,0.2813,0.2815,0.2815,0.2805,0.2758
1992,4,28,4/28/1992,0.2751,1.0,1992-04-28,0.2769,0.2781,0.28,0.281,0.2813,0.2815,0.2815,0.275
1992,4,29,4/29/1992,0.2742,1.0,1992-04-29,0.2751,0.2769,0.2781,0.28,0.281,0.2813,0.2815,0.2742
1992,4,30,4/30/1992,0.273,1.0,1992-04-30,0.2742,0.2751,0.2769,0.2781,0.28,0.281,0.2813,0.2745
1992,5,01,5/01/1992,0.2718,1.0,1992-05-01,0.273,0.2742,0.2751,0.2769,0.2781,0.28,0.281,0.2735
1992,5,02,5/02/1992,0.271,1.0,1992-05-02,0.2718,0.273,0.2742,0.2751,0.2769,0.2781,0.28,0.2728
1992,5,03,5/03/1992,0.271,1.0,1992-05-03,0.271,0.2718,0.273,0.2742,0.2751,0.2769,0.2781,0.273
1992,5,04,5/04/1992,0.2715,1.0,1992-05-04,0.271,0.271,0.2718,0.273,0.2742,0.2751,0.2769,0.2738
1992,5,05,5/05/1992,0.2718,1.0,1992-05-05,0.2715,0.271,0.271,0.2718,0.273,0.2742,0.2751,0.2747
1992,5,06,5/06/1992,0.272,1.0,1992-05-06,0.2718,0.2715,0.271,0.271,0.2718,0.273,0.2742,0.2754
1992,5,07,5/07/1992,0.2728,2.0,1992-05-07,0.272,0.2718,0.2715,0.271,0.271,0.2718,0.273,0.2762
1992,5,08,5/08/1992,0.2727,1.0,1992-05-08,0.2728,0.272,0.2718,0.2715,0.271,0.271,0.2718,0.2764
1992,5,09,5/09/1992,0.2727,1.0,1992-05-09,0.2727,0.2728,0.272,0.2718,0.2715,0.271,0.271,0.2765
1992,5,10,5/10/1992,0.273,1.0,1992-05-10,0.2727,0.2727,0.2728,0.272,0.2718,0.2715,0.271,0.2767
1992,5,11,5/11/1992,0.2738,1.0,1992-05-11,0.273,0.2727,0.2727,0.2728,0.272,0.2718,0.2715,0.2766
1992,5,12,5/12/1992,0.274,1.0,1992-05-12,0.2738,0.273,0.2727,0.2727,0.2728,0.272,0.2718,0.2768
1992,5,13,5/13/1992,0.2743,1.0,1992-05-13,0.274,0.2738,0.273,0.2727,0.2727,0.2728,0.272,0.2775
1992,5,14,5/14/1992,0.2745,1.0,1992-05-14,0.2743,0.274,0.2738,0.273,0.2727,0.2727,0.2728,0.2782
1992,5,15,5/15/1992,0.2742,1.0,1992-05-15,0.2745,0.2743,0.274,0.2738,0.273,0.2727,0.2727,0.2784
1992,5,16,5/16/1992,0.2743,1.0,1992-05-16,0.2742,0.2745,0.2743,0.274,0.2738,0.273,0.2727,0.2797
1992,5,17,5/17/1992,0.2748,1.0,1992-05-17,0.2743,0.2742,0.2745,0.2743,0.274,0.2738,0.273,0.2805
1992,5,18,5/18/1992,0.2753,1.0,1992-05-18,0.2748,0.2743,0.2742,0.2745,0.2743,0.274,0.2738,0.2815
1992,5,19,5/19/1992,0.2759,1.0,1992-05-19,0.2753,0.2748,0.2743,0.2742,0.2745,0.2743,0.274,0.2815
1992,5,20,5/20/1992,0.2756,1.0,1992-05-20,0.2759,0.2753,0.2748,0.2743,0.2742,0.2745,0.2743,0.2813
1992,5,21,5/21/1992,0.2757,1.0,1992-05-21,0.2756,0.2759,0.2753,0.2748,0.2743,0.2742,0.2745,0.281
1992,5,22,5/22/1992,0.2756,1.0,1992-05-22,0.2757,0.2756,0.2759,0.2753,0.2748,0.2743,0.2742,0.28
1992,5,23,5/23/1992,0.2755,1.0,1992-05-23,0.2756,0.2757,0.2756,0.2759,0.2753,0.2748,0.2743,0.2781
1992,5,24,5/24/1992,0.2747,1.0,1992-05-24,0.2755,0.2756,0.2757,0.2756,0.2759,0.2753,0.2748,0.2769
1992,5,25,5/25/1992,0.2738,1.0,1992-05-25,0.2747,0.2755,0.2756,0.2757,0.2756,0.2759,0.2753,0.2751
1992,5,26,5/26/1992,0.2726,1.0,1992-05-26,0.2738,0.2747,0.2755,0.2756,0.2757,0.2756,0.2759,0.2742
1992,5,27,5/27/1992,0.2716,1.0,1992-05-27,0.2726,0.2738,0.2747,0.2755,0.2756,0.2757,0.2756,0.273
1992,5,28,5/28/1992,0.2707,1.0,1992-05-28,0.2716,0.2726,0.2738,0.2747,0.2755,0.2756,0.2757,0.2718
1992,5,29,5/29/1992,0.2698,1.0,1992-05-29,0.2707,0.2716,0.2726,0.2738,0.2747,0.2755,0.2756,0.271
1992,5,30,5/30/1992,0.2693,1.0,1992-05-30,0.2698,0.2707,0.2716,0.2726,0.2738,0.2747,0.2755,0.271
1992,5,31,5/31/1992,0.2694,1.0,1992-05-31,0.2693,0.2698,0.2707,0.2716,0.2726,0.2738,0.2747,0.2715
1992,6,01,6/01/1992,0.2689,1.0,1992-06-01,0.2694,0.2693,0.2698,0.2707,0.2716,0.2726,0.2738,0.2718
1992,6,02,6/02/1992,0.269,1.0,1992-06-02,0.2689,0.2694,0.2693,0.2698,0.2707,0.2716,0.2726,0.272
1992,6,03,6/03/1992,0.2691,1.0,1992-06-03,0.269,0.2689,0.2694,0.2693,0.2698,0.2707,0.2716,0.2728
1992,6,04,6/04/1992,0.2696,1.0,1992-06-04,0.2691,0.269,0.2689,0.2694,0.2693,0.2698,0.2707,0.2727
1992,6,05,6/05/1992,0.2705,1.0,1992-06-05,0.2696,0.2691,0.269,0.2689,0.2694,0.2693,0.2698,0.2727
1992,6,06,6/06/1992,0.2713,1.0,1992-06-06,0.2705,0.2696,0.2691,0.269,0.2689,0.2694,0.2693,0.273
1992,6,07,6/07/1992,0.2716,1.0,1992-06-07,0.2713,0.2705,0.2696,0.2691,0.269,0.2689,0.2694,0.2738
1992,6,08,6/08/1992,0.2718,1.0,1992-06-08,0.2716,0.2713,0.2705,0.2696,0.2691,0.269,0.2689,0.274
1992,6,09,6/09/1992,0.2724,1.0,1992-06-09,0.2718,0.2716,0.2713,0.2705,0.2696,0.2691,0.269,0.2743
1992,6,10,6/10/1992,0.273,1.0,1992-06-10,0.2724,0.2718,0.2716,0.2713,0.2705,0.2696,0.2691,0.2745
1992,6,11,6/11/1992,0.274,1.0,1992-06-11,0.273,0.2724,0.2718,0.2716,0.2713,0.2705,0.2696,0.2742
1992,6,12,6/12/1992,0.2743,1.0,1992-06-12,0.274,0.273,0.2724,0.2718,0.2716,0.2713,0.2705,0.2743
1992,6,13,6/13/1992,0.275,1.0,1992-06-13,0.2743,0.274,0.273,0.2724,0.2718,0.2716,0.2713,0.2748
1992,6,14,6/14/1992,0.2752,1.0,1992-06-14,0.275,0.2743,0.274,0.273,0.2724,0.2718,0.2716,0.2753
1992,6,15,6/15/1992,0.2754,1.0,1992-06-15,0.2752,0.275,0.2743,0.274,0.273,0.2724,0.2718,0.2759
1992,6,16,6/16/1992,0.2751,1.0,1992-06-16,0.2754,0.2752,0.275,0.2743,0.274,0.273,0.2724,0.2756
1992,6,17,6/17/1992,0.2748,1.0,1992-06-17,0.2751,0.2754,0.2752,0.275,0.2743,0.274,0.273,0.2757
1992,6,18,6/18/1992,0.2748,1.0,1992-06-18,0.2748,0.2751,0.2754,0.2752,0.275,0.2743,0.274,0.2756
1992,6,19,6/19/1992,0.2742,1.0,1992-06-19,0.2748,0.2748,0.2751,0.2754,0.2752,0.275,0.2743,0.2755
1992,6,20,6/20/1992,0.2735,1.0,1992-06-20,0.2742,0.2748,0.2748,0.2751,0.2754,0.2752,0.275,0.2747
1992,6,21,6/21/1992,0.2728,1.0,1992-06-21,0.2735,0.2742,0.2748,0.2748,0.2751,0.2754,0.2752,0.2738
1992,6,22,6/22/1992,0.2716,1.0,1992-06-22,0.2728,0.2735,0.2742,0.2748,0.2748,0.2751,0.2754,0.2726
1992,6,23,6/23/1992,0.2706,1.0,1992-06-23,0.2716,0.2728,0.2735,0.2742,0.2748,0.2748,0.2751,0.2716
1992,6,24,6/24/1992,0.2697,1.0,1992-06-24,0.2706,0.2716,0.2728,0.2735,0.2742,0.2748,0.2748,0.2707
1992,6,25,6/25/1992,0.2695,1.0,1992-06-25,0.2697,0.2706,0.2716,0.2728,0.2735,0.2742,0.2748,0.2698
1992,6,26,6/26/1992,0.2688,1.0,1992-06-26,0.2695,0.2697,0.2706,0.2716,0.2728,0.2735,0.2742,0.2693
1992,6,27,6/27/1992,0.268,1.0,1992-06-27,0.2688,0.2695,0.2697,0.2706,0.2716,0.2728,0.2735,0.2694
1992,6,28,6/28/1992,0.2684,1.0,1992-06-28,0.268,0.2688,0.2695,0.2697,0.2706,0.2716,0.2728,0.2689
1992,6,29,6/29/1992,0.2686,1.0,1992-06-29,0.2684,0.268,0.2688,0.2695,0.2697,0.2706,0.2716,0.269
1992,6,30,6/30/1992,0.2694,1.0,1992-06-30,0.2686,0.2684,0.268,0.2688,0.2695,0.2697,0.2706,0.2691
1992,7,01,7/01/1992,0.2705,1.0,1992-07-01,0.2694,0.2686,0.2684,0.268,0.2688,0.2695,0.2697,0.2696
1992,7,02,7/02/1992,0.2708,1.0,1992-07-02,0.2705,0.2694,0.2686,0.2684,0.268,0.2688,0.2695,0.2705
1992,7,03,7/03/1992,0.2719,2.0,1992-07-03,0.2708,0.2705,0.2694,0.2686,0.2684,0.268,0.2688,0.2713
1992,7,04,7/04/1992,0.2723,2.0,1992-07-04,0.2719,0.2708,0.2705,0.2694,0.2686,0.2684,0.268,0.2716
1992,7,05,7/05/1992,0.2728,1.0,1992-07-05,0.2723,0.2719,0.2708,0.2705,0.2694,0.2686,0.2684,0.2718
1992,7,06,7/06/1992,0.2733,1.0,1992-07-06,0.2728,0.2723,0.2719,0.2708,0.2705,0.2694,0.2686,0.2724
1992,7,07,7/07/1992,0.2742,1.0,1992-07-07,0.2733,0.2728,0.2723,0.2719,0.2708,0.2705,0.2694,0.273
1992,7,08,7/08/1992,0.2747,1.0,1992-07-08,0.2742,0.2733,0.2728,0.2723,0.2719,0.2708,0.2705,0.274
1992,7,09,7/09/1992,0.2752,1.0,1992-07-09,0.2747,0.2742,0.2733,0.2728,0.2723,0.2719,0.2708,0.2743
1992,7,10,7/10/1992,0.2754,2.0,1992-07-10,0.2752,0.2747,0.2742,0.2733,0.2728,0.2723,0.2719,0.275
1992,7,11,7/11/1992,0.2761,1.0,1992-07-11,0.2754,0.2752,0.2747,0.2742,0.2733,0.2728,0.2723,0.2752
1992,7,12,7/12/1992,0.2764,1.0,1992-07-12,0.2761,0.2754,0.2752,0.2747,0.2742,0.2733,0.2728,0.2754
1992,7,13,7/13/1992,0.2768,1.0,1992-07-13,0.2764,0.2761,0.2754,0.2752,0.2747,0.2742,0.2733,0.2751
1992,7,14,7/14/1992,0.2771,1.0,1992-07-14,0.2768,0.2764,0.2761,0.2754,0.2752,0.2747,0.2742,0.2748
1992,7,15,7/15/1992,0.2772,1.0,1992-07-15,0.2771,0.2768,0.2764,0.2761,0.2754,0.2752,0.2747,0.2748
1992,7,16,7/16/1992,0.2766,1.0,1992-07-16,0.2772,0.2771,0.2768,0.2764,0.2761,0.2754,0.2752,0.2742
1992,7,17,7/17/1992,0.2754,1.0,1992-07-17,0.2766,0.2772,0.2771,0.2768,0.2764,0.2761,0.2754,0.2735
1992,7,18,7/18/1992,0.2741,1.0,1992-07-18,0.2754,0.2766,0.2772,0.2771,0.2768,0.2764,0.2761,0.2728
1992,7,19,7/19/1992,0.2726,1.0,1992-07-19,0.2741,0.2754,0.2766,0.2772,0.2771,0.2768,0.2764,0.2716
1992,7,20,7/20/1992,0.2717,1.0,1992-07-20,0.2726,0.2741,0.2754,0.2766,0.2772,0.2771,0.2768,0.2706
1992,7,21,7/21/1992,0.2711,1.0,1992-07-21,0.2717,0.2726,0.2741,0.2754,0.2766,0.2772,0.2771,0.2697
1992,7,22,7/22/1992,0.2698,1.0,1992-07-22,0.2711,0.2717,0.2726,0.2741,0.2754,0.2766,0.2772,0.2695
1992,7,23,7/23/1992,0.2688,1.0,1992-07-23,0.2698,0.2711,0.2717,0.2726,0.2741,0.2754,0.2766,0.2688
1992,7,24,7/24/1992,0.2679,1.0,1992-07-24,0.2688,0.2698,0.2711,0.2717,0.2726,0.2741,0.2754,0.268
1992,7,25,7/25/1992,0.2678,1.0,1992-07-25,0.2679,0.2688,0.2698,0.2711,0.2717,0.2726,0.2741,0.2684
1992,7,26,7/26/1992,0.2682,1.0,1992-07-26,0.2678,0.2679,0.2688,0.2698,0.2711,0.2717,0.2726,0.2686
1992,7,27,7/27/1992,0.2685,1.0,1992-07-27,0.2682,0.2678,0.2679,0.2688,0.2698,0.2711,0.2717,0.2694
1992,7,28,7/28/1992,0.2689,1.0,1992-07-28,0.2685,0.2682,0.2678,0.2679,0.2688,0.2698,0.2711,0.2705
1992,7,30,7/30/1992,0.2692,1.0,1992-07-30,0.2689,0.2685,0.2682,0.2678,0.2679,0.2688,0.2698,0.2708
1992,7,31,7/31/1992,0.2696,1.0,1992-07-31,0.2692,0.2689,0.2685,0.2682,0.2678,0.2679,0.2688,0.2719
1992,8,01,8/01/1992,0.27,1.0,1992-08-01,0.2696,0.2692,0.2689,0.2685,0.2682,0.2678,0.2679,0.2723
1992,8,02,8/02/1992,0.271,1.0,1992-08-02,0.27,0.2696,0.2692,0.2689,0.2685,0.2682,0.2678,0.2728
1992,8,03,8/03/1992,0.2718,1.0,1992-08-03,0.271,0.27,0.2696,0.2692,0.2689,0.2685,0.2682,0.2733
1992,8,04,8/04/1992,0.2726,1.0,1992-08-04,0.2718,0.271,0.27,0.2696,0.2692,0.2689,0.2685,0.2742
1992,8,05,8/05/1992,0.273,1.0,1992-08-05,0.2726,0.2718,0.271,0.27,0.2696,0.2692,0.2689,0.2747
1992,8,06,8/06/1992,0.2736,1.0,1992-08-06,0.273,0.2726,0.2718,0.271,0.27,0.2696,0.2692,0.2752
1992,8,07,8/07/1992,0.2741,1.0,1992-08-07,0.2736,0.273,0.2726,0.2718,0.271,0.27,0.2696,0.2754
1992,8,08,8/08/1992,0.2751,1.0,1992-08-08,0.2741,0.2736,0.273,0.2726,0.2718,0.271,0.27,0.2761
1992,8,09,8/09/1992,0.2751,1.0,1992-08-09,0.2751,0.2741,0.2736,0.273,0.2726,0.2718,0.271,0.2764
1992,8,10,8/10/1992,0.2748,1.0,1992-08-10,0.2751,0.2751,0.2741,0.2736,0.273,0.2726,0.2718,0.2768
1992,8,11,8/11/1992,0.2743,1.0,1992-08-11,0.2748,0.2751,0.2751,0.2741,0.2736,0.273,0.2726,0.2771
1992,8,12,8/12/1992,0.2738,1.0,1992-08-12,0.2743,0.2748,0.2751,0.2751,0.2741,0.2736,0.273,0.2772
1992,8,13,8/13/1992,0.2738,1.0,1992-08-13,0.2738,0.2743,0.2748,0.2751,0.2751,0.2741,0.2736,0.2766
1992,8,14,8/14/1992,0.2729,1.0,1992-08-14,0.2738,0.2738,0.2743,0.2748,0.2751,0.2751,0.2741,0.2754
1992,8,15,8/15/1992,0.2725,1.0,1992-08-15,0.2729,0.2738,0.2738,0.2743,0.2748,0.2751,0.2751,0.2741
1992,8,16,8/16/1992,0.2724,1.0,1992-08-16,0.2725,0.2729,0.2738,0.2738,0.2743,0.2748,0.2751,0.2726
1992,8,17,8/17/1992,0.2719,1.0,1992-08-17,0.2724,0.2725,0.2729,0.2738,0.2738,0.2743,0.2748,0.2717
1992,8,18,8/18/1992,0.2711,1.0,1992-08-18,0.2719,0.2724,0.2725,0.2729,0.2738,0.2738,0.2743,0.2711
1992,8,19,8/19/1992,0.2703,2.0,1992-08-19,0.2711,0.2719,0.2724,0.2725,0.2729,0.2738,0.2738,0.2698
1992,8,20,8/20/1992,0.27,1.0,1992-08-20,0.2703,0.2711,0.2719,0.2724,0.2725,0.2729,0.2738,0.2688
1992,8,21,8/21/1992,0.2693,1.0,1992-08-21,0.27,0.2703,0.2711,0.2719,0.2724,0.2725,0.2729,0.2679
1992,8,22,8/22/1992,0.2688,1.0,1992-08-22,0.2693,0.27,0.2703,0.2711,0.2719,0.2724,0.2725,0.2678
1992,8,23,8/23/1992,0.2689,2.0,1992-08-23,0.2688,0.2693,0.27,0.2703,0.2711,0.2719,0.2724,0.2682
1992,8,24,8/24/1992,0.2684,2.0,1992-08-24,0.2689,0.2688,0.2693,0.27,0.2703,0.2711,0.2719,0.2685
1992,8,25,8/25/1992,0.2678,2.0,1992-08-25,0.2684,0.2689,0.2688,0.2693,0.27,0.2703,0.2711,0.2689
1992,8,26,8/26/1992,0.268,2.0,1992-08-26,0.2678,0.2684,0.2689,0.2688,0.2693,0.27,0.2703,0.2692
1992,8,27,8/27/1992,0.268,2.0,1992-08-27,0.268,0.2678,0.2684,0.2689,0.2688,0.2693,0.27,0.2696
1992,8,28,8/28/1992,0.2685,1.0,1992-08-28,0.268,0.268,0.2678,0.2684,0.2689,0.2688,0.2693,0.27
1992,8,29,8/29/1992,0.2685,1.0,1992-08-29,0.2685,0.268,0.268,0.2678,0.2684,0.2689,0.2688,0.271
1992,8,30,8/30/1992,0.2691,1.0,1992-08-30,0.2685,0.2685,0.268,0.268,0.2678,0.2684,0.2689,0.2718
1992,8,31,8/31/1992,0.2693,1.0,1992-08-31,0.2691,0.2685,0.2685,0.268,0.268,0.2678,0.2684,0.2726
1992,9,01,9/01/1992,0.2694,1.0,1992-09-01,0.2693,0.2691,0.2685,0.2685,0.268,0.268,0.2678,0.273
1992,9,02,9/02/1992,0.27,1.0,1992-09-02,0.2694,0.2693,0.2691,0.2685,0.2685,0.268,0.268,0.2736
1992,9,03,9/03/1992,0.2701,1.0,1992-09-03,0.27,0.2694,0.2693,0.2691,0.2685,0.2685,0.268,0.2741
1992,9,04,9/04/1992,0.27,1.0,1992-09-04,0.2701,0.27,0.2694,0.2693,0.2691,0.2685,0.2685,0.2751
1992,9,05,9/05/1992,0.2702,1.0,1992-09-05,0.27,0.2701,0.27,0.2694,0.2693,0.2691,0.2685,0.2751
1992,9,06,9/06/1992,0.2706,1.0,1992-09-06,0.2702,0.27,0.2701,0.27,0.2694,0.2693,0.2691,0.2748
1992,9,07,9/07/1992,0.2705,1.0,1992-09-07,0.2706,0.2702,0.27,0.2701,0.27,0.2694,0.2693,0.2743
1992,9,08,9/08/1992,0.2706,1.0,1992-09-08,0.2705,0.2706,0.2702,0.27,0.2701,0.27,0.2694,0.2738
1992,9,09,9/09/1992,0.2707,1.0,1992-09-09,0.2706,0.2705,0.2706,0.2702,0.27,0.2701,0.27,0.2738
1992,9,10,9/10/1992,0.2707,1.0,1992-09-10,0.2707,0.2706,0.2705,0.2706,0.2702,0.27,0.2701,0.2729
1992,9,11,9/11/1992,0.2712,1.0,1992-09-11,0.2707,0.2707,0.2706,0.2705,0.2706,0.2702,0.27,0.2725
1992,9,12,9/12/1992,0.2716,1.0,1992-09-12,0.2712,0.2707,0.2707,0.2706,0.2705,0.2706,0.2702,0.2724
1992,9,13,9/13/1992,0.272,1.0,1992-09-13,0.2716,0.2712,0.2707,0.2707,0.2706,0.2705,0.2706,0.2719
1992,9,14,9/14/1992,0.2717,1.0,1992-09-14,0.272,0.2716,0.2712,0.2707,0.2707,0.2706,0.2705,0.2711
1992,9,15,9/15/1992,0.2708,1.0,1992-09-15,0.2717,0.272,0.2716,0.2712,0.2707,0.2707,0.2706,0.2703
1992,9,16,9/16/1992,0.271,1.0,1992-09-16,0.2708,0.2717,0.272,0.2716,0.2712,0.2707,0.2707,0.27
1992,9,17,9/17/1992,0.2707,1.0,1992-09-17,0.271,0.2708,0.2717,0.272,0.2716,0.2712,0.2707,0.2693
1992,9,18,9/18/1992,0.2702,1.0,1992-09-18,0.2707,0.271,0.2708,0.2717,0.272,0.2716,0.2712,0.2688
1992,9,19,9/19/1992,0.2702,1.0,1992-09-19,0.2702,0.2707,0.271,0.2708,0.2717,0.272,0.2716,0.2689
1992,9,20,9/20/1992,0.27,1.0,1992-09-20,0.2702,0.2702,0.2707,0.271,0.2708,0.2717,0.272,0.2684
1992,9,21,9/21/1992,0.2699,1.0,1992-09-21,0.27,0.2702,0.2702,0.2707,0.271,0.2708,0.2717,0.2678
1992,9,22,9/22/1992,0.2697,1.0,1992-09-22,0.2699,0.27,0.2702,0.2702,0.2707,0.271,0.2708,0.268
1992,9,23,9/23/1992,0.2699,1.0,1992-09-23,0.2697,0.2699,0.27,0.2702,0.2702,0.2707,0.271,0.268
1992,9,24,9/24/1992,0.2697,1.0,1992-09-24,0.2699,0.2697,0.2699,0.27,0.2702,0.2702,0.2707,0.2685
1992,9,25,9/25/1992,0.2699,1.0,1992-09-25,0.2697,0.2699,0.2697,0.2699,0.27,0.2702,0.2702,0.2685
1992,9,26,9/26/1992,0.2702,1.0,1992-09-26,0.2699,0.2697,0.2699,0.2697,0.2699,0.27,0.2702,0.2691
1992,9,27,9/27/1992,0.2706,2.0,1992-09-27,0.2702,0.2699,0.2697,0.2699,0.2697,0.2699,0.27,0.2693
1992,9,28,9/28/1992,0.2705,2.0,1992-09-28,0.2706,0.2702,0.2699,0.2697,0.2699,0.2697,0.2699,0.2694
1992,9,29,9/29/1992,0.2704,2.0,1992-09-29,0.2705,0.2706,0.2702,0.2699,0.2697,0.2699,0.2697,0.27
1992,9,30,9/30/1992,0.2707,2.0,1992-09-30,0.2704,0.2705,0.2706,0.2702,0.2699,0.2697,0.2699,0.2701
1992,10,01,10/01/1992,0.2711,1.0,1992-10-01,0.2707,0.2704,0.2705,0.2706,0.2702,0.2699,0.2697,0.27
1992,10,02,10/02/1992,0.2716,1.0,1992-10-02,0.2711,0.2707,0.2704,0.2705,0.2706,0.2702,0.2699,0.2702
1992,10,03,10/03/1992,0.272,1.0,1992-10-03,0.2716,0.2711,0.2707,0.2704,0.2705,0.2706,0.2702,0.2706
1992,10,04,10/04/1992,0.2723,1.0,1992-10-04,0.272,0.2716,0.2711,0.2707,0.2704,0.2705,0.2706,0.2705
1992,10,05,10/05/1992,0.2728,1.0,1992-10-05,0.2723,0.272,0.2716,0.2711,0.2707,0.2704,0.2705,0.2706
1992,10,06,10/06/1992,0.2733,1.0,1992-10-06,0.2728,0.2723,0.272,0.2716,0.2711,0.2707,0.2704,0.2707
1992,10,07,10/07/1992,0.2735,1.0,1992-10-07,0.2733,0.2728,0.2723,0.272,0.2716,0.2711,0.2707,0.2707
1992,10,08,10/08/1992,0.2733,1.0,1992-10-08,0.2735,0.2733,0.2728,0.2723,0.272,0.2716,0.2711,0.2712
1992,10,09,10/09/1992,0.2726,1.0,1992-10-09,0.2733,0.2735,0.2733,0.2728,0.2723,0.272,0.2716,0.2716
1992,10,10,10/10/1992,0.272,1.0,1992-10-10,0.2726,0.2733,0.2735,0.2733,0.2728,0.2723,0.272,0.272
1992,10,11,10/11/1992,0.2709,1.0,1992-10-11,0.272,0.2726,0.2733,0.2735,0.2733,0.2728,0.2723,0.2717
1992,10,12,10/12/1992,0.2697,1.0,1992-10-12,0.2709,0.272,0.2726,0.2733,0.2735,0.2733,0.2728,0.2708
1992,10,13,10/13/1992,0.269,1.0,1992-10-13,0.2697,0.2709,0.272,0.2726,0.2733,0.2735,0.2733,0.271
1992,10,14,10/14/1992,0.2689,1.0,1992-10-14,0.269,0.2697,0.2709,0.272,0.2726,0.2733,0.2735,0.2707
1992,10,15,10/15/1992,0.2685,1.0,1992-10-15,0.2689,0.269,0.2697,0.2709,0.272,0.2726,0.2733,0.2702
1992,10,16,10/16/1992,0.2685,1.0,1992-10-16,0.2685,0.2689,0.269,0.2697,0.2709,0.272,0.2726,0.2702
1992,10,17,10/17/1992,0.2686,1.0,1992-10-17,0.2685,0.2685,0.2689,0.269,0.2697,0.2709,0.272,0.27
1992,10,18,10/18/1992,0.2689,1.0,1992-10-18,0.2686,0.2685,0.2685,0.2689,0.269,0.2697,0.2709,0.2699
1992,10,19,10/19/1992,0.27,1.0,1992-10-19,0.2689,0.2686,0.2685,0.2685,0.2689,0.269,0.2697,0.2697
1992,10,20,10/20/1992,0.2704,1.0,1992-10-20,0.27,0.2689,0.2686,0.2685,0.2685,0.2689,0.269,0.2699
1992,10,21,10/21/1992,0.2706,1.0,1992-10-21,0.2704,0.27,0.2689,0.2686,0.2685,0.2685,0.2689,0.2697
1992,10,22,10/22/1992,0.2714,2.0,1992-10-22,0.2706,0.2704,0.27,0.2689,0.2686,0.2685,0.2685,0.2699
1992,10,23,10/23/1992,0.2714,1.0,1992-10-23,0.2714,0.2706,0.2704,0.27,0.2689,0.2686,0.2685,0.2702
1992,10,24,10/24/1992,0.2714,1.0,1992-10-24,0.2714,0.2714,0.2706,0.2704,0.27,0.2689,0.2686,0.2706
1992,10,25,10/25/1992,0.2716,1.0,1992-10-25,0.2714,0.2714,0.2714,0.2706,0.2704,0.27,0.2689,0.2705
1992,10,26,10/26/1992,0.2717,1.0,1992-10-26,0.2716,0.2714,0.2714,0.2714,0.2706,0.2704,0.27,0.2704
1992,10,27,10/27/1992,0.2728,1.0,1992-10-27,0.2717,0.2716,0.2714,0.2714,0.2714,0.2706,0.2704,0.2707
1992,10,28,10/28/1992,0.2724,1.0,1992-10-28,0.2728,0.2717,0.2716,0.2714,0.2714,0.2714,0.2706,0.2711
1992,10,29,10/29/1992,0.2728,1.0,1992-10-29,0.2724,0.2728,0.2717,0.2716,0.2714,0.2714,0.2714,0.2716
1992,10,30,10/30/1992,0.2728,2.0,1992-10-30,0.2728,0.2724,0.2728,0.2717,0.2716,0.2714,0.2714,0.272
1992,10,31,10/31/1992,0.2729,1.0,1992-10-31,0.2728,0.2728,0.2724,0.2728,0.2717,0.2716,0.2714,0.2723
1992,11,01,11/01/1992,0.2725,4.0,1992-11-01,0.2729,0.2728,0.2728,0.2724,0.2728,0.2717,0.2716,0.2728
1992,11,02,11/02/1992,0.2724,4.0,1992-11-02,0.2725,0.2729,0.2728,0.2728,0.2724,0.2728,0.2717,0.2733
1992,11,03,11/03/1992,0.272,4.0,1992-11-03,0.2724,0.2725,0.2729,0.2728,0.2728,0.2724,0.2728,0.2735
1992,11,04,11/04/1992,0.2714,4.0,1992-11-04,0.272,0.2724,0.2725,0.2729,0.2728,0.2728,0.2724,0.2733
1992,11,05,11/05/1992,0.2712,4.0,1992-11-05,0.2714,0.272,0.2724,0.2725,0.2729,0.2728,0.2728,0.2726
1992,11,06,11/06/1992,0.2713,4.0,1992-11-06,0.2712,0.2714,0.272,0.2724,0.2725,0.2729,0.2728,0.272
1992,11,07,11/07/1992,0.271,4.0,1992-11-07,0.2713,0.2712,0.2714,0.272,0.2724,0.2725,0.2729,0.2709
1992,11,08,11/08/1992,0.2708,4.0,1992-11-08,0.271,0.2713,0.2712,0.2714,0.272,0.2724,0.2725,0.2697
1992,11,09,11/09/1992,0.2706,4.0,1992-11-09,0.2708,0.271,0.2713,0.2712,0.2714,0.272,0.2724,0.269
1992,11,10,11/10/1992,0.2708,4.0,1992-11-10,0.2706,0.2708,0.271,0.2713,0.2712,0.2714,0.272,0.2689
1992,11,11,11/11/1992,0.271,4.0,1992-11-11,0.2708,0.2706,0.2708,0.271,0.2713,0.2712,0.2714,0.2685
1992,11,12,11/12/1992,0.2715,4.0,1992-11-12,0.271,0.2708,0.2706,0.2708,0.271,0.2713,0.2712,0.2685
1992,11,13,11/13/1992,0.2709,4.0,1992-11-13,0.2715,0.271,0.2708,0.2706,0.2708,0.271,0.2713,0.2686
1992,11,14,11/14/1992,0.2715,4.0,1992-11-14,0.2709,0.2715,0.271,0.2708,0.2706,0.2708,0.271,0.2689
1992,11,15,11/15/1992,0.2714,4.0,1992-11-15,0.2715,0.2709,0.2715,0.271,0.2708,0.2706,0.2708,0.27
1992,11,16,11/16/1992,0.2724,4.0,1992-11-16,0.2714,0.2715,0.2709,0.2715,0.271,0.2708,0.2706,0.2704
1992,11,17,11/17/1992,0.2724,4.0,1992-11-17,0.2724,0.2714,0.2715,0.2709,0.2715,0.271,0.2708,0.2706
1992,11,18,11/18/1992,0.2727,4.0,1992-11-18,0.2724,0.2724,0.2714,0.2715,0.2709,0.2715,0.271,0.2714
1992,11,19,11/19/1992,0.2732,4.0,1992-11-19,0.2727,0.2724,0.2724,0.2714,0.2715,0.2709,0.2715,0.2714
1992,11,20,11/20/1992,0.2741,4.0,1992-11-20,0.2732,0.2727,0.2724,0.2724,0.2714,0.2715,0.2709,0.2714
1992,11,21,11/21/1992,0.2745,4.0,1992-11-21,0.2741,0.2732,0.2727,0.2724,0.2724,0.2714,0.2715,0.2716
1992,11,22,11/22/1992,0.2744,4.0,1992-11-22,0.2745,0.2741,0.2732,0.2727,0.2724,0.2724,0.2714,0.2717
1992,11,23,11/23/1992,0.2749,4.0,1992-11-23,0.2744,0.2745,0.2741,0.2732,0.2727,0.2724,0.2724,0.2728
1992,11,24,11/24/1992,0.2756,4.0,1992-11-24,0.2749,0.2744,0.2745,0.2741,0.2732,0.2727,0.2724,0.2724
1992,11,25,11/25/1992,0.2756,4.0,1992-11-25,0.2756,0.2749,0.2744,0.2745,0.2741,0.2732,0.2727,0.2728
1992,11,26,11/26/1992,0.2758,4.0,1992-11-26,0.2756,0.2756,0.2749,0.2744,0.2745,0.2741,0.2732,0.2728
1992,11,27,11/27/1992,0.2758,4.0,1992-11-27,0.2758,0.2756,0.2756,0.2749,0.2744,0.2745,0.2741,0.2729
1992,11,28,11/28/1992,0.2739,4.0,1992-11-28,0.2758,0.2758,0.2756,0.2756,0.2749,0.2744,0.2745,0.2725
1992,11,29,11/29/1992,0.2736,4.0,1992-11-29,0.2739,0.2758,0.2758,0.2756,0.2756,0.2749,0.2744,0.2724
1992,11,30,11/30/1992,0.2721,4.0,1992-11-30,0.2736,0.2739,0.2758,0.2758,0.2756,0.2756,0.2749,0.272
1992,12,01,12/01/1992,0.2717,1.0,1992-12-01,0.2721,0.2736,0.2739,0.2758,0.2758,0.2756,0.2756,0.2714
1992,12,02,12/02/1992,0.2708,1.0,1992-12-02,0.2717,0.2721,0.2736,0.2739,0.2758,0.2758,0.2756,0.2712
1992,12,04,12/04/1992,0.2697,1.0,1992-12-04,0.2708,0.2717,0.2721,0.2736,0.2739,0.2758,0.2758,0.2713
1992,12,05,12/05/1992,0.269,1.0,1992-12-05,0.2697,0.2708,0.2717,0.2721,0.2736,0.2739,0.2758,0.271
1992,12,06,12/06/1992,0.2686,1.0,1992-12-06,0.269,0.2697,0.2708,0.2717,0.2721,0.2736,0.2739,0.2708
1992,12,07,12/07/1992,0.269,1.0,1992-12-07,0.2686,0.269,0.2697,0.2708,0.2717,0.2721,0.2736,0.2706
1992,12,08,12/08/1992,0.2703,1.0,1992-12-08,0.269,0.2686,0.269,0.2697,0.2708,0.2717,0.2721,0.2708
1992,12,09,12/09/1992,0.2716,1.0,1992-12-09,0.2703,0.269,0.2686,0.269,0.2697,0.2708,0.2717,0.271
1992,12,10,12/10/1992,0.2729,1.0,1992-12-10,0.2716,0.2703,0.269,0.2686,0.269,0.2697,0.2708,0.2715
1992,12,11,12/11/1992,0.2743,1.0,1992-12-11,0.2729,0.2716,0.2703,0.269,0.2686,0.269,0.2697,0.2709
1992,12,12,12/12/1992,0.2745,1.0,1992-12-12,0.2743,0.2729,0.2716,0.2703,0.269,0.2686,0.269,0.2715
1992,12,13,12/13/1992,0.2751,1.0,1992-12-13,0.2745,0.2743,0.2729,0.2716,0.2703,0.269,0.2686,0.2714
1992,12,14,12/14/1992,0.2754,1.0,1992-12-14,0.2751,0.2745,0.2743,0.2729,0.2716,0.2703,0.269,0.2724
1992,12,15,12/15/1992,0.2752,1.0,1992-12-15,0.2754,0.2751,0.2745,0.2743,0.2729,0.2716,0.2703,0.2724
1992,12,16,12/16/1992,0.2752,1.0,1992-12-16,0.2752,0.2754,0.2751,0.2745,0.2743,0.2729,0.2716,0.2727
1992,12,17,12/17/1992,0.2749,1.0,1992-12-17,0.2752,0.2752,0.2754,0.2751,0.2745,0.2743,0.2729,0.2732
1992,12,18,12/18/1992,0.2741,1.0,1992-12-18,0.2749,0.2752,0.2752,0.2754,0.2751,0.2745,0.2743,0.2741
1992,12,19,12/19/1992,0.2739,1.0,1992-12-19,0.2741,0.2749,0.2752,0.2752,0.2754,0.2751,0.2745,0.2745
1992,12,20,12/20/1992,0.2741,1.0,1992-12-20,0.2739,0.2741,0.2749,0.2752,0.2752,0.2754,0.2751,0.2744
1992,12,21,12/21/1992,0.2743,1.0,1992-12-21,0.2741,0.2739,0.2741,0.2749,0.2752,0.2752,0.2754,0.2749
1992,12,22,12/22/1992,0.2749,1.0,1992-12-22,0.2743,0.2741,0.2739,0.2741,0.2749,0.2752,0.2752,0.2756
1992,12,23,12/23/1992,0.2749,1.0,1992-12-23,0.2749,0.2743,0.2741,0.2739,0.2741,0.2749,0.2752,0.2756
1992,12,24,12/24/1992,0.2754,1.0,1992-12-24,0.2749,0.2749,0.2743,0.2741,0.2739,0.2741,0.2749,0.2758
1992,12,25,12/25/1992,0.2753,1.0,1992-12-25,0.2754,0.2749,0.2749,0.2743,0.2741,0.2739,0.2741,0.2758
1992,12,26,12/26/1992,0.2746,1.0,1992-12-26,0.2753,0.2754,0.2749,0.2749,0.2743,0.2741,0.2739,0.2739
1992,12,27,12/27/1992,0.2733,1.0,1992-12-27,0.2746,0.2753,0.2754,0.2749,0.2749,0.2743,0.2741,0.2736
1992,12,28,12/28/1992,0.2723,1.0,1992-12-28,0.2733,0.2746,0.2753,0.2754,0.2749,0.2749,0.2743,0.2721
1992,12,29,12/29/1992,0.2719,1.0,1992-12-29,0.2723,0.2733,0.2746,0.2753,0.2754,0.2749,0.2749,0.2717
1992,12,30,12/30/1992,0.2704,1.0,1992-12-30,0.2719,0.2723,0.2733,0.2746,0.2753,0.2754,0.2749,0.2708
1992,12,31,12/31/1992,0.2691,1.0,1992-12-31,0.2704,0.2719,0.2723,0.2733,0.2746,0.2753,0.2754,0.2697
1993,1,02,1/02/1993,0.2686,1.0,1993-01-02,0.2691,0.2704,0.2719,0.2723,0.2733,0.2746,0.2753,0.269
1993,1,03,1/03/1993,0.2691,1.0,1993-01-03,0.2686,0.2691,0.2704,0.2719,0.2723,0.2733,0.2746,0.2686
1993,1,04,1/04/1993,0.2699,1.0,1993-01-04,0.2691,0.2686,0.2691,0.2704,0.2719,0.2723,0.2733,0.269
1993,1,05,1/05/1993,0.2723,1.0,1993-01-05,0.2699,0.2691,0.2686,0.2691,0.2704,0.2719,0.2723,0.2703
1993,1,06,1/06/1993,0.2713,1.0,1993-01-06,0.2723,0.2699,0.2691,0.2686,0.2691,0.2704,0.2719,0.2716
1993,1,07,1/07/1993,0.2721,1.0,1993-01-07,0.2713,0.2723,0.2699,0.2691,0.2686,0.2691,0.2704,0.2729
1993,1,08,1/08/1993,0.2725,1.0,1993-01-08,0.2721,0.2713,0.2723,0.2699,0.2691,0.2686,0.2691,0.2743
1993,1,09,1/09/1993,0.2727,1.0,1993-01-09,0.2725,0.2721,0.2713,0.2723,0.2699,0.2691,0.2686,0.2745
1993,1,10,1/10/1993,0.2732,1.0,1993-01-10,0.2727,0.2725,0.2721,0.2713,0.2723,0.2699,0.2691,0.2751
1993,1,11,1/11/1993,0.273,1.0,1993-01-11,0.2732,0.2727,0.2725,0.2721,0.2713,0.2723,0.2699,0.2754
1993,1,13,1/13/1993,0.2723,1.0,1993-01-13,0.273,0.2732,0.2727,0.2725,0.2721,0.2713,0.2723,0.2752
1993,1,14,1/14/1993,0.2714,1.0,1993-01-14,0.2723,0.273,0.2732,0.2727,0.2725,0.2721,0.2713,0.2752
1993,1,15,1/15/1993,0.2709,1.0,1993-01-15,0.2714,0.2723,0.273,0.2732,0.2727,0.2725,0.2721,0.2749
1993,1,17,1/17/1993,0.2708,1.0,1993-01-17,0.2709,0.2714,0.2723,0.273,0.2732,0.2727,0.2725,0.2741
1993,1,18,1/18/1993,0.2709,1.0,1993-01-18,0.2708,0.2709,0.2714,0.2723,0.273,0.2732,0.2727,0.2739
1993,1,19,1/19/1993,0.2707,1.0,1993-01-19,0.2709,0.2708,0.2709,0.2714,0.2723,0.273,0.2732,0.2741
1993,1,20,1/20/1993,0.2714,1.0,1993-01-20,0.2707,0.2709,0.2708,0.2709,0.2714,0.2723,0.273,0.2743
1993,1,21,1/21/1993,0.2715,1.0,1993-01-21,0.2714,0.2707,0.2709,0.2708,0.2709,0.2714,0.2723,0.2749
1993,1,22,1/22/1993,0.2713,1.0,1993-01-22,0.2715,0.2714,0.2707,0.2709,0.2708,0.2709,0.2714,0.2749
1993,1,23,1/23/1993,0.2711,1.0,1993-01-23,0.2713,0.2715,0.2714,0.2707,0.2709,0.2708,0.2709,0.2754
1993,1,24,1/24/1993,0.2705,1.0,1993-01-24,0.2711,0.2713,0.2715,0.2714,0.2707,0.2709,0.2708,0.2753
1993,1,25,1/25/1993,0.27,1.0,1993-01-25,0.2705,0.2711,0.2713,0.2715,0.2714,0.2707,0.2709,0.2746
1993,1,26,1/26/1993,0.2691,1.0,1993-01-26,0.27,0.2705,0.2711,0.2713,0.2715,0.2714,0.2707,0.2733
1993,1,27,1/27/1993,0.2686,1.0,1993-01-27,0.2691,0.27,0.2705,0.2711,0.2713,0.2715,0.2714,0.2723
1993,1,29,1/29/1993,0.2689,1.0,1993-01-29,0.2686,0.2691,0.27,0.2705,0.2711,0.2713,0.2715,0.2719
1993,1,30,1/30/1993,0.2686,1.0,1993-01-30,0.2689,0.2686,0.2691,0.27,0.2705,0.2711,0.2713,0.2704
1993,1,31,1/31/1993,0.2687,1.0,1993-01-31,0.2686,0.2689,0.2686,0.2691,0.27,0.2705,0.2711,0.2691
1993,2,01,2/01/1993,0.2687,1.0,1993-02-01,0.2687,0.2686,0.2689,0.2686,0.2691,0.27,0.2705,0.2686
1993,2,02,2/02/1993,0.2693,1.0,1993-02-02,0.2687,0.2687,0.2686,0.2689,0.2686,0.2691,0.27,0.2691
1993,2,03,2/03/1993,0.27,1.0,1993-02-03,0.2693,0.2687,0.2687,0.2686,0.2689,0.2686,0.2691,0.2699
1993,2,04,2/04/1993,0.2712,1.0,1993-02-04,0.27,0.2693,0.2687,0.2687,0.2686,0.2689,0.2686,0.2723
1993,2,05,2/05/1993,0.2724,1.0,1993-02-05,0.2712,0.27,0.2693,0.2687,0.2687,0.2686,0.2689,0.2713
1993,2,06,2/06/1993,0.2728,1.0,1993-02-06,0.2724,0.2712,0.27,0.2693,0.2687,0.2687,0.2686,0.2721
1993,2,07,2/07/1993,0.2733,1.0,1993-02-07,0.2728,0.2724,0.2712,0.27,0.2693,0.2687,0.2687,0.2725
1993,2,08,2/08/1993,0.2733,1.0,1993-02-08,0.2733,0.2728,0.2724,0.2712,0.27,0.2693,0.2687,0.2727
1993,2,09,2/09/1993,0.2733,1.0,1993-02-09,0.2733,0.2733,0.2728,0.2724,0.2712,0.27,0.2693,0.2732
1993,2,10,2/10/1993,0.2726,1.0,1993-02-10,0.2733,0.2733,0.2733,0.2728,0.2724,0.2712,0.27,0.273
1993,2,11,2/11/1993,0.2725,1.0,1993-02-11,0.2726,0.2733,0.2733,0.2733,0.2728,0.2724,0.2712,0.2723
1993,2,12,2/12/1993,0.272,1.0,1993-02-12,0.2725,0.2726,0.2733,0.2733,0.2733,0.2728,0.2724,0.2714
1993,2,13,2/13/1993,0.2716,1.0,1993-02-13,0.272,0.2725,0.2726,0.2733,0.2733,0.2733,0.2728,0.2709
1993,2,14,2/14/1993,0.2711,1.0,1993-02-14,0.2716,0.272,0.2725,0.2726,0.2733,0.2733,0.2733,0.2708
1993,2,15,2/15/1993,0.2708,1.0,1993-02-15,0.2711,0.2716,0.272,0.2725,0.2726,0.2733,0.2733,0.2709
1993,2,16,2/16/1993,0.2711,1.0,1993-02-16,0.2708,0.2711,0.2716,0.272,0.2725,0.2726,0.2733,0.2707
1993,2,17,2/17/1993,0.271,1.0,1993-02-17,0.2711,0.2708,0.2711,0.2716,0.272,0.2725,0.2726,0.2714
1993,2,18,2/18/1993,0.2712,1.0,1993-02-18,0.271,0.2711,0.2708,0.2711,0.2716,0.272,0.2725,0.2715
1993,2,19,2/19/1993,0.2714,1.0,1993-02-19,0.2712,0.271,0.2711,0.2708,0.2711,0.2716,0.272,0.2713
1993,2,20,2/20/1993,0.2712,1.0,1993-02-20,0.2714,0.2712,0.271,0.2711,0.2708,0.2711,0.2716,0.2711
1993,2,21,2/21/1993,0.2713,1.0,1993-02-21,0.2712,0.2714,0.2712,0.271,0.2711,0.2708,0.2711,0.2705
1993,2,22,2/22/1993,0.2708,1.0,1993-02-22,0.2713,0.2712,0.2714,0.2712,0.271,0.2711,0.2708,0.27
1993,2,24,2/24/1993,0.2705,1.0,1993-02-24,0.2708,0.2713,0.2712,0.2714,0.2712,0.271,0.2711,0.2691
1993,2,25,2/25/1993,0.2706,1.0,1993-02-25,0.2705,0.2708,0.2713,0.2712,0.2714,0.2712,0.271,0.2686
1993,2,26,2/26/1993,0.2707,1.0,1993-02-26,0.2706,0.2705,0.2708,0.2713,0.2712,0.2714,0.2712,0.2689
1993,2,27,2/27/1993,0.2702,1.0,1993-02-27,0.2707,0.2706,0.2705,0.2708,0.2713,0.2712,0.2714,0.2686
1993,2,28,2/28/1993,0.2702,1.0,1993-02-28,0.2702,0.2707,0.2706,0.2705,0.2708,0.2713,0.2712,0.2687
1993,3,01,3/01/1993,0.2704,1.0,1993-03-01,0.2702,0.2702,0.2707,0.2706,0.2705,0.2708,0.2713,0.2687
1993,3,02,3/02/1993,0.2708,1.0,1993-03-02,0.2704,0.2702,0.2702,0.2707,0.2706,0.2705,0.2708,0.2693
1993,3,03,3/03/1993,0.2721,1.0,1993-03-03,0.2708,0.2704,0.2702,0.2702,0.2707,0.2706,0.2705,0.27
1993,3,04,3/04/1993,0.273,1.0,1993-03-04,0.2721,0.2708,0.2704,0.2702,0.2702,0.2707,0.2706,0.2712
1993,3,05,3/05/1993,0.2736,1.0,1993-03-05,0.273,0.2721,0.2708,0.2704,0.2702,0.2702,0.2707,0.2724
1993,3,06,3/06/1993,0.2742,1.0,1993-03-06,0.2736,0.273,0.2721,0.2708,0.2704,0.2702,0.2702,0.2728
1993,3,07,3/07/1993,0.2744,1.0,1993-03-07,0.2742,0.2736,0.273,0.2721,0.2708,0.2704,0.2702,0.2733
1993,3,08,3/08/1993,0.2737,1.0,1993-03-08,0.2744,0.2742,0.2736,0.273,0.2721,0.2708,0.2704,0.2733
1993,3,09,3/09/1993,0.273,1.0,1993-03-09,0.2737,0.2744,0.2742,0.2736,0.273,0.2721,0.2708,0.2733
1993,3,10,3/10/1993,0.2725,1.0,1993-03-10,0.273,0.2737,0.2744,0.2742,0.2736,0.273,0.2721,0.2726
1993,3,11,3/11/1993,0.2733,1.0,1993-03-11,0.2725,0.273,0.2737,0.2744,0.2742,0.2736,0.273,0.2725
1993,3,12,3/12/1993,0.2727,1.0,1993-03-12,0.2733,0.2725,0.273,0.2737,0.2744,0.2742,0.2736,0.272
1993,3,13,3/13/1993,0.2718,1.0,1993-03-13,0.2727,0.2733,0.2725,0.273,0.2737,0.2744,0.2742,0.2716
1993,3,14,3/14/1993,0.2706,1.0,1993-03-14,0.2718,0.2727,0.2733,0.2725,0.273,0.2737,0.2744,0.2711
1993,3,15,3/15/1993,0.2702,1.0,1993-03-15,0.2706,0.2718,0.2727,0.2733,0.2725,0.273,0.2737,0.2708
1993,3,16,3/16/1993,0.2701,1.0,1993-03-16,0.2702,0.2706,0.2718,0.2727,0.2733,0.2725,0.273,0.2711
1993,3,17,3/17/1993,0.2707,1.0,1993-03-17,0.2701,0.2702,0.2706,0.2718,0.2727,0.2733,0.2725,0.271
1993,3,18,3/18/1993,0.2717,1.0,1993-03-18,0.2707,0.2701,0.2702,0.2706,0.2718,0.2727,0.2733,0.2712
1993,3,19,3/19/1993,0.2725,1.0,1993-03-19,0.2717,0.2707,0.2701,0.2702,0.2706,0.2718,0.2727,0.2714
1993,3,20,3/20/1993,0.2728,1.0,1993-03-20,0.2725,0.2717,0.2707,0.2701,0.2702,0.2706,0.2718,0.2712
1993,3,21,3/21/1993,0.2726,1.0,1993-03-21,0.2728,0.2725,0.2717,0.2707,0.2701,0.2702,0.2706,0.2713
1993,3,22,3/22/1993,0.2717,1.0,1993-03-22,0.2726,0.2728,0.2725,0.2717,0.2707,0.2701,0.2702,0.2708
1993,3,23,3/23/1993,0.2713,1.0,1993-03-23,0.2717,0.2726,0.2728,0.2725,0.2717,0.2707,0.2701,0.2705
1993,3,24,3/24/1993,0.271,1.0,1993-03-24,0.2713,0.2717,0.2726,0.2728,0.2725,0.2717,0.2707,0.2706
1993,3,25,3/25/1993,0.2711,1.0,1993-03-25,0.271,0.2713,0.2717,0.2726,0.2728,0.2725,0.2717,0.2707
1993,3,26,3/26/1993,0.2712,1.0,1993-03-26,0.2711,0.271,0.2713,0.2717,0.2726,0.2728,0.2725,0.2702
1993,3,28,3/28/1993,0.2708,1.0,1993-03-28,0.2712,0.2711,0.271,0.2713,0.2717,0.2726,0.2728,0.2702
1993,3,29,3/29/1993,0.2711,1.0,1993-03-29,0.2708,0.2712,0.2711,0.271,0.2713,0.2717,0.2726,0.2704
1993,3,30,3/30/1993,0.272,1.0,1993-03-30,0.2711,0.2708,0.2712,0.2711,0.271,0.2713,0.2717,0.2708
1993,3,31,3/31/1993,0.2727,1.0,1993-03-31,0.272,0.2711,0.2708,0.2712,0.2711,0.271,0.2713,0.2721
1993,4,01,4/01/1993,0.2732,1.0,1993-04-01,0.2727,0.272,0.2711,0.2708,0.2712,0.2711,0.271,0.273
1993,4,02,4/02/1993,0.2732,1.0,1993-04-02,0.2732,0.2727,0.272,0.2711,0.2708,0.2712,0.2711,0.2736
1993,4,03,4/03/1993,0.2733,1.0,1993-04-03,0.2732,0.2732,0.2727,0.272,0.2711,0.2708,0.2712,0.2742
1993,4,04,4/04/1993,0.2727,1.0,1993-04-04,0.2733,0.2732,0.2732,0.2727,0.272,0.2711,0.2708,0.2744
1993,4,05,4/05/1993,0.2721,1.0,1993-04-05,0.2727,0.2733,0.2732,0.2732,0.2727,0.272,0.2711,0.2737
1993,4,06,4/06/1993,0.2721,1.0,1993-04-06,0.2721,0.2727,0.2733,0.2732,0.2732,0.2727,0.272,0.273
1993,4,07,4/07/1993,0.2716,1.0,1993-04-07,0.2721,0.2721,0.2727,0.2733,0.2732,0.2732,0.2727,0.2725
1993,4,08,4/08/1993,0.2712,1.0,1993-04-08,0.2716,0.2721,0.2721,0.2727,0.2733,0.2732,0.2732,0.2733
1993,4,09,4/09/1993,0.2711,1.0,1993-04-09,0.2712,0.2716,0.2721,0.2721,0.2727,0.2733,0.2732,0.2727
1993,4,10,4/10/1993,0.2705,1.0,1993-04-10,0.2711,0.2712,0.2716,0.2721,0.2721,0.2727,0.2733,0.2718
1993,4,11,4/11/1993,0.2696,1.0,1993-04-11,0.2705,0.2711,0.2712,0.2716,0.2721,0.2721,0.2727,0.2706
1993,4,12,4/12/1993,0.2687,1.0,1993-04-12,0.2696,0.2705,0.2711,0.2712,0.2716,0.2721,0.2721,0.2702
1993,4,13,4/13/1993,0.2681,1.0,1993-04-13,0.2687,0.2696,0.2705,0.2711,0.2712,0.2716,0.2721,0.2701
1993,4,14,4/14/1993,0.2677,1.0,1993-04-14,0.2681,0.2687,0.2696,0.2705,0.2711,0.2712,0.2716,0.2707
1993,4,15,4/15/1993,0.2678,1.0,1993-04-15,0.2677,0.2681,0.2687,0.2696,0.2705,0.2711,0.2712,0.2717
1993,4,16,4/16/1993,0.2677,1.0,1993-04-16,0.2678,0.2677,0.2681,0.2687,0.2696,0.2705,0.2711,0.2725
1993,4,17,4/17/1993,0.2679,1.0,1993-04-17,0.2677,0.2678,0.2677,0.2681,0.2687,0.2696,0.2705,0.2728
1993,4,18,4/18/1993,0.2681,1.0,1993-04-18,0.2679,0.2677,0.2678,0.2677,0.2681,0.2687,0.2696,0.2726
1993,4,19,4/19/1993,0.2686,1.0,1993-04-19,0.2681,0.2679,0.2677,0.2678,0.2677,0.2681,0.2687,0.2717
1993,4,20,4/20/1993,0.2692,1.0,1993-04-20,0.2686,0.2681,0.2679,0.2677,0.2678,0.2677,0.2681,0.2713
1993,4,21,4/21/1993,0.27,1.0,1993-04-21,0.2692,0.2686,0.2681,0.2679,0.2677,0.2678,0.2677,0.271
1993,4,22,4/22/1993,0.2707,1.0,1993-04-22,0.27,0.2692,0.2686,0.2681,0.2679,0.2677,0.2678,0.2711
1993,4,23,4/23/1993,0.2713,1.0,1993-04-23,0.2707,0.27,0.2692,0.2686,0.2681,0.2679,0.2677,0.2712
1993,4,24,4/24/1993,0.2721,1.0,1993-04-24,0.2713,0.2707,0.27,0.2692,0.2686,0.2681,0.2679,0.2708
1993,4,25,4/25/1993,0.2725,1.0,1993-04-25,0.2721,0.2713,0.2707,0.27,0.2692,0.2686,0.2681,0.2711
1993,4,26,4/26/1993,0.2725,1.0,1993-04-26,0.2725,0.2721,0.2713,0.2707,0.27,0.2692,0.2686,0.272
1993,4,28,4/28/1993,0.2727,1.0,1993-04-28,0.2725,0.2725,0.2721,0.2713,0.2707,0.27,0.2692,0.2727
1993,4,29,4/29/1993,0.2727,1.0,1993-04-29,0.2727,0.2725,0.2725,0.2721,0.2713,0.2707,0.27,0.2732
1993,4,30,4/30/1993,0.2727,1.0,1993-04-30,0.2727,0.2727,0.2725,0.2725,0.2721,0.2713,0.2707,0.2732
1993,5,01,5/01/1993,0.272,1.0,1993-05-01,0.2727,0.2727,0.2727,0.2725,0.2725,0.2721,0.2713,0.2733
1993,5,02,5/02/1993,0.2717,1.0,1993-05-02,0.272,0.2727,0.2727,0.2727,0.2725,0.2725,0.2721,0.2727
1993,5,03,5/03/1993,0.2713,1.0,1993-05-03,0.2717,0.272,0.2727,0.2727,0.2727,0.2725,0.2725,0.2721
1993,5,04,5/04/1993,0.2713,1.0,1993-05-04,0.2713,0.2717,0.272,0.2727,0.2727,0.2727,0.2725,0.2721
1993,5,05,5/05/1993,0.2712,1.0,1993-05-05,0.2713,0.2713,0.2717,0.272,0.2727,0.2727,0.2727,0.2716
1993,5,06,5/06/1993,0.2709,1.0,1993-05-06,0.2712,0.2713,0.2713,0.2717,0.272,0.2727,0.2727,0.2712
1993,5,07,5/07/1993,0.2704,1.0,1993-05-07,0.2709,0.2712,0.2713,0.2713,0.2717,0.272,0.2727,0.2711
1993,5,08,5/08/1993,0.2699,1.0,1993-05-08,0.2704,0.2709,0.2712,0.2713,0.2713,0.2717,0.272,0.2705
1993,5,09,5/09/1993,0.2696,1.0,1993-05-09,0.2699,0.2704,0.2709,0.2712,0.2713,0.2713,0.2717,0.2696
1993,5,10,5/10/1993,0.2695,1.0,1993-05-10,0.2696,0.2699,0.2704,0.2709,0.2712,0.2713,0.2713,0.2687
1993,5,11,5/11/1993,0.2703,1.0,1993-05-11,0.2695,0.2696,0.2699,0.2704,0.2709,0.2712,0.2713,0.2681
1993,5,12,5/12/1993,0.2707,1.0,1993-05-12,0.2703,0.2695,0.2696,0.2699,0.2704,0.2709,0.2712,0.2677
1993,5,13,5/13/1993,0.2704,1.0,1993-05-13,0.2707,0.2703,0.2695,0.2696,0.2699,0.2704,0.2709,0.2678
1993,5,14,5/14/1993,0.27,1.0,1993-05-14,0.2704,0.2707,0.2703,0.2695,0.2696,0.2699,0.2704,0.2677
1993,5,15,5/15/1993,0.2695,1.0,1993-05-15,0.27,0.2704,0.2707,0.2703,0.2695,0.2696,0.2699,0.2679
1993,5,16,5/16/1993,0.2691,1.0,1993-05-16,0.2695,0.27,0.2704,0.2707,0.2703,0.2695,0.2696,0.2681
1993,5,17,5/17/1993,0.2687,1.0,1993-05-17,0.2691,0.2695,0.27,0.2704,0.2707,0.2703,0.2695,0.2686
1993,5,18,5/18/1993,0.2684,1.0,1993-05-18,0.2687,0.2691,0.2695,0.27,0.2704,0.2707,0.2703,0.2692
1993,5,19,5/19/1993,0.2685,1.0,1993-05-19,0.2684,0.2687,0.2691,0.2695,0.27,0.2704,0.2707,0.27
1993,5,20,5/20/1993,0.2685,1.0,1993-05-20,0.2685,0.2684,0.2687,0.2691,0.2695,0.27,0.2704,0.2707
1993,5,21,5/21/1993,0.2686,1.0,1993-05-21,0.2685,0.2685,0.2684,0.2687,0.2691,0.2695,0.27,0.2713
1993,5,22,5/22/1993,0.2686,1.0,1993-05-22,0.2686,0.2685,0.2685,0.2684,0.2687,0.2691,0.2695,0.2721
1993,5,23,5/23/1993,0.2686,1.0,1993-05-23,0.2686,0.2686,0.2685,0.2685,0.2684,0.2687,0.2691,0.2725
1993,5,24,5/24/1993,0.2686,1.0,1993-05-24,0.2686,0.2686,0.2686,0.2685,0.2685,0.2684,0.2687,0.2725
1993,5,25,5/25/1993,0.2692,1.0,1993-05-25,0.2686,0.2686,0.2686,0.2686,0.2685,0.2685,0.2684,0.2727
1993,5,26,5/26/1993,0.27,1.0,1993-05-26,0.2692,0.2686,0.2686,0.2686,0.2686,0.2685,0.2685,0.2727
1993,5,27,5/27/1993,0.2707,1.0,1993-05-27,0.27,0.2692,0.2686,0.2686,0.2686,0.2686,0.2685,0.2727
1993,5,28,5/28/1993,0.2713,1.0,1993-05-28,0.2707,0.27,0.2692,0.2686,0.2686,0.2686,0.2686,0.272
1993,5,29,5/29/1993,0.2721,1.0,1993-05-29,0.2713,0.2707,0.27,0.2692,0.2686,0.2686,0.2686,0.2717
1993,5,30,5/30/1993,0.2727,1.0,1993-05-30,0.2721,0.2713,0.2707,0.27,0.2692,0.2686,0.2686,0.2713
1993,5,31,5/31/1993,0.2732,1.0,1993-05-31,0.2727,0.2721,0.2713,0.2707,0.27,0.2692,0.2686,0.2713
1993,6,01,6/01/1993,0.2741,1.0,1993-06-01,0.2732,0.2727,0.2721,0.2713,0.2707,0.27,0.2692,0.2712
1993,6,02,6/02/1993,0.2742,1.0,1993-06-02,0.2741,0.2732,0.2727,0.2721,0.2713,0.2707,0.27,0.2709
1993,6,03,6/03/1993,0.2741,1.0,1993-06-03,0.2742,0.2741,0.2732,0.2727,0.2721,0.2713,0.2707,0.2704
1993,6,04,6/04/1993,0.2736,1.0,1993-06-04,0.2741,0.2742,0.2741,0.2732,0.2727,0.2721,0.2713,0.2699
1993,6,05,6/05/1993,0.2727,1.0,1993-06-05,0.2736,0.2741,0.2742,0.2741,0.2732,0.2727,0.2721,0.2696
1993,6,06,6/06/1993,0.2714,1.0,1993-06-06,0.2727,0.2736,0.2741,0.2742,0.2741,0.2732,0.2727,0.2695
1993,6,07,6/07/1993,0.271,1.0,1993-06-07,0.2714,0.2727,0.2736,0.2741,0.2742,0.2741,0.2732,0.2703
1993,6,08,6/08/1993,0.2701,1.0,1993-06-08,0.271,0.2714,0.2727,0.2736,0.2741,0.2742,0.2741,0.2707
1993,6,09,6/09/1993,0.2695,1.0,1993-06-09,0.2701,0.271,0.2714,0.2727,0.2736,0.2741,0.2742,0.2704
1993,6,10,6/10/1993,0.2689,1.0,1993-06-10,0.2695,0.2701,0.271,0.2714,0.2727,0.2736,0.2741,0.27
1993,6,11,6/11/1993,0.2679,1.0,1993-06-11,0.2689,0.2695,0.2701,0.271,0.2714,0.2727,0.2736,0.2695
1993,6,12,6/12/1993,0.267,1.0,1993-06-12,0.2679,0.2689,0.2695,0.2701,0.271,0.2714,0.2727,0.2691
1993,6,13,6/13/1993,0.2668,1.0,1993-06-13,0.267,0.2679,0.2689,0.2695,0.2701,0.271,0.2714,0.2687
1993,6,14,6/14/1993,0.2666,1.0,1993-06-14,0.2668,0.267,0.2679,0.2689,0.2695,0.2701,0.271,0.2684
1993,6,15,6/15/1993,0.2667,1.0,1993-06-15,0.2666,0.2668,0.267,0.2679,0.2689,0.2695,0.2701,0.2685
1993,6,16,6/16/1993,0.2666,1.0,1993-06-16,0.2667,0.2666,0.2668,0.267,0.2679,0.2689,0.2695,0.2685
1993,6,17,6/17/1993,0.2668,1.0,1993-06-17,0.2666,0.2667,0.2666,0.2668,0.267,0.2679,0.2689,0.2686
1993,6,18,6/18/1993,0.267,1.0,1993-06-18,0.2668,0.2666,0.2667,0.2666,0.2668,0.267,0.2679,0.2686
1993,6,19,6/19/1993,0.2673,1.0,1993-06-19,0.267,0.2668,0.2666,0.2667,0.2666,0.2668,0.267,0.2686
1993,6,20,6/20/1993,0.2678,1.0,1993-06-20,0.2673,0.267,0.2668,0.2666,0.2667,0.2666,0.2668,0.2686
1993,6,21,6/21/1993,0.2684,1.0,1993-06-21,0.2678,0.2673,0.267,0.2668,0.2666,0.2667,0.2666,0.2692
1993,6,22,6/22/1993,0.2689,1.0,1993-06-22,0.2684,0.2678,0.2673,0.267,0.2668,0.2666,0.2667,0.27
1993,6,23,6/23/1993,0.2695,1.0,1993-06-23,0.2689,0.2684,0.2678,0.2673,0.267,0.2668,0.2666,0.2707
1993,6,24,6/24/1993,0.2706,1.0,1993-06-24,0.2695,0.2689,0.2684,0.2678,0.2673,0.267,0.2668,0.2713
1993,6,25,6/25/1993,0.2709,1.0,1993-06-25,0.2706,0.2695,0.2689,0.2684,0.2678,0.2673,0.267,0.2721
1993,6,26,6/26/1993,0.2718,1.0,1993-06-26,0.2709,0.2706,0.2695,0.2689,0.2684,0.2678,0.2673,0.2727
1993,6,27,6/27/1993,0.273,1.0,1993-06-27,0.2718,0.2709,0.2706,0.2695,0.2689,0.2684,0.2678,0.2732
1993,6,28,6/28/1993,0.2736,1.0,1993-06-28,0.273,0.2718,0.2709,0.2706,0.2695,0.2689,0.2684,0.2741
1993,6,29,6/29/1993,0.2741,1.0,1993-06-29,0.2736,0.273,0.2718,0.2709,0.2706,0.2695,0.2689,0.2742
1993,6,30,6/30/1993,0.2734,1.0,1993-06-30,0.2741,0.2736,0.273,0.2718,0.2709,0.2706,0.2695,0.2741
1993,7,01,7/01/1993,0.2725,1.0,1993-07-01,0.2734,0.2741,0.2736,0.273,0.2718,0.2709,0.2706,0.2736
1993,7,03,7/03/1993,0.2712,1.0,1993-07-03,0.2725,0.2734,0.2741,0.2736,0.273,0.2718,0.2709,0.2727
1993,7,04,7/04/1993,0.2705,1.0,1993-07-04,0.2712,0.2725,0.2734,0.2741,0.2736,0.273,0.2718,0.2714
1993,7,05,7/05/1993,0.2697,1.0,1993-07-05,0.2705,0.2712,0.2725,0.2734,0.2741,0.2736,0.273,0.271
1993,7,06,7/06/1993,0.2686,1.0,1993-07-06,0.2697,0.2705,0.2712,0.2725,0.2734,0.2741,0.2736,0.2701
1993,7,07,7/07/1993,0.2677,1.0,1993-07-07,0.2686,0.2697,0.2705,0.2712,0.2725,0.2734,0.2741,0.2695
1993,7,08,7/08/1993,0.2673,1.0,1993-07-08,0.2677,0.2686,0.2697,0.2705,0.2712,0.2725,0.2734,0.2689
1993,7,09,7/09/1993,0.267,1.0,1993-07-09,0.2673,0.2677,0.2686,0.2697,0.2705,0.2712,0.2725,0.2679
1993,7,10,7/10/1993,0.2666,1.0,1993-07-10,0.267,0.2673,0.2677,0.2686,0.2697,0.2705,0.2712,0.267
1993,7,11,7/11/1993,0.2667,1.0,1993-07-11,0.2666,0.267,0.2673,0.2677,0.2686,0.2697,0.2705,0.2668
1993,7,12,7/12/1993,0.2668,1.0,1993-07-12,0.2667,0.2666,0.267,0.2673,0.2677,0.2686,0.2697,0.2666
1993,7,13,7/13/1993,0.2669,1.0,1993-07-13,0.2668,0.2667,0.2666,0.267,0.2673,0.2677,0.2686,0.2667
1993,7,14,7/14/1993,0.2671,1.0,1993-07-14,0.2669,0.2668,0.2667,0.2666,0.267,0.2673,0.2677,0.2666
1993,7,15,7/15/1993,0.2672,1.0,1993-07-15,0.2671,0.2669,0.2668,0.2667,0.2666,0.267,0.2673,0.2668
1993,7,16,7/16/1993,0.2674,1.0,1993-07-16,0.2672,0.2671,0.2669,0.2668,0.2667,0.2666,0.267,0.267
1993,7,17,7/17/1993,0.2679,1.0,1993-07-17,0.2674,0.2672,0.2671,0.2669,0.2668,0.2667,0.2666,0.2673
1993,7,18,7/18/1993,0.2682,1.0,1993-07-18,0.2679,0.2674,0.2672,0.2671,0.2669,0.2668,0.2667,0.2678
1993,7,19,7/19/1993,0.2688,1.0,1993-07-19,0.2682,0.2679,0.2674,0.2672,0.2671,0.2669,0.2668,0.2684
1993,7,20,7/20/1993,0.2688,1.0,1993-07-20,0.2688,0.2682,0.2679,0.2674,0.2672,0.2671,0.2669,0.2689
1993,7,21,7/21/1993,0.2691,1.0,1993-07-21,0.2688,0.2688,0.2682,0.2679,0.2674,0.2672,0.2671,0.2695
1993,7,22,7/22/1993,0.2699,1.0,1993-07-22,0.2691,0.2688,0.2688,0.2682,0.2679,0.2674,0.2672,0.2706
1993,7,23,7/23/1993,0.2703,1.0,1993-07-23,0.2699,0.2691,0.2688,0.2688,0.2682,0.2679,0.2674,0.2709
1993,7,24,7/24/1993,0.2713,1.0,1993-07-24,0.2703,0.2699,0.2691,0.2688,0.2688,0.2682,0.2679,0.2718
1993,7,25,7/25/1993,0.2716,4.0,1993-07-25,0.2713,0.2703,0.2699,0.2691,0.2688,0.2688,0.2682,0.273
1993,7,26,7/26/1993,0.2721,4.0,1993-07-26,0.2716,0.2713,0.2703,0.2699,0.2691,0.2688,0.2688,0.2736
1993,7,27,7/27/1993,0.272,4.0,1993-07-27,0.2721,0.2716,0.2713,0.2703,0.2699,0.2691,0.2688,0.2741
1993,7,28,7/28/1993,0.2711,4.0,1993-07-28,0.272,0.2721,0.2716,0.2713,0.2703,0.2699,0.2691,0.2734
1993,7,29,7/29/1993,0.2706,4.0,1993-07-29,0.2711,0.272,0.2721,0.2716,0.2713,0.2703,0.2699,0.2725
1993,7,30,7/30/1993,0.27,4.0,1993-07-30,0.2706,0.2711,0.272,0.2721,0.2716,0.2713,0.2703,0.2712
1993,7,31,7/31/1993,0.2696,4.0,1993-07-31,0.27,0.2706,0.2711,0.272,0.2721,0.2716,0.2713,0.2705
1993,8,01,8/01/1993,0.2691,4.0,1993-08-01,0.2696,0.27,0.2706,0.2711,0.272,0.2721,0.2716,0.2697
1993,8,02,8/02/1993,0.2683,4.0,1993-08-02,0.2691,0.2696,0.27,0.2706,0.2711,0.272,0.2721,0.2686
1993,8,03,8/03/1993,0.2672,4.0,1993-08-03,0.2683,0.2691,0.2696,0.27,0.2706,0.2711,0.272,0.2677
1993,8,04,8/04/1993,0.2672,4.0,1993-08-04,0.2672,0.2683,0.2691,0.2696,0.27,0.2706,0.2711,0.2673
1993,8,09,8/09/1993,0.2686,4.0,1993-08-09,0.2672,0.2672,0.2683,0.2691,0.2696,0.27,0.2706,0.267
1993,8,10,8/10/1993,0.2688,4.0,1993-08-10,0.2686,0.2672,0.2672,0.2683,0.2691,0.2696,0.27,0.2666
1993,8,11,8/11/1993,0.2681,4.0,1993-08-11,0.2688,0.2686,0.2672,0.2672,0.2683,0.2691,0.2696,0.2667
1993,8,12,8/12/1993,0.2685,4.0,1993-08-12,0.2681,0.2688,0.2686,0.2672,0.2672,0.2683,0.2691,0.2668
1993,8,13,8/13/1993,0.268,4.0,1993-08-13,0.2685,0.2681,0.2688,0.2686,0.2672,0.2672,0.2683,0.2669
1993,8,14,8/14/1993,0.2684,4.0,1993-08-14,0.268,0.2685,0.2681,0.2688,0.2686,0.2672,0.2672,0.2671
1993,8,15,8/15/1993,0.2684,4.0,1993-08-15,0.2684,0.268,0.2685,0.2681,0.2688,0.2686,0.2672,0.2672
1993,8,16,8/16/1993,0.2674,4.0,1993-08-16,0.2684,0.2684,0.268,0.2685,0.2681,0.2688,0.2686,0.2674
1993,8,17,8/17/1993,0.268,4.0,1993-08-17,0.2674,0.2684,0.2684,0.268,0.2685,0.2681,0.2688,0.2679
1993,8,18,8/18/1993,0.2685,4.0,1993-08-18,0.268,0.2674,0.2684,0.2684,0.268,0.2685,0.2681,0.2682
1993,8,19,8/19/1993,0.2686,4.0,1993-08-19,0.2685,0.268,0.2674,0.2684,0.2684,0.268,0.2685,0.2688
1993,8,20,8/20/1993,0.2694,4.0,1993-08-20,0.2686,0.2685,0.268,0.2674,0.2684,0.2684,0.268,0.2688
1993,8,21,8/21/1993,0.2687,4.0,1993-08-21,0.2694,0.2686,0.2685,0.268,0.2674,0.2684,0.2684,0.2691
1993,8,22,8/22/1993,0.2701,4.0,1993-08-22,0.2687,0.2694,0.2686,0.2685,0.268,0.2674,0.2684,0.2699
1993,8,23,8/23/1993,0.2689,4.0,1993-08-23,0.2701,0.2687,0.2694,0.2686,0.2685,0.268,0.2674,0.2703
1993,8,24,8/24/1993,0.2691,4.0,1993-08-24,0.2689,0.2701,0.2687,0.2694,0.2686,0.2685,0.268,0.2713
1993,8,25,8/25/1993,0.2684,4.0,1993-08-25,0.2691,0.2689,0.2701,0.2687,0.2694,0.2686,0.2685,0.2716
1993,8,26,8/26/1993,0.2684,4.0,1993-08-26,0.2684,0.2691,0.2689,0.2701,0.2687,0.2694,0.2686,0.2721
1993,8,27,8/27/1993,0.2676,4.0,1993-08-27,0.2684,0.2684,0.2691,0.2689,0.2701,0.2687,0.2694,0.272
1993,8,28,8/28/1993,0.2677,4.0,1993-08-28,0.2676,0.2684,0.2684,0.2691,0.2689,0.2701,0.2687,0.2711
1993,8,29,8/29/1993,0.2672,4.0,1993-08-29,0.2677,0.2676,0.2684,0.2684,0.2691,0.2689,0.2701,0.2706
1993,8,30,8/30/1993,0.267,4.0,1993-08-30,0.2672,0.2677,0.2676,0.2684,0.2684,0.2691,0.2689,0.27
1993,8,31,8/31/1993,0.2665,4.0,1993-08-31,0.267,0.2672,0.2677,0.2676,0.2684,0.2684,0.2691,0.2696
1993,9,01,9/01/1993,0.2664,1.0,1993-09-01,0.2665,0.267,0.2672,0.2677,0.2676,0.2684,0.2684,0.2691
1993,9,02,9/02/1993,0.2662,1.0,1993-09-02,0.2664,0.2665,0.267,0.2672,0.2677,0.2676,0.2684,0.2683
1993,9,03,9/03/1993,0.2658,1.0,1993-09-03,0.2662,0.2664,0.2665,0.267,0.2672,0.2677,0.2676,0.2672
1993,9,04,9/04/1993,0.2658,1.0,1993-09-04,0.2658,0.2662,0.2664,0.2665,0.267,0.2672,0.2677,0.2672
1993,9,05,9/05/1993,0.2658,1.0,1993-09-05,0.2658,0.2658,0.2662,0.2664,0.2665,0.267,0.2672,0.2686
1993,9,06,9/06/1993,0.2657,1.0,1993-09-06,0.2658,0.2658,0.2658,0.2662,0.2664,0.2665,0.267,0.2688
1993,9,07,9/07/1993,0.2658,1.0,1993-09-07,0.2657,0.2658,0.2658,0.2658,0.2662,0.2664,0.2665,0.2681
1993,9,08,9/08/1993,0.2656,1.0,1993-09-08,0.2658,0.2657,0.2658,0.2658,0.2658,0.2662,0.2664,0.2685
1993,9,09,9/09/1993,0.2658,1.0,1993-09-09,0.2656,0.2658,0.2657,0.2658,0.2658,0.2658,0.2662,0.268
1993,9,10,9/10/1993,0.2657,1.0,1993-09-10,0.2658,0.2656,0.2658,0.2657,0.2658,0.2658,0.2658,0.2684
1993,9,11,9/11/1993,0.2654,1.0,1993-09-11,0.2657,0.2658,0.2656,0.2658,0.2657,0.2658,0.2658,0.2684
1993,9,12,9/12/1993,0.2652,1.0,1993-09-12,0.2654,0.2657,0.2658,0.2656,0.2658,0.2657,0.2658,0.2674
1993,9,13,9/13/1993,0.2655,1.0,1993-09-13,0.2652,0.2654,0.2657,0.2658,0.2656,0.2658,0.2657,0.268
1993,9,14,9/14/1993,0.2656,1.0,1993-09-14,0.2655,0.2652,0.2654,0.2657,0.2658,0.2656,0.2658,0.2685
1993,9,15,9/15/1993,0.2662,1.0,1993-09-15,0.2656,0.2655,0.2652,0.2654,0.2657,0.2658,0.2656,0.2686
1993,9,16,9/16/1993,0.2669,1.0,1993-09-16,0.2662,0.2656,0.2655,0.2652,0.2654,0.2657,0.2658,0.2694
1993,9,17,9/17/1993,0.2674,1.0,1993-09-17,0.2669,0.2662,0.2656,0.2655,0.2652,0.2654,0.2657,0.2687
1993,9,18,9/18/1993,0.2677,1.0,1993-09-18,0.2674,0.2669,0.2662,0.2656,0.2655,0.2652,0.2654,0.2701
1993,9,19,9/19/1993,0.2676,1.0,1993-09-19,0.2677,0.2674,0.2669,0.2662,0.2656,0.2655,0.2652,0.2689
1993,9,20,9/20/1993,0.2673,1.0,1993-09-20,0.2676,0.2677,0.2674,0.2669,0.2662,0.2656,0.2655,0.2691
1993,9,21,9/21/1993,0.267,1.0,1993-09-21,0.2673,0.2676,0.2677,0.2674,0.2669,0.2662,0.2656,0.2684
1993,9,23,9/23/1993,0.2664,1.0,1993-09-23,0.267,0.2673,0.2676,0.2677,0.2674,0.2669,0.2662,0.2684
1993,9,24,9/24/1993,0.2666,1.0,1993-09-24,0.2664,0.267,0.2673,0.2676,0.2677,0.2674,0.2669,0.2676
1993,9,25,9/25/1993,0.2663,1.0,1993-09-25,0.2666,0.2664,0.267,0.2673,0.2676,0.2677,0.2674,0.2677
1993,9,26,9/26/1993,0.2663,1.0,1993-09-26,0.2663,0.2666,0.2664,0.267,0.2673,0.2676,0.2677,0.2672
1993,9,27,9/27/1993,0.266,1.0,1993-09-27,0.2663,0.2663,0.2666,0.2664,0.267,0.2673,0.2676,0.267
1993,9,28,9/28/1993,0.2664,1.0,1993-09-28,0.266,0.2663,0.2663,0.2666,0.2664,0.267,0.2673,0.2665
1993,9,29,9/29/1993,0.2666,1.0,1993-09-29,0.2664,0.266,0.2663,0.2663,0.2666,0.2664,0.267,0.2664
1993,9,30,9/30/1993,0.2664,1.0,1993-09-30,0.2666,0.2664,0.266,0.2663,0.2663,0.2666,0.2664,0.2662
1993,10,01,10/01/1993,0.2665,1.0,1993-10-01,0.2664,0.2666,0.2664,0.266,0.2663,0.2663,0.2666,0.2658
1993,10,02,10/02/1993,0.267,1.0,1993-10-02,0.2665,0.2664,0.2666,0.2664,0.266,0.2663,0.2663,0.2658
1993,10,03,10/03/1993,0.2672,1.0,1993-10-03,0.267,0.2665,0.2664,0.2666,0.2664,0.266,0.2663,0.2658
1993,10,04,10/04/1993,0.2678,1.0,1993-10-04,0.2672,0.267,0.2665,0.2664,0.2666,0.2664,0.266,0.2657
1993,10,05,10/05/1993,0.2675,1.0,1993-10-05,0.2678,0.2672,0.267,0.2665,0.2664,0.2666,0.2664,0.2658
1993,10,06,10/06/1993,0.2675,1.0,1993-10-06,0.2675,0.2678,0.2672,0.267,0.2665,0.2664,0.2666,0.2656
1993,10,07,10/07/1993,0.2671,1.0,1993-10-07,0.2675,0.2675,0.2678,0.2672,0.267,0.2665,0.2664,0.2658
1993,10,09,10/09/1993,0.2671,1.0,1993-10-09,0.2671,0.2675,0.2675,0.2678,0.2672,0.267,0.2665,0.2657
1993,10,10,10/10/1993,0.2672,1.0,1993-10-10,0.2671,0.2671,0.2675,0.2675,0.2678,0.2672,0.267,0.2654
1993,10,11,10/11/1993,0.2674,1.0,1993-10-11,0.2672,0.2671,0.2671,0.2675,0.2675,0.2678,0.2672,0.2652
1993,10,12,10/12/1993,0.2675,1.0,1993-10-12,0.2674,0.2672,0.2671,0.2671,0.2675,0.2675,0.2678,0.2655
1993,10,13,10/13/1993,0.2674,1.0,1993-10-13,0.2675,0.2674,0.2672,0.2671,0.2671,0.2675,0.2675,0.2656
1993,10,15,10/15/1993,0.2678,1.0,1993-10-15,0.2674,0.2675,0.2674,0.2672,0.2671,0.2671,0.2675,0.2662
1993,10,16,10/16/1993,0.2678,1.0,1993-10-16,0.2678,0.2674,0.2675,0.2674,0.2672,0.2671,0.2671,0.2669
1993,10,17,10/17/1993,0.2677,1.0,1993-10-17,0.2678,0.2678,0.2674,0.2675,0.2674,0.2672,0.2671,0.2674
1993,10,18,10/18/1993,0.2675,1.0,1993-10-18,0.2677,0.2678,0.2678,0.2674,0.2675,0.2674,0.2672,0.2677
1993,10,19,10/19/1993,0.2676,1.0,1993-10-19,0.2675,0.2677,0.2678,0.2678,0.2674,0.2675,0.2674,0.2676
1993,10,20,10/20/1993,0.2673,1.0,1993-10-20,0.2676,0.2675,0.2677,0.2678,0.2678,0.2674,0.2675,0.2673
1993,10,21,10/21/1993,0.2672,1.0,1993-10-21,0.2673,0.2676,0.2675,0.2677,0.2678,0.2678,0.2674,0.267
1993,10,22,10/22/1993,0.2672,1.0,1993-10-22,0.2672,0.2673,0.2676,0.2675,0.2677,0.2678,0.2678,0.2664
1993,10,23,10/23/1993,0.2667,1.0,1993-10-23,0.2672,0.2672,0.2673,0.2676,0.2675,0.2677,0.2678,0.2666
1993,10,24,10/24/1993,0.2664,1.0,1993-10-24,0.2667,0.2672,0.2672,0.2673,0.2676,0.2675,0.2677,0.2663
1993,10,25,10/25/1993,0.2664,1.0,1993-10-25,0.2664,0.2667,0.2672,0.2672,0.2673,0.2676,0.2675,0.2663
1993,10,26,10/26/1993,0.2662,1.0,1993-10-26,0.2664,0.2664,0.2667,0.2672,0.2672,0.2673,0.2676,0.266
1993,10,27,10/27/1993,0.266,1.0,1993-10-27,0.2662,0.2664,0.2664,0.2667,0.2672,0.2672,0.2673,0.2664
1993,10,28,10/28/1993,0.2659,1.0,1993-10-28,0.266,0.2662,0.2664,0.2664,0.2667,0.2672,0.2672,0.2666
1993,10,29,10/29/1993,0.2659,1.0,1993-10-29,0.2659,0.266,0.2662,0.2664,0.2664,0.2667,0.2672,0.2664
1993,10,30,10/30/1993,0.2663,1.0,1993-10-30,0.2659,0.2659,0.266,0.2662,0.2664,0.2664,0.2667,0.2665
1993,10,31,10/31/1993,0.2665,1.0,1993-10-31,0.2663,0.2659,0.2659,0.266,0.2662,0.2664,0.2664,0.267
1993,11,01,11/01/1993,0.2668,1.0,1993-11-01,0.2665,0.2663,0.2659,0.2659,0.266,0.2662,0.2664,0.2672
1993,11,03,11/03/1993,0.2665,1.0,1993-11-03,0.2668,0.2665,0.2663,0.2659,0.2659,0.266,0.2662,0.2678
1993,11,04,11/04/1993,0.2665,1.0,1993-11-04,0.2665,0.2668,0.2665,0.2663,0.2659,0.2659,0.266,0.2675
1993,11,05,11/05/1993,0.2663,1.0,1993-11-05,0.2665,0.2665,0.2668,0.2665,0.2663,0.2659,0.2659,0.2675
1993,11,06,11/06/1993,0.2664,1.0,1993-11-06,0.2663,0.2665,0.2665,0.2668,0.2665,0.2663,0.2659,0.2671
1993,11,07,11/07/1993,0.2664,1.0,1993-11-07,0.2664,0.2663,0.2665,0.2665,0.2668,0.2665,0.2663,0.2671
1993,11,08,11/08/1993,0.2669,1.0,1993-11-08,0.2664,0.2664,0.2663,0.2665,0.2665,0.2668,0.2665,0.2672
1993,11,09,11/09/1993,0.2666,1.0,1993-11-09,0.2669,0.2664,0.2664,0.2663,0.2665,0.2665,0.2668,0.2674
1993,11,10,11/10/1993,0.2665,1.0,1993-11-10,0.2666,0.2669,0.2664,0.2664,0.2663,0.2665,0.2665,0.2675
1993,11,11,11/11/1993,0.2663,1.0,1993-11-11,0.2665,0.2666,0.2669,0.2664,0.2664,0.2663,0.2665,0.2674
1993,11,12,11/12/1993,0.266,1.0,1993-11-12,0.2663,0.2665,0.2666,0.2669,0.2664,0.2664,0.2663,0.2678
1993,11,13,11/13/1993,0.2666,1.0,1993-11-13,0.266,0.2663,0.2665,0.2666,0.2669,0.2664,0.2664,0.2678
1993,11,14,11/14/1993,0.2668,1.0,1993-11-14,0.2666,0.266,0.2663,0.2665,0.2666,0.2669,0.2664,0.2677
1993,11,15,11/15/1993,0.2669,1.0,1993-11-15,0.2668,0.2666,0.266,0.2663,0.2665,0.2666,0.2669,0.2675
1993,11,16,11/16/1993,0.2669,1.0,1993-11-16,0.2669,0.2668,0.2666,0.266,0.2663,0.2665,0.2666,0.2676
1993,11,17,11/17/1993,0.2668,1.0,1993-11-17,0.2669,0.2669,0.2668,0.2666,0.266,0.2663,0.2665,0.2673
1993,11,18,11/18/1993,0.2663,1.0,1993-11-18,0.2668,0.2669,0.2669,0.2668,0.2666,0.266,0.2663,0.2672
1993,11,19,11/19/1993,0.2663,1.0,1993-11-19,0.2663,0.2668,0.2669,0.2669,0.2668,0.2666,0.266,0.2672
1993,11,20,11/20/1993,0.2661,1.0,1993-11-20,0.2663,0.2663,0.2668,0.2669,0.2669,0.2668,0.2666,0.2667
1993,11,21,11/21/1993,0.2662,1.0,1993-11-21,0.2661,0.2663,0.2663,0.2668,0.2669,0.2669,0.2668,0.2664
1993,11,22,11/22/1993,0.2665,1.0,1993-11-22,0.2662,0.2661,0.2663,0.2663,0.2668,0.2669,0.2669,0.2664
1993,11,23,11/23/1993,0.2664,1.0,1993-11-23,0.2665,0.2662,0.2661,0.2663,0.2663,0.2668,0.2669,0.2662
1993,11,24,11/24/1993,0.2667,1.0,1993-11-24,0.2664,0.2665,0.2662,0.2661,0.2663,0.2663,0.2668,0.266
1993,11,25,11/25/1993,0.2666,1.0,1993-11-25,0.2667,0.2664,0.2665,0.2662,0.2661,0.2663,0.2663,0.2659
1993,11,26,11/26/1993,0.2668,1.0,1993-11-26,0.2666,0.2667,0.2664,0.2665,0.2662,0.2661,0.2663,0.2659
1993,11,27,11/27/1993,0.2669,1.0,1993-11-27,0.2668,0.2666,0.2667,0.2664,0.2665,0.2662,0.2661,0.2663
1993,11,28,11/28/1993,0.2673,1.0,1993-11-28,0.2669,0.2668,0.2666,0.2667,0.2664,0.2665,0.2662,0.2665
1993,11,29,11/29/1993,0.2673,1.0,1993-11-29,0.2673,0.2669,0.2668,0.2666,0.2667,0.2664,0.2665,0.2668
1993,11,30,11/30/1993,0.2677,1.0,1993-11-30,0.2673,0.2673,0.2669,0.2668,0.2666,0.2667,0.2664,0.2665
1993,12,01,12/01/1993,0.2687,1.0,1993-12-01,0.2677,0.2673,0.2673,0.2669,0.2668,0.2666,0.2667,0.2665
1993,12,02,12/02/1993,0.2686,1.0,1993-12-02,0.2687,0.2677,0.2673,0.2673,0.2669,0.2668,0.2666,0.2663
1993,12,03,12/03/1993,0.2688,1.0,1993-12-03,0.2686,0.2687,0.2677,0.2673,0.2673,0.2669,0.2668,0.2664
1993,12,04,12/04/1993,0.2689,1.0,1993-12-04,0.2688,0.2686,0.2687,0.2677,0.2673,0.2673,0.2669,0.2664
1993,12,05,12/05/1993,0.2686,1.0,1993-12-05,0.2689,0.2688,0.2686,0.2687,0.2677,0.2673,0.2673,0.2669
1993,12,06,12/06/1993,0.2687,1.0,1993-12-06,0.2686,0.2689,0.2688,0.2686,0.2687,0.2677,0.2673,0.2666
1993,12,07,12/07/1993,0.2685,1.0,1993-12-07,0.2687,0.2686,0.2689,0.2688,0.2686,0.2687,0.2677,0.2665
1993,12,09,12/09/1993,0.2682,1.0,1993-12-09,0.2685,0.2687,0.2686,0.2689,0.2688,0.2686,0.2687,0.2663
1993,12,10,12/10/1993,0.2684,1.0,1993-12-10,0.2682,0.2685,0.2687,0.2686,0.2689,0.2688,0.2686,0.266
1993,12,11,12/11/1993,0.2675,1.0,1993-12-11,0.2684,0.2682,0.2685,0.2687,0.2686,0.2689,0.2688,0.2666
1993,12,12,12/12/1993,0.2671,1.0,1993-12-12,0.2675,0.2684,0.2682,0.2685,0.2687,0.2686,0.2689,0.2668
1993,12,13,12/13/1993,0.2664,1.0,1993-12-13,0.2671,0.2675,0.2684,0.2682,0.2685,0.2687,0.2686,0.2669
1993,12,14,12/14/1993,0.2658,1.0,1993-12-14,0.2664,0.2671,0.2675,0.2684,0.2682,0.2685,0.2687,0.2669
1993,12,15,12/15/1993,0.2653,1.0,1993-12-15,0.2658,0.2664,0.2671,0.2675,0.2684,0.2682,0.2685,0.2668
1993,12,16,12/16/1993,0.2655,1.0,1993-12-16,0.2653,0.2658,0.2664,0.2671,0.2675,0.2684,0.2682,0.2663
1993,12,17,12/17/1993,0.2657,1.0,1993-12-17,0.2655,0.2653,0.2658,0.2664,0.2671,0.2675,0.2684,0.2663
1993,12,18,12/18/1993,0.2658,1.0,1993-12-18,0.2657,0.2655,0.2653,0.2658,0.2664,0.2671,0.2675,0.2661
1993,12,19,12/19/1993,0.2658,1.0,1993-12-19,0.2658,0.2657,0.2655,0.2653,0.2658,0.2664,0.2671,0.2662
1993,12,20,12/20/1993,0.2659,1.0,1993-12-20,0.2658,0.2658,0.2657,0.2655,0.2653,0.2658,0.2664,0.2665
1993,12,21,12/21/1993,0.2664,1.0,1993-12-21,0.2659,0.2658,0.2658,0.2657,0.2655,0.2653,0.2658,0.2664
1993,12,22,12/22/1993,0.2666,1.0,1993-12-22,0.2664,0.2659,0.2658,0.2658,0.2657,0.2655,0.2653,0.2667
1993,12,23,12/23/1993,0.2673,1.0,1993-12-23,0.2666,0.2664,0.2659,0.2658,0.2658,0.2657,0.2655,0.2666
1993,12,24,12/24/1993,0.2678,1.0,1993-12-24,0.2673,0.2666,0.2664,0.2659,0.2658,0.2658,0.2657,0.2668
1993,12,25,12/25/1993,0.269,1.0,1993-12-25,0.2678,0.2673,0.2666,0.2664,0.2659,0.2658,0.2658,0.2669
1993,12,26,12/26/1993,0.2695,1.0,1993-12-26,0.269,0.2678,0.2673,0.2666,0.2664,0.2659,0.2658,0.2673
1993,12,27,12/27/1993,0.2692,1.0,1993-12-27,0.2695,0.269,0.2678,0.2673,0.2666,0.2664,0.2659,0.2673
1993,12,28,12/28/1993,0.269,1.0,1993-12-28,0.2692,0.2695,0.269,0.2678,0.2673,0.2666,0.2664,0.2677
1993,12,29,12/29/1993,0.2693,1.0,1993-12-29,0.269,0.2692,0.2695,0.269,0.2678,0.2673,0.2666,0.2687
1993,12,30,12/30/1993,0.2701,1.0,1993-12-30,0.2693,0.269,0.2692,0.2695,0.269,0.2678,0.2673,0.2686
1993,12,31,12/31/1993,0.27,1.0,1993-12-31,0.2701,0.2693,0.269,0.2692,0.2695,0.269,0.2678,0.2688
1994,1,02,1/02/1994,0.2699,1.0,1994-01-02,0.27,0.2701,0.2693,0.269,0.2692,0.2695,0.269,0.2689
1994,1,03,1/03/1994,0.2702,3.0,1994-01-03,0.2699,0.27,0.2701,0.2693,0.269,0.2692,0.2695,0.2686
1994,1,04,1/04/1994,0.2707,3.0,1994-01-04,0.2702,0.2699,0.27,0.2701,0.2693,0.269,0.2692,0.2687
1994,1,05,1/05/1994,0.2715,3.0,1994-01-05,0.2707,0.2702,0.2699,0.27,0.2701,0.2693,0.269,0.2685
1994,1,07,1/07/1994,0.2702,3.0,1994-01-07,0.2715,0.2707,0.2702,0.2699,0.27,0.2701,0.2693,0.2682
1994,1,08,1/08/1994,0.2698,3.0,1994-01-08,0.2702,0.2715,0.2707,0.2702,0.2699,0.27,0.2701,0.2684
1994,1,09,1/09/1994,0.2694,3.0,1994-01-09,0.2698,0.2702,0.2715,0.2707,0.2702,0.2699,0.27,0.2675
1994,1,10,1/10/1994,0.2685,3.0,1994-01-10,0.2694,0.2698,0.2702,0.2715,0.2707,0.2702,0.2699,0.2671
1994,1,11,1/11/1994,0.2694,3.0,1994-01-11,0.2685,0.2694,0.2698,0.2702,0.2715,0.2707,0.2702,0.2664
1994,1,12,1/12/1994,0.266,3.0,1994-01-12,0.2694,0.2685,0.2694,0.2698,0.2702,0.2715,0.2707,0.2658
1994,1,13,1/13/1994,0.2657,3.0,1994-01-13,0.266,0.2694,0.2685,0.2694,0.2698,0.2702,0.2715,0.2653
1994,1,14,1/14/1994,0.2653,3.0,1994-01-14,0.2657,0.266,0.2694,0.2685,0.2694,0.2698,0.2702,0.2655
1994,1,15,1/15/1994,0.2652,3.0,1994-01-15,0.2653,0.2657,0.266,0.2694,0.2685,0.2694,0.2698,0.2657
1994,1,16,1/16/1994,0.2651,3.0,1994-01-16,0.2652,0.2653,0.2657,0.266,0.2694,0.2685,0.2694,0.2658
1994,1,17,1/17/1994,0.2656,3.0,1994-01-17,0.2651,0.2652,0.2653,0.2657,0.266,0.2694,0.2685,0.2658
1994,1,18,1/18/1994,0.267,3.0,1994-01-18,0.2656,0.2651,0.2652,0.2653,0.2657,0.266,0.2694,0.2659
1994,1,19,1/19/1994,0.2673,3.0,1994-01-19,0.267,0.2656,0.2651,0.2652,0.2653,0.2657,0.266,0.2664
1994,1,20,1/20/1994,0.268,3.0,1994-01-20,0.2673,0.267,0.2656,0.2651,0.2652,0.2653,0.2657,0.2666
1994,1,21,1/21/1994,0.2682,3.0,1994-01-21,0.268,0.2673,0.267,0.2656,0.2651,0.2652,0.2653,0.2673
1994,1,22,1/22/1994,0.2691,3.0,1994-01-22,0.2682,0.268,0.2673,0.267,0.2656,0.2651,0.2652,0.2678
1994,1,23,1/23/1994,0.2696,3.0,1994-01-23,0.2691,0.2682,0.268,0.2673,0.267,0.2656,0.2651,0.269
1994,1,24,1/24/1994,0.2703,3.0,1994-01-24,0.2696,0.2691,0.2682,0.268,0.2673,0.267,0.2656,0.2695
1994,1,25,1/25/1994,0.2711,3.0,1994-01-25,0.2703,0.2696,0.2691,0.2682,0.268,0.2673,0.267,0.2692
1994,1,26,1/26/1994,0.2708,3.0,1994-01-26,0.2711,0.2703,0.2696,0.2691,0.2682,0.268,0.2673,0.269
1994,1,27,1/27/1994,0.271,3.0,1994-01-27,0.2708,0.2711,0.2703,0.2696,0.2691,0.2682,0.268,0.2693
1994,1,28,1/28/1994,0.2705,3.0,1994-01-28,0.271,0.2708,0.2711,0.2703,0.2696,0.2691,0.2682,0.2701
1994,1,29,1/29/1994,0.2694,3.0,1994-01-29,0.2705,0.271,0.2708,0.2711,0.2703,0.2696,0.2691,0.27
1994,1,30,1/30/1994,0.2697,3.0,1994-01-30,0.2694,0.2705,0.271,0.2708,0.2711,0.2703,0.2696,0.2699
1994,1,31,1/31/1994,0.2697,3.0,1994-01-31,0.2697,0.2694,0.2705,0.271,0.2708,0.2711,0.2703,0.2702
1994,2,01,2/01/1994,0.2694,3.0,1994-02-01,0.2697,0.2697,0.2694,0.2705,0.271,0.2708,0.2711,0.2707
1994,2,02,2/02/1994,0.269,3.0,1994-02-02,0.2694,0.2697,0.2697,0.2694,0.2705,0.271,0.2708,0.2715
1994,2,03,2/03/1994,0.2684,3.0,1994-02-03,0.269,0.2694,0.2697,0.2697,0.2694,0.2705,0.271,0.2702
1994,2,04,2/04/1994,0.2681,3.0,1994-02-04,0.2684,0.269,0.2694,0.2697,0.2697,0.2694,0.2705,0.2698
1994,2,05,2/05/1994,0.2675,3.0,1994-02-05,0.2681,0.2684,0.269,0.2694,0.2697,0.2697,0.2694,0.2694
1994,2,06,2/06/1994,0.2667,3.0,1994-02-06,0.2675,0.2681,0.2684,0.269,0.2694,0.2697,0.2697,0.2685
1994,2,07,2/07/1994,0.2664,3.0,1994-02-07,0.2667,0.2675,0.2681,0.2684,0.269,0.2694,0.2697,0.2694
1994,2,08,2/08/1994,0.2663,3.0,1994-02-08,0.2664,0.2667,0.2675,0.2681,0.2684,0.269,0.2694,0.266
1994,2,09,2/09/1994,0.2662,3.0,1994-02-09,0.2663,0.2664,0.2667,0.2675,0.2681,0.2684,0.269,0.2657
1994,2,10,2/10/1994,0.2653,3.0,1994-02-10,0.2662,0.2663,0.2664,0.2667,0.2675,0.2681,0.2684,0.2653
1994,2,11,2/11/1994,0.2651,3.0,1994-02-11,0.2653,0.2662,0.2663,0.2664,0.2667,0.2675,0.2681,0.2652
1994,2,12,2/12/1994,0.2651,3.0,1994-02-12,0.2651,0.2653,0.2662,0.2663,0.2664,0.2667,0.2675,0.2651
1994,2,13,2/13/1994,0.2661,3.0,1994-02-13,0.2651,0.2651,0.2653,0.2662,0.2663,0.2664,0.2667,0.2656
1994,2,14,2/14/1994,0.2674,3.0,1994-02-14,0.2661,0.2651,0.2651,0.2653,0.2662,0.2663,0.2664,0.267
1994,2,15,2/15/1994,0.2679,3.0,1994-02-15,0.2674,0.2661,0.2651,0.2651,0.2653,0.2662,0.2663,0.2673
1994,2,16,2/16/1994,0.2688,3.0,1994-02-16,0.2679,0.2674,0.2661,0.2651,0.2651,0.2653,0.2662,0.268
1994,2,17,2/17/1994,0.2691,3.0,1994-02-17,0.2688,0.2679,0.2674,0.2661,0.2651,0.2651,0.2653,0.2682
1994,2,18,2/18/1994,0.2692,3.0,1994-02-18,0.2691,0.2688,0.2679,0.2674,0.2661,0.2651,0.2651,0.2691
1994,2,19,2/19/1994,0.2693,3.0,1994-02-19,0.2692,0.2691,0.2688,0.2679,0.2674,0.2661,0.2651,0.2696
1994,2,20,2/20/1994,0.2696,3.0,1994-02-20,0.2693,0.2692,0.2691,0.2688,0.2679,0.2674,0.2661,0.2703
1994,2,21,2/21/1994,0.2699,3.0,1994-02-21,0.2696,0.2693,0.2692,0.2691,0.2688,0.2679,0.2674,0.2711
1994,2,22,2/22/1994,0.2701,3.0,1994-02-22,0.2699,0.2696,0.2693,0.2692,0.2691,0.2688,0.2679,0.2708
1994,2,23,2/23/1994,0.2702,3.0,1994-02-23,0.2701,0.2699,0.2696,0.2693,0.2692,0.2691,0.2688,0.271
1994,2,24,2/24/1994,0.2699,3.0,1994-02-24,0.2702,0.2701,0.2699,0.2696,0.2693,0.2692,0.2691,0.2705
1994,2,25,2/25/1994,0.2694,3.0,1994-02-25,0.2699,0.2702,0.2701,0.2699,0.2696,0.2693,0.2692,0.2694
1994,2,26,2/26/1994,0.2684,3.0,1994-02-26,0.2694,0.2699,0.2702,0.2701,0.2699,0.2696,0.2693,0.2697
1994,2,27,2/27/1994,0.2696,3.0,1994-02-27,0.2684,0.2694,0.2699,0.2702,0.2701,0.2699,0.2696,0.2697
1994,2,28,2/28/1994,0.2691,3.0,1994-02-28,0.2696,0.2684,0.2694,0.2699,0.2702,0.2701,0.2699,0.2694
1994,3,01,3/01/1994,0.2688,3.0,1994-03-01,0.2691,0.2696,0.2684,0.2694,0.2699,0.2702,0.2701,0.269
1994,3,02,3/02/1994,0.2688,3.0,1994-03-02,0.2688,0.2691,0.2696,0.2684,0.2694,0.2699,0.2702,0.2684
1994,3,03,3/03/1994,0.2685,3.0,1994-03-03,0.2688,0.2688,0.2691,0.2696,0.2684,0.2694,0.2699,0.2681
1994,3,04,3/04/1994,0.2681,3.0,1994-03-04,0.2685,0.2688,0.2688,0.2691,0.2696,0.2684,0.2694,0.2675
1994,3,05,3/05/1994,0.2675,3.0,1994-03-05,0.2681,0.2685,0.2688,0.2688,0.2691,0.2696,0.2684,0.2667
1994,3,06,3/06/1994,0.2668,3.0,1994-03-06,0.2675,0.2681,0.2685,0.2688,0.2688,0.2691,0.2696,0.2664
1994,3,07,3/07/1994,0.2663,3.0,1994-03-07,0.2668,0.2675,0.2681,0.2685,0.2688,0.2688,0.2691,0.2663
1994,3,08,3/08/1994,0.2658,3.0,1994-03-08,0.2663,0.2668,0.2675,0.2681,0.2685,0.2688,0.2688,0.2662
1994,3,09,3/09/1994,0.2655,3.0,1994-03-09,0.2658,0.2663,0.2668,0.2675,0.2681,0.2685,0.2688,0.2653
1994,3,10,3/10/1994,0.2651,3.0,1994-03-10,0.2655,0.2658,0.2663,0.2668,0.2675,0.2681,0.2685,0.2651
1994,3,11,3/11/1994,0.2652,3.0,1994-03-11,0.2651,0.2655,0.2658,0.2663,0.2668,0.2675,0.2681,0.2651
1994,3,12,3/12/1994,0.2654,3.0,1994-03-12,0.2652,0.2651,0.2655,0.2658,0.2663,0.2668,0.2675,0.2661
1994,3,13,3/13/1994,0.2659,3.0,1994-03-13,0.2654,0.2652,0.2651,0.2655,0.2658,0.2663,0.2668,0.2674
1994,3,14,3/14/1994,0.2661,3.0,1994-03-14,0.2659,0.2654,0.2652,0.2651,0.2655,0.2658,0.2663,0.2679
1994,3,15,3/15/1994,0.2663,3.0,1994-03-15,0.2661,0.2659,0.2654,0.2652,0.2651,0.2655,0.2658,0.2688
1994,3,16,3/16/1994,0.267,3.0,1994-03-16,0.2663,0.2661,0.2659,0.2654,0.2652,0.2651,0.2655,0.2691
1994,3,17,3/17/1994,0.2674,3.0,1994-03-17,0.267,0.2663,0.2661,0.2659,0.2654,0.2652,0.2651,0.2692
1994,3,18,3/18/1994,0.2676,3.0,1994-03-18,0.2674,0.267,0.2663,0.2661,0.2659,0.2654,0.2652,0.2693
1994,3,19,3/19/1994,0.268,3.0,1994-03-19,0.2676,0.2674,0.267,0.2663,0.2661,0.2659,0.2654,0.2696
1994,3,20,3/20/1994,0.2677,3.0,1994-03-20,0.268,0.2676,0.2674,0.267,0.2663,0.2661,0.2659,0.2699
1994,3,21,3/21/1994,0.2679,3.0,1994-03-21,0.2677,0.268,0.2676,0.2674,0.267,0.2663,0.2661,0.2701
1994,3,22,3/22/1994,0.2681,3.0,1994-03-22,0.2679,0.2677,0.268,0.2676,0.2674,0.267,0.2663,0.2702
1994,3,23,3/23/1994,0.2679,3.0,1994-03-23,0.2681,0.2679,0.2677,0.268,0.2676,0.2674,0.267,0.2699
1994,3,24,3/24/1994,0.2681,3.0,1994-03-24,0.2679,0.2681,0.2679,0.2677,0.268,0.2676,0.2674,0.2694
1994,3,25,3/25/1994,0.2685,3.0,1994-03-25,0.2681,0.2679,0.2681,0.2679,0.2677,0.268,0.2676,0.2684
1994,3,26,3/26/1994,0.2681,3.0,1994-03-26,0.2685,0.2681,0.2679,0.2681,0.2679,0.2677,0.268,0.2696
1994,3,27,3/27/1994,0.2686,3.0,1994-03-27,0.2681,0.2685,0.2681,0.2679,0.2681,0.2679,0.2677,0.2691
1994,3,28,3/28/1994,0.2682,3.0,1994-03-28,0.2686,0.2681,0.2685,0.2681,0.2679,0.2681,0.2679,0.2688
1994,3,29,3/29/1994,0.2682,3.0,1994-03-29,0.2682,0.2686,0.2681,0.2685,0.2681,0.2679,0.2681,0.2688
1994,3,30,3/30/1994,0.2678,3.0,1994-03-30,0.2682,0.2682,0.2686,0.2681,0.2685,0.2681,0.2679,0.2685
1994,3,31,3/31/1994,0.2672,3.0,1994-03-31,0.2678,0.2682,0.2682,0.2686,0.2681,0.2685,0.2681,0.2681
1994,4,01,4/01/1994,0.2669,3.0,1994-04-01,0.2672,0.2678,0.2682,0.2682,0.2686,0.2681,0.2685,0.2675
1994,4,02,4/02/1994,0.2657,3.0,1994-04-02,0.2669,0.2672,0.2678,0.2682,0.2682,0.2686,0.2681,0.2668
1994,4,03,4/03/1994,0.2651,3.0,1994-04-03,0.2657,0.2669,0.2672,0.2678,0.2682,0.2682,0.2686,0.2663
1994,4,04,4/04/1994,0.2647,3.0,1994-04-04,0.2651,0.2657,0.2669,0.2672,0.2678,0.2682,0.2682,0.2658
1994,4,05,4/05/1994,0.264,3.0,1994-04-05,0.2647,0.2651,0.2657,0.2669,0.2672,0.2678,0.2682,0.2655
1994,4,06,4/06/1994,0.2638,3.0,1994-04-06,0.264,0.2647,0.2651,0.2657,0.2669,0.2672,0.2678,0.2651
1994,4,07,4/07/1994,0.2638,3.0,1994-04-07,0.2638,0.264,0.2647,0.2651,0.2657,0.2669,0.2672,0.2652
1994,4,08,4/08/1994,0.2641,3.0,1994-04-08,0.2638,0.2638,0.264,0.2647,0.2651,0.2657,0.2669,0.2654
1994,4,09,4/09/1994,0.2642,3.0,1994-04-09,0.2641,0.2638,0.2638,0.264,0.2647,0.2651,0.2657,0.2659
1994,4,10,4/10/1994,0.2645,3.0,1994-04-10,0.2642,0.2641,0.2638,0.2638,0.264,0.2647,0.2651,0.2661
1994,4,11,4/11/1994,0.265,3.0,1994-04-11,0.2645,0.2642,0.2641,0.2638,0.2638,0.264,0.2647,0.2663
1994,4,12,4/12/1994,0.2649,3.0,1994-04-12,0.265,0.2645,0.2642,0.2641,0.2638,0.2638,0.264,0.267
1994,4,13,4/13/1994,0.2652,3.0,1994-04-13,0.2649,0.265,0.2645,0.2642,0.2641,0.2638,0.2638,0.2674
1994,4,14,4/14/1994,0.2657,3.0,1994-04-14,0.2652,0.2649,0.265,0.2645,0.2642,0.2641,0.2638,0.2676
1994,4,15,4/15/1994,0.2661,3.0,1994-04-15,0.2657,0.2652,0.2649,0.265,0.2645,0.2642,0.2641,0.268
1994,4,16,4/16/1994,0.2664,3.0,1994-04-16,0.2661,0.2657,0.2652,0.2649,0.265,0.2645,0.2642,0.2677
1994,4,17,4/17/1994,0.2665,3.0,1994-04-17,0.2664,0.2661,0.2657,0.2652,0.2649,0.265,0.2645,0.2679
1994,4,18,4/18/1994,0.2666,3.0,1994-04-18,0.2665,0.2664,0.2661,0.2657,0.2652,0.2649,0.265,0.2681
1994,4,19,4/19/1994,0.2673,3.0,1994-04-19,0.2666,0.2665,0.2664,0.2661,0.2657,0.2652,0.2649,0.2679
1994,4,20,4/20/1994,0.2674,3.0,1994-04-20,0.2673,0.2666,0.2665,0.2664,0.2661,0.2657,0.2652,0.2681
1994,4,21,4/21/1994,0.2676,3.0,1994-04-21,0.2674,0.2673,0.2666,0.2665,0.2664,0.2661,0.2657,0.2685
1994,4,22,4/22/1994,0.268,3.0,1994-04-22,0.2676,0.2674,0.2673,0.2666,0.2665,0.2664,0.2661,0.2681
1994,4,23,4/23/1994,0.2679,3.0,1994-04-23,0.268,0.2676,0.2674,0.2673,0.2666,0.2665,0.2664,0.2686
1994,4,24,4/24/1994,0.2677,3.0,1994-04-24,0.2679,0.268,0.2676,0.2674,0.2673,0.2666,0.2665,0.2682
1994,4,25,4/25/1994,0.2671,3.0,1994-04-25,0.2677,0.2679,0.268,0.2676,0.2674,0.2673,0.2666,0.2682
1994,4,26,4/26/1994,0.2667,3.0,1994-04-26,0.2671,0.2677,0.2679,0.268,0.2676,0.2674,0.2673,0.2678
1994,4,27,4/27/1994,0.2661,3.0,1994-04-27,0.2667,0.2671,0.2677,0.2679,0.268,0.2676,0.2674,0.2672
1994,4,28,4/28/1994,0.2656,3.0,1994-04-28,0.2661,0.2667,0.2671,0.2677,0.2679,0.268,0.2676,0.2669
1994,4,29,4/29/1994,0.2653,3.0,1994-04-29,0.2656,0.2661,0.2667,0.2671,0.2677,0.2679,0.268,0.2657
1994,4,30,4/30/1994,0.2647,3.0,1994-04-30,0.2653,0.2656,0.2661,0.2667,0.2671,0.2677,0.2679,0.2651
1994,5,01,5/01/1994,0.2645,3.0,1994-05-01,0.2647,0.2653,0.2656,0.2661,0.2667,0.2671,0.2677,0.2647
1994,5,02,5/02/1994,0.2645,3.0,1994-05-02,0.2645,0.2647,0.2653,0.2656,0.2661,0.2667,0.2671,0.264
1994,5,03,5/03/1994,0.2645,3.0,1994-05-03,0.2645,0.2645,0.2647,0.2653,0.2656,0.2661,0.2667,0.2638
1994,5,04,5/04/1994,0.2642,3.0,1994-05-04,0.2645,0.2645,0.2645,0.2647,0.2653,0.2656,0.2661,0.2638
1994,5,05,5/05/1994,0.2641,3.0,1994-05-05,0.2642,0.2645,0.2645,0.2645,0.2647,0.2653,0.2656,0.2641
1994,5,06,5/06/1994,0.2646,3.0,1994-05-06,0.2641,0.2642,0.2645,0.2645,0.2645,0.2647,0.2653,0.2642
1994,5,07,5/07/1994,0.2648,3.0,1994-05-07,0.2646,0.2641,0.2642,0.2645,0.2645,0.2645,0.2647,0.2645
1994,5,08,5/08/1994,0.265,3.0,1994-05-08,0.2648,0.2646,0.2641,0.2642,0.2645,0.2645,0.2645,0.265
1994,5,09,5/09/1994,0.2653,3.0,1994-05-09,0.265,0.2648,0.2646,0.2641,0.2642,0.2645,0.2645,0.2649
1994,5,10,5/10/1994,0.2654,3.0,1994-05-10,0.2653,0.265,0.2648,0.2646,0.2641,0.2642,0.2645,0.2652
1994,5,11,5/11/1994,0.2658,3.0,1994-05-11,0.2654,0.2653,0.265,0.2648,0.2646,0.2641,0.2642,0.2657
1994,5,12,5/12/1994,0.2659,3.0,1994-05-12,0.2658,0.2654,0.2653,0.265,0.2648,0.2646,0.2641,0.2661
1994,5,13,5/13/1994,0.2666,3.0,1994-05-13,0.2659,0.2658,0.2654,0.2653,0.265,0.2648,0.2646,0.2664
1994,5,14,5/14/1994,0.2673,3.0,1994-05-14,0.2666,0.2659,0.2658,0.2654,0.2653,0.265,0.2648,0.2665
1994,5,15,5/15/1994,0.2676,3.0,1994-05-15,0.2673,0.2666,0.2659,0.2658,0.2654,0.2653,0.265,0.2666
1994,5,16,5/16/1994,0.2682,3.0,1994-05-16,0.2676,0.2673,0.2666,0.2659,0.2658,0.2654,0.2653,0.2673
1994,5,17,5/17/1994,0.2683,3.0,1994-05-17,0.2682,0.2676,0.2673,0.2666,0.2659,0.2658,0.2654,0.2674
1994,5,18,5/18/1994,0.2688,3.0,1994-05-18,0.2683,0.2682,0.2676,0.2673,0.2666,0.2659,0.2658,0.2676
1994,5,19,5/19/1994,0.2688,3.0,1994-05-19,0.2688,0.2683,0.2682,0.2676,0.2673,0.2666,0.2659,0.268
1994,5,20,5/20/1994,0.2684,3.0,1994-05-20,0.2688,0.2688,0.2683,0.2682,0.2676,0.2673,0.2666,0.2679
1994,5,21,5/21/1994,0.2682,3.0,1994-05-21,0.2684,0.2688,0.2688,0.2683,0.2682,0.2676,0.2673,0.2677
1994,5,22,5/22/1994,0.2677,3.0,1994-05-22,0.2682,0.2684,0.2688,0.2688,0.2683,0.2682,0.2676,0.2671
1994,5,23,5/23/1994,0.2667,3.0,1994-05-23,0.2677,0.2682,0.2684,0.2688,0.2688,0.2683,0.2682,0.2667
1994,5,24,5/24/1994,0.2658,3.0,1994-05-24,0.2667,0.2677,0.2682,0.2684,0.2688,0.2688,0.2683,0.2661
1994,5,25,5/25/1994,0.265,3.0,1994-05-25,0.2658,0.2667,0.2677,0.2682,0.2684,0.2688,0.2688,0.2656
1994,5,26,5/26/1994,0.2647,3.0,1994-05-26,0.265,0.2658,0.2667,0.2677,0.2682,0.2684,0.2688,0.2653
1994,5,27,5/27/1994,0.2642,3.0,1994-05-27,0.2647,0.265,0.2658,0.2667,0.2677,0.2682,0.2684,0.2647
1994,5,28,5/28/1994,0.264,3.0,1994-05-28,0.2642,0.2647,0.265,0.2658,0.2667,0.2677,0.2682,0.2645
1994,5,29,5/29/1994,0.2635,3.0,1994-05-29,0.264,0.2642,0.2647,0.265,0.2658,0.2667,0.2677,0.2645
1994,5,30,5/30/1994,0.2636,3.0,1994-05-30,0.2635,0.264,0.2642,0.2647,0.265,0.2658,0.2667,0.2645
1994,5,31,5/31/1994,0.2637,3.0,1994-05-31,0.2636,0.2635,0.264,0.2642,0.2647,0.265,0.2658,0.2642
1994,6,01,6/01/1994,0.2637,3.0,1994-06-01,0.2637,0.2636,0.2635,0.264,0.2642,0.2647,0.265,0.2641
1994,6,02,6/02/1994,0.2639,3.0,1994-06-02,0.2637,0.2637,0.2636,0.2635,0.264,0.2642,0.2647,0.2646
1994,6,03,6/03/1994,0.2637,3.0,1994-06-03,0.2639,0.2637,0.2637,0.2636,0.2635,0.264,0.2642,0.2648
1994,6,04,6/04/1994,0.2639,3.0,1994-06-04,0.2637,0.2639,0.2637,0.2637,0.2636,0.2635,0.264,0.265
1994,6,05,6/05/1994,0.2639,3.0,1994-06-05,0.2639,0.2637,0.2639,0.2637,0.2637,0.2636,0.2635,0.2653
1994,6,06,6/06/1994,0.264,3.0,1994-06-06,0.2639,0.2639,0.2637,0.2639,0.2637,0.2637,0.2636,0.2654
1994,6,07,6/07/1994,0.2646,3.0,1994-06-07,0.264,0.2639,0.2639,0.2637,0.2639,0.2637,0.2637,0.2658
1994,6,08,6/08/1994,0.2651,3.0,1994-06-08,0.2646,0.264,0.2639,0.2639,0.2637,0.2639,0.2637,0.2659
1994,6,09,6/09/1994,0.266,3.0,1994-06-09,0.2651,0.2646,0.264,0.2639,0.2639,0.2637,0.2639,0.2666
1994,6,10,6/10/1994,0.2668,3.0,1994-06-10,0.266,0.2651,0.2646,0.264,0.2639,0.2639,0.2637,0.2673
1994,6,11,6/11/1994,0.2672,3.0,1994-06-11,0.2668,0.266,0.2651,0.2646,0.264,0.2639,0.2639,0.2676
1994,6,12,6/12/1994,0.2675,3.0,1994-06-12,0.2672,0.2668,0.266,0.2651,0.2646,0.264,0.2639,0.2682
1994,6,13,6/13/1994,0.2674,3.0,1994-06-13,0.2675,0.2672,0.2668,0.266,0.2651,0.2646,0.264,0.2683
1994,6,14,6/14/1994,0.2677,3.0,1994-06-14,0.2674,0.2675,0.2672,0.2668,0.266,0.2651,0.2646,0.2688
1994,6,15,6/15/1994,0.2678,3.0,1994-06-15,0.2677,0.2674,0.2675,0.2672,0.2668,0.266,0.2651,0.2688
1994,6,16,6/16/1994,0.2676,3.0,1994-06-16,0.2678,0.2677,0.2674,0.2675,0.2672,0.2668,0.266,0.2684
1994,6,17,6/17/1994,0.2673,3.0,1994-06-17,0.2676,0.2678,0.2677,0.2674,0.2675,0.2672,0.2668,0.2682
1994,6,18,6/18/1994,0.2665,3.0,1994-06-18,0.2673,0.2676,0.2678,0.2677,0.2674,0.2675,0.2672,0.2677
1994,6,19,6/19/1994,0.2663,3.0,1994-06-19,0.2665,0.2673,0.2676,0.2678,0.2677,0.2674,0.2675,0.2667
1994,6,20,6/20/1994,0.2656,3.0,1994-06-20,0.2663,0.2665,0.2673,0.2676,0.2678,0.2677,0.2674,0.2658
1994,6,21,6/21/1994,0.2655,3.0,1994-06-21,0.2656,0.2663,0.2665,0.2673,0.2676,0.2678,0.2677,0.265
1994,6,22,6/22/1994,0.2651,3.0,1994-06-22,0.2655,0.2656,0.2663,0.2665,0.2673,0.2676,0.2678,0.2647
1994,6,23,6/23/1994,0.2652,3.0,1994-06-23,0.2651,0.2655,0.2656,0.2663,0.2665,0.2673,0.2676,0.2642
1994,6,24,6/24/1994,0.2648,3.0,1994-06-24,0.2652,0.2651,0.2655,0.2656,0.2663,0.2665,0.2673,0.264
1994,6,25,6/25/1994,0.2645,3.0,1994-06-25,0.2648,0.2652,0.2651,0.2655,0.2656,0.2663,0.2665,0.2635
1994,6,26,6/26/1994,0.2641,3.0,1994-06-26,0.2645,0.2648,0.2652,0.2651,0.2655,0.2656,0.2663,0.2636
1994,6,27,6/27/1994,0.2639,3.0,1994-06-27,0.2641,0.2645,0.2648,0.2652,0.2651,0.2655,0.2656,0.2637
1994,6,29,6/29/1994,0.2647,3.0,1994-06-29,0.2639,0.2641,0.2645,0.2648,0.2652,0.2651,0.2655,0.2637
1994,6,30,6/30/1994,0.265,3.0,1994-06-30,0.2647,0.2639,0.2641,0.2645,0.2648,0.2652,0.2651,0.2639
1994,7,01,7/01/1994,0.2653,3.0,1994-07-01,0.265,0.2647,0.2639,0.2641,0.2645,0.2648,0.2652,0.2637
1994,7,02,7/02/1994,0.2657,3.0,1994-07-02,0.2653,0.265,0.2647,0.2639,0.2641,0.2645,0.2648,0.2639
1994,7,03,7/03/1994,0.2663,3.0,1994-07-03,0.2657,0.2653,0.265,0.2647,0.2639,0.2641,0.2645,0.2639
1994,7,04,7/04/1994,0.2663,3.0,1994-07-04,0.2663,0.2657,0.2653,0.265,0.2647,0.2639,0.2641,0.264
1994,7,05,7/05/1994,0.2669,3.0,1994-07-05,0.2663,0.2663,0.2657,0.2653,0.265,0.2647,0.2639,0.2646
1994,7,06,7/06/1994,0.2668,3.0,1994-07-06,0.2669,0.2663,0.2663,0.2657,0.2653,0.265,0.2647,0.2651
1994,7,07,7/07/1994,0.2676,3.0,1994-07-07,0.2668,0.2669,0.2663,0.2663,0.2657,0.2653,0.265,0.266
1994,7,08,7/08/1994,0.2676,3.0,1994-07-08,0.2676,0.2668,0.2669,0.2663,0.2663,0.2657,0.2653,0.2668
1994,7,09,7/09/1994,0.2674,3.0,1994-07-09,0.2676,0.2676,0.2668,0.2669,0.2663,0.2663,0.2657,0.2672
1994,7,10,7/10/1994,0.2675,3.0,1994-07-10,0.2674,0.2676,0.2676,0.2668,0.2669,0.2663,0.2663,0.2675
1994,7,11,7/11/1994,0.2676,3.0,1994-07-11,0.2675,0.2674,0.2676,0.2676,0.2668,0.2669,0.2663,0.2674
1994,7,12,7/12/1994,0.2673,3.0,1994-07-12,0.2676,0.2675,0.2674,0.2676,0.2676,0.2668,0.2669,0.2677
1994,7,13,7/13/1994,0.2668,3.0,1994-07-13,0.2673,0.2676,0.2675,0.2674,0.2676,0.2676,0.2668,0.2678
1994,7,14,7/14/1994,0.2666,3.0,1994-07-14,0.2668,0.2673,0.2676,0.2675,0.2674,0.2676,0.2676,0.2676
1994,7,15,7/15/1994,0.2661,3.0,1994-07-15,0.2666,0.2668,0.2673,0.2676,0.2675,0.2674,0.2676,0.2673
1994,7,16,7/16/1994,0.2658,3.0,1994-07-16,0.2661,0.2666,0.2668,0.2673,0.2676,0.2675,0.2674,0.2665
1994,7,17,7/17/1994,0.2658,3.0,1994-07-17,0.2658,0.2661,0.2666,0.2668,0.2673,0.2676,0.2675,0.2663
1994,7,18,7/18/1994,0.2659,3.0,1994-07-18,0.2658,0.2658,0.2661,0.2666,0.2668,0.2673,0.2676,0.2656
1994,7,19,7/19/1994,0.2656,3.0,1994-07-19,0.2659,0.2658,0.2658,0.2661,0.2666,0.2668,0.2673,0.2655
1994,7,20,7/20/1994,0.2654,3.0,1994-07-20,0.2656,0.2659,0.2658,0.2658,0.2661,0.2666,0.2668,0.2651
1994,7,21,7/21/1994,0.2655,3.0,1994-07-21,0.2654,0.2656,0.2659,0.2658,0.2658,0.2661,0.2666,0.2652
1994,7,22,7/22/1994,0.2653,3.0,1994-07-22,0.2655,0.2654,0.2656,0.2659,0.2658,0.2658,0.2661,0.2648
1994,7,23,7/23/1994,0.2649,3.0,1994-07-23,0.2653,0.2655,0.2654,0.2656,0.2659,0.2658,0.2658,0.2645
1994,7,24,7/24/1994,0.2649,3.0,1994-07-24,0.2649,0.2653,0.2655,0.2654,0.2656,0.2659,0.2658,0.2641
1994,7,25,7/25/1994,0.2647,3.0,1994-07-25,0.2649,0.2649,0.2653,0.2655,0.2654,0.2656,0.2659,0.2639
1994,7,26,7/26/1994,0.265,3.0,1994-07-26,0.2647,0.2649,0.2649,0.2653,0.2655,0.2654,0.2656,0.2647
1994,7,27,7/27/1994,0.2647,3.0,1994-07-27,0.265,0.2647,0.2649,0.2649,0.2653,0.2655,0.2654,0.265
1994,7,28,7/28/1994,0.265,3.0,1994-07-28,0.2647,0.265,0.2647,0.2649,0.2649,0.2653,0.2655,0.2653
1994,7,29,7/29/1994,0.2653,3.0,1994-07-29,0.265,0.2647,0.265,0.2647,0.2649,0.2649,0.2653,0.2657
1994,7,30,7/30/1994,0.2654,3.0,1994-07-30,0.2653,0.265,0.2647,0.265,0.2647,0.2649,0.2649,0.2663
1994,7,31,7/31/1994,0.2654,3.0,1994-07-31,0.2654,0.2653,0.265,0.2647,0.265,0.2647,0.2649,0.2663
1994,8,01,8/01/1994,0.266,3.0,1994-08-01,0.2654,0.2654,0.2653,0.265,0.2647,0.265,0.2647,0.2669
1994,8,02,8/02/1994,0.2662,3.0,1994-08-02,0.266,0.2654,0.2654,0.2653,0.265,0.2647,0.265,0.2668
1994,8,03,8/03/1994,0.266,3.0,1994-08-03,0.2662,0.266,0.2654,0.2654,0.2653,0.265,0.2647,0.2676
1994,8,04,8/04/1994,0.2658,3.0,1994-08-04,0.266,0.2662,0.266,0.2654,0.2654,0.2653,0.265,0.2676
1994,8,05,8/05/1994,0.266,3.0,1994-08-05,0.2658,0.266,0.2662,0.266,0.2654,0.2654,0.2653,0.2674
1994,8,06,8/06/1994,0.266,3.0,1994-08-06,0.266,0.2658,0.266,0.2662,0.266,0.2654,0.2654,0.2675
1994,8,07,8/07/1994,0.2659,3.0,1994-08-07,0.266,0.266,0.2658,0.266,0.2662,0.266,0.2654,0.2676
1994,8,08,8/08/1994,0.2656,3.0,1994-08-08,0.2659,0.266,0.266,0.2658,0.266,0.2662,0.266,0.2673
1994,8,09,8/09/1994,0.2656,3.0,1994-08-09,0.2656,0.2659,0.266,0.266,0.2658,0.266,0.2662,0.2668
1994,8,10,8/10/1994,0.2654,3.0,1994-08-10,0.2656,0.2656,0.2659,0.266,0.266,0.2658,0.266,0.2666
1994,8,11,8/11/1994,0.2652,3.0,1994-08-11,0.2654,0.2656,0.2656,0.2659,0.266,0.266,0.2658,0.2661
1994,8,12,8/12/1994,0.2651,3.0,1994-08-12,0.2652,0.2654,0.2656,0.2656,0.2659,0.266,0.266,0.2658
1994,8,13,8/13/1994,0.2652,3.0,1994-08-13,0.2651,0.2652,0.2654,0.2656,0.2656,0.2659,0.266,0.2658
1994,8,14,8/14/1994,0.2656,3.0,1994-08-14,0.2652,0.2651,0.2652,0.2654,0.2656,0.2656,0.2659,0.2659
1994,8,15,8/15/1994,0.2654,3.0,1994-08-15,0.2656,0.2652,0.2651,0.2652,0.2654,0.2656,0.2656,0.2656
1994,8,16,8/16/1994,0.2651,3.0,1994-08-16,0.2654,0.2656,0.2652,0.2651,0.2652,0.2654,0.2656,0.2654
1994,8,17,8/17/1994,0.2649,3.0,1994-08-17,0.2651,0.2654,0.2656,0.2652,0.2651,0.2652,0.2654,0.2655
1994,8,18,8/18/1994,0.2653,3.0,1994-08-18,0.2649,0.2651,0.2654,0.2656,0.2652,0.2651,0.2652,0.2653
1994,8,19,8/19/1994,0.2652,3.0,1994-08-19,0.2653,0.2649,0.2651,0.2654,0.2656,0.2652,0.2651,0.2649
1994,8,20,8/20/1994,0.2645,3.0,1994-08-20,0.2652,0.2653,0.2649,0.2651,0.2654,0.2656,0.2652,0.2649
1994,8,21,8/21/1994,0.2645,3.0,1994-08-21,0.2645,0.2652,0.2653,0.2649,0.2651,0.2654,0.2656,0.2647
1994,8,22,8/22/1994,0.2646,3.0,1994-08-22,0.2645,0.2645,0.2652,0.2653,0.2649,0.2651,0.2654,0.265
1994,8,23,8/23/1994,0.2649,3.0,1994-08-23,0.2646,0.2645,0.2645,0.2652,0.2653,0.2649,0.2651,0.2647
1994,8,24,8/24/1994,0.2643,3.0,1994-08-24,0.2649,0.2646,0.2645,0.2645,0.2652,0.2653,0.2649,0.265
1994,8,25,8/25/1994,0.2647,3.0,1994-08-25,0.2643,0.2649,0.2646,0.2645,0.2645,0.2652,0.2653,0.2653
1994,8,26,8/26/1994,0.2647,3.0,1994-08-26,0.2647,0.2643,0.2649,0.2646,0.2645,0.2645,0.2652,0.2654
1994,8,27,8/27/1994,0.2642,3.0,1994-08-27,0.2647,0.2647,0.2643,0.2649,0.2646,0.2645,0.2645,0.2654
1994,8,28,8/28/1994,0.2645,3.0,1994-08-28,0.2642,0.2647,0.2647,0.2643,0.2649,0.2646,0.2645,0.266
1994,8,29,8/29/1994,0.2645,3.0,1994-08-29,0.2645,0.2642,0.2647,0.2647,0.2643,0.2649,0.2646,0.2662
1994,8,31,8/31/1994,0.2653,3.0,1994-08-31,0.2645,0.2645,0.2642,0.2647,0.2647,0.2643,0.2649,0.266
1994,9,01,9/01/1994,0.2657,3.0,1994-09-01,0.2653,0.2645,0.2645,0.2642,0.2647,0.2647,0.2643,0.2658
1994,9,02,9/02/1994,0.2659,3.0,1994-09-02,0.2657,0.2653,0.2645,0.2645,0.2642,0.2647,0.2647,0.266
1994,9,03,9/03/1994,0.2661,3.0,1994-09-03,0.2659,0.2657,0.2653,0.2645,0.2645,0.2642,0.2647,0.266
1994,9,04,9/04/1994,0.2667,3.0,1994-09-04,0.2661,0.2659,0.2657,0.2653,0.2645,0.2645,0.2642,0.2659
1994,9,05,9/05/1994,0.2673,3.0,1994-09-05,0.2667,0.2661,0.2659,0.2657,0.2653,0.2645,0.2645,0.2656
1994,9,06,9/06/1994,0.2673,3.0,1994-09-06,0.2673,0.2667,0.2661,0.2659,0.2657,0.2653,0.2645,0.2656
1994,9,07,9/07/1994,0.2668,3.0,1994-09-07,0.2673,0.2673,0.2667,0.2661,0.2659,0.2657,0.2653,0.2654
1994,9,08,9/08/1994,0.2671,3.0,1994-09-08,0.2668,0.2673,0.2673,0.2667,0.2661,0.2659,0.2657,0.2652
1994,9,09,9/09/1994,0.2665,3.0,1994-09-09,0.2671,0.2668,0.2673,0.2673,0.2667,0.2661,0.2659,0.2651
1994,9,10,9/10/1994,0.2661,3.0,1994-09-10,0.2665,0.2671,0.2668,0.2673,0.2673,0.2667,0.2661,0.2652
1994,9,11,9/11/1994,0.2655,3.0,1994-09-11,0.2661,0.2665,0.2671,0.2668,0.2673,0.2673,0.2667,0.2656
1994,9,12,9/12/1994,0.265,3.0,1994-09-12,0.2655,0.2661,0.2665,0.2671,0.2668,0.2673,0.2673,0.2654
1994,9,13,9/13/1994,0.2646,3.0,1994-09-13,0.265,0.2655,0.2661,0.2665,0.2671,0.2668,0.2673,0.2651
1994,9,14,9/14/1994,0.2643,3.0,1994-09-14,0.2646,0.265,0.2655,0.2661,0.2665,0.2671,0.2668,0.2649
1994,9,15,9/15/1994,0.2641,3.0,1994-09-15,0.2643,0.2646,0.265,0.2655,0.2661,0.2665,0.2671,0.2653
1994,9,16,9/16/1994,0.2638,3.0,1994-09-16,0.2641,0.2643,0.2646,0.265,0.2655,0.2661,0.2665,0.2652
1994,9,17,9/17/1994,0.2639,3.0,1994-09-17,0.2638,0.2641,0.2643,0.2646,0.265,0.2655,0.2661,0.2645
1994,9,18,9/18/1994,0.2639,3.0,1994-09-18,0.2639,0.2638,0.2641,0.2643,0.2646,0.265,0.2655,0.2645
1994,9,19,9/19/1994,0.2637,3.0,1994-09-19,0.2639,0.2639,0.2638,0.2641,0.2643,0.2646,0.265,0.2646
1994,9,20,9/20/1994,0.2639,3.0,1994-09-20,0.2637,0.2639,0.2639,0.2638,0.2641,0.2643,0.2646,0.2649
1994,9,21,9/21/1994,0.2639,3.0,1994-09-21,0.2639,0.2637,0.2639,0.2639,0.2638,0.2641,0.2643,0.2643
1994,9,22,9/22/1994,0.2644,3.0,1994-09-22,0.2639,0.2639,0.2637,0.2639,0.2639,0.2638,0.2641,0.2647
1994,9,23,9/23/1994,0.2645,3.0,1994-09-23,0.2644,0.2639,0.2639,0.2637,0.2639,0.2639,0.2638,0.2647
1994,9,24,9/24/1994,0.2648,3.0,1994-09-24,0.2645,0.2644,0.2639,0.2639,0.2637,0.2639,0.2639,0.2642
1994,9,25,9/25/1994,0.2651,3.0,1994-09-25,0.2648,0.2645,0.2644,0.2639,0.2639,0.2637,0.2639,0.2645
1994,9,26,9/26/1994,0.2647,3.0,1994-09-26,0.2651,0.2648,0.2645,0.2644,0.2639,0.2639,0.2637,0.2645
1994,9,27,9/27/1994,0.2668,3.0,1994-09-27,0.2647,0.2651,0.2648,0.2645,0.2644,0.2639,0.2639,0.2653
1994,9,28,9/28/1994,0.2652,3.0,1994-09-28,0.2668,0.2647,0.2651,0.2648,0.2645,0.2644,0.2639,0.2657
1994,9,29,9/29/1994,0.2651,3.0,1994-09-29,0.2652,0.2668,0.2647,0.2651,0.2648,0.2645,0.2644,0.2659
1994,9,30,9/30/1994,0.2653,3.0,1994-09-30,0.2651,0.2652,0.2668,0.2647,0.2651,0.2648,0.2645,0.2661
1994,10,01,10/01/1994,0.2655,3.0,1994-10-01,0.2653,0.2651,0.2652,0.2668,0.2647,0.2651,0.2648,0.2667
1994,10,02,10/02/1994,0.2657,3.0,1994-10-02,0.2655,0.2653,0.2651,0.2652,0.2668,0.2647,0.2651,0.2673
1994,10,03,10/03/1994,0.2656,3.0,1994-10-03,0.2657,0.2655,0.2653,0.2651,0.2652,0.2668,0.2647,0.2673
1994,10,04,10/04/1994,0.2657,3.0,1994-10-04,0.2656,0.2657,0.2655,0.2653,0.2651,0.2652,0.2668,0.2668
1994,10,05,10/05/1994,0.267,3.0,1994-10-05,0.2657,0.2656,0.2657,0.2655,0.2653,0.2651,0.2652,0.2671
1994,10,06,10/06/1994,0.2653,3.0,1994-10-06,0.267,0.2657,0.2656,0.2657,0.2655,0.2653,0.2651,0.2665
1994,10,07,10/07/1994,0.2655,3.0,1994-10-07,0.2653,0.267,0.2657,0.2656,0.2657,0.2655,0.2653,0.2661
1994,10,08,10/08/1994,0.2654,3.0,1994-10-08,0.2655,0.2653,0.267,0.2657,0.2656,0.2657,0.2655,0.2655
1994,10,09,10/09/1994,0.2656,3.0,1994-10-09,0.2654,0.2655,0.2653,0.267,0.2657,0.2656,0.2657,0.265
1994,10,10,10/10/1994,0.2655,3.0,1994-10-10,0.2656,0.2654,0.2655,0.2653,0.267,0.2657,0.2656,0.2646
1994,10,11,10/11/1994,0.2652,3.0,1994-10-11,0.2655,0.2656,0.2654,0.2655,0.2653,0.267,0.2657,0.2643
1994,10,12,10/12/1994,0.2654,3.0,1994-10-12,0.2652,0.2655,0.2656,0.2654,0.2655,0.2653,0.267,0.2641
1994,10,13,10/13/1994,0.2658,3.0,1994-10-13,0.2654,0.2652,0.2655,0.2656,0.2654,0.2655,0.2653,0.2638
1994,10,14,10/14/1994,0.2662,3.0,1994-10-14,0.2658,0.2654,0.2652,0.2655,0.2656,0.2654,0.2655,0.2639
1994,10,15,10/15/1994,0.2664,3.0,1994-10-15,0.2662,0.2658,0.2654,0.2652,0.2655,0.2656,0.2654,0.2639
1994,10,16,10/16/1994,0.2669,3.0,1994-10-16,0.2664,0.2662,0.2658,0.2654,0.2652,0.2655,0.2656,0.2637
1994,10,17,10/17/1994,0.2666,3.0,1994-10-17,0.2669,0.2664,0.2662,0.2658,0.2654,0.2652,0.2655,0.2639
1994,10,18,10/18/1994,0.2671,3.0,1994-10-18,0.2666,0.2669,0.2664,0.2662,0.2658,0.2654,0.2652,0.2639
1994,10,19,10/19/1994,0.2667,3.0,1994-10-19,0.2671,0.2666,0.2669,0.2664,0.2662,0.2658,0.2654,0.2644
1994,10,20,10/20/1994,0.2667,3.0,1994-10-20,0.2667,0.2671,0.2666,0.2669,0.2664,0.2662,0.2658,0.2645
1994,10,21,10/21/1994,0.2663,3.0,1994-10-21,0.2667,0.2667,0.2671,0.2666,0.2669,0.2664,0.2662,0.2648
1994,10,22,10/22/1994,0.2655,3.0,1994-10-22,0.2663,0.2667,0.2667,0.2671,0.2666,0.2669,0.2664,0.2651
1994,10,23,10/23/1994,0.2661,3.0,1994-10-23,0.2655,0.2663,0.2667,0.2667,0.2671,0.2666,0.2669,0.2647
1994,10,24,10/24/1994,0.2663,3.0,1994-10-24,0.2661,0.2655,0.2663,0.2667,0.2667,0.2671,0.2666,0.2668
1994,10,25,10/25/1994,0.2665,3.0,1994-10-25,0.2663,0.2661,0.2655,0.2663,0.2667,0.2667,0.2671,0.2652
1994,10,26,10/26/1994,0.2664,3.0,1994-10-26,0.2665,0.2663,0.2661,0.2655,0.2663,0.2667,0.2667,0.2651
1994,10,27,10/27/1994,0.2676,3.0,1994-10-27,0.2664,0.2665,0.2663,0.2661,0.2655,0.2663,0.2667,0.2653
1994,10,28,10/28/1994,0.2683,3.0,1994-10-28,0.2676,0.2664,0.2665,0.2663,0.2661,0.2655,0.2663,0.2655
1994,10,29,10/29/1994,0.2681,3.0,1994-10-29,0.2683,0.2676,0.2664,0.2665,0.2663,0.2661,0.2655,0.2657
1994,10,30,10/30/1994,0.2689,3.0,1994-10-30,0.2681,0.2683,0.2676,0.2664,0.2665,0.2663,0.2661,0.2656
1994,10,31,10/31/1994,0.2684,3.0,1994-10-31,0.2689,0.2681,0.2683,0.2676,0.2664,0.2665,0.2663,0.2657
1994,11,01,11/01/1994,0.2684,3.0,1994-11-01,0.2684,0.2689,0.2681,0.2683,0.2676,0.2664,0.2665,0.267
1994,11,02,11/02/1994,0.2674,3.0,1994-11-02,0.2684,0.2684,0.2689,0.2681,0.2683,0.2676,0.2664,0.2653
1994,11,03,11/03/1994,0.2671,3.0,1994-11-03,0.2674,0.2684,0.2684,0.2689,0.2681,0.2683,0.2676,0.2655
1994,11,04,11/04/1994,0.2663,3.0,1994-11-04,0.2671,0.2674,0.2684,0.2684,0.2689,0.2681,0.2683,0.2654
1994,11,05,11/05/1994,0.2657,3.0,1994-11-05,0.2663,0.2671,0.2674,0.2684,0.2684,0.2689,0.2681,0.2656
1994,11,06,11/06/1994,0.2653,3.0,1994-11-06,0.2657,0.2663,0.2671,0.2674,0.2684,0.2684,0.2689,0.2655
1994,11,07,11/07/1994,0.2648,3.0,1994-11-07,0.2653,0.2657,0.2663,0.2671,0.2674,0.2684,0.2684,0.2652
1994,11,08,11/08/1994,0.2649,3.0,1994-11-08,0.2648,0.2653,0.2657,0.2663,0.2671,0.2674,0.2684,0.2654
1994,11,09,11/09/1994,0.2651,3.0,1994-11-09,0.2649,0.2648,0.2653,0.2657,0.2663,0.2671,0.2674,0.2658
1994,11,10,11/10/1994,0.2658,3.0,1994-11-10,0.2651,0.2649,0.2648,0.2653,0.2657,0.2663,0.2671,0.2662
1994,11,11,11/11/1994,0.2658,3.0,1994-11-11,0.2658,0.2651,0.2649,0.2648,0.2653,0.2657,0.2663,0.2664
1994,11,12,11/12/1994,0.266,3.0,1994-11-12,0.2658,0.2658,0.2651,0.2649,0.2648,0.2653,0.2657,0.2669
1994,11,13,11/13/1994,0.2663,3.0,1994-11-13,0.266,0.2658,0.2658,0.2651,0.2649,0.2648,0.2653,0.2666
1994,11,14,11/14/1994,0.2663,3.0,1994-11-14,0.2663,0.266,0.2658,0.2658,0.2651,0.2649,0.2648,0.2671
1994,11,15,11/15/1994,0.266,3.0,1994-11-15,0.2663,0.2663,0.266,0.2658,0.2658,0.2651,0.2649,0.2667
1994,11,16,11/16/1994,0.2659,3.0,1994-11-16,0.266,0.2663,0.2663,0.266,0.2658,0.2658,0.2651,0.2667
1994,11,17,11/17/1994,0.2658,3.0,1994-11-17,0.2659,0.266,0.2663,0.2663,0.266,0.2658,0.2658,0.2663
1994,11,18,11/18/1994,0.2653,3.0,1994-11-18,0.2658,0.2659,0.266,0.2663,0.2663,0.266,0.2658,0.2655
1994,11,19,11/19/1994,0.2649,3.0,1994-11-19,0.2653,0.2658,0.2659,0.266,0.2663,0.2663,0.266,0.2661
1994,11,20,11/20/1994,0.2645,3.0,1994-11-20,0.2649,0.2653,0.2658,0.2659,0.266,0.2663,0.2663,0.2663
1994,11,21,11/21/1994,0.2643,3.0,1994-11-21,0.2645,0.2649,0.2653,0.2658,0.2659,0.266,0.2663,0.2665
1994,11,22,11/22/1994,0.2647,3.0,1994-11-22,0.2643,0.2645,0.2649,0.2653,0.2658,0.2659,0.266,0.2664
1994,11,23,11/23/1994,0.2647,3.0,1994-11-23,0.2647,0.2643,0.2645,0.2649,0.2653,0.2658,0.2659,0.2676
1994,11,24,11/24/1994,0.2653,3.0,1994-11-24,0.2647,0.2647,0.2643,0.2645,0.2649,0.2653,0.2658,0.2683
1994,11,25,11/25/1994,0.2654,3.0,1994-11-25,0.2653,0.2647,0.2647,0.2643,0.2645,0.2649,0.2653,0.2681
1994,11,26,11/26/1994,0.2657,3.0,1994-11-26,0.2654,0.2653,0.2647,0.2647,0.2643,0.2645,0.2649,0.2689
1994,11,27,11/27/1994,0.2658,3.0,1994-11-27,0.2657,0.2654,0.2653,0.2647,0.2647,0.2643,0.2645,0.2684
1994,11,28,11/28/1994,0.2665,3.0,1994-11-28,0.2658,0.2657,0.2654,0.2653,0.2647,0.2647,0.2643,0.2684
1994,11,29,11/29/1994,0.2663,3.0,1994-11-29,0.2665,0.2658,0.2657,0.2654,0.2653,0.2647,0.2647,0.2674
1994,11,30,11/30/1994,0.2659,3.0,1994-11-30,0.2663,0.2665,0.2658,0.2657,0.2654,0.2653,0.2647,0.2671
1994,12,01,12/01/1994,0.2655,3.0,1994-12-01,0.2659,0.2663,0.2665,0.2658,0.2657,0.2654,0.2653,0.2663
1994,12,02,12/02/1994,0.2652,3.0,1994-12-02,0.2655,0.2659,0.2663,0.2665,0.2658,0.2657,0.2654,0.2657
1994,12,03,12/03/1994,0.2646,3.0,1994-12-03,0.2652,0.2655,0.2659,0.2663,0.2665,0.2658,0.2657,0.2653
1994,12,04,12/04/1994,0.2651,3.0,1994-12-04,0.2646,0.2652,0.2655,0.2659,0.2663,0.2665,0.2658,0.2648
1994,12,05,12/05/1994,0.2663,3.0,1994-12-05,0.2651,0.2646,0.2652,0.2655,0.2659,0.2663,0.2665,0.2649
1994,12,06,12/06/1994,0.2664,3.0,1994-12-06,0.2663,0.2651,0.2646,0.2652,0.2655,0.2659,0.2663,0.2651
1994,12,07,12/07/1994,0.2657,3.0,1994-12-07,0.2664,0.2663,0.2651,0.2646,0.2652,0.2655,0.2659,0.2658
1994,12,08,12/08/1994,0.266,3.0,1994-12-08,0.2657,0.2664,0.2663,0.2651,0.2646,0.2652,0.2655,0.2658
1994,12,09,12/09/1994,0.2662,3.0,1994-12-09,0.266,0.2657,0.2664,0.2663,0.2651,0.2646,0.2652,0.266
1994,12,10,12/10/1994,0.2665,3.0,1994-12-10,0.2662,0.266,0.2657,0.2664,0.2663,0.2651,0.2646,0.2663
1994,12,11,12/11/1994,0.2669,3.0,1994-12-11,0.2665,0.2662,0.266,0.2657,0.2664,0.2663,0.2651,0.2663
1994,12,12,12/12/1994,0.2671,3.0,1994-12-12,0.2669,0.2665,0.2662,0.266,0.2657,0.2664,0.2663,0.266
1994,12,13,12/13/1994,0.2674,3.0,1994-12-13,0.2671,0.2669,0.2665,0.2662,0.266,0.2657,0.2664,0.2659
1994,12,14,12/14/1994,0.2668,3.0,1994-12-14,0.2674,0.2671,0.2669,0.2665,0.2662,0.266,0.2657,0.2658
1994,12,15,12/15/1994,0.2662,3.0,1994-12-15,0.2668,0.2674,0.2671,0.2669,0.2665,0.2662,0.266,0.2653
1994,12,16,12/16/1994,0.2656,3.0,1994-12-16,0.2662,0.2668,0.2674,0.2671,0.2669,0.2665,0.2662,0.2649
1994,12,17,12/17/1994,0.2652,3.0,1994-12-17,0.2656,0.2662,0.2668,0.2674,0.2671,0.2669,0.2665,0.2645
1994,12,18,12/18/1994,0.2652,3.0,1994-12-18,0.2652,0.2656,0.2662,0.2668,0.2674,0.2671,0.2669,0.2643
1994,12,19,12/19/1994,0.2651,3.0,1994-12-19,0.2652,0.2652,0.2656,0.2662,0.2668,0.2674,0.2671,0.2647
1994,12,20,12/20/1994,0.2652,3.0,1994-12-20,0.2651,0.2652,0.2652,0.2656,0.2662,0.2668,0.2674,0.2647
1994,12,21,12/21/1994,0.2654,3.0,1994-12-21,0.2652,0.2651,0.2652,0.2652,0.2656,0.2662,0.2668,0.2653
1994,12,22,12/22/1994,0.2659,3.0,1994-12-22,0.2654,0.2652,0.2651,0.2652,0.2652,0.2656,0.2662,0.2654
1994,12,23,12/23/1994,0.2659,3.0,1994-12-23,0.2659,0.2654,0.2652,0.2651,0.2652,0.2652,0.2656,0.2657
1994,12,24,12/24/1994,0.266,3.0,1994-12-24,0.2659,0.2659,0.2654,0.2652,0.2651,0.2652,0.2652,0.2658
1994,12,25,12/25/1994,0.2662,3.0,1994-12-25,0.266,0.2659,0.2659,0.2654,0.2652,0.2651,0.2652,0.2665
1994,12,26,12/26/1994,0.2662,3.0,1994-12-26,0.2662,0.266,0.2659,0.2659,0.2654,0.2652,0.2651,0.2663
1994,12,27,12/27/1994,0.266,3.0,1994-12-27,0.2662,0.2662,0.266,0.2659,0.2659,0.2654,0.2652,0.2659
1994,12,28,12/28/1994,0.2656,3.0,1994-12-28,0.266,0.2662,0.2662,0.266,0.2659,0.2659,0.2654,0.2655
1994,12,29,12/29/1994,0.2655,3.0,1994-12-29,0.2656,0.266,0.2662,0.2662,0.266,0.2659,0.2659,0.2652
1994,12,30,12/30/1994,0.2647,3.0,1994-12-30,0.2655,0.2656,0.266,0.2662,0.2662,0.266,0.2659,0.2646
1994,12,31,12/31/1994,0.2646,3.0,1994-12-31,0.2647,0.2655,0.2656,0.266,0.2662,0.2662,0.266,0.2651
1995,1,05,1/05/1995,0.2652,3.0,1995-01-05,0.2646,0.2647,0.2655,0.2656,0.266,0.2662,0.2662,0.2663
1995,1,06,1/06/1995,0.2658,3.0,1995-01-06,0.2652,0.2646,0.2647,0.2655,0.2656,0.266,0.2662,0.2664
1995,1,07,1/07/1995,0.2655,3.0,1995-01-07,0.2658,0.2652,0.2646,0.2647,0.2655,0.2656,0.266,0.2657
1995,1,08,1/08/1995,0.2657,3.0,1995-01-08,0.2655,0.2658,0.2652,0.2646,0.2647,0.2655,0.2656,0.266
1995,1,09,1/09/1995,0.2659,3.0,1995-01-09,0.2657,0.2655,0.2658,0.2652,0.2646,0.2647,0.2655,0.2662
1995,1,10,1/10/1995,0.2658,3.0,1995-01-10,0.2659,0.2657,0.2655,0.2658,0.2652,0.2646,0.2647,0.2665
1995,1,11,1/11/1995,0.2653,3.0,1995-01-11,0.2658,0.2659,0.2657,0.2655,0.2658,0.2652,0.2646,0.2669
1995,1,12,1/12/1995,0.2661,3.0,1995-01-12,0.2653,0.2658,0.2659,0.2657,0.2655,0.2658,0.2652,0.2671
1995,1,13,1/13/1995,0.2656,3.0,1995-01-13,0.2661,0.2653,0.2658,0.2659,0.2657,0.2655,0.2658,0.2674
1995,1,14,1/14/1995,0.2651,3.0,1995-01-14,0.2656,0.2661,0.2653,0.2658,0.2659,0.2657,0.2655,0.2668
1995,1,15,1/15/1995,0.2653,3.0,1995-01-15,0.2651,0.2656,0.2661,0.2653,0.2658,0.2659,0.2657,0.2662
1995,1,16,1/16/1995,0.2654,3.0,1995-01-16,0.2653,0.2651,0.2656,0.2661,0.2653,0.2658,0.2659,0.2656
1995,1,17,1/17/1995,0.2658,3.0,1995-01-17,0.2654,0.2653,0.2651,0.2656,0.2661,0.2653,0.2658,0.2652
1995,1,18,1/18/1995,0.2655,3.0,1995-01-18,0.2658,0.2654,0.2653,0.2651,0.2656,0.2661,0.2653,0.2652
1995,1,19,1/19/1995,0.2668,3.0,1995-01-19,0.2655,0.2658,0.2654,0.2653,0.2651,0.2656,0.2661,0.2651
1995,1,20,1/20/1995,0.2674,3.0,1995-01-20,0.2668,0.2655,0.2658,0.2654,0.2653,0.2651,0.2656,0.2652
1995,1,21,1/21/1995,0.2675,3.0,1995-01-21,0.2674,0.2668,0.2655,0.2658,0.2654,0.2653,0.2651,0.2654
1995,1,22,1/22/1995,0.2675,3.0,1995-01-22,0.2675,0.2674,0.2668,0.2655,0.2658,0.2654,0.2653,0.2659
1995,1,23,1/23/1995,0.2678,3.0,1995-01-23,0.2675,0.2675,0.2674,0.2668,0.2655,0.2658,0.2654,0.2659
1995,1,24,1/24/1995,0.2681,3.0,1995-01-24,0.2678,0.2675,0.2675,0.2674,0.2668,0.2655,0.2658,0.266
1995,1,25,1/25/1995,0.2671,3.0,1995-01-25,0.2681,0.2678,0.2675,0.2675,0.2674,0.2668,0.2655,0.2662
1995,1,26,1/26/1995,0.2665,3.0,1995-01-26,0.2671,0.2681,0.2678,0.2675,0.2675,0.2674,0.2668,0.2662
1995,1,27,1/27/1995,0.2658,3.0,1995-01-27,0.2665,0.2671,0.2681,0.2678,0.2675,0.2675,0.2674,0.266
1995,1,28,1/28/1995,0.2653,3.0,1995-01-28,0.2658,0.2665,0.2671,0.2681,0.2678,0.2675,0.2675,0.2656
1995,1,29,1/29/1995,0.2642,3.0,1995-01-29,0.2653,0.2658,0.2665,0.2671,0.2681,0.2678,0.2675,0.2655
1995,1,31,1/31/1995,0.2655,3.0,1995-01-31,0.2642,0.2653,0.2658,0.2665,0.2671,0.2681,0.2678,0.2647
1995,2,01,2/01/1995,0.2654,3.0,1995-02-01,0.2655,0.2642,0.2653,0.2658,0.2665,0.2671,0.2681,0.2646
1995,2,02,2/02/1995,0.2657,3.0,1995-02-02,0.2654,0.2655,0.2642,0.2653,0.2658,0.2665,0.2671,0.2652
1995,2,03,2/03/1995,0.266,3.0,1995-02-03,0.2657,0.2654,0.2655,0.2642,0.2653,0.2658,0.2665,0.2658
1995,2,04,2/04/1995,0.2662,3.0,1995-02-04,0.266,0.2657,0.2654,0.2655,0.2642,0.2653,0.2658,0.2655
1995,2,05,2/05/1995,0.266,3.0,1995-02-05,0.2662,0.266,0.2657,0.2654,0.2655,0.2642,0.2653,0.2657
1995,2,06,2/06/1995,0.2659,3.0,1995-02-06,0.266,0.2662,0.266,0.2657,0.2654,0.2655,0.2642,0.2659
1995,2,07,2/07/1995,0.2658,3.0,1995-02-07,0.2659,0.266,0.2662,0.266,0.2657,0.2654,0.2655,0.2658
1995,2,08,2/08/1995,0.2656,3.0,1995-02-08,0.2658,0.2659,0.266,0.2662,0.266,0.2657,0.2654,0.2653
1995,2,09,2/09/1995,0.2655,3.0,1995-02-09,0.2656,0.2658,0.2659,0.266,0.2662,0.266,0.2657,0.2661
1995,2,10,2/10/1995,0.2655,3.0,1995-02-10,0.2655,0.2656,0.2658,0.2659,0.266,0.2662,0.266,0.2656
1995,2,11,2/11/1995,0.2653,3.0,1995-02-11,0.2655,0.2655,0.2656,0.2658,0.2659,0.266,0.2662,0.2651
1995,2,12,2/12/1995,0.2655,3.0,1995-02-12,0.2653,0.2655,0.2655,0.2656,0.2658,0.2659,0.266,0.2653
1995,2,13,2/13/1995,0.2656,4.0,1995-02-13,0.2655,0.2653,0.2655,0.2655,0.2656,0.2658,0.2659,0.2654
1995,2,14,2/14/1995,0.2669,4.0,1995-02-14,0.2656,0.2655,0.2653,0.2655,0.2655,0.2656,0.2658,0.2658
1995,2,15,2/15/1995,0.2663,4.0,1995-02-15,0.2669,0.2656,0.2655,0.2653,0.2655,0.2655,0.2656,0.2655
1995,2,16,2/16/1995,0.2677,4.0,1995-02-16,0.2663,0.2669,0.2656,0.2655,0.2653,0.2655,0.2655,0.2668
1995,2,17,2/17/1995,0.2674,4.0,1995-02-17,0.2677,0.2663,0.2669,0.2656,0.2655,0.2653,0.2655,0.2674
1995,2,18,2/18/1995,0.2676,4.0,1995-02-18,0.2674,0.2677,0.2663,0.2669,0.2656,0.2655,0.2653,0.2675
1995,2,19,2/19/1995,0.2678,4.0,1995-02-19,0.2676,0.2674,0.2677,0.2663,0.2669,0.2656,0.2655,0.2675
1995,2,20,2/20/1995,0.2679,4.0,1995-02-20,0.2678,0.2676,0.2674,0.2677,0.2663,0.2669,0.2656,0.2678
1995,2,21,2/21/1995,0.267,4.0,1995-02-21,0.2679,0.2678,0.2676,0.2674,0.2677,0.2663,0.2669,0.2681
1995,2,22,2/22/1995,0.2667,4.0,1995-02-22,0.267,0.2679,0.2678,0.2676,0.2674,0.2677,0.2663,0.2671
1995,2,23,2/23/1995,0.2668,4.0,1995-02-23,0.2667,0.267,0.2679,0.2678,0.2676,0.2674,0.2677,0.2665
1995,2,24,2/24/1995,0.268,4.0,1995-02-24,0.2668,0.2667,0.267,0.2679,0.2678,0.2676,0.2674,0.2658
1995,2,25,2/25/1995,0.2661,4.0,1995-02-25,0.268,0.2668,0.2667,0.267,0.2679,0.2678,0.2676,0.2653
1995,2,26,2/26/1995,0.2656,4.0,1995-02-26,0.2661,0.268,0.2668,0.2667,0.267,0.2679,0.2678,0.2642
1995,2,27,2/27/1995,0.2652,4.0,1995-02-27,0.2656,0.2661,0.268,0.2668,0.2667,0.267,0.2679,0.2655
1995,2,28,2/28/1995,0.2652,4.0,1995-02-28,0.2652,0.2656,0.2661,0.268,0.2668,0.2667,0.267,0.2654
1995,3,01,3/01/1995,0.2656,4.0,1995-03-01,0.2652,0.2652,0.2656,0.2661,0.268,0.2668,0.2667,0.2657
1995,3,02,3/02/1995,0.2656,4.0,1995-03-02,0.2656,0.2652,0.2652,0.2656,0.2661,0.268,0.2668,0.266
1995,3,03,3/03/1995,0.2658,4.0,1995-03-03,0.2656,0.2656,0.2652,0.2652,0.2656,0.2661,0.268,0.2662
1995,3,04,3/04/1995,0.267,4.0,1995-03-04,0.2658,0.2656,0.2656,0.2652,0.2652,0.2656,0.2661,0.266
1995,3,05,3/05/1995,0.2666,4.0,1995-03-05,0.267,0.2658,0.2656,0.2656,0.2652,0.2652,0.2656,0.2659
1995,3,06,3/06/1995,0.2664,4.0,1995-03-06,0.2666,0.267,0.2658,0.2656,0.2656,0.2652,0.2652,0.2658
1995,3,07,3/07/1995,0.2659,4.0,1995-03-07,0.2664,0.2666,0.267,0.2658,0.2656,0.2656,0.2652,0.2656
1995,3,08,3/08/1995,0.2662,4.0,1995-03-08,0.2659,0.2664,0.2666,0.267,0.2658,0.2656,0.2656,0.2655
1995,3,09,3/09/1995,0.2645,4.0,1995-03-09,0.2662,0.2659,0.2664,0.2666,0.267,0.2658,0.2656,0.2655
1995,3,10,3/10/1995,0.2642,4.0,1995-03-10,0.2645,0.2662,0.2659,0.2664,0.2666,0.267,0.2658,0.2653
1995,3,11,3/11/1995,0.2644,4.0,1995-03-11,0.2642,0.2645,0.2662,0.2659,0.2664,0.2666,0.267,0.2655
1995,3,12,3/12/1995,0.2636,4.0,1995-03-12,0.2644,0.2642,0.2645,0.2662,0.2659,0.2664,0.2666,0.2656
1995,3,13,3/13/1995,0.2641,4.0,1995-03-13,0.2636,0.2644,0.2642,0.2645,0.2662,0.2659,0.2664,0.2669
1995,3,14,3/14/1995,0.2649,4.0,1995-03-14,0.2641,0.2636,0.2644,0.2642,0.2645,0.2662,0.2659,0.2663
1995,3,15,3/15/1995,0.2652,4.0,1995-03-15,0.2649,0.2641,0.2636,0.2644,0.2642,0.2645,0.2662,0.2677
1995,3,16,3/16/1995,0.2664,4.0,1995-03-16,0.2652,0.2649,0.2641,0.2636,0.2644,0.2642,0.2645,0.2674
1995,3,17,3/17/1995,0.2668,4.0,1995-03-17,0.2664,0.2652,0.2649,0.2641,0.2636,0.2644,0.2642,0.2676
1995,3,18,3/18/1995,0.2668,4.0,1995-03-18,0.2668,0.2664,0.2652,0.2649,0.2641,0.2636,0.2644,0.2678
1995,3,19,3/19/1995,0.2665,4.0,1995-03-19,0.2668,0.2668,0.2664,0.2652,0.2649,0.2641,0.2636,0.2679
1995,3,20,3/20/1995,0.2666,4.0,1995-03-20,0.2665,0.2668,0.2668,0.2664,0.2652,0.2649,0.2641,0.267
1995,3,21,3/21/1995,0.2663,4.0,1995-03-21,0.2666,0.2665,0.2668,0.2668,0.2664,0.2652,0.2649,0.2667
1995,3,22,3/22/1995,0.2665,4.0,1995-03-22,0.2663,0.2666,0.2665,0.2668,0.2668,0.2664,0.2652,0.2668
1995,3,24,3/24/1995,0.2678,4.0,1995-03-24,0.2665,0.2663,0.2666,0.2665,0.2668,0.2668,0.2664,0.268
1995,3,25,3/25/1995,0.2677,4.0,1995-03-25,0.2678,0.2665,0.2663,0.2666,0.2665,0.2668,0.2668,0.2661
1995,3,26,3/26/1995,0.2681,4.0,1995-03-26,0.2677,0.2678,0.2665,0.2663,0.2666,0.2665,0.2668,0.2656
1995,3,27,3/27/1995,0.2683,4.0,1995-03-27,0.2681,0.2677,0.2678,0.2665,0.2663,0.2666,0.2665,0.2652
1995,3,28,3/28/1995,0.2682,4.0,1995-03-28,0.2683,0.2681,0.2677,0.2678,0.2665,0.2663,0.2666,0.2652
1995,3,29,3/29/1995,0.2664,4.0,1995-03-29,0.2682,0.2683,0.2681,0.2677,0.2678,0.2665,0.2663,0.2656
1995,4,06,4/06/1995,0.2637,4.0,1995-04-06,0.2664,0.2682,0.2683,0.2681,0.2677,0.2678,0.2665,0.2656
1995,4,07,4/07/1995,0.2635,4.0,1995-04-07,0.2637,0.2664,0.2682,0.2683,0.2681,0.2677,0.2678,0.2658
1995,4,08,4/08/1995,0.2637,4.0,1995-04-08,0.2635,0.2637,0.2664,0.2682,0.2683,0.2681,0.2677,0.267
1995,4,09,4/09/1995,0.2632,4.0,1995-04-09,0.2637,0.2635,0.2637,0.2664,0.2682,0.2683,0.2681,0.2666
1995,4,10,4/10/1995,0.2635,4.0,1995-04-10,0.2632,0.2637,0.2635,0.2637,0.2664,0.2682,0.2683,0.2664
1995,4,11,4/11/1995,0.264,4.0,1995-04-11,0.2635,0.2632,0.2637,0.2635,0.2637,0.2664,0.2682,0.2659
1995,4,12,4/12/1995,0.2651,4.0,1995-04-12,0.264,0.2635,0.2632,0.2637,0.2635,0.2637,0.2664,0.2662
1995,4,13,4/13/1995,0.2654,4.0,1995-04-13,0.2651,0.264,0.2635,0.2632,0.2637,0.2635,0.2637,0.2645
1995,4,14,4/14/1995,0.2658,4.0,1995-04-14,0.2654,0.2651,0.264,0.2635,0.2632,0.2637,0.2635,0.2642
1995,4,15,4/15/1995,0.2665,4.0,1995-04-15,0.2658,0.2654,0.2651,0.264,0.2635,0.2632,0.2637,0.2644
1995,4,16,4/16/1995,0.2659,4.0,1995-04-16,0.2665,0.2658,0.2654,0.2651,0.264,0.2635,0.2632,0.2636
1995,4,17,4/17/1995,0.2659,4.0,1995-04-17,0.2659,0.2665,0.2658,0.2654,0.2651,0.264,0.2635,0.2641
1995,4,21,4/21/1995,0.2659,4.0,1995-04-21,0.2659,0.2659,0.2665,0.2658,0.2654,0.2651,0.264,0.2649
1995,4,22,4/22/1995,0.2651,4.0,1995-04-22,0.2659,0.2659,0.2659,0.2665,0.2658,0.2654,0.2651,0.2652
1995,4,23,4/23/1995,0.2647,4.0,1995-04-23,0.2651,0.2659,0.2659,0.2659,0.2665,0.2658,0.2654,0.2664
1995,4,24,4/24/1995,0.2645,4.0,1995-04-24,0.2647,0.2651,0.2659,0.2659,0.2659,0.2665,0.2658,0.2668
1995,4,25,4/25/1995,0.2644,4.0,1995-04-25,0.2645,0.2647,0.2651,0.2659,0.2659,0.2659,0.2665,0.2668
1995,4,26,4/26/1995,0.2637,4.0,1995-04-26,0.2644,0.2645,0.2647,0.2651,0.2659,0.2659,0.2659,0.2665
1995,4,27,4/27/1995,0.2639,4.0,1995-04-27,0.2637,0.2644,0.2645,0.2647,0.2651,0.2659,0.2659,0.2666
1995,4,28,4/28/1995,0.2635,4.0,1995-04-28,0.2639,0.2637,0.2644,0.2645,0.2647,0.2651,0.2659,0.2663
1995,4,29,4/29/1995,0.2639,4.0,1995-04-29,0.2635,0.2639,0.2637,0.2644,0.2645,0.2647,0.2651,0.2665
1995,4,30,4/30/1995,0.2642,4.0,1995-04-30,0.2639,0.2635,0.2639,0.2637,0.2644,0.2645,0.2647,0.2678
1995,5,01,5/01/1995,0.2639,4.0,1995-05-01,0.2642,0.2639,0.2635,0.2639,0.2637,0.2644,0.2645,0.2677
1995,5,02,5/02/1995,0.2639,4.0,1995-05-02,0.2639,0.2642,0.2639,0.2635,0.2639,0.2637,0.2644,0.2681
1995,5,03,5/03/1995,0.2635,4.0,1995-05-03,0.2639,0.2639,0.2642,0.2639,0.2635,0.2639,0.2637,0.2683
1995,5,04,5/04/1995,0.2625,4.0,1995-05-04,0.2635,0.2639,0.2639,0.2642,0.2639,0.2635,0.2639,0.2682
1995,5,05,5/05/1995,0.2637,4.0,1995-05-05,0.2625,0.2635,0.2639,0.2639,0.2642,0.2639,0.2635,0.2664
1995,5,06,5/06/1995,0.2641,4.0,1995-05-06,0.2637,0.2625,0.2635,0.2639,0.2639,0.2642,0.2639,0.2637
1995,5,07,5/07/1995,0.2639,4.0,1995-05-07,0.2641,0.2637,0.2625,0.2635,0.2639,0.2639,0.2642,0.2635
1995,5,08,5/08/1995,0.2645,4.0,1995-05-08,0.2639,0.2641,0.2637,0.2625,0.2635,0.2639,0.2639,0.2637
1995,5,09,5/09/1995,0.2651,4.0,1995-05-09,0.2645,0.2639,0.2641,0.2637,0.2625,0.2635,0.2639,0.2632
1995,5,10,5/10/1995,0.2658,4.0,1995-05-10,0.2651,0.2645,0.2639,0.2641,0.2637,0.2625,0.2635,0.2635
1995,5,11,5/11/1995,0.2661,4.0,1995-05-11,0.2658,0.2651,0.2645,0.2639,0.2641,0.2637,0.2625,0.264
1995,5,12,5/12/1995,0.2658,4.0,1995-05-12,0.2661,0.2658,0.2651,0.2645,0.2639,0.2641,0.2637,0.2651
1995,5,13,5/13/1995,0.266,4.0,1995-05-13,0.2658,0.2661,0.2658,0.2651,0.2645,0.2639,0.2641,0.2654
1995,5,14,5/14/1995,0.2656,4.0,1995-05-14,0.266,0.2658,0.2661,0.2658,0.2651,0.2645,0.2639,0.2658
1995,5,15,5/15/1995,0.2673,4.0,1995-05-15,0.2656,0.266,0.2658,0.2661,0.2658,0.2651,0.2645,0.2665
1995,5,24,5/24/1995,0.2651,4.0,1995-05-24,0.2673,0.2656,0.266,0.2658,0.2661,0.2658,0.2651,0.2659
1995,5,25,5/25/1995,0.2642,4.0,1995-05-25,0.2651,0.2673,0.2656,0.266,0.2658,0.2661,0.2658,0.2659
1995,5,26,5/26/1995,0.2649,4.0,1995-05-26,0.2642,0.2651,0.2673,0.2656,0.266,0.2658,0.2661,0.2659
1995,5,27,5/27/1995,0.2645,4.0,1995-05-27,0.2649,0.2642,0.2651,0.2673,0.2656,0.266,0.2658,0.2651
1995,5,28,5/28/1995,0.2647,4.0,1995-05-28,0.2645,0.2649,0.2642,0.2651,0.2673,0.2656,0.266,0.2647
1995,5,29,5/29/1995,0.2647,4.0,1995-05-29,0.2647,0.2645,0.2649,0.2642,0.2651,0.2673,0.2656,0.2645
1995,5,30,5/30/1995,0.2649,4.0,1995-05-30,0.2647,0.2647,0.2645,0.2649,0.2642,0.2651,0.2673,0.2644
1995,5,31,5/31/1995,0.2649,4.0,1995-05-31,0.2649,0.2647,0.2647,0.2645,0.2649,0.2642,0.2651,0.2637
1995,6,01,6/01/1995,0.2643,4.0,1995-06-01,0.2649,0.2649,0.2647,0.2647,0.2645,0.2649,0.2642,0.2639
1995,6,02,6/02/1995,0.2644,4.0,1995-06-02,0.2643,0.2649,0.2649,0.2647,0.2647,0.2645,0.2649,0.2635
1995,6,03,6/03/1995,0.2649,4.0,1995-06-03,0.2644,0.2643,0.2649,0.2649,0.2647,0.2647,0.2645,0.2639
1995,6,04,6/04/1995,0.2649,4.0,1995-06-04,0.2649,0.2644,0.2643,0.2649,0.2649,0.2647,0.2647,0.2642
1995,6,05,6/05/1995,0.2662,4.0,1995-06-05,0.2649,0.2649,0.2644,0.2643,0.2649,0.2649,0.2647,0.2639
1995,6,06,6/06/1995,0.2667,4.0,1995-06-06,0.2662,0.2649,0.2649,0.2644,0.2643,0.2649,0.2649,0.2639
1995,6,07,6/07/1995,0.2665,4.0,1995-06-07,0.2667,0.2662,0.2649,0.2649,0.2644,0.2643,0.2649,0.2635
1995,6,08,6/08/1995,0.2666,4.0,1995-06-08,0.2665,0.2667,0.2662,0.2649,0.2649,0.2644,0.2643,0.2625
1995,6,09,6/09/1995,0.2672,4.0,1995-06-09,0.2666,0.2665,0.2667,0.2662,0.2649,0.2649,0.2644,0.2637
1995,6,10,6/10/1995,0.2672,4.0,1995-06-10,0.2672,0.2666,0.2665,0.2667,0.2662,0.2649,0.2649,0.2641
1995,6,11,6/11/1995,0.267,4.0,1995-06-11,0.2672,0.2672,0.2666,0.2665,0.2667,0.2662,0.2649,0.2639
1995,6,12,6/12/1995,0.2658,4.0,1995-06-12,0.267,0.2672,0.2672,0.2666,0.2665,0.2667,0.2662,0.2645
1995,6,13,6/13/1995,0.2656,4.0,1995-06-13,0.2658,0.267,0.2672,0.2672,0.2666,0.2665,0.2667,0.2651
1995,6,14,6/14/1995,0.2651,4.0,1995-06-14,0.2656,0.2658,0.267,0.2672,0.2672,0.2666,0.2665,0.2658
1995,6,15,6/15/1995,0.2655,4.0,1995-06-15,0.2651,0.2656,0.2658,0.267,0.2672,0.2672,0.2666,0.2661
1995,6,16,6/16/1995,0.2644,4.0,1995-06-16,0.2655,0.2651,0.2656,0.2658,0.267,0.2672,0.2672,0.2658
1995,6,17,6/17/1995,0.2641,4.0,1995-06-17,0.2644,0.2655,0.2651,0.2656,0.2658,0.267,0.2672,0.266
1995,6,18,6/18/1995,0.2641,4.0,1995-06-18,0.2641,0.2644,0.2655,0.2651,0.2656,0.2658,0.267,0.2656
1995,6,19,6/19/1995,0.2642,4.0,1995-06-19,0.2641,0.2641,0.2644,0.2655,0.2651,0.2656,0.2658,0.2673
1995,6,20,6/20/1995,0.2637,4.0,1995-06-20,0.2642,0.2641,0.2641,0.2644,0.2655,0.2651,0.2656,0.2651
1995,6,21,6/21/1995,0.265,4.0,1995-06-21,0.2637,0.2642,0.2641,0.2641,0.2644,0.2655,0.2651,0.2642
1995,6,22,6/22/1995,0.2652,4.0,1995-06-22,0.265,0.2637,0.2642,0.2641,0.2641,0.2644,0.2655,0.2649
1995,6,23,6/23/1995,0.2653,4.0,1995-06-23,0.2652,0.265,0.2637,0.2642,0.2641,0.2641,0.2644,0.2645
1995,6,24,6/24/1995,0.2656,4.0,1995-06-24,0.2653,0.2652,0.265,0.2637,0.2642,0.2641,0.2641,0.2647
1995,6,25,6/25/1995,0.2649,4.0,1995-06-25,0.2656,0.2653,0.2652,0.265,0.2637,0.2642,0.2641,0.2647
1995,6,26,6/26/1995,0.2656,4.0,1995-06-26,0.2649,0.2656,0.2653,0.2652,0.265,0.2637,0.2642,0.2649
1995,6,27,6/27/1995,0.2642,4.0,1995-06-27,0.2656,0.2649,0.2656,0.2653,0.2652,0.265,0.2637,0.2649
1995,6,28,6/28/1995,0.2645,4.0,1995-06-28,0.2642,0.2656,0.2649,0.2656,0.2653,0.2652,0.265,0.2643
1995,6,29,6/29/1995,0.2654,4.0,1995-06-29,0.2645,0.2642,0.2656,0.2649,0.2656,0.2653,0.2652,0.2644
1995,7,03,7/03/1995,0.2667,4.0,1995-07-03,0.2654,0.2645,0.2642,0.2656,0.2649,0.2656,0.2653,0.2649
1995,7,04,7/04/1995,0.2661,4.0,1995-07-04,0.2667,0.2654,0.2645,0.2642,0.2656,0.2649,0.2656,0.2649
1995,7,05,7/05/1995,0.2661,4.0,1995-07-05,0.2661,0.2667,0.2654,0.2645,0.2642,0.2656,0.2649,0.2662
1995,7,06,7/06/1995,0.2661,4.0,1995-07-06,0.2661,0.2661,0.2667,0.2654,0.2645,0.2642,0.2656,0.2667
1995,7,07,7/07/1995,0.2665,4.0,1995-07-07,0.2661,0.2661,0.2661,0.2667,0.2654,0.2645,0.2642,0.2665
1995,7,08,7/08/1995,0.2665,4.0,1995-07-08,0.2665,0.2661,0.2661,0.2661,0.2667,0.2654,0.2645,0.2666
1995,7,09,7/09/1995,0.2664,4.0,1995-07-09,0.2665,0.2665,0.2661,0.2661,0.2661,0.2667,0.2654,0.2672
1995,7,10,7/10/1995,0.2654,4.0,1995-07-10,0.2664,0.2665,0.2665,0.2661,0.2661,0.2661,0.2667,0.2672
1995,7,11,7/11/1995,0.2651,4.0,1995-07-11,0.2654,0.2664,0.2665,0.2665,0.2661,0.2661,0.2661,0.267
1995,7,12,7/12/1995,0.2648,4.0,1995-07-12,0.2651,0.2654,0.2664,0.2665,0.2665,0.2661,0.2661,0.2658
1995,7,13,7/13/1995,0.2647,4.0,1995-07-13,0.2648,0.2651,0.2654,0.2664,0.2665,0.2665,0.2661,0.2656
1995,7,14,7/14/1995,0.265,4.0,1995-07-14,0.2647,0.2648,0.2651,0.2654,0.2664,0.2665,0.2665,0.2651
1995,7,15,7/15/1995,0.2653,4.0,1995-07-15,0.265,0.2647,0.2648,0.2651,0.2654,0.2664,0.2665,0.2655
1995,7,16,7/16/1995,0.2647,4.0,1995-07-16,0.2653,0.265,0.2647,0.2648,0.2651,0.2654,0.2664,0.2644
1995,7,17,7/17/1995,0.2645,4.0,1995-07-17,0.2647,0.2653,0.265,0.2647,0.2648,0.2651,0.2654,0.2641
1995,7,18,7/18/1995,0.2647,4.0,1995-07-18,0.2645,0.2647,0.2653,0.265,0.2647,0.2648,0.2651,0.2641
1995,7,19,7/19/1995,0.2643,4.0,1995-07-19,0.2647,0.2645,0.2647,0.2653,0.265,0.2647,0.2648,0.2642
1995,7,20,7/20/1995,0.2641,4.0,1995-07-20,0.2643,0.2647,0.2645,0.2647,0.2653,0.265,0.2647,0.2637
1995,7,21,7/21/1995,0.2644,4.0,1995-07-21,0.2641,0.2643,0.2647,0.2645,0.2647,0.2653,0.265,0.265
1995,7,22,7/22/1995,0.2644,4.0,1995-07-22,0.2644,0.2641,0.2643,0.2647,0.2645,0.2647,0.2653,0.2652
1995,7,23,7/23/1995,0.2642,4.0,1995-07-23,0.2644,0.2644,0.2641,0.2643,0.2647,0.2645,0.2647,0.2653
1995,7,24,7/24/1995,0.2636,4.0,1995-07-24,0.2642,0.2644,0.2644,0.2641,0.2643,0.2647,0.2645,0.2656
1995,7,25,7/25/1995,0.2639,4.0,1995-07-25,0.2636,0.2642,0.2644,0.2644,0.2641,0.2643,0.2647,0.2649
1995,7,26,7/26/1995,0.2636,4.0,1995-07-26,0.2639,0.2636,0.2642,0.2644,0.2644,0.2641,0.2643,0.2656
1995,7,27,7/27/1995,0.2634,4.0,1995-07-27,0.2636,0.2639,0.2636,0.2642,0.2644,0.2644,0.2641,0.2642
1995,7,28,7/28/1995,0.2637,4.0,1995-07-28,0.2634,0.2636,0.2639,0.2636,0.2642,0.2644,0.2644,0.2645
1995,7,29,7/29/1995,0.263,4.0,1995-07-29,0.2637,0.2634,0.2636,0.2639,0.2636,0.2642,0.2644,0.2654
1995,7,30,7/30/1995,0.2649,5.0,1995-07-30,0.263,0.2637,0.2634,0.2636,0.2639,0.2636,0.2642,0.2667
1995,7,31,7/31/1995,0.2647,5.0,1995-07-31,0.2649,0.263,0.2637,0.2634,0.2636,0.2639,0.2636,0.2661
1995,8,01,8/01/1995,0.267,4.0,1995-08-01,0.2647,0.2649,0.263,0.2637,0.2634,0.2636,0.2639,0.2661
1995,8,02,8/02/1995,0.2658,4.0,1995-08-02,0.267,0.2647,0.2649,0.263,0.2637,0.2634,0.2636,0.2661
1995,8,03,8/03/1995,0.2658,4.0,1995-08-03,0.2658,0.267,0.2647,0.2649,0.263,0.2637,0.2634,0.2665
1995,8,04,8/04/1995,0.2662,4.0,1995-08-04,0.2658,0.2658,0.267,0.2647,0.2649,0.263,0.2637,0.2665
1995,8,05,8/05/1995,0.2668,4.0,1995-08-05,0.2662,0.2658,0.2658,0.267,0.2647,0.2649,0.263,0.2664
1995,8,06,8/06/1995,0.2671,4.0,1995-08-06,0.2668,0.2662,0.2658,0.2658,0.267,0.2647,0.2649,0.2654
1995,8,07,8/07/1995,0.2653,4.0,1995-08-07,0.2671,0.2668,0.2662,0.2658,0.2658,0.267,0.2647,0.2651
1995,8,08,8/08/1995,0.2656,4.0,1995-08-08,0.2653,0.2671,0.2668,0.2662,0.2658,0.2658,0.267,0.2648
1995,8,09,8/09/1995,0.2647,4.0,1995-08-09,0.2656,0.2653,0.2671,0.2668,0.2662,0.2658,0.2658,0.2647
1995,8,10,8/10/1995,0.2654,4.0,1995-08-10,0.2647,0.2656,0.2653,0.2671,0.2668,0.2662,0.2658,0.265
1995,8,11,8/11/1995,0.2648,4.0,1995-08-11,0.2654,0.2647,0.2656,0.2653,0.2671,0.2668,0.2662,0.2653
1995,8,12,8/12/1995,0.2651,4.0,1995-08-12,0.2648,0.2654,0.2647,0.2656,0.2653,0.2671,0.2668,0.2647
1995,8,13,8/13/1995,0.2648,4.0,1995-08-13,0.2651,0.2648,0.2654,0.2647,0.2656,0.2653,0.2671,0.2645
1995,8,14,8/14/1995,0.2646,4.0,1995-08-14,0.2648,0.2651,0.2648,0.2654,0.2647,0.2656,0.2653,0.2647
1995,8,15,8/15/1995,0.2644,4.0,1995-08-15,0.2646,0.2648,0.2651,0.2648,0.2654,0.2647,0.2656,0.2643
1995,8,16,8/16/1995,0.2644,4.0,1995-08-16,0.2644,0.2646,0.2648,0.2651,0.2648,0.2654,0.2647,0.2641
1995,8,17,8/17/1995,0.2643,4.0,1995-08-17,0.2644,0.2644,0.2646,0.2648,0.2651,0.2648,0.2654,0.2644
1995,8,18,8/18/1995,0.2644,4.0,1995-08-18,0.2643,0.2644,0.2644,0.2646,0.2648,0.2651,0.2648,0.2644
1995,8,19,8/19/1995,0.2637,4.0,1995-08-19,0.2644,0.2643,0.2644,0.2644,0.2646,0.2648,0.2651,0.2642
1995,8,20,8/20/1995,0.2635,4.0,1995-08-20,0.2637,0.2644,0.2643,0.2644,0.2644,0.2646,0.2648,0.2636
1995,8,21,8/21/1995,0.2639,4.0,1995-08-21,0.2635,0.2637,0.2644,0.2643,0.2644,0.2644,0.2646,0.2639
1995,8,22,8/22/1995,0.2635,4.0,1995-08-22,0.2639,0.2635,0.2637,0.2644,0.2643,0.2644,0.2644,0.2636
1995,8,23,8/23/1995,0.2642,4.0,1995-08-23,0.2635,0.2639,0.2635,0.2637,0.2644,0.2643,0.2644,0.2634
1995,8,24,8/24/1995,0.2647,4.0,1995-08-24,0.2642,0.2635,0.2639,0.2635,0.2637,0.2644,0.2643,0.2637
1995,8,25,8/25/1995,0.2646,4.0,1995-08-25,0.2647,0.2642,0.2635,0.2639,0.2635,0.2637,0.2644,0.263
1995,8,26,8/26/1995,0.2652,4.0,1995-08-26,0.2646,0.2647,0.2642,0.2635,0.2639,0.2635,0.2637,0.2649
1995,8,27,8/27/1995,0.2643,4.0,1995-08-27,0.2652,0.2646,0.2647,0.2642,0.2635,0.2639,0.2635,0.2647
1995,8,28,8/28/1995,0.2651,4.0,1995-08-28,0.2643,0.2652,0.2646,0.2647,0.2642,0.2635,0.2639,0.267
1995,8,29,8/29/1995,0.2649,4.0,1995-08-29,0.2651,0.2643,0.2652,0.2646,0.2647,0.2642,0.2635,0.2658
1995,8,30,8/30/1995,0.2658,4.0,1995-08-30,0.2649,0.2651,0.2643,0.2652,0.2646,0.2647,0.2642,0.2658
1995,8,31,8/31/1995,0.2661,4.0,1995-08-31,0.2658,0.2649,0.2651,0.2643,0.2652,0.2646,0.2647,0.2662
1995,9,01,9/01/1995,0.2661,4.0,1995-09-01,0.2661,0.2658,0.2649,0.2651,0.2643,0.2652,0.2646,0.2668
1995,9,02,9/02/1995,0.2656,4.0,1995-09-02,0.2661,0.2661,0.2658,0.2649,0.2651,0.2643,0.2652,0.2671
1995,9,03,9/03/1995,0.2657,4.0,1995-09-03,0.2656,0.2661,0.2661,0.2658,0.2649,0.2651,0.2643,0.2653
1995,9,04,9/04/1995,0.2654,4.0,1995-09-04,0.2657,0.2656,0.2661,0.2661,0.2658,0.2649,0.2651,0.2656
1995,9,05,9/05/1995,0.2653,4.0,1995-09-05,0.2654,0.2657,0.2656,0.2661,0.2661,0.2658,0.2649,0.2647
1995,9,06,9/06/1995,0.2651,4.0,1995-09-06,0.2653,0.2654,0.2657,0.2656,0.2661,0.2661,0.2658,0.2654
1995,9,07,9/07/1995,0.2644,4.0,1995-09-07,0.2651,0.2653,0.2654,0.2657,0.2656,0.2661,0.2661,0.2648
1995,9,09,9/09/1995,0.2649,4.0,1995-09-09,0.2644,0.2651,0.2653,0.2654,0.2657,0.2656,0.2661,0.2651
1995,9,10,9/10/1995,0.2637,4.0,1995-09-10,0.2649,0.2644,0.2651,0.2653,0.2654,0.2657,0.2656,0.2648
1995,9,11,9/11/1995,0.2641,4.0,1995-09-11,0.2637,0.2649,0.2644,0.2651,0.2653,0.2654,0.2657,0.2646
1995,9,12,9/12/1995,0.2637,4.0,1995-09-12,0.2641,0.2637,0.2649,0.2644,0.2651,0.2653,0.2654,0.2644
1995,9,13,9/13/1995,0.2639,4.0,1995-09-13,0.2637,0.2641,0.2637,0.2649,0.2644,0.2651,0.2653,0.2644
1995,9,14,9/14/1995,0.2638,4.0,1995-09-14,0.2639,0.2637,0.2641,0.2637,0.2649,0.2644,0.2651,0.2643
1995,9,15,9/15/1995,0.2662,4.0,1995-09-15,0.2638,0.2639,0.2637,0.2641,0.2637,0.2649,0.2644,0.2644
1995,9,16,9/16/1995,0.2648,4.0,1995-09-16,0.2662,0.2638,0.2639,0.2637,0.2641,0.2637,0.2649,0.2637
1995,9,17,9/17/1995,0.2639,4.0,1995-09-17,0.2648,0.2662,0.2638,0.2639,0.2637,0.2641,0.2637,0.2635
1995,9,18,9/18/1995,0.2642,4.0,1995-09-18,0.2639,0.2648,0.2662,0.2638,0.2639,0.2637,0.2641,0.2639
1995,9,19,9/19/1995,0.2644,4.0,1995-09-19,0.2642,0.2639,0.2648,0.2662,0.2638,0.2639,0.2637,0.2635
1995,9,20,9/20/1995,0.2647,4.0,1995-09-20,0.2644,0.2642,0.2639,0.2648,0.2662,0.2638,0.2639,0.2642
1995,9,21,9/21/1995,0.2653,4.0,1995-09-21,0.2647,0.2644,0.2642,0.2639,0.2648,0.2662,0.2638,0.2647
1995,9,22,9/22/1995,0.2651,4.0,1995-09-22,0.2653,0.2647,0.2644,0.2642,0.2639,0.2648,0.2662,0.2646
1995,9,23,9/23/1995,0.2653,4.0,1995-09-23,0.2651,0.2653,0.2647,0.2644,0.2642,0.2639,0.2648,0.2652
1995,9,24,9/24/1995,0.2655,4.0,1995-09-24,0.2653,0.2651,0.2653,0.2647,0.2644,0.2642,0.2639,0.2643
1995,9,25,9/25/1995,0.2653,4.0,1995-09-25,0.2655,0.2653,0.2651,0.2653,0.2647,0.2644,0.2642,0.2651
1995,9,26,9/26/1995,0.2649,4.0,1995-09-26,0.2653,0.2655,0.2653,0.2651,0.2653,0.2647,0.2644,0.2649
1995,9,27,9/27/1995,0.2654,4.0,1995-09-27,0.2649,0.2653,0.2655,0.2653,0.2651,0.2653,0.2647,0.2658
1995,9,28,9/28/1995,0.2649,4.0,1995-09-28,0.2654,0.2649,0.2653,0.2655,0.2653,0.2651,0.2653,0.2661
1995,9,29,9/29/1995,0.2644,4.0,1995-09-29,0.2649,0.2654,0.2649,0.2653,0.2655,0.2653,0.2651,0.2661
1995,9,30,9/30/1995,0.2643,4.0,1995-09-30,0.2644,0.2649,0.2654,0.2649,0.2653,0.2655,0.2653,0.2656
1995,10,01,10/01/1995,0.2644,4.0,1995-10-01,0.2643,0.2644,0.2649,0.2654,0.2649,0.2653,0.2655,0.2657
1995,10,02,10/02/1995,0.2637,4.0,1995-10-02,0.2644,0.2643,0.2644,0.2649,0.2654,0.2649,0.2653,0.2654
1995,10,03,10/03/1995,0.2635,4.0,1995-10-03,0.2637,0.2644,0.2643,0.2644,0.2649,0.2654,0.2649,0.2653
1995,10,04,10/04/1995,0.2639,4.0,1995-10-04,0.2635,0.2637,0.2644,0.2643,0.2644,0.2649,0.2654,0.2651
1995,10,05,10/05/1995,0.2632,4.0,1995-10-05,0.2639,0.2635,0.2637,0.2644,0.2643,0.2644,0.2649,0.2644
1995,10,06,10/06/1995,0.2635,4.0,1995-10-06,0.2632,0.2639,0.2635,0.2637,0.2644,0.2643,0.2644,0.2649
1995,10,07,10/07/1995,0.2637,4.0,1995-10-07,0.2635,0.2632,0.2639,0.2635,0.2637,0.2644,0.2643,0.2637
1995,10,08,10/08/1995,0.2637,4.0,1995-10-08,0.2637,0.2635,0.2632,0.2639,0.2635,0.2637,0.2644,0.2641
1995,10,09,10/09/1995,0.2644,4.0,1995-10-09,0.2637,0.2637,0.2635,0.2632,0.2639,0.2635,0.2637,0.2637
1995,10,10,10/10/1995,0.2642,4.0,1995-10-10,0.2644,0.2637,0.2637,0.2635,0.2632,0.2639,0.2635,0.2639
1995,10,11,10/11/1995,0.2655,4.0,1995-10-11,0.2642,0.2644,0.2637,0.2637,0.2635,0.2632,0.2639,0.2638
1995,10,12,10/12/1995,0.2655,4.0,1995-10-12,0.2655,0.2642,0.2644,0.2637,0.2637,0.2635,0.2632,0.2662
1995,10,13,10/13/1995,0.2653,4.0,1995-10-13,0.2655,0.2655,0.2642,0.2644,0.2637,0.2637,0.2635,0.2648
1995,10,14,10/14/1995,0.2661,4.0,1995-10-14,0.2653,0.2655,0.2655,0.2642,0.2644,0.2637,0.2637,0.2639
1995,10,15,10/15/1995,0.2659,5.0,1995-10-15,0.2661,0.2653,0.2655,0.2655,0.2642,0.2644,0.2637,0.2642
1995,10,16,10/16/1995,0.2662,5.0,1995-10-16,0.2659,0.2661,0.2653,0.2655,0.2655,0.2642,0.2644,0.2644
1995,10,17,10/17/1995,0.2662,5.0,1995-10-17,0.2662,0.2659,0.2661,0.2653,0.2655,0.2655,0.2642,0.2647
1995,10,18,10/18/1995,0.2657,5.0,1995-10-18,0.2662,0.2662,0.2659,0.2661,0.2653,0.2655,0.2655,0.2653
1995,10,19,10/19/1995,0.2655,4.0,1995-10-19,0.2657,0.2662,0.2662,0.2659,0.2661,0.2653,0.2655,0.2651
1995,10,20,10/20/1995,0.2647,4.0,1995-10-20,0.2655,0.2657,0.2662,0.2662,0.2659,0.2661,0.2653,0.2653
1995,10,21,10/21/1995,0.2661,4.0,1995-10-21,0.2647,0.2655,0.2657,0.2662,0.2662,0.2659,0.2661,0.2655
1995,10,22,10/22/1995,0.2655,4.0,1995-10-22,0.2661,0.2647,0.2655,0.2657,0.2662,0.2662,0.2659,0.2653
1995,10,23,10/23/1995,0.2663,4.0,1995-10-23,0.2655,0.2661,0.2647,0.2655,0.2657,0.2662,0.2662,0.2649
1995,10,24,10/24/1995,0.2656,4.0,1995-10-24,0.2663,0.2655,0.2661,0.2647,0.2655,0.2657,0.2662,0.2654
1995,10,25,10/25/1995,0.2658,4.0,1995-10-25,0.2656,0.2663,0.2655,0.2661,0.2647,0.2655,0.2657,0.2649
1995,10,26,10/26/1995,0.2655,3.0,1995-10-26,0.2658,0.2656,0.2663,0.2655,0.2661,0.2647,0.2655,0.2644
1995,10,27,10/27/1995,0.2653,3.0,1995-10-27,0.2655,0.2658,0.2656,0.2663,0.2655,0.2661,0.2647,0.2643
1995,10,28,10/28/1995,0.2648,3.0,1995-10-28,0.2653,0.2655,0.2658,0.2656,0.2663,0.2655,0.2661,0.2644
1995,10,29,10/29/1995,0.2646,3.0,1995-10-29,0.2648,0.2653,0.2655,0.2658,0.2656,0.2663,0.2655,0.2637
1995,10,30,10/30/1995,0.2645,3.0,1995-10-30,0.2646,0.2648,0.2653,0.2655,0.2658,0.2656,0.2663,0.2635
1995,10,31,10/31/1995,0.2643,3.0,1995-10-31,0.2645,0.2646,0.2648,0.2653,0.2655,0.2658,0.2656,0.2639
1995,11,01,11/01/1995,0.2644,3.0,1995-11-01,0.2643,0.2645,0.2646,0.2648,0.2653,0.2655,0.2658,0.2632
1995,11,02,11/02/1995,0.2642,3.0,1995-11-02,0.2644,0.2643,0.2645,0.2646,0.2648,0.2653,0.2655,0.2635
1995,11,03,11/03/1995,0.2643,5.0,1995-11-03,0.2642,0.2644,0.2643,0.2645,0.2646,0.2648,0.2653,0.2637
1995,11,04,11/04/1995,0.2641,3.0,1995-11-04,0.2643,0.2642,0.2644,0.2643,0.2645,0.2646,0.2648,0.2637
1995,11,05,11/05/1995,0.2644,3.0,1995-11-05,0.2641,0.2643,0.2642,0.2644,0.2643,0.2645,0.2646,0.2644
1995,11,06,11/06/1995,0.2647,3.0,1995-11-06,0.2644,0.2641,0.2643,0.2642,0.2644,0.2643,0.2645,0.2642
1995,11,07,11/07/1995,0.2649,3.0,1995-11-07,0.2647,0.2644,0.2641,0.2643,0.2642,0.2644,0.2643,0.2655
1995,11,08,11/08/1995,0.2649,3.0,1995-11-08,0.2649,0.2647,0.2644,0.2641,0.2643,0.2642,0.2644,0.2655
1995,11,09,11/09/1995,0.2649,3.0,1995-11-09,0.2649,0.2649,0.2647,0.2644,0.2641,0.2643,0.2642,0.2653
1995,11,10,11/10/1995,0.2653,3.0,1995-11-10,0.2649,0.2649,0.2649,0.2647,0.2644,0.2641,0.2643,0.2661
1995,11,11,11/11/1995,0.2653,3.0,1995-11-11,0.2653,0.2649,0.2649,0.2649,0.2647,0.2644,0.2641,0.2659
1995,11,12,11/12/1995,0.2651,5.0,1995-11-12,0.2653,0.2653,0.2649,0.2649,0.2649,0.2647,0.2644,0.2662
1995,11,13,11/13/1995,0.265,3.0,1995-11-13,0.2651,0.2653,0.2653,0.2649,0.2649,0.2649,0.2647,0.2662
1995,11,14,11/14/1995,0.2651,3.0,1995-11-14,0.265,0.2651,0.2653,0.2653,0.2649,0.2649,0.2649,0.2657
1995,11,15,11/15/1995,0.2647,3.0,1995-11-15,0.2651,0.265,0.2651,0.2653,0.2653,0.2649,0.2649,0.2655
1995,11,16,11/16/1995,0.2648,3.0,1995-11-16,0.2647,0.2651,0.265,0.2651,0.2653,0.2653,0.2649,0.2647
1995,11,17,11/17/1995,0.2652,3.0,1995-11-17,0.2648,0.2647,0.2651,0.265,0.2651,0.2653,0.2653,0.2661
1995,11,18,11/18/1995,0.265,5.0,1995-11-18,0.2652,0.2648,0.2647,0.2651,0.265,0.2651,0.2653,0.2655
1995,11,19,11/19/1995,0.2649,3.0,1995-11-19,0.265,0.2652,0.2648,0.2647,0.2651,0.265,0.2651,0.2663
1995,11,20,11/20/1995,0.2654,3.0,1995-11-20,0.2649,0.265,0.2652,0.2648,0.2647,0.2651,0.265,0.2656
1995,11,21,11/21/1995,0.2652,3.0,1995-11-21,0.2654,0.2649,0.265,0.2652,0.2648,0.2647,0.2651,0.2658
1995,11,22,11/22/1995,0.265,3.0,1995-11-22,0.2652,0.2654,0.2649,0.265,0.2652,0.2648,0.2647,0.2655
1995,11,23,11/23/1995,0.2647,5.0,1995-11-23,0.265,0.2652,0.2654,0.2649,0.265,0.2652,0.2648,0.2653
1995,11,24,11/24/1995,0.2656,3.0,1995-11-24,0.2647,0.265,0.2652,0.2654,0.2649,0.265,0.2652,0.2648
1995,11,25,11/25/1995,0.2648,3.0,1995-11-25,0.2656,0.2647,0.265,0.2652,0.2654,0.2649,0.265,0.2646
1995,11,27,11/27/1995,0.2642,3.0,1995-11-27,0.2648,0.2656,0.2647,0.265,0.2652,0.2654,0.2649,0.2645
1995,11,28,11/28/1995,0.2641,3.0,1995-11-28,0.2642,0.2648,0.2656,0.2647,0.265,0.2652,0.2654,0.2643
1995,11,29,11/29/1995,0.2643,3.0,1995-11-29,0.2641,0.2642,0.2648,0.2656,0.2647,0.265,0.2652,0.2644
1995,11,30,11/30/1995,0.2645,3.0,1995-11-30,0.2643,0.2641,0.2642,0.2648,0.2656,0.2647,0.265,0.2642
1995,12,01,12/01/1995,0.2646,3.0,1995-12-01,0.2645,0.2643,0.2641,0.2642,0.2648,0.2656,0.2647,0.2643
1995,12,02,12/02/1995,0.2644,3.0,1995-12-02,0.2646,0.2645,0.2643,0.2641,0.2642,0.2648,0.2656,0.2641
1995,12,03,12/03/1995,0.2645,3.0,1995-12-03,0.2644,0.2646,0.2645,0.2643,0.2641,0.2642,0.2648,0.2644
1995,12,04,12/04/1995,0.2645,3.0,1995-12-04,0.2645,0.2644,0.2646,0.2645,0.2643,0.2641,0.2642,0.2647
1995,12,05,12/05/1995,0.2644,3.0,1995-12-05,0.2645,0.2645,0.2644,0.2646,0.2645,0.2643,0.2641,0.2649
1995,12,06,12/06/1995,0.264,3.0,1995-12-06,0.2644,0.2645,0.2645,0.2644,0.2646,0.2645,0.2643,0.2649
1995,12,07,12/07/1995,0.264,3.0,1995-12-07,0.264,0.2644,0.2645,0.2645,0.2644,0.2646,0.2645,0.2649
1995,12,08,12/08/1995,0.2643,3.0,1995-12-08,0.264,0.264,0.2644,0.2645,0.2645,0.2644,0.2646,0.2653
1995,12,09,12/09/1995,0.2641,3.0,1995-12-09,0.2643,0.264,0.264,0.2644,0.2645,0.2645,0.2644,0.2653
1995,12,10,12/10/1995,0.2644,3.0,1995-12-10,0.2641,0.2643,0.264,0.264,0.2644,0.2645,0.2645,0.2651
1995,12,11,12/11/1995,0.2644,3.0,1995-12-11,0.2644,0.2641,0.2643,0.264,0.264,0.2644,0.2645,0.265
1995,12,12,12/12/1995,0.2643,3.0,1995-12-12,0.2644,0.2644,0.2641,0.2643,0.264,0.264,0.2644,0.2651
1995,12,13,12/13/1995,0.2642,3.0,1995-12-13,0.2643,0.2644,0.2644,0.2641,0.2643,0.264,0.264,0.2647
1995,12,14,12/14/1995,0.2637,3.0,1995-12-14,0.2642,0.2643,0.2644,0.2644,0.2641,0.2643,0.264,0.2648
1995,12,15,12/15/1995,0.2638,3.0,1995-12-15,0.2637,0.2642,0.2643,0.2644,0.2644,0.2641,0.2643,0.2652
1995,12,16,12/16/1995,0.2642,3.0,1995-12-16,0.2638,0.2637,0.2642,0.2643,0.2644,0.2644,0.2641,0.265
1995,12,17,12/17/1995,0.2636,3.0,1995-12-17,0.2642,0.2638,0.2637,0.2642,0.2643,0.2644,0.2644,0.2649
1995,12,18,12/18/1995,0.2636,3.0,1995-12-18,0.2636,0.2642,0.2638,0.2637,0.2642,0.2643,0.2644,0.2654
1995,12,19,12/19/1995,0.2635,3.0,1995-12-19,0.2636,0.2636,0.2642,0.2638,0.2637,0.2642,0.2643,0.2652
1995,12,20,12/20/1995,0.2638,3.0,1995-12-20,0.2635,0.2636,0.2636,0.2642,0.2638,0.2637,0.2642,0.265
1995,12,21,12/21/1995,0.2634,3.0,1995-12-21,0.2638,0.2635,0.2636,0.2636,0.2642,0.2638,0.2637,0.2647
1995,12,22,12/22/1995,0.2637,3.0,1995-12-22,0.2634,0.2638,0.2635,0.2636,0.2636,0.2642,0.2638,0.2656
1995,12,23,12/23/1995,0.264,3.0,1995-12-23,0.2637,0.2634,0.2638,0.2635,0.2636,0.2636,0.2642,0.2648
1995,12,24,12/24/1995,0.2642,3.0,1995-12-24,0.264,0.2637,0.2634,0.2638,0.2635,0.2636,0.2636,0.2642
1995,12,25,12/25/1995,0.2635,3.0,1995-12-25,0.2642,0.264,0.2637,0.2634,0.2638,0.2635,0.2636,0.2641
1995,12,26,12/26/1995,0.2643,3.0,1995-12-26,0.2635,0.2642,0.264,0.2637,0.2634,0.2638,0.2635,0.2643
1995,12,27,12/27/1995,0.2647,5.0,1995-12-27,0.2643,0.2635,0.2642,0.264,0.2637,0.2634,0.2638,0.2645
1995,12,28,12/28/1995,0.2647,3.0,1995-12-28,0.2647,0.2643,0.2635,0.2642,0.264,0.2637,0.2634,0.2646
1995,12,29,12/29/1995,0.2649,3.0,1995-12-29,0.2647,0.2647,0.2643,0.2635,0.2642,0.264,0.2637,0.2644
1995,12,30,12/30/1995,0.2651,3.0,1995-12-30,0.2649,0.2647,0.2647,0.2643,0.2635,0.2642,0.264,0.2645
1995,12,31,12/31/1995,0.2656,5.0,1995-12-31,0.2651,0.2649,0.2647,0.2647,0.2643,0.2635,0.2642,0.2645
1996,1,01,1/01/1996,0.2657,5.0,1996-01-01,0.2656,0.2651,0.2649,0.2647,0.2647,0.2643,0.2635,0.2644
1996,1,02,1/02/1996,0.2656,5.0,1996-01-02,0.2657,0.2656,0.2651,0.2649,0.2647,0.2647,0.2643,0.264
1996,1,03,1/03/1996,0.266,5.0,1996-01-03,0.2656,0.2657,0.2656,0.2651,0.2649,0.2647,0.2647,0.264
1996,1,04,1/04/1996,0.2656,5.0,1996-01-04,0.266,0.2656,0.2657,0.2656,0.2651,0.2649,0.2647,0.2643
1996,1,05,1/05/1996,0.2654,5.0,1996-01-05,0.2656,0.266,0.2656,0.2657,0.2656,0.2651,0.2649,0.2641
1996,1,06,1/06/1996,0.2654,5.0,1996-01-06,0.2654,0.2656,0.266,0.2656,0.2657,0.2656,0.2651,0.2644
1996,1,07,1/07/1996,0.2653,5.0,1996-01-07,0.2654,0.2654,0.2656,0.266,0.2656,0.2657,0.2656,0.2644
1996,1,08,1/08/1996,0.2649,5.0,1996-01-08,0.2653,0.2654,0.2654,0.2656,0.266,0.2656,0.2657,0.2643
1996,1,09,1/09/1996,0.2646,5.0,1996-01-09,0.2649,0.2653,0.2654,0.2654,0.2656,0.266,0.2656,0.2642
1996,1,10,1/10/1996,0.2643,5.0,1996-01-10,0.2646,0.2649,0.2653,0.2654,0.2654,0.2656,0.266,0.2637
1996,1,11,1/11/1996,0.2639,5.0,1996-01-11,0.2643,0.2646,0.2649,0.2653,0.2654,0.2654,0.2656,0.2638
1996,1,12,1/12/1996,0.2634,5.0,1996-01-12,0.2639,0.2643,0.2646,0.2649,0.2653,0.2654,0.2654,0.2642
1996,1,13,1/13/1996,0.2634,5.0,1996-01-13,0.2634,0.2639,0.2643,0.2646,0.2649,0.2653,0.2654,0.2636
1996,1,14,1/14/1996,0.2634,5.0,1996-01-14,0.2634,0.2634,0.2639,0.2643,0.2646,0.2649,0.2653,0.2636
1996,1,15,1/15/1996,0.2639,3.0,1996-01-15,0.2634,0.2634,0.2634,0.2639,0.2643,0.2646,0.2649,0.2635
1996,1,16,1/16/1996,0.264,3.0,1996-01-16,0.2639,0.2634,0.2634,0.2634,0.2639,0.2643,0.2646,0.2638
1996,1,17,1/17/1996,0.2638,3.0,1996-01-17,0.264,0.2639,0.2634,0.2634,0.2634,0.2639,0.2643,0.2634
1996,1,18,1/18/1996,0.2641,3.0,1996-01-18,0.2638,0.264,0.2639,0.2634,0.2634,0.2634,0.2639,0.2637
1996,1,19,1/19/1996,0.2634,5.0,1996-01-19,0.2641,0.2638,0.264,0.2639,0.2634,0.2634,0.2634,0.264
1996,1,20,1/20/1996,0.2641,3.0,1996-01-20,0.2634,0.2641,0.2638,0.264,0.2639,0.2634,0.2634,0.2642
1996,1,21,1/21/1996,0.264,3.0,1996-01-21,0.2641,0.2634,0.2641,0.2638,0.264,0.2639,0.2634,0.2635
1996,1,22,1/22/1996,0.2644,3.0,1996-01-22,0.264,0.2641,0.2634,0.2641,0.2638,0.264,0.2639,0.2643
1996,1,23,1/23/1996,0.264,3.0,1996-01-23,0.2644,0.264,0.2641,0.2634,0.2641,0.2638,0.264,0.2647
1996,1,24,1/24/1996,0.2645,3.0,1996-01-24,0.264,0.2644,0.264,0.2641,0.2634,0.2641,0.2638,0.2647
1996,1,26,1/26/1996,0.2646,3.0,1996-01-26,0.2645,0.264,0.2644,0.264,0.2641,0.2634,0.2641,0.2649
1996,1,27,1/27/1996,0.2645,3.0,1996-01-27,0.2646,0.2645,0.264,0.2644,0.264,0.2641,0.2634,0.2651
1996,1,29,1/29/1996,0.2649,3.0,1996-01-29,0.2645,0.2646,0.2645,0.264,0.2644,0.264,0.2641,0.2656
1996,1,30,1/30/1996,0.2652,3.0,1996-01-30,0.2649,0.2645,0.2646,0.2645,0.264,0.2644,0.264,0.2657
1996,1,31,1/31/1996,0.2654,5.0,1996-01-31,0.2652,0.2649,0.2645,0.2646,0.2645,0.264,0.2644,0.2656
1996,2,01,2/01/1996,0.2644,5.0,1996-02-01,0.2654,0.2652,0.2649,0.2645,0.2646,0.2645,0.264,0.266
1996,2,02,2/02/1996,0.2643,5.0,1996-02-02,0.2644,0.2654,0.2652,0.2649,0.2645,0.2646,0.2645,0.2656
1996,2,03,2/03/1996,0.2643,5.0,1996-02-03,0.2643,0.2644,0.2654,0.2652,0.2649,0.2645,0.2646,0.2654
1996,2,04,2/04/1996,0.2637,5.0,1996-02-04,0.2643,0.2643,0.2644,0.2654,0.2652,0.2649,0.2645,0.2654
1996,2,05,2/05/1996,0.2636,5.0,1996-02-05,0.2637,0.2643,0.2643,0.2644,0.2654,0.2652,0.2649,0.2653
1996,2,06,2/06/1996,0.2636,5.0,1996-02-06,0.2636,0.2637,0.2643,0.2643,0.2644,0.2654,0.2652,0.2649
1996,2,07,2/07/1996,0.2636,5.0,1996-02-07,0.2636,0.2636,0.2637,0.2643,0.2643,0.2644,0.2654,0.2646
1996,2,08,2/08/1996,0.2635,5.0,1996-02-08,0.2636,0.2636,0.2636,0.2637,0.2643,0.2643,0.2644,0.2643
1996,2,09,2/09/1996,0.2638,3.0,1996-02-09,0.2635,0.2636,0.2636,0.2636,0.2637,0.2643,0.2643,0.2639
1996,2,10,2/10/1996,0.2635,5.0,1996-02-10,0.2638,0.2635,0.2636,0.2636,0.2636,0.2637,0.2643,0.2634
1996,2,11,2/11/1996,0.2636,5.0,1996-02-11,0.2635,0.2638,0.2635,0.2636,0.2636,0.2636,0.2637,0.2634
1996,2,12,2/12/1996,0.2638,3.0,1996-02-12,0.2636,0.2635,0.2638,0.2635,0.2636,0.2636,0.2636,0.2634
1996,2,13,2/13/1996,0.2636,3.0,1996-02-13,0.2638,0.2636,0.2635,0.2638,0.2635,0.2636,0.2636,0.2639
1996,2,14,2/14/1996,0.2632,5.0,1996-02-14,0.2636,0.2638,0.2636,0.2635,0.2638,0.2635,0.2636,0.264
1996,2,15,2/15/1996,0.2634,5.0,1996-02-15,0.2632,0.2636,0.2638,0.2636,0.2635,0.2638,0.2635,0.2638
1996,2,16,2/16/1996,0.2636,5.0,1996-02-16,0.2634,0.2632,0.2636,0.2638,0.2636,0.2635,0.2638,0.2641
1996,2,17,2/17/1996,0.2635,5.0,1996-02-17,0.2636,0.2634,0.2632,0.2636,0.2638,0.2636,0.2635,0.2634
1996,2,18,2/18/1996,0.2637,5.0,1996-02-18,0.2635,0.2636,0.2634,0.2632,0.2636,0.2638,0.2636,0.2641
1996,2,19,2/19/1996,0.2638,5.0,1996-02-19,0.2637,0.2635,0.2636,0.2634,0.2632,0.2636,0.2638,0.264
1996,2,20,2/20/1996,0.2642,5.0,1996-02-20,0.2638,0.2637,0.2635,0.2636,0.2634,0.2632,0.2636,0.2644
1996,2,21,2/21/1996,0.2644,5.0,1996-02-21,0.2642,0.2638,0.2637,0.2635,0.2636,0.2634,0.2632,0.264
1996,2,22,2/22/1996,0.2644,5.0,1996-02-22,0.2644,0.2642,0.2638,0.2637,0.2635,0.2636,0.2634,0.2645
1996,2,23,2/23/1996,0.2646,5.0,1996-02-23,0.2644,0.2644,0.2642,0.2638,0.2637,0.2635,0.2636,0.2646
1996,2,24,2/24/1996,0.2648,5.0,1996-02-24,0.2646,0.2644,0.2644,0.2642,0.2638,0.2637,0.2635,0.2645
1996,2,25,2/25/1996,0.2647,5.0,1996-02-25,0.2648,0.2646,0.2644,0.2644,0.2642,0.2638,0.2637,0.2649
1996,2,26,2/26/1996,0.2646,5.0,1996-02-26,0.2647,0.2648,0.2646,0.2644,0.2644,0.2642,0.2638,0.2652
1996,2,27,2/27/1996,0.2646,5.0,1996-02-27,0.2646,0.2647,0.2648,0.2646,0.2644,0.2644,0.2642,0.2654
1996,2,28,2/28/1996,0.2643,5.0,1996-02-28,0.2646,0.2646,0.2647,0.2648,0.2646,0.2644,0.2644,0.2644
1996,2,29,2/29/1996,0.2641,5.0,1996-02-29,0.2643,0.2646,0.2646,0.2647,0.2648,0.2646,0.2644,0.2643
1996,3,01,3/01/1996,0.2642,5.0,1996-03-01,0.2641,0.2643,0.2646,0.2646,0.2647,0.2648,0.2646,0.2643
1996,3,02,3/02/1996,0.264,5.0,1996-03-02,0.2642,0.2641,0.2643,0.2646,0.2646,0.2647,0.2648,0.2637
1996,3,03,3/03/1996,0.2638,5.0,1996-03-03,0.264,0.2642,0.2641,0.2643,0.2646,0.2646,0.2647,0.2636
1996,3,04,3/04/1996,0.2638,5.0,1996-03-04,0.2638,0.264,0.2642,0.2641,0.2643,0.2646,0.2646,0.2636
1996,3,05,3/05/1996,0.2639,5.0,1996-03-05,0.2638,0.2638,0.264,0.2642,0.2641,0.2643,0.2646,0.2636
1996,3,06,3/06/1996,0.2637,5.0,1996-03-06,0.2639,0.2638,0.2638,0.264,0.2642,0.2641,0.2643,0.2635
1996,3,07,3/07/1996,0.2636,5.0,1996-03-07,0.2637,0.2639,0.2638,0.2638,0.264,0.2642,0.2641,0.2638
1996,3,08,3/08/1996,0.2636,5.0,1996-03-08,0.2636,0.2637,0.2639,0.2638,0.2638,0.264,0.2642,0.2635
1996,3,09,3/09/1996,0.2636,5.0,1996-03-09,0.2636,0.2636,0.2637,0.2639,0.2638,0.2638,0.264,0.2636
1996,3,10,3/10/1996,0.2635,5.0,1996-03-10,0.2636,0.2636,0.2636,0.2637,0.2639,0.2638,0.2638,0.2638
1996,3,11,3/11/1996,0.2638,3.0,1996-03-11,0.2635,0.2636,0.2636,0.2636,0.2637,0.2639,0.2638,0.2636
1996,3,12,3/12/1996,0.2635,5.0,1996-03-12,0.2638,0.2635,0.2636,0.2636,0.2636,0.2637,0.2639,0.2632
1996,3,13,3/13/1996,0.264,3.0,1996-03-13,0.2635,0.2638,0.2635,0.2636,0.2636,0.2636,0.2637,0.2634
1996,3,14,3/14/1996,0.2639,3.0,1996-03-14,0.264,0.2635,0.2638,0.2635,0.2636,0.2636,0.2636,0.2636
1996,3,15,3/15/1996,0.2637,3.0,1996-03-15,0.2639,0.264,0.2635,0.2638,0.2635,0.2636,0.2636,0.2635
1996,3,16,3/16/1996,0.2637,5.0,1996-03-16,0.2637,0.2639,0.264,0.2635,0.2638,0.2635,0.2636,0.2637
1996,3,17,3/17/1996,0.2638,5.0,1996-03-17,0.2637,0.2637,0.2639,0.264,0.2635,0.2638,0.2635,0.2638
1996,3,18,3/18/1996,0.2639,3.0,1996-03-18,0.2638,0.2637,0.2637,0.2639,0.264,0.2635,0.2638,0.2642
1996,3,19,3/19/1996,0.2637,5.0,1996-03-19,0.2639,0.2638,0.2637,0.2637,0.2639,0.264,0.2635,0.2644
1996,3,20,3/20/1996,0.2637,5.0,1996-03-20,0.2637,0.2639,0.2638,0.2637,0.2637,0.2639,0.264,0.2644
1996,3,21,3/21/1996,0.2636,5.0,1996-03-21,0.2637,0.2637,0.2639,0.2638,0.2637,0.2637,0.2639,0.2646
1996,3,22,3/22/1996,0.264,3.0,1996-03-22,0.2636,0.2637,0.2637,0.2639,0.2638,0.2637,0.2637,0.2648
1996,3,23,3/23/1996,0.2642,3.0,1996-03-23,0.264,0.2636,0.2637,0.2637,0.2639,0.2638,0.2637,0.2647
1996,3,24,3/24/1996,0.264,3.0,1996-03-24,0.2642,0.264,0.2636,0.2637,0.2637,0.2639,0.2638,0.2646
1996,3,25,3/25/1996,0.264,5.0,1996-03-25,0.264,0.2642,0.264,0.2636,0.2637,0.2637,0.2639,0.2646
1996,3,26,3/26/1996,0.2639,5.0,1996-03-26,0.264,0.264,0.2642,0.264,0.2636,0.2637,0.2637,0.2643
1996,3,27,3/27/1996,0.2641,5.0,1996-03-27,0.2639,0.264,0.264,0.2642,0.264,0.2636,0.2637,0.2641
1996,3,28,3/28/1996,0.2642,5.0,1996-03-28,0.2641,0.2639,0.264,0.264,0.2642,0.264,0.2636,0.2642
1996,3,29,3/29/1996,0.2639,5.0,1996-03-29,0.2642,0.2641,0.2639,0.264,0.264,0.2642,0.264,0.264
1996,3,30,3/30/1996,0.2636,5.0,1996-03-30,0.2639,0.2642,0.2641,0.2639,0.264,0.264,0.2642,0.2638
1996,3,31,3/31/1996,0.2637,5.0,1996-03-31,0.2636,0.2639,0.2642,0.2641,0.2639,0.264,0.264,0.2638
1996,4,01,4/01/1996,0.2637,5.0,1996-04-01,0.2637,0.2636,0.2639,0.2642,0.2641,0.2639,0.264,0.2639
1996,4,02,4/02/1996,0.2639,5.0,1996-04-02,0.2637,0.2637,0.2636,0.2639,0.2642,0.2641,0.2639,0.2637
1996,4,03,4/03/1996,0.264,5.0,1996-04-03,0.2639,0.2637,0.2637,0.2636,0.2639,0.2642,0.2641,0.2636
1996,4,04,4/04/1996,0.2641,5.0,1996-04-04,0.264,0.2639,0.2637,0.2637,0.2636,0.2639,0.2642,0.2636
1996,4,05,4/05/1996,0.264,5.0,1996-04-05,0.2641,0.264,0.2639,0.2637,0.2637,0.2636,0.2639,0.2636
1996,4,06,4/06/1996,0.2637,5.0,1996-04-06,0.264,0.2641,0.264,0.2639,0.2637,0.2637,0.2636,0.2635
1996,4,07,4/07/1996,0.264,5.0,1996-04-07,0.2637,0.264,0.2641,0.264,0.2639,0.2637,0.2637,0.2638
1996,4,08,4/08/1996,0.2641,5.0,1996-04-08,0.264,0.2637,0.264,0.2641,0.264,0.2639,0.2637,0.2635
1996,4,09,4/09/1996,0.2638,5.0,1996-04-09,0.2641,0.264,0.2637,0.264,0.2641,0.264,0.2639,0.264
1996,4,10,4/10/1996,0.2639,5.0,1996-04-10,0.2638,0.2641,0.264,0.2637,0.264,0.2641,0.264,0.2639
1996,4,11,4/11/1996,0.2641,5.0,1996-04-11,0.2639,0.2638,0.2641,0.264,0.2637,0.264,0.2641,0.2637
1996,4,12,4/12/1996,0.2641,5.0,1996-04-12,0.2641,0.2639,0.2638,0.2641,0.264,0.2637,0.264,0.2637
1996,4,13,4/13/1996,0.2641,5.0,1996-04-13,0.2641,0.2641,0.2639,0.2638,0.2641,0.264,0.2637,0.2638
1996,4,14,4/14/1996,0.2641,5.0,1996-04-14,0.2641,0.2641,0.2641,0.2639,0.2638,0.2641,0.264,0.2639
1996,4,15,4/15/1996,0.264,5.0,1996-04-15,0.2641,0.2641,0.2641,0.2641,0.2639,0.2638,0.2641,0.2637
1996,4,16,4/16/1996,0.2639,5.0,1996-04-16,0.264,0.2641,0.2641,0.2641,0.2641,0.2639,0.2638,0.2637
1996,4,17,4/17/1996,0.2639,5.0,1996-04-17,0.2639,0.264,0.2641,0.2641,0.2641,0.2641,0.2639,0.2636
1996,4,18,4/18/1996,0.2638,3.0,1996-04-18,0.2639,0.2639,0.264,0.2641,0.2641,0.2641,0.2641,0.264
1996,4,19,4/19/1996,0.2641,3.0,1996-04-19,0.2638,0.2639,0.2639,0.264,0.2641,0.2641,0.2641,0.2642
1996,4,20,4/20/1996,0.2641,5.0,1996-04-20,0.2641,0.2638,0.2639,0.2639,0.264,0.2641,0.2641,0.264
1996,4,21,4/21/1996,0.2641,5.0,1996-04-21,0.2641,0.2641,0.2638,0.2639,0.2639,0.264,0.2641,0.264
1996,4,22,4/22/1996,0.2639,5.0,1996-04-22,0.2641,0.2641,0.2641,0.2638,0.2639,0.2639,0.264,0.2639
1996,4,23,4/23/1996,0.2636,5.0,1996-04-23,0.2639,0.2641,0.2641,0.2641,0.2638,0.2639,0.2639,0.2641
1996,4,24,4/24/1996,0.2636,5.0,1996-04-24,0.2636,0.2639,0.2641,0.2641,0.2641,0.2638,0.2639,0.2642
1996,4,25,4/25/1996,0.2637,5.0,1996-04-25,0.2636,0.2636,0.2639,0.2641,0.2641,0.2641,0.2638,0.2639
1996,4,26,4/26/1996,0.2637,5.0,1996-04-26,0.2637,0.2636,0.2636,0.2639,0.2641,0.2641,0.2641,0.2636
1996,4,27,4/27/1996,0.2635,5.0,1996-04-27,0.2637,0.2637,0.2636,0.2636,0.2639,0.2641,0.2641,0.2637
1996,4,28,4/28/1996,0.2637,5.0,1996-04-28,0.2635,0.2637,0.2637,0.2636,0.2636,0.2639,0.2641,0.2637
1996,4,29,4/29/1996,0.2638,5.0,1996-04-29,0.2637,0.2635,0.2637,0.2637,0.2636,0.2636,0.2639,0.2639
1996,4,30,4/30/1996,0.2637,5.0,1996-04-30,0.2638,0.2637,0.2635,0.2637,0.2637,0.2636,0.2636,0.264
1996,5,01,5/01/1996,0.2636,5.0,1996-05-01,0.2637,0.2638,0.2637,0.2635,0.2637,0.2637,0.2636,0.2641
1996,5,02,5/02/1996,0.2637,5.0,1996-05-02,0.2636,0.2637,0.2638,0.2637,0.2635,0.2637,0.2637,0.264
1996,5,03,5/03/1996,0.2642,3.0,1996-05-03,0.2637,0.2636,0.2637,0.2638,0.2637,0.2635,0.2637,0.2637
1996,5,04,5/04/1996,0.2636,5.0,1996-05-04,0.2642,0.2637,0.2636,0.2637,0.2638,0.2637,0.2635,0.264
1996,5,05,5/05/1996,0.2639,3.0,1996-05-05,0.2636,0.2642,0.2637,0.2636,0.2637,0.2638,0.2637,0.2641
1996,5,06,5/06/1996,0.2643,5.0,1996-05-06,0.2639,0.2636,0.2642,0.2637,0.2636,0.2637,0.2638,0.2638
1996,5,07,5/07/1996,0.2647,5.0,1996-05-07,0.2643,0.2639,0.2636,0.2642,0.2637,0.2636,0.2637,0.2639
1996,5,08,5/08/1996,0.2653,5.0,1996-05-08,0.2647,0.2643,0.2639,0.2636,0.2642,0.2637,0.2636,0.2641
1996,5,09,5/09/1996,0.2655,5.0,1996-05-09,0.2653,0.2647,0.2643,0.2639,0.2636,0.2642,0.2637,0.2641
1996,5,10,5/10/1996,0.2656,5.0,1996-05-10,0.2655,0.2653,0.2647,0.2643,0.2639,0.2636,0.2642,0.2641
1996,5,11,5/11/1996,0.2657,5.0,1996-05-11,0.2656,0.2655,0.2653,0.2647,0.2643,0.2639,0.2636,0.2641
1996,5,12,5/12/1996,0.2658,5.0,1996-05-12,0.2657,0.2656,0.2655,0.2653,0.2647,0.2643,0.2639,0.264
1996,5,13,5/13/1996,0.2655,5.0,1996-05-13,0.2658,0.2657,0.2656,0.2655,0.2653,0.2647,0.2643,0.2639
1996,5,14,5/14/1996,0.2654,5.0,1996-05-14,0.2655,0.2658,0.2657,0.2656,0.2655,0.2653,0.2647,0.2639
1996,5,15,5/15/1996,0.2655,3.0,1996-05-15,0.2654,0.2655,0.2658,0.2657,0.2656,0.2655,0.2653,0.2638
1996,5,16,5/16/1996,0.2649,3.0,1996-05-16,0.2655,0.2654,0.2655,0.2658,0.2657,0.2656,0.2655,0.2641
1996,5,17,5/17/1996,0.2649,3.0,1996-05-17,0.2649,0.2655,0.2654,0.2655,0.2658,0.2657,0.2656,0.2641
1996,5,18,5/18/1996,0.2648,3.0,1996-05-18,0.2649,0.2649,0.2655,0.2654,0.2655,0.2658,0.2657,0.2641
1996,5,19,5/19/1996,0.2646,3.0,1996-05-19,0.2648,0.2649,0.2649,0.2655,0.2654,0.2655,0.2658,0.2639
1996,5,20,5/20/1996,0.2637,5.0,1996-05-20,0.2646,0.2648,0.2649,0.2649,0.2655,0.2654,0.2655,0.2636
1996,5,21,5/21/1996,0.2634,5.0,1996-05-21,0.2637,0.2646,0.2648,0.2649,0.2649,0.2655,0.2654,0.2636
1996,5,24,5/24/1996,0.2632,5.0,1996-05-24,0.2634,0.2637,0.2646,0.2648,0.2649,0.2649,0.2655,0.2637
1996,5,26,5/26/1996,0.2635,5.0,1996-05-26,0.2632,0.2634,0.2637,0.2646,0.2648,0.2649,0.2649,0.2637
1996,5,27,5/27/1996,0.2634,5.0,1996-05-27,0.2635,0.2632,0.2634,0.2637,0.2646,0.2648,0.2649,0.2635
1996,5,28,5/28/1996,0.2635,5.0,1996-05-28,0.2634,0.2635,0.2632,0.2634,0.2637,0.2646,0.2648,0.2637
1996,5,29,5/29/1996,0.2635,5.0,1996-05-29,0.2635,0.2634,0.2635,0.2632,0.2634,0.2637,0.2646,0.2638
1996,5,30,5/30/1996,0.2636,5.0,1996-05-30,0.2635,0.2635,0.2634,0.2635,0.2632,0.2634,0.2637,0.2637
1996,5,31,5/31/1996,0.2636,5.0,1996-05-31,0.2636,0.2635,0.2635,0.2634,0.2635,0.2632,0.2634,0.2636
1996,6,06,6/06/1996,0.2646,5.0,1996-06-06,0.2636,0.2636,0.2635,0.2635,0.2634,0.2635,0.2632,0.2637
1996,6,09,6/09/1996,0.265,5.0,1996-06-09,0.2646,0.2636,0.2636,0.2635,0.2635,0.2634,0.2635,0.2642
1996,6,10,6/10/1996,0.2647,5.0,1996-06-10,0.265,0.2646,0.2636,0.2636,0.2635,0.2635,0.2634,0.2636
1996,6,11,6/11/1996,0.2644,5.0,1996-06-11,0.2647,0.265,0.2646,0.2636,0.2636,0.2635,0.2635,0.2639
1996,6,12,6/12/1996,0.2644,5.0,1996-06-12,0.2644,0.2647,0.265,0.2646,0.2636,0.2636,0.2635,0.2643
1996,6,13,6/13/1996,0.2643,5.0,1996-06-13,0.2644,0.2644,0.2647,0.265,0.2646,0.2636,0.2636,0.2647
1996,6,14,6/14/1996,0.2641,5.0,1996-06-14,0.2643,0.2644,0.2644,0.2647,0.265,0.2646,0.2636,0.2653
1996,6,15,6/15/1996,0.2637,5.0,1996-06-15,0.2641,0.2643,0.2644,0.2644,0.2647,0.265,0.2646,0.2655
1996,6,16,6/16/1996,0.2637,5.0,1996-06-16,0.2637,0.2641,0.2643,0.2644,0.2644,0.2647,0.265,0.2656
1996,6,17,6/17/1996,0.2637,5.0,1996-06-17,0.2637,0.2637,0.2641,0.2643,0.2644,0.2644,0.2647,0.2657
1996,6,18,6/18/1996,0.2636,5.0,1996-06-18,0.2637,0.2637,0.2637,0.2641,0.2643,0.2644,0.2644,0.2658
1996,6,19,6/19/1996,0.2638,5.0,1996-06-19,0.2636,0.2637,0.2637,0.2637,0.2641,0.2643,0.2644,0.2655
1996,6,20,6/20/1996,0.2639,5.0,1996-06-20,0.2638,0.2636,0.2637,0.2637,0.2637,0.2641,0.2643,0.2654
1996,6,21,6/21/1996,0.264,5.0,1996-06-21,0.2639,0.2638,0.2636,0.2637,0.2637,0.2637,0.2641,0.2655
1996,6,22,6/22/1996,0.2642,5.0,1996-06-22,0.264,0.2639,0.2638,0.2636,0.2637,0.2637,0.2637,0.2649
1996,6,23,6/23/1996,0.2645,5.0,1996-06-23,0.2642,0.264,0.2639,0.2638,0.2636,0.2637,0.2637,0.2649
1996,6,24,6/24/1996,0.2646,5.0,1996-06-24,0.2645,0.2642,0.264,0.2639,0.2638,0.2636,0.2637,0.2648
1996,6,25,6/25/1996,0.2648,5.0,1996-06-25,0.2646,0.2645,0.2642,0.264,0.2639,0.2638,0.2636,0.2646
1996,6,26,6/26/1996,0.265,3.0,1996-06-26,0.2648,0.2646,0.2645,0.2642,0.264,0.2639,0.2638,0.2637
1996,6,27,6/27/1996,0.2646,5.0,1996-06-27,0.265,0.2648,0.2646,0.2645,0.2642,0.264,0.2639,0.2634
1996,6,28,6/28/1996,0.2647,5.0,1996-06-28,0.2646,0.265,0.2648,0.2646,0.2645,0.2642,0.264,0.2632
1996,6,29,6/29/1996,0.265,5.0,1996-06-29,0.2647,0.2646,0.265,0.2648,0.2646,0.2645,0.2642,0.2635
1996,6,30,6/30/1996,0.265,5.0,1996-06-30,0.265,0.2647,0.2646,0.265,0.2648,0.2646,0.2645,0.2634
1996,7,01,7/01/1996,0.2652,5.0,1996-07-01,0.265,0.265,0.2647,0.2646,0.265,0.2648,0.2646,0.2635
1996,7,02,7/02/1996,0.2653,5.0,1996-07-02,0.2652,0.265,0.265,0.2647,0.2646,0.265,0.2648,0.2635
1996,7,03,7/03/1996,0.2653,5.0,1996-07-03,0.2653,0.2652,0.265,0.265,0.2647,0.2646,0.265,0.2636
1996,7,04,7/04/1996,0.2653,5.0,1996-07-04,0.2653,0.2653,0.2652,0.265,0.265,0.2647,0.2646,0.2636
1996,7,05,7/05/1996,0.2653,5.0,1996-07-05,0.2653,0.2653,0.2653,0.2652,0.265,0.265,0.2647,0.2646
1996,7,06,7/06/1996,0.2651,5.0,1996-07-06,0.2653,0.2653,0.2653,0.2653,0.2652,0.265,0.265,0.265
1996,7,07,7/07/1996,0.2652,5.0,1996-07-07,0.2651,0.2653,0.2653,0.2653,0.2653,0.2652,0.265,0.2647
1996,7,08,7/08/1996,0.2655,5.0,1996-07-08,0.2652,0.2651,0.2653,0.2653,0.2653,0.2653,0.2652,0.2644
1996,7,09,7/09/1996,0.2653,5.0,1996-07-09,0.2655,0.2652,0.2651,0.2653,0.2653,0.2653,0.2653,0.2644
1996,7,10,7/10/1996,0.2651,5.0,1996-07-10,0.2653,0.2655,0.2652,0.2651,0.2653,0.2653,0.2653,0.2643
1996,7,11,7/11/1996,0.265,5.0,1996-07-11,0.2651,0.2653,0.2655,0.2652,0.2651,0.2653,0.2653,0.2641
1996,7,12,7/12/1996,0.2646,5.0,1996-07-12,0.265,0.2651,0.2653,0.2655,0.2652,0.2651,0.2653,0.2637
1996,7,13,7/13/1996,0.2642,5.0,1996-07-13,0.2646,0.265,0.2651,0.2653,0.2655,0.2652,0.2651,0.2637
1996,7,14,7/14/1996,0.2637,5.0,1996-07-14,0.2642,0.2646,0.265,0.2651,0.2653,0.2655,0.2652,0.2637
1996,7,15,7/15/1996,0.2637,5.0,1996-07-15,0.2637,0.2642,0.2646,0.265,0.2651,0.2653,0.2655,0.2636
1996,7,16,7/16/1996,0.263,3.0,1996-07-16,0.2637,0.2637,0.2642,0.2646,0.265,0.2651,0.2653,0.2638
1996,7,17,7/17/1996,0.2638,5.0,1996-07-17,0.263,0.2637,0.2637,0.2642,0.2646,0.265,0.2651,0.2639
1996,7,18,7/18/1996,0.2636,5.0,1996-07-18,0.2638,0.263,0.2637,0.2637,0.2642,0.2646,0.265,0.264
1996,7,19,7/19/1996,0.2639,5.0,1996-07-19,0.2636,0.2638,0.263,0.2637,0.2637,0.2642,0.2646,0.2642
1996,7,20,7/20/1996,0.2637,5.0,1996-07-20,0.2639,0.2636,0.2638,0.263,0.2637,0.2637,0.2642,0.2645
1996,7,21,7/21/1996,0.2636,5.0,1996-07-21,0.2637,0.2639,0.2636,0.2638,0.263,0.2637,0.2637,0.2646
1996,7,22,7/22/1996,0.2637,5.0,1996-07-22,0.2636,0.2637,0.2639,0.2636,0.2638,0.263,0.2637,0.2648
1996,7,23,7/23/1996,0.2637,5.0,1996-07-23,0.2637,0.2636,0.2637,0.2639,0.2636,0.2638,0.263,0.265
1996,7,24,7/24/1996,0.2636,5.0,1996-07-24,0.2637,0.2637,0.2636,0.2637,0.2639,0.2636,0.2638,0.2646
1996,7,25,7/25/1996,0.264,5.0,1996-07-25,0.2636,0.2637,0.2637,0.2636,0.2637,0.2639,0.2636,0.2647
1996,7,26,7/26/1996,0.2641,5.0,1996-07-26,0.264,0.2636,0.2637,0.2637,0.2636,0.2637,0.2639,0.265
1996,7,27,7/27/1996,0.2643,5.0,1996-07-27,0.2641,0.264,0.2636,0.2637,0.2637,0.2636,0.2637,0.265
1996,7,28,7/28/1996,0.265,5.0,1996-07-28,0.2643,0.2641,0.264,0.2636,0.2637,0.2637,0.2636,0.2652
1996,7,29,7/29/1996,0.2653,5.0,1996-07-29,0.265,0.2643,0.2641,0.264,0.2636,0.2637,0.2637,0.2653
1996,7,30,7/30/1996,0.2657,5.0,1996-07-30,0.2653,0.265,0.2643,0.2641,0.264,0.2636,0.2637,0.2653
1996,7,31,7/31/1996,0.2658,5.0,1996-07-31,0.2657,0.2653,0.265,0.2643,0.2641,0.264,0.2636,0.2653
1996,8,01,8/01/1996,0.2659,5.0,1996-08-01,0.2658,0.2657,0.2653,0.265,0.2643,0.2641,0.264,0.2653
1996,8,02,8/02/1996,0.266,5.0,1996-08-02,0.2659,0.2658,0.2657,0.2653,0.265,0.2643,0.2641,0.2651
1996,8,03,8/03/1996,0.2661,5.0,1996-08-03,0.266,0.2659,0.2658,0.2657,0.2653,0.265,0.2643,0.2652
1996,8,04,8/04/1996,0.2658,5.0,1996-08-04,0.2661,0.266,0.2659,0.2658,0.2657,0.2653,0.265,0.2655
1996,8,05,8/05/1996,0.2656,5.0,1996-08-05,0.2658,0.2661,0.266,0.2659,0.2658,0.2657,0.2653,0.2653
1996,8,06,8/06/1996,0.2653,5.0,1996-08-06,0.2656,0.2658,0.2661,0.266,0.2659,0.2658,0.2657,0.2651
1996,8,07,8/07/1996,0.2647,5.0,1996-08-07,0.2653,0.2656,0.2658,0.2661,0.266,0.2659,0.2658,0.265
1996,8,08,8/08/1996,0.2643,5.0,1996-08-08,0.2647,0.2653,0.2656,0.2658,0.2661,0.266,0.2659,0.2646
1996,8,09,8/09/1996,0.2641,5.0,1996-08-09,0.2643,0.2647,0.2653,0.2656,0.2658,0.2661,0.266,0.2642
1996,8,10,8/10/1996,0.264,5.0,1996-08-10,0.2641,0.2643,0.2647,0.2653,0.2656,0.2658,0.2661,0.2637
1996,8,11,8/11/1996,0.2642,5.0,1996-08-11,0.264,0.2641,0.2643,0.2647,0.2653,0.2656,0.2658,0.2637
1996,8,12,8/12/1996,0.2641,5.0,1996-08-12,0.2642,0.264,0.2641,0.2643,0.2647,0.2653,0.2656,0.263
1996,8,13,8/13/1996,0.2642,5.0,1996-08-13,0.2641,0.2642,0.264,0.2641,0.2643,0.2647,0.2653,0.2638
1996,8,14,8/14/1996,0.2641,5.0,1996-08-14,0.2642,0.2641,0.2642,0.264,0.2641,0.2643,0.2647,0.2636
1996,8,15,8/15/1996,0.2639,5.0,1996-08-15,0.2641,0.2642,0.2641,0.2642,0.264,0.2641,0.2643,0.2639
1996,8,16,8/16/1996,0.2636,5.0,1996-08-16,0.2639,0.2641,0.2642,0.2641,0.2642,0.264,0.2641,0.2637
1996,8,17,8/17/1996,0.2639,5.0,1996-08-17,0.2636,0.2639,0.2641,0.2642,0.2641,0.2642,0.264,0.2636
1996,8,18,8/18/1996,0.2638,5.0,1996-08-18,0.2639,0.2636,0.2639,0.2641,0.2642,0.2641,0.2642,0.2637
1996,8,19,8/19/1996,0.2638,5.0,1996-08-19,0.2638,0.2639,0.2636,0.2639,0.2641,0.2642,0.2641,0.2637
1996,8,20,8/20/1996,0.2638,5.0,1996-08-20,0.2638,0.2638,0.2639,0.2636,0.2639,0.2641,0.2642,0.2636
1996,8,21,8/21/1996,0.2639,3.0,1996-08-21,0.2638,0.2638,0.2638,0.2639,0.2636,0.2639,0.2641,0.264
1996,8,22,8/22/1996,0.2636,3.0,1996-08-22,0.2639,0.2638,0.2638,0.2638,0.2639,0.2636,0.2639,0.2641
1996,8,23,8/23/1996,0.2642,3.0,1996-08-23,0.2636,0.2639,0.2638,0.2638,0.2638,0.2639,0.2636,0.2643
1996,8,24,8/24/1996,0.2648,5.0,1996-08-24,0.2642,0.2636,0.2639,0.2638,0.2638,0.2638,0.2639,0.265
1996,8,25,8/25/1996,0.2656,5.0,1996-08-25,0.2648,0.2642,0.2636,0.2639,0.2638,0.2638,0.2638,0.2653
1996,8,26,8/26/1996,0.2659,5.0,1996-08-26,0.2656,0.2648,0.2642,0.2636,0.2639,0.2638,0.2638,0.2657
1996,8,27,8/27/1996,0.2661,5.0,1996-08-27,0.2659,0.2656,0.2648,0.2642,0.2636,0.2639,0.2638,0.2658
1996,8,28,8/28/1996,0.2663,5.0,1996-08-28,0.2661,0.2659,0.2656,0.2648,0.2642,0.2636,0.2639,0.2659
1996,8,29,8/29/1996,0.2663,5.0,1996-08-29,0.2663,0.2661,0.2659,0.2656,0.2648,0.2642,0.2636,0.266
1996,8,30,8/30/1996,0.2664,5.0,1996-08-30,0.2663,0.2663,0.2661,0.2659,0.2656,0.2648,0.2642,0.2661
1996,8,31,8/31/1996,0.2663,5.0,1996-08-31,0.2664,0.2663,0.2663,0.2661,0.2659,0.2656,0.2648,0.2658
1996,9,01,9/01/1996,0.2663,5.0,1996-09-01,0.2663,0.2664,0.2663,0.2663,0.2661,0.2659,0.2656,0.2656
1996,9,02,9/02/1996,0.2658,5.0,1996-09-02,0.2663,0.2663,0.2664,0.2663,0.2663,0.2661,0.2659,0.2653
1996,9,03,9/03/1996,0.2651,5.0,1996-09-03,0.2658,0.2663,0.2663,0.2664,0.2663,0.2663,0.2661,0.2647
1996,9,04,9/04/1996,0.2647,3.0,1996-09-04,0.2651,0.2658,0.2663,0.2663,0.2664,0.2663,0.2663,0.2643
1996,9,05,9/05/1996,0.2643,5.0,1996-09-05,0.2647,0.2651,0.2658,0.2663,0.2663,0.2664,0.2663,0.2641
1996,9,06,9/06/1996,0.2639,5.0,1996-09-06,0.2643,0.2647,0.2651,0.2658,0.2663,0.2663,0.2664,0.264
1996,9,07,9/07/1996,0.2642,5.0,1996-09-07,0.2639,0.2643,0.2647,0.2651,0.2658,0.2663,0.2663,0.2642
1996,9,08,9/08/1996,0.2639,5.0,1996-09-08,0.2642,0.2639,0.2643,0.2647,0.2651,0.2658,0.2663,0.2641
1996,9,09,9/09/1996,0.2641,5.0,1996-09-09,0.2639,0.2642,0.2639,0.2643,0.2647,0.2651,0.2658,0.2642
1996,9,10,9/10/1996,0.2639,5.0,1996-09-10,0.2641,0.2639,0.2642,0.2639,0.2643,0.2647,0.2651,0.2641
1996,9,11,9/11/1996,0.2637,5.0,1996-09-11,0.2639,0.2641,0.2639,0.2642,0.2639,0.2643,0.2647,0.2639
1996,9,12,9/12/1996,0.2638,5.0,1996-09-12,0.2637,0.2639,0.2641,0.2639,0.2642,0.2639,0.2643,0.2636
1996,9,13,9/13/1996,0.2637,5.0,1996-09-13,0.2638,0.2637,0.2639,0.2641,0.2639,0.2642,0.2639,0.2639
1996,9,14,9/14/1996,0.2636,5.0,1996-09-14,0.2637,0.2638,0.2637,0.2639,0.2641,0.2639,0.2642,0.2638
1996,9,15,9/15/1996,0.2637,5.0,1996-09-15,0.2636,0.2637,0.2638,0.2637,0.2639,0.2641,0.2639,0.2638
1996,9,16,9/16/1996,0.2638,5.0,1996-09-16,0.2637,0.2636,0.2637,0.2638,0.2637,0.2639,0.2641,0.2638
1996,9,17,9/17/1996,0.2638,5.0,1996-09-17,0.2638,0.2637,0.2636,0.2637,0.2638,0.2637,0.2639,0.2639
1996,9,18,9/18/1996,0.2638,5.0,1996-09-18,0.2638,0.2638,0.2637,0.2636,0.2637,0.2638,0.2637,0.2636
1996,9,19,9/19/1996,0.2639,5.0,1996-09-19,0.2638,0.2638,0.2638,0.2637,0.2636,0.2637,0.2638,0.2642
1996,9,20,9/20/1996,0.2644,5.0,1996-09-20,0.2639,0.2638,0.2638,0.2638,0.2637,0.2636,0.2637,0.2648
1996,9,21,9/21/1996,0.2647,5.0,1996-09-21,0.2644,0.2639,0.2638,0.2638,0.2638,0.2637,0.2636,0.2656
1996,9,22,9/22/1996,0.265,5.0,1996-09-22,0.2647,0.2644,0.2639,0.2638,0.2638,0.2638,0.2637,0.2659
1996,9,23,9/23/1996,0.2651,3.0,1996-09-23,0.265,0.2647,0.2644,0.2639,0.2638,0.2638,0.2638,0.2661
1996,9,25,9/25/1996,0.2654,5.0,1996-09-25,0.2651,0.265,0.2647,0.2644,0.2639,0.2638,0.2638,0.2663
1996,9,26,9/26/1996,0.2653,5.0,1996-09-26,0.2654,0.2651,0.265,0.2647,0.2644,0.2639,0.2638,0.2663
1996,9,27,9/27/1996,0.2652,5.0,1996-09-27,0.2653,0.2654,0.2651,0.265,0.2647,0.2644,0.2639,0.2664
1996,9,28,9/28/1996,0.2651,5.0,1996-09-28,0.2652,0.2653,0.2654,0.2651,0.265,0.2647,0.2644,0.2663
1996,9,29,9/29/1996,0.2649,5.0,1996-09-29,0.2651,0.2652,0.2653,0.2654,0.2651,0.265,0.2647,0.2663
1996,9,30,9/30/1996,0.2648,5.0,1996-09-30,0.2649,0.2651,0.2652,0.2653,0.2654,0.2651,0.265,0.2658
1996,10,01,10/01/1996,0.2643,5.0,1996-10-01,0.2648,0.2649,0.2651,0.2652,0.2653,0.2654,0.2651,0.2651
1996,10,02,10/02/1996,0.2641,5.0,1996-10-02,0.2643,0.2648,0.2649,0.2651,0.2652,0.2653,0.2654,0.2647
1996,10,03,10/03/1996,0.2639,5.0,1996-10-03,0.2641,0.2643,0.2648,0.2649,0.2651,0.2652,0.2653,0.2643
1996,10,04,10/04/1996,0.2641,5.0,1996-10-04,0.2639,0.2641,0.2643,0.2648,0.2649,0.2651,0.2652,0.2639
1996,10,05,10/05/1996,0.2638,5.0,1996-10-05,0.2641,0.2639,0.2641,0.2643,0.2648,0.2649,0.2651,0.2642
1996,10,06,10/06/1996,0.2637,5.0,1996-10-06,0.2638,0.2641,0.2639,0.2641,0.2643,0.2648,0.2649,0.2639
1996,10,07,10/07/1996,0.2634,5.0,1996-10-07,0.2637,0.2638,0.2641,0.2639,0.2641,0.2643,0.2648,0.2641
1996,10,08,10/08/1996,0.2636,5.0,1996-10-08,0.2634,0.2637,0.2638,0.2641,0.2639,0.2641,0.2643,0.2639
1996,10,09,10/09/1996,0.2637,3.0,1996-10-09,0.2636,0.2634,0.2637,0.2638,0.2641,0.2639,0.2641,0.2637
1996,10,10,10/10/1996,0.2636,5.0,1996-10-10,0.2637,0.2636,0.2634,0.2637,0.2638,0.2641,0.2639,0.2638
1996,10,11,10/11/1996,0.2634,5.0,1996-10-11,0.2636,0.2637,0.2636,0.2634,0.2637,0.2638,0.2641,0.2637
1996,10,12,10/12/1996,0.2632,3.0,1996-10-12,0.2634,0.2636,0.2637,0.2636,0.2634,0.2637,0.2638,0.2636
1996,10,13,10/13/1996,0.2634,5.0,1996-10-13,0.2632,0.2634,0.2636,0.2637,0.2636,0.2634,0.2637,0.2637
1996,10,14,10/14/1996,0.2635,5.0,1996-10-14,0.2634,0.2632,0.2634,0.2636,0.2637,0.2636,0.2634,0.2638
1996,10,15,10/15/1996,0.2637,5.0,1996-10-15,0.2635,0.2634,0.2632,0.2634,0.2636,0.2637,0.2636,0.2638
1996,10,16,10/16/1996,0.2638,5.0,1996-10-16,0.2637,0.2635,0.2634,0.2632,0.2634,0.2636,0.2637,0.2638
1996,10,17,10/17/1996,0.264,5.0,1996-10-17,0.2638,0.2637,0.2635,0.2634,0.2632,0.2634,0.2636,0.2639
1996,10,18,10/18/1996,0.2644,5.0,1996-10-18,0.264,0.2638,0.2637,0.2635,0.2634,0.2632,0.2634,0.2644
1996,10,19,10/19/1996,0.2642,3.0,1996-10-19,0.2644,0.264,0.2638,0.2637,0.2635,0.2634,0.2632,0.2647
1996,10,20,10/20/1996,0.2648,5.0,1996-10-20,0.2642,0.2644,0.264,0.2638,0.2637,0.2635,0.2634,0.265
1996,10,21,10/21/1996,0.2648,5.0,1996-10-21,0.2648,0.2642,0.2644,0.264,0.2638,0.2637,0.2635,0.2651
1996,10,22,10/22/1996,0.2647,5.0,1996-10-22,0.2648,0.2648,0.2642,0.2644,0.264,0.2638,0.2637,0.2654
1996,10,23,10/23/1996,0.2647,5.0,1996-10-23,0.2647,0.2648,0.2648,0.2642,0.2644,0.264,0.2638,0.2653
1996,10,24,10/24/1996,0.2649,5.0,1996-10-24,0.2647,0.2647,0.2648,0.2648,0.2642,0.2644,0.264,0.2652
1996,10,25,10/25/1996,0.2649,5.0,1996-10-25,0.2649,0.2647,0.2647,0.2648,0.2648,0.2642,0.2644,0.2651
1996,10,26,10/26/1996,0.2646,5.0,1996-10-26,0.2649,0.2649,0.2647,0.2647,0.2648,0.2648,0.2642,0.2649
1996,10,27,10/27/1996,0.2646,5.0,1996-10-27,0.2646,0.2649,0.2649,0.2647,0.2647,0.2648,0.2648,0.2648
1996,10,28,10/28/1996,0.2642,5.0,1996-10-28,0.2646,0.2646,0.2649,0.2649,0.2647,0.2647,0.2648,0.2643
1996,10,29,10/29/1996,0.2643,3.0,1996-10-29,0.2642,0.2646,0.2646,0.2649,0.2649,0.2647,0.2647,0.2641
1996,10,30,10/30/1996,0.2637,3.0,1996-10-30,0.2643,0.2642,0.2646,0.2646,0.2649,0.2649,0.2647,0.2639
1996,10,31,10/31/1996,0.2633,3.0,1996-10-31,0.2637,0.2643,0.2642,0.2646,0.2646,0.2649,0.2649,0.2641
1996,11,01,11/01/1996,0.2632,5.0,1996-11-01,0.2633,0.2637,0.2643,0.2642,0.2646,0.2646,0.2649,0.2638
1996,11,02,11/02/1996,0.2633,5.0,1996-11-02,0.2632,0.2633,0.2637,0.2643,0.2642,0.2646,0.2646,0.2637
1996,11,03,11/03/1996,0.2633,5.0,1996-11-03,0.2633,0.2632,0.2633,0.2637,0.2643,0.2642,0.2646,0.2634
1996,11,04,11/04/1996,0.2634,5.0,1996-11-04,0.2633,0.2633,0.2632,0.2633,0.2637,0.2643,0.2642,0.2636
1996,11,05,11/05/1996,0.2636,3.0,1996-11-05,0.2634,0.2633,0.2633,0.2632,0.2633,0.2637,0.2643,0.2637
1996,11,06,11/06/1996,0.2634,5.0,1996-11-06,0.2636,0.2634,0.2633,0.2633,0.2632,0.2633,0.2637,0.2636
1996,11,07,11/07/1996,0.2638,5.0,1996-11-07,0.2634,0.2636,0.2634,0.2633,0.2633,0.2632,0.2633,0.2634
1996,11,08,11/08/1996,0.2639,5.0,1996-11-08,0.2638,0.2634,0.2636,0.2634,0.2633,0.2633,0.2632,0.2632
1996,11,09,11/09/1996,0.2639,5.0,1996-11-09,0.2639,0.2638,0.2634,0.2636,0.2634,0.2633,0.2633,0.2634
1996,11,10,11/10/1996,0.2639,5.0,1996-11-10,0.2639,0.2639,0.2638,0.2634,0.2636,0.2634,0.2633,0.2635
1996,11,11,11/11/1996,0.2642,5.0,1996-11-11,0.2639,0.2639,0.2639,0.2638,0.2634,0.2636,0.2634,0.2637
1996,11,12,11/12/1996,0.2643,5.0,1996-11-12,0.2642,0.2639,0.2639,0.2639,0.2638,0.2634,0.2636,0.2638
1996,11,13,11/13/1996,0.2645,5.0,1996-11-13,0.2643,0.2642,0.2639,0.2639,0.2639,0.2638,0.2634,0.264
1996,11,14,11/14/1996,0.2649,5.0,1996-11-14,0.2645,0.2643,0.2642,0.2639,0.2639,0.2639,0.2638,0.2644
1996,11,15,11/15/1996,0.2651,5.0,1996-11-15,0.2649,0.2645,0.2643,0.2642,0.2639,0.2639,0.2639,0.2642
1996,11,16,11/16/1996,0.2655,5.0,1996-11-16,0.2651,0.2649,0.2645,0.2643,0.2642,0.2639,0.2639,0.2648
1996,11,17,11/17/1996,0.2657,5.0,1996-11-17,0.2655,0.2651,0.2649,0.2645,0.2643,0.2642,0.2639,0.2648
1996,11,18,11/18/1996,0.2656,5.0,1996-11-18,0.2657,0.2655,0.2651,0.2649,0.2645,0.2643,0.2642,0.2647
1996,11,19,11/19/1996,0.2655,5.0,1996-11-19,0.2656,0.2657,0.2655,0.2651,0.2649,0.2645,0.2643,0.2647
1996,11,20,11/20/1996,0.2655,5.0,1996-11-20,0.2655,0.2656,0.2657,0.2655,0.2651,0.2649,0.2645,0.2649
1996,11,21,11/21/1996,0.2652,5.0,1996-11-21,0.2655,0.2655,0.2656,0.2657,0.2655,0.2651,0.2649,0.2649
1996,11,22,11/22/1996,0.2652,5.0,1996-11-22,0.2652,0.2655,0.2655,0.2656,0.2657,0.2655,0.2651,0.2646
1996,11,23,11/23/1996,0.2655,5.0,1996-11-23,0.2652,0.2652,0.2655,0.2655,0.2656,0.2657,0.2655,0.2646
1996,11,24,11/24/1996,0.2653,5.0,1996-11-24,0.2655,0.2652,0.2652,0.2655,0.2655,0.2656,0.2657,0.2642
1996,11,25,11/25/1996,0.2656,3.0,1996-11-25,0.2653,0.2655,0.2652,0.2652,0.2655,0.2655,0.2656,0.2643
1996,11,26,11/26/1996,0.2652,5.0,1996-11-26,0.2656,0.2653,0.2655,0.2652,0.2652,0.2655,0.2655,0.2637
1996,11,27,11/27/1996,0.2649,5.0,1996-11-27,0.2652,0.2656,0.2653,0.2655,0.2652,0.2652,0.2655,0.2633
1996,11,28,11/28/1996,0.265,5.0,1996-11-28,0.2649,0.2652,0.2656,0.2653,0.2655,0.2652,0.2652,0.2632
1996,11,29,11/29/1996,0.2646,5.0,1996-11-29,0.265,0.2649,0.2652,0.2656,0.2653,0.2655,0.2652,0.2633
1996,11,30,11/30/1996,0.2647,5.0,1996-11-30,0.2646,0.265,0.2649,0.2652,0.2656,0.2653,0.2655,0.2633
1996,12,01,12/01/1996,0.2646,5.0,1996-12-01,0.2647,0.2646,0.265,0.2649,0.2652,0.2656,0.2653,0.2634
1996,12,02,12/02/1996,0.2644,5.0,1996-12-02,0.2646,0.2647,0.2646,0.265,0.2649,0.2652,0.2656,0.2636
1996,12,03,12/03/1996,0.2635,3.0,1996-12-03,0.2644,0.2646,0.2647,0.2646,0.265,0.2649,0.2652,0.2634
1996,12,04,12/04/1996,0.2634,3.0,1996-12-04,0.2635,0.2644,0.2646,0.2647,0.2646,0.265,0.2649,0.2638
1996,12,05,12/05/1996,0.2637,5.0,1996-12-05,0.2634,0.2635,0.2644,0.2646,0.2647,0.2646,0.265,0.2639
1996,12,06,12/06/1996,0.2638,5.0,1996-12-06,0.2637,0.2634,0.2635,0.2644,0.2646,0.2647,0.2646,0.2639
1996,12,07,12/07/1996,0.2637,5.0,1996-12-07,0.2638,0.2637,0.2634,0.2635,0.2644,0.2646,0.2647,0.2639
1996,12,08,12/08/1996,0.2633,3.0,1996-12-08,0.2637,0.2638,0.2637,0.2634,0.2635,0.2644,0.2646,0.2642
1996,12,09,12/09/1996,0.2641,5.0,1996-12-09,0.2633,0.2637,0.2638,0.2637,0.2634,0.2635,0.2644,0.2643
1996,12,10,12/10/1996,0.264,3.0,1996-12-10,0.2641,0.2633,0.2637,0.2638,0.2637,0.2634,0.2635,0.2645
1996,12,11,12/11/1996,0.2644,3.0,1996-12-11,0.264,0.2641,0.2633,0.2637,0.2638,0.2637,0.2634,0.2649
1996,12,12,12/12/1996,0.2651,5.0,1996-12-12,0.2644,0.264,0.2641,0.2633,0.2637,0.2638,0.2637,0.2651
1996,12,13,12/13/1996,0.2658,5.0,1996-12-13,0.2651,0.2644,0.264,0.2641,0.2633,0.2637,0.2638,0.2655
1996,12,14,12/14/1996,0.2661,5.0,1996-12-14,0.2658,0.2651,0.2644,0.264,0.2641,0.2633,0.2637,0.2657
1996,12,15,12/15/1996,0.2659,5.0,1996-12-15,0.2661,0.2658,0.2651,0.2644,0.264,0.2641,0.2633,0.2656
1996,12,16,12/16/1996,0.2662,5.0,1996-12-16,0.2659,0.2661,0.2658,0.2651,0.2644,0.264,0.2641,0.2655
1996,12,17,12/17/1996,0.2667,5.0,1996-12-17,0.2662,0.2659,0.2661,0.2658,0.2651,0.2644,0.264,0.2655
1996,12,18,12/18/1996,0.2672,5.0,1996-12-18,0.2667,0.2662,0.2659,0.2661,0.2658,0.2651,0.2644,0.2652
1996,12,19,12/19/1996,0.2673,5.0,1996-12-19,0.2672,0.2667,0.2662,0.2659,0.2661,0.2658,0.2651,0.2652
1996,12,20,12/20/1996,0.2668,3.0,1996-12-20,0.2673,0.2672,0.2667,0.2662,0.2659,0.2661,0.2658,0.2655
1996,12,21,12/21/1996,0.2668,5.0,1996-12-21,0.2668,0.2673,0.2672,0.2667,0.2662,0.2659,0.2661,0.2653
1996,12,22,12/22/1996,0.2663,5.0,1996-12-22,0.2668,0.2668,0.2673,0.2672,0.2667,0.2662,0.2659,0.2656
1996,12,23,12/23/1996,0.2658,5.0,1996-12-23,0.2663,0.2668,0.2668,0.2673,0.2672,0.2667,0.2662,0.2652
1996,12,24,12/24/1996,0.2653,5.0,1996-12-24,0.2658,0.2663,0.2668,0.2668,0.2673,0.2672,0.2667,0.2649
1996,12,25,12/25/1996,0.2649,5.0,1996-12-25,0.2653,0.2658,0.2663,0.2668,0.2668,0.2673,0.2672,0.265
1996,12,26,12/26/1996,0.2645,5.0,1996-12-26,0.2649,0.2653,0.2658,0.2663,0.2668,0.2668,0.2673,0.2646
1996,12,27,12/27/1996,0.2645,5.0,1996-12-27,0.2645,0.2649,0.2653,0.2658,0.2663,0.2668,0.2668,0.2647
1996,12,28,12/28/1996,0.264,3.0,1996-12-28,0.2645,0.2645,0.2649,0.2653,0.2658,0.2663,0.2668,0.2646
1996,12,29,12/29/1996,0.2636,3.0,1996-12-29,0.264,0.2645,0.2645,0.2649,0.2653,0.2658,0.2663,0.2644
1996,12,30,12/30/1996,0.2634,3.0,1996-12-30,0.2636,0.264,0.2645,0.2645,0.2649,0.2653,0.2658,0.2635
1996,12,31,12/31/1996,0.2636,3.0,1996-12-31,0.2634,0.2636,0.264,0.2645,0.2645,0.2649,0.2653,0.2634
1997,1,01,1/01/1997,0.2637,3.0,1997-01-01,0.2636,0.2634,0.2636,0.264,0.2645,0.2645,0.2649,0.2637
1997,1,02,1/02/1997,0.2639,3.0,1997-01-02,0.2637,0.2636,0.2634,0.2636,0.264,0.2645,0.2645,0.2638
1997,1,03,1/03/1997,0.2643,3.0,1997-01-03,0.2639,0.2637,0.2636,0.2634,0.2636,0.264,0.2645,0.2637
1997,1,04,1/04/1997,0.2645,5.0,1997-01-04,0.2643,0.2639,0.2637,0.2636,0.2634,0.2636,0.264,0.2633
1997,1,05,1/05/1997,0.2646,5.0,1997-01-05,0.2645,0.2643,0.2639,0.2637,0.2636,0.2634,0.2636,0.2641
1997,1,06,1/06/1997,0.2645,5.0,1997-01-06,0.2646,0.2645,0.2643,0.2639,0.2637,0.2636,0.2634,0.264
1997,1,07,1/07/1997,0.2643,3.0,1997-01-07,0.2645,0.2646,0.2645,0.2643,0.2639,0.2637,0.2636,0.2644
1997,1,08,1/08/1997,0.2648,5.0,1997-01-08,0.2643,0.2645,0.2646,0.2645,0.2643,0.2639,0.2637,0.2651
1997,1,09,1/09/1997,0.2649,5.0,1997-01-09,0.2648,0.2643,0.2645,0.2646,0.2645,0.2643,0.2639,0.2658
1997,1,10,1/10/1997,0.2651,5.0,1997-01-10,0.2649,0.2648,0.2643,0.2645,0.2646,0.2645,0.2643,0.2661
1997,1,11,1/11/1997,0.2651,5.0,1997-01-11,0.2651,0.2649,0.2648,0.2643,0.2645,0.2646,0.2645,0.2659
1997,1,12,1/12/1997,0.2647,5.0,1997-01-12,0.2651,0.2651,0.2649,0.2648,0.2643,0.2645,0.2646,0.2662
1997,1,13,1/13/1997,0.2648,5.0,1997-01-13,0.2647,0.2651,0.2651,0.2649,0.2648,0.2643,0.2645,0.2667
1997,1,14,1/14/1997,0.2647,5.0,1997-01-14,0.2648,0.2647,0.2651,0.2651,0.2649,0.2648,0.2643,0.2672
1997,1,15,1/15/1997,0.2649,5.0,1997-01-15,0.2647,0.2648,0.2647,0.2651,0.2651,0.2649,0.2648,0.2673
1997,1,16,1/16/1997,0.265,5.0,1997-01-16,0.2649,0.2647,0.2648,0.2647,0.2651,0.2651,0.2649,0.2668
1997,1,17,1/17/1997,0.2651,5.0,1997-01-17,0.265,0.2649,0.2647,0.2648,0.2647,0.2651,0.2651,0.2668
1997,1,18,1/18/1997,0.2649,5.0,1997-01-18,0.2651,0.265,0.2649,0.2647,0.2648,0.2647,0.2651,0.2663
1997,1,19,1/19/1997,0.2649,5.0,1997-01-19,0.2649,0.2651,0.265,0.2649,0.2647,0.2648,0.2647,0.2658
1997,1,20,1/20/1997,0.2647,5.0,1997-01-20,0.2649,0.2649,0.2651,0.265,0.2649,0.2647,0.2648,0.2653
1997,1,21,1/21/1997,0.2646,5.0,1997-01-21,0.2647,0.2649,0.2649,0.2651,0.265,0.2649,0.2647,0.2649
1997,1,22,1/22/1997,0.2643,5.0,1997-01-22,0.2646,0.2647,0.2649,0.2649,0.2651,0.265,0.2649,0.2645
1997,1,23,1/23/1997,0.2641,5.0,1997-01-23,0.2643,0.2646,0.2647,0.2649,0.2649,0.2651,0.265,0.2645
1997,1,24,1/24/1997,0.2642,5.0,1997-01-24,0.2641,0.2643,0.2646,0.2647,0.2649,0.2649,0.2651,0.264
1997,1,25,1/25/1997,0.2641,5.0,1997-01-25,0.2642,0.2641,0.2643,0.2646,0.2647,0.2649,0.2649,0.2636
1997,1,26,1/26/1997,0.2641,5.0,1997-01-26,0.2641,0.2642,0.2641,0.2643,0.2646,0.2647,0.2649,0.2634
1997,1,27,1/27/1997,0.264,5.0,1997-01-27,0.2641,0.2641,0.2642,0.2641,0.2643,0.2646,0.2647,0.2636
1997,1,28,1/28/1997,0.2637,3.0,1997-01-28,0.264,0.2641,0.2641,0.2642,0.2641,0.2643,0.2646,0.2637
1997,1,29,1/29/1997,0.2643,5.0,1997-01-29,0.2637,0.264,0.2641,0.2641,0.2642,0.2641,0.2643,0.2639
1997,1,30,1/30/1997,0.2645,5.0,1997-01-30,0.2643,0.2637,0.264,0.2641,0.2641,0.2642,0.2641,0.2643
1997,1,31,1/31/1997,0.2646,5.0,1997-01-31,0.2645,0.2643,0.2637,0.264,0.2641,0.2641,0.2642,0.2645
1997,2,01,2/01/1997,0.2644,5.0,1997-02-01,0.2646,0.2645,0.2643,0.2637,0.264,0.2641,0.2641,0.2646
1997,2,02,2/02/1997,0.2644,3.0,1997-02-02,0.2644,0.2646,0.2645,0.2643,0.2637,0.264,0.2641,0.2645
1997,2,03,2/03/1997,0.2649,3.0,1997-02-03,0.2644,0.2644,0.2646,0.2645,0.2643,0.2637,0.264,0.2643
1997,2,04,2/04/1997,0.2649,5.0,1997-02-04,0.2649,0.2644,0.2644,0.2646,0.2645,0.2643,0.2637,0.2648
1997,2,05,2/05/1997,0.265,5.0,1997-02-05,0.2649,0.2649,0.2644,0.2644,0.2646,0.2645,0.2643,0.2649
1997,2,06,2/06/1997,0.2649,5.0,1997-02-06,0.265,0.2649,0.2649,0.2644,0.2644,0.2646,0.2645,0.2651
1997,2,07,2/07/1997,0.2649,5.0,1997-02-07,0.2649,0.265,0.2649,0.2649,0.2644,0.2644,0.2646,0.2651
1997,2,08,2/08/1997,0.2648,5.0,1997-02-08,0.2649,0.2649,0.265,0.2649,0.2649,0.2644,0.2644,0.2647
1997,2,09,2/09/1997,0.2647,5.0,1997-02-09,0.2648,0.2649,0.2649,0.265,0.2649,0.2649,0.2644,0.2648
1997,2,10,2/10/1997,0.2647,3.0,1997-02-10,0.2647,0.2648,0.2649,0.2649,0.265,0.2649,0.2649,0.2647
1997,2,11,2/11/1997,0.2644,3.0,1997-02-11,0.2647,0.2647,0.2648,0.2649,0.2649,0.265,0.2649,0.2649
1997,2,12,2/12/1997,0.2644,5.0,1997-02-12,0.2644,0.2647,0.2647,0.2648,0.2649,0.2649,0.265,0.265
1997,2,13,2/13/1997,0.2639,3.0,1997-02-13,0.2644,0.2644,0.2647,0.2647,0.2648,0.2649,0.2649,0.2651
1997,2,14,2/14/1997,0.2643,3.0,1997-02-14,0.2639,0.2644,0.2644,0.2647,0.2647,0.2648,0.2649,0.2649
1997,2,15,2/15/1997,0.2642,3.0,1997-02-15,0.2643,0.2639,0.2644,0.2644,0.2647,0.2647,0.2648,0.2649
1997,2,16,2/16/1997,0.2642,3.0,1997-02-16,0.2642,0.2643,0.2639,0.2644,0.2644,0.2647,0.2647,0.2647
1997,2,17,2/17/1997,0.2633,5.0,1997-02-17,0.2642,0.2642,0.2643,0.2639,0.2644,0.2644,0.2647,0.2646
1997,2,18,2/18/1997,0.264,5.0,1997-02-18,0.2633,0.2642,0.2642,0.2643,0.2639,0.2644,0.2644,0.2643
1997,2,19,2/19/1997,0.2638,5.0,1997-02-19,0.264,0.2633,0.2642,0.2642,0.2643,0.2639,0.2644,0.2641
1997,2,20,2/20/1997,0.2639,5.0,1997-02-20,0.2638,0.264,0.2633,0.2642,0.2642,0.2643,0.2639,0.2642
1997,2,21,2/21/1997,0.2638,5.0,1997-02-21,0.2639,0.2638,0.264,0.2633,0.2642,0.2642,0.2643,0.2641
1997,2,22,2/22/1997,0.2639,5.0,1997-02-22,0.2638,0.2639,0.2638,0.264,0.2633,0.2642,0.2642,0.2641
1997,2,23,2/23/1997,0.2639,5.0,1997-02-23,0.2639,0.2638,0.2639,0.2638,0.264,0.2633,0.2642,0.264
1997,2,24,2/24/1997,0.2641,5.0,1997-02-24,0.2639,0.2639,0.2638,0.2639,0.2638,0.264,0.2633,0.2637
1997,2,25,2/25/1997,0.2646,5.0,1997-02-25,0.2641,0.2639,0.2639,0.2638,0.2639,0.2638,0.264,0.2643
1997,2,26,2/26/1997,0.2648,5.0,1997-02-26,0.2646,0.2641,0.2639,0.2639,0.2638,0.2639,0.2638,0.2645
1997,2,27,2/27/1997,0.2649,5.0,1997-02-27,0.2648,0.2646,0.2641,0.2639,0.2639,0.2638,0.2639,0.2646
1997,2,28,2/28/1997,0.2647,5.0,1997-02-28,0.2649,0.2648,0.2646,0.2641,0.2639,0.2639,0.2638,0.2644
1997,3,01,3/01/1997,0.2649,5.0,1997-03-01,0.2647,0.2649,0.2648,0.2646,0.2641,0.2639,0.2639,0.2644
1997,3,02,3/02/1997,0.2649,5.0,1997-03-02,0.2649,0.2647,0.2649,0.2648,0.2646,0.2641,0.2639,0.2649
1997,3,03,3/03/1997,0.2649,5.0,1997-03-03,0.2649,0.2649,0.2647,0.2649,0.2648,0.2646,0.2641,0.2649
1997,3,04,3/04/1997,0.2647,5.0,1997-03-04,0.2649,0.2649,0.2649,0.2647,0.2649,0.2648,0.2646,0.265
1997,3,05,3/05/1997,0.265,5.0,1997-03-05,0.2647,0.2649,0.2649,0.2649,0.2647,0.2649,0.2648,0.2649
1997,3,06,3/06/1997,0.2648,5.0,1997-03-06,0.265,0.2647,0.2649,0.2649,0.2649,0.2647,0.2649,0.2649
1997,3,07,3/07/1997,0.2648,5.0,1997-03-07,0.2648,0.265,0.2647,0.2649,0.2649,0.2649,0.2647,0.2648
1997,3,08,3/08/1997,0.2653,5.0,1997-03-08,0.2648,0.2648,0.265,0.2647,0.2649,0.2649,0.2649,0.2647
1997,3,09,3/09/1997,0.2654,5.0,1997-03-09,0.2653,0.2648,0.2648,0.265,0.2647,0.2649,0.2649,0.2647
1997,3,10,3/10/1997,0.2655,5.0,1997-03-10,0.2654,0.2653,0.2648,0.2648,0.265,0.2647,0.2649,0.2644
1997,3,11,3/11/1997,0.2654,5.0,1997-03-11,0.2655,0.2654,0.2653,0.2648,0.2648,0.265,0.2647,0.2644
1997,3,12,3/12/1997,0.2656,5.0,1997-03-12,0.2654,0.2655,0.2654,0.2653,0.2648,0.2648,0.265,0.2639
1997,3,13,3/13/1997,0.2655,5.0,1997-03-13,0.2656,0.2654,0.2655,0.2654,0.2653,0.2648,0.2648,0.2643
1997,3,14,3/14/1997,0.2654,5.0,1997-03-14,0.2655,0.2656,0.2654,0.2655,0.2654,0.2653,0.2648,0.2642
1997,3,15,3/15/1997,0.2653,5.0,1997-03-15,0.2654,0.2655,0.2656,0.2654,0.2655,0.2654,0.2653,0.2642
1997,3,16,3/16/1997,0.2652,5.0,1997-03-16,0.2653,0.2654,0.2655,0.2656,0.2654,0.2655,0.2654,0.2633
1997,3,17,3/17/1997,0.2649,5.0,1997-03-17,0.2652,0.2653,0.2654,0.2655,0.2656,0.2654,0.2655,0.264
1997,3,18,3/18/1997,0.2646,5.0,1997-03-18,0.2649,0.2652,0.2653,0.2654,0.2655,0.2656,0.2654,0.2638
1997,3,19,3/19/1997,0.264,5.0,1997-03-19,0.2646,0.2649,0.2652,0.2653,0.2654,0.2655,0.2656,0.2639
1997,3,20,3/20/1997,0.2638,3.0,1997-03-20,0.264,0.2646,0.2649,0.2652,0.2653,0.2654,0.2655,0.2638
1997,3,21,3/21/1997,0.2639,5.0,1997-03-21,0.2638,0.264,0.2646,0.2649,0.2652,0.2653,0.2654,0.2639
1997,3,22,3/22/1997,0.2639,5.0,1997-03-22,0.2639,0.2638,0.264,0.2646,0.2649,0.2652,0.2653,0.2639
1997,3,23,3/23/1997,0.2638,5.0,1997-03-23,0.2639,0.2639,0.2638,0.264,0.2646,0.2649,0.2652,0.2641
1997,3,24,3/24/1997,0.2641,5.0,1997-03-24,0.2638,0.2639,0.2639,0.2638,0.264,0.2646,0.2649,0.2646
1997,3,25,3/25/1997,0.264,5.0,1997-03-25,0.2641,0.2638,0.2639,0.2639,0.2638,0.264,0.2646,0.2648
1997,3,26,3/26/1997,0.264,5.0,1997-03-26,0.264,0.2641,0.2638,0.2639,0.2639,0.2638,0.264,0.2649
1997,3,27,3/27/1997,0.2642,5.0,1997-03-27,0.264,0.264,0.2641,0.2638,0.2639,0.2639,0.2638,0.2647
1997,3,28,3/28/1997,0.2646,5.0,1997-03-28,0.2642,0.264,0.264,0.2641,0.2638,0.2639,0.2639,0.2649
1997,3,29,3/29/1997,0.2648,5.0,1997-03-29,0.2646,0.2642,0.264,0.264,0.2641,0.2638,0.2639,0.2649
1997,3,30,3/30/1997,0.2648,5.0,1997-03-30,0.2648,0.2646,0.2642,0.264,0.264,0.2641,0.2638,0.2649
1997,3,31,3/31/1997,0.2648,5.0,1997-03-31,0.2648,0.2648,0.2646,0.2642,0.264,0.264,0.2641,0.2647
1997,4,01,4/01/1997,0.265,5.0,1997-04-01,0.2648,0.2648,0.2648,0.2646,0.2642,0.264,0.264,0.265
1997,4,02,4/02/1997,0.2651,5.0,1997-04-02,0.265,0.2648,0.2648,0.2648,0.2646,0.2642,0.264,0.2648
1997,4,03,4/03/1997,0.2656,3.0,1997-04-03,0.2651,0.265,0.2648,0.2648,0.2648,0.2646,0.2642,0.2648
1997,4,04,4/04/1997,0.2659,5.0,1997-04-04,0.2656,0.2651,0.265,0.2648,0.2648,0.2648,0.2646,0.2653
1997,4,05,4/05/1997,0.2662,5.0,1997-04-05,0.2659,0.2656,0.2651,0.265,0.2648,0.2648,0.2648,0.2654
1997,4,06,4/06/1997,0.2663,5.0,1997-04-06,0.2662,0.2659,0.2656,0.2651,0.265,0.2648,0.2648,0.2655
1997,4,07,4/07/1997,0.266,5.0,1997-04-07,0.2663,0.2662,0.2659,0.2656,0.2651,0.265,0.2648,0.2654
1997,4,08,4/08/1997,0.2657,5.0,1997-04-08,0.266,0.2663,0.2662,0.2659,0.2656,0.2651,0.265,0.2656
1997,4,09,4/09/1997,0.2655,5.0,1997-04-09,0.2657,0.266,0.2663,0.2662,0.2659,0.2656,0.2651,0.2655
1997,4,10,4/10/1997,0.2655,5.0,1997-04-10,0.2655,0.2657,0.266,0.2663,0.2662,0.2659,0.2656,0.2654
1997,4,11,4/11/1997,0.2653,5.0,1997-04-11,0.2655,0.2655,0.2657,0.266,0.2663,0.2662,0.2659,0.2653
1997,4,12,4/12/1997,0.2651,5.0,1997-04-12,0.2653,0.2655,0.2655,0.2657,0.266,0.2663,0.2662,0.2652
1997,4,13,4/13/1997,0.2651,5.0,1997-04-13,0.2651,0.2653,0.2655,0.2655,0.2657,0.266,0.2663,0.2649
1997,4,14,4/14/1997,0.2648,5.0,1997-04-14,0.2651,0.2651,0.2653,0.2655,0.2655,0.2657,0.266,0.2646
1997,4,15,4/15/1997,0.2648,5.0,1997-04-15,0.2648,0.2651,0.2651,0.2653,0.2655,0.2655,0.2657,0.264
1997,4,16,4/16/1997,0.2644,5.0,1997-04-16,0.2648,0.2648,0.2651,0.2651,0.2653,0.2655,0.2655,0.2638
1997,4,17,4/17/1997,0.264,5.0,1997-04-17,0.2644,0.2648,0.2648,0.2651,0.2651,0.2653,0.2655,0.2639
1997,4,18,4/18/1997,0.2639,5.0,1997-04-18,0.264,0.2644,0.2648,0.2648,0.2651,0.2651,0.2653,0.2639
1997,4,19,4/19/1997,0.2641,5.0,1997-04-19,0.2639,0.264,0.2644,0.2648,0.2648,0.2651,0.2651,0.2638
1997,4,20,4/20/1997,0.264,5.0,1997-04-20,0.2641,0.2639,0.264,0.2644,0.2648,0.2648,0.2651,0.2641
1997,4,21,4/21/1997,0.2639,5.0,1997-04-21,0.264,0.2641,0.2639,0.264,0.2644,0.2648,0.2648,0.264
1997,4,22,4/22/1997,0.2645,3.0,1997-04-22,0.2639,0.264,0.2641,0.2639,0.264,0.2644,0.2648,0.264
1997,4,23,4/23/1997,0.2642,3.0,1997-04-23,0.2645,0.2639,0.264,0.2641,0.2639,0.264,0.2644,0.2642
1997,4,24,4/24/1997,0.2641,3.0,1997-04-24,0.2642,0.2645,0.2639,0.264,0.2641,0.2639,0.264,0.2646
1997,4,25,4/25/1997,0.2646,3.0,1997-04-25,0.2641,0.2642,0.2645,0.2639,0.264,0.2641,0.2639,0.2648
1997,4,26,4/26/1997,0.2645,5.0,1997-04-26,0.2646,0.2641,0.2642,0.2645,0.2639,0.264,0.2641,0.2648
1997,4,27,4/27/1997,0.2647,5.0,1997-04-27,0.2645,0.2646,0.2641,0.2642,0.2645,0.2639,0.264,0.2648
1997,4,28,4/28/1997,0.265,5.0,1997-04-28,0.2647,0.2645,0.2646,0.2641,0.2642,0.2645,0.2639,0.265
1997,4,29,4/29/1997,0.2649,3.0,1997-04-29,0.265,0.2647,0.2645,0.2646,0.2641,0.2642,0.2645,0.2651
1997,4,30,4/30/1997,0.265,5.0,1997-04-30,0.2649,0.265,0.2647,0.2645,0.2646,0.2641,0.2642,0.2656
1997,5,01,5/01/1997,0.2652,5.0,1997-05-01,0.265,0.2649,0.265,0.2647,0.2645,0.2646,0.2641,0.2659
1997,5,02,5/02/1997,0.2653,5.0,1997-05-02,0.2652,0.265,0.2649,0.265,0.2647,0.2645,0.2646,0.2662
1997,5,03,5/03/1997,0.2654,5.0,1997-05-03,0.2653,0.2652,0.265,0.2649,0.265,0.2647,0.2645,0.2663
1997,5,04,5/04/1997,0.2653,5.0,1997-05-04,0.2654,0.2653,0.2652,0.265,0.2649,0.265,0.2647,0.266
1997,5,05,5/05/1997,0.2655,5.0,1997-05-05,0.2653,0.2654,0.2653,0.2652,0.265,0.2649,0.265,0.2657
1997,5,06,5/06/1997,0.2653,5.0,1997-05-06,0.2655,0.2653,0.2654,0.2653,0.2652,0.265,0.2649,0.2655
1997,5,07,5/07/1997,0.2654,5.0,1997-05-07,0.2653,0.2655,0.2653,0.2654,0.2653,0.2652,0.265,0.2655
1997,5,08,5/08/1997,0.2654,5.0,1997-05-08,0.2654,0.2653,0.2655,0.2653,0.2654,0.2653,0.2652,0.2653
1997,5,09,5/09/1997,0.2651,5.0,1997-05-09,0.2654,0.2654,0.2653,0.2655,0.2653,0.2654,0.2653,0.2651
1997,5,10,5/10/1997,0.2651,5.0,1997-05-10,0.2651,0.2654,0.2654,0.2653,0.2655,0.2653,0.2654,0.2651
1997,5,11,5/11/1997,0.2649,5.0,1997-05-11,0.2651,0.2651,0.2654,0.2654,0.2653,0.2655,0.2653,0.2648
1997,5,12,5/12/1997,0.2646,5.0,1997-05-12,0.2649,0.2651,0.2651,0.2654,0.2654,0.2653,0.2655,0.2648
1997,5,13,5/13/1997,0.2647,5.0,1997-05-13,0.2646,0.2649,0.2651,0.2651,0.2654,0.2654,0.2653,0.2644
1997,5,14,5/14/1997,0.2645,5.0,1997-05-14,0.2647,0.2646,0.2649,0.2651,0.2651,0.2654,0.2654,0.264
1997,5,15,5/15/1997,0.2647,5.0,1997-05-15,0.2645,0.2647,0.2646,0.2649,0.2651,0.2651,0.2654,0.2639
1997,5,16,5/16/1997,0.2646,5.0,1997-05-16,0.2647,0.2645,0.2647,0.2646,0.2649,0.2651,0.2651,0.2641
1997,5,17,5/17/1997,0.2647,5.0,1997-05-17,0.2646,0.2647,0.2645,0.2647,0.2646,0.2649,0.2651,0.264
1997,5,18,5/18/1997,0.2647,5.0,1997-05-18,0.2647,0.2646,0.2647,0.2645,0.2647,0.2646,0.2649,0.2639
1997,5,19,5/19/1997,0.2651,5.0,1997-05-19,0.2647,0.2647,0.2646,0.2647,0.2645,0.2647,0.2646,0.2645
1997,5,20,5/20/1997,0.2652,5.0,1997-05-20,0.2651,0.2647,0.2647,0.2646,0.2647,0.2645,0.2647,0.2642
1997,5,21,5/21/1997,0.2655,5.0,1997-05-21,0.2652,0.2651,0.2647,0.2647,0.2646,0.2647,0.2645,0.2641
1997,5,22,5/22/1997,0.2656,5.0,1997-05-22,0.2655,0.2652,0.2651,0.2647,0.2647,0.2646,0.2647,0.2646
1997,5,23,5/23/1997,0.2656,5.0,1997-05-23,0.2656,0.2655,0.2652,0.2651,0.2647,0.2647,0.2646,0.2645
1997,5,24,5/24/1997,0.2657,5.0,1997-05-24,0.2656,0.2656,0.2655,0.2652,0.2651,0.2647,0.2647,0.2647
1997,5,25,5/25/1997,0.2658,5.0,1997-05-25,0.2657,0.2656,0.2656,0.2655,0.2652,0.2651,0.2647,0.265
1997,5,26,5/26/1997,0.2659,5.0,1997-05-26,0.2658,0.2657,0.2656,0.2656,0.2655,0.2652,0.2651,0.2649
1997,5,27,5/27/1997,0.2658,5.0,1997-05-27,0.2659,0.2658,0.2657,0.2656,0.2656,0.2655,0.2652,0.265
1997,5,28,5/28/1997,0.2659,5.0,1997-05-28,0.2658,0.2659,0.2658,0.2657,0.2656,0.2656,0.2655,0.2652
1997,5,29,5/29/1997,0.2662,5.0,1997-05-29,0.2659,0.2658,0.2659,0.2658,0.2657,0.2656,0.2656,0.2653
1997,5,30,5/30/1997,0.2664,3.0,1997-05-30,0.2662,0.2659,0.2658,0.2659,0.2658,0.2657,0.2656,0.2654
1997,5,31,5/31/1997,0.2663,5.0,1997-05-31,0.2664,0.2662,0.2659,0.2658,0.2659,0.2658,0.2657,0.2653
1997,6,01,6/01/1997,0.2663,5.0,1997-06-01,0.2663,0.2664,0.2662,0.2659,0.2658,0.2659,0.2658,0.2655
1997,6,02,6/02/1997,0.2662,5.0,1997-06-02,0.2663,0.2663,0.2664,0.2662,0.2659,0.2658,0.2659,0.2653
1997,6,03,6/03/1997,0.2659,5.0,1997-06-03,0.2662,0.2663,0.2663,0.2664,0.2662,0.2659,0.2658,0.2654
1997,6,04,6/04/1997,0.2657,5.0,1997-06-04,0.2659,0.2662,0.2663,0.2663,0.2664,0.2662,0.2659,0.2654
1997,6,05,6/05/1997,0.2655,5.0,1997-06-05,0.2657,0.2659,0.2662,0.2663,0.2663,0.2664,0.2662,0.2651
1997,6,06,6/06/1997,0.2654,5.0,1997-06-06,0.2655,0.2657,0.2659,0.2662,0.2663,0.2663,0.2664,0.2651
1997,6,07,6/07/1997,0.265,5.0,1997-06-07,0.2654,0.2655,0.2657,0.2659,0.2662,0.2663,0.2663,0.2649
1997,6,08,6/08/1997,0.2648,5.0,1997-06-08,0.265,0.2654,0.2655,0.2657,0.2659,0.2662,0.2663,0.2646
1997,6,09,6/09/1997,0.2645,5.0,1997-06-09,0.2648,0.265,0.2654,0.2655,0.2657,0.2659,0.2662,0.2647
1997,6,10,6/10/1997,0.2643,5.0,1997-06-10,0.2645,0.2648,0.265,0.2654,0.2655,0.2657,0.2659,0.2645
1997,6,11,6/11/1997,0.2647,5.0,1997-06-11,0.2643,0.2645,0.2648,0.265,0.2654,0.2655,0.2657,0.2647
1997,6,12,6/12/1997,0.2647,5.0,1997-06-12,0.2647,0.2643,0.2645,0.2648,0.265,0.2654,0.2655,0.2646
1997,6,13,6/13/1997,0.2649,5.0,1997-06-13,0.2647,0.2647,0.2643,0.2645,0.2648,0.265,0.2654,0.2647
1997,6,14,6/14/1997,0.265,5.0,1997-06-14,0.2649,0.2647,0.2647,0.2643,0.2645,0.2648,0.265,0.2647
1997,6,15,6/15/1997,0.2651,5.0,1997-06-15,0.265,0.2649,0.2647,0.2647,0.2643,0.2645,0.2648,0.2651
1997,6,16,6/16/1997,0.2654,3.0,1997-06-16,0.2651,0.265,0.2649,0.2647,0.2647,0.2643,0.2645,0.2652
1997,6,17,6/17/1997,0.2646,5.0,1997-06-17,0.2654,0.2651,0.265,0.2649,0.2647,0.2647,0.2643,0.2655
1997,6,18,6/18/1997,0.2649,5.0,1997-06-18,0.2646,0.2654,0.2651,0.265,0.2649,0.2647,0.2647,0.2656
1997,6,19,6/19/1997,0.2648,5.0,1997-06-19,0.2649,0.2646,0.2654,0.2651,0.265,0.2649,0.2647,0.2656
1997,6,20,6/20/1997,0.2648,5.0,1997-06-20,0.2648,0.2649,0.2646,0.2654,0.2651,0.265,0.2649,0.2657
1997,6,21,6/21/1997,0.2646,5.0,1997-06-21,0.2648,0.2648,0.2649,0.2646,0.2654,0.2651,0.265,0.2658
1997,6,22,6/22/1997,0.2647,5.0,1997-06-22,0.2646,0.2648,0.2648,0.2649,0.2646,0.2654,0.2651,0.2659
1997,6,23,6/23/1997,0.2647,5.0,1997-06-23,0.2647,0.2646,0.2648,0.2648,0.2649,0.2646,0.2654,0.2658
1997,6,24,6/24/1997,0.2647,5.0,1997-06-24,0.2647,0.2647,0.2646,0.2648,0.2648,0.2649,0.2646,0.2659
1997,6,25,6/25/1997,0.2648,5.0,1997-06-25,0.2647,0.2647,0.2647,0.2646,0.2648,0.2648,0.2649,0.2662
1997,6,26,6/26/1997,0.265,5.0,1997-06-26,0.2648,0.2647,0.2647,0.2647,0.2646,0.2648,0.2648,0.2664
1997,6,27,6/27/1997,0.2652,5.0,1997-06-27,0.265,0.2648,0.2647,0.2647,0.2647,0.2646,0.2648,0.2663
1997,6,28,6/28/1997,0.2652,5.0,1997-06-28,0.2652,0.265,0.2648,0.2647,0.2647,0.2647,0.2646,0.2663
1997,6,29,6/29/1997,0.2652,5.0,1997-06-29,0.2652,0.2652,0.265,0.2648,0.2647,0.2647,0.2647,0.2662
1997,6,30,6/30/1997,0.2649,5.0,1997-06-30,0.2652,0.2652,0.2652,0.265,0.2648,0.2647,0.2647,0.2659
1997,7,01,7/01/1997,0.2654,0.0,1997-07-01,0.2649,0.2652,0.2652,0.2652,0.265,0.2648,0.2647,0.2657
1997,7,02,7/02/1997,0.265,5.0,1997-07-02,0.2654,0.2649,0.2652,0.2652,0.2652,0.265,0.2648,0.2655
1997,7,03,7/03/1997,0.2647,5.0,1997-07-03,0.265,0.2654,0.2649,0.2652,0.2652,0.2652,0.265,0.2654
1997,7,04,7/04/1997,0.2647,5.0,1997-07-04,0.2647,0.265,0.2654,0.2649,0.2652,0.2652,0.2652,0.265
1997,7,05,7/05/1997,0.2646,5.0,1997-07-05,0.2647,0.2647,0.265,0.2654,0.2649,0.2652,0.2652,0.2648
1997,7,06,7/06/1997,0.2644,5.0,1997-07-06,0.2646,0.2647,0.2647,0.265,0.2654,0.2649,0.2652,0.2645
1997,7,07,7/07/1997,0.2645,5.0,1997-07-07,0.2644,0.2646,0.2647,0.2647,0.265,0.2654,0.2649,0.2643
1997,7,08,7/08/1997,0.2648,5.0,1997-07-08,0.2645,0.2644,0.2646,0.2647,0.2647,0.265,0.2654,0.2647
1997,7,09,7/09/1997,0.2647,5.0,1997-07-09,0.2648,0.2645,0.2644,0.2646,0.2647,0.2647,0.265,0.2647
1997,7,10,7/10/1997,0.2645,5.0,1997-07-10,0.2647,0.2648,0.2645,0.2644,0.2646,0.2647,0.2647,0.2649
1997,7,11,7/11/1997,0.2643,5.0,1997-07-11,0.2645,0.2647,0.2648,0.2645,0.2644,0.2646,0.2647,0.265
1997,7,12,7/12/1997,0.2643,5.0,1997-07-12,0.2643,0.2645,0.2647,0.2648,0.2645,0.2644,0.2646,0.2651
1997,7,13,7/13/1997,0.264,5.0,1997-07-13,0.2643,0.2643,0.2645,0.2647,0.2648,0.2645,0.2644,0.2654
1997,7,14,7/14/1997,0.2642,5.0,1997-07-14,0.264,0.2643,0.2643,0.2645,0.2647,0.2648,0.2645,0.2646
1997,7,15,7/15/1997,0.2644,5.0,1997-07-15,0.2642,0.264,0.2643,0.2643,0.2645,0.2647,0.2648,0.2649
1997,7,16,7/16/1997,0.2643,5.0,1997-07-16,0.2644,0.2642,0.264,0.2643,0.2643,0.2645,0.2647,0.2648
1997,7,17,7/17/1997,0.2649,5.0,1997-07-17,0.2643,0.2644,0.2642,0.264,0.2643,0.2643,0.2645,0.2648
1997,7,18,7/18/1997,0.265,5.0,1997-07-18,0.2649,0.2643,0.2644,0.2642,0.264,0.2643,0.2643,0.2646
1997,7,19,7/19/1997,0.2651,5.0,1997-07-19,0.265,0.2649,0.2643,0.2644,0.2642,0.264,0.2643,0.2647
1997,7,20,7/20/1997,0.2653,5.0,1997-07-20,0.2651,0.265,0.2649,0.2643,0.2644,0.2642,0.264,0.2647
1997,7,21,7/21/1997,0.2653,5.0,1997-07-21,0.2653,0.2651,0.265,0.2649,0.2643,0.2644,0.2642,0.2647
1997,7,22,7/22/1997,0.2653,5.0,1997-07-22,0.2653,0.2653,0.2651,0.265,0.2649,0.2643,0.2644,0.2648
1997,7,23,7/23/1997,0.2654,5.0,1997-07-23,0.2653,0.2653,0.2653,0.2651,0.265,0.2649,0.2643,0.265
1997,7,24,7/24/1997,0.2658,5.0,1997-07-24,0.2654,0.2653,0.2653,0.2653,0.2651,0.265,0.2649,0.2652
1997,7,25,7/25/1997,0.2662,5.0,1997-07-25,0.2658,0.2654,0.2653,0.2653,0.2653,0.2651,0.265,0.2652
1997,7,26,7/26/1997,0.2659,5.0,1997-07-26,0.2662,0.2658,0.2654,0.2653,0.2653,0.2653,0.2651,0.2652
1997,7,27,7/27/1997,0.2658,5.0,1997-07-27,0.2659,0.2662,0.2658,0.2654,0.2653,0.2653,0.2653,0.2649
1997,7,28,7/28/1997,0.2654,5.0,1997-07-28,0.2658,0.2659,0.2662,0.2658,0.2654,0.2653,0.2653,0.2654
1997,7,29,7/29/1997,0.2653,5.0,1997-07-29,0.2654,0.2658,0.2659,0.2662,0.2658,0.2654,0.2653,0.265
1997,7,30,7/30/1997,0.2651,5.0,1997-07-30,0.2653,0.2654,0.2658,0.2659,0.2662,0.2658,0.2654,0.2647
1997,7,31,7/31/1997,0.265,5.0,1997-07-31,0.2651,0.2653,0.2654,0.2658,0.2659,0.2662,0.2658,0.2647
1997,8,01,8/01/1997,0.2648,5.0,1997-08-01,0.265,0.2651,0.2653,0.2654,0.2658,0.2659,0.2662,0.2646
1997,8,02,8/02/1997,0.2647,5.0,1997-08-02,0.2648,0.265,0.2651,0.2653,0.2654,0.2658,0.2659,0.2644
1997,8,03,8/03/1997,0.2647,5.0,1997-08-03,0.2647,0.2648,0.265,0.2651,0.2653,0.2654,0.2658,0.2645
1997,8,04,8/04/1997,0.2647,5.0,1997-08-04,0.2647,0.2647,0.2648,0.265,0.2651,0.2653,0.2654,0.2648
1997,8,05,8/05/1997,0.2652,3.0,1997-08-05,0.2647,0.2647,0.2647,0.2648,0.265,0.2651,0.2653,0.2647
1997,8,06,8/06/1997,0.2653,5.0,1997-08-06,0.2652,0.2647,0.2647,0.2647,0.2648,0.265,0.2651,0.2645
1997,8,07,8/07/1997,0.2653,5.0,1997-08-07,0.2653,0.2652,0.2647,0.2647,0.2647,0.2648,0.265,0.2643
1997,8,08,8/08/1997,0.2656,5.0,1997-08-08,0.2653,0.2653,0.2652,0.2647,0.2647,0.2647,0.2648,0.2643
1997,8,09,8/09/1997,0.2655,5.0,1997-08-09,0.2656,0.2653,0.2653,0.2652,0.2647,0.2647,0.2647,0.264
1997,8,10,8/10/1997,0.2653,5.0,1997-08-10,0.2655,0.2656,0.2653,0.2653,0.2652,0.2647,0.2647,0.2642
1997,8,11,8/11/1997,0.2658,5.0,1997-08-11,0.2653,0.2655,0.2656,0.2653,0.2653,0.2652,0.2647,0.2644
1997,8,12,8/12/1997,0.2661,5.0,1997-08-12,0.2658,0.2653,0.2655,0.2656,0.2653,0.2653,0.2652,0.2643
1997,8,13,8/13/1997,0.2664,5.0,1997-08-13,0.2661,0.2658,0.2653,0.2655,0.2656,0.2653,0.2653,0.2649
1997,8,14,8/14/1997,0.2665,5.0,1997-08-14,0.2664,0.2661,0.2658,0.2653,0.2655,0.2656,0.2653,0.265
1997,8,15,8/15/1997,0.2662,5.0,1997-08-15,0.2665,0.2664,0.2661,0.2658,0.2653,0.2655,0.2656,0.2651
1997,8,16,8/16/1997,0.266,5.0,1997-08-16,0.2662,0.2665,0.2664,0.2661,0.2658,0.2653,0.2655,0.2653
1997,8,17,8/17/1997,0.2659,5.0,1997-08-17,0.266,0.2662,0.2665,0.2664,0.2661,0.2658,0.2653,0.2653
1997,8,18,8/18/1997,0.2658,5.0,1997-08-18,0.2659,0.266,0.2662,0.2665,0.2664,0.2661,0.2658,0.2653
1997,8,19,8/19/1997,0.2659,5.0,1997-08-19,0.2658,0.2659,0.266,0.2662,0.2665,0.2664,0.2661,0.2654
1997,8,20,8/20/1997,0.2657,5.0,1997-08-20,0.2659,0.2658,0.2659,0.266,0.2662,0.2665,0.2664,0.2658
1997,8,21,8/21/1997,0.2655,5.0,1997-08-21,0.2657,0.2659,0.2658,0.2659,0.266,0.2662,0.2665,0.2662
1997,8,22,8/22/1997,0.2652,5.0,1997-08-22,0.2655,0.2657,0.2659,0.2658,0.2659,0.266,0.2662,0.2659
1997,8,23,8/23/1997,0.2651,5.0,1997-08-23,0.2652,0.2655,0.2657,0.2659,0.2658,0.2659,0.266,0.2658
1997,8,24,8/24/1997,0.2656,5.0,1997-08-24,0.2651,0.2652,0.2655,0.2657,0.2659,0.2658,0.2659,0.2654
1997,8,25,8/25/1997,0.266,5.0,1997-08-25,0.2656,0.2651,0.2652,0.2655,0.2657,0.2659,0.2658,0.2653
1997,8,26,8/26/1997,0.2664,5.0,1997-08-26,0.266,0.2656,0.2651,0.2652,0.2655,0.2657,0.2659,0.2651
1997,8,27,8/27/1997,0.2667,5.0,1997-08-27,0.2664,0.266,0.2656,0.2651,0.2652,0.2655,0.2657,0.265
1997,8,28,8/28/1997,0.267,5.0,1997-08-28,0.2667,0.2664,0.266,0.2656,0.2651,0.2652,0.2655,0.2648
1997,8,29,8/29/1997,0.2671,5.0,1997-08-29,0.267,0.2667,0.2664,0.266,0.2656,0.2651,0.2652,0.2647
1997,8,30,8/30/1997,0.2675,5.0,1997-08-30,0.2671,0.267,0.2667,0.2664,0.266,0.2656,0.2651,0.2647
1997,8,31,8/31/1997,0.268,5.0,1997-08-31,0.2675,0.2671,0.267,0.2667,0.2664,0.266,0.2656,0.2647
1997,9,01,9/01/1997,0.2678,5.0,1997-09-01,0.268,0.2675,0.2671,0.267,0.2667,0.2664,0.266,0.2652
1997,9,02,9/02/1997,0.2679,5.0,1997-09-02,0.2678,0.268,0.2675,0.2671,0.267,0.2667,0.2664,0.2653
1997,9,03,9/03/1997,0.2679,5.0,1997-09-03,0.2679,0.2678,0.268,0.2675,0.2671,0.267,0.2667,0.2653
1997,9,04,9/04/1997,0.2677,5.0,1997-09-04,0.2679,0.2679,0.2678,0.268,0.2675,0.2671,0.267,0.2656
1997,9,05,9/05/1997,0.2674,5.0,1997-09-05,0.2677,0.2679,0.2679,0.2678,0.268,0.2675,0.2671,0.2655
1997,9,06,9/06/1997,0.2669,5.0,1997-09-06,0.2674,0.2677,0.2679,0.2679,0.2678,0.268,0.2675,0.2653
1997,9,07,9/07/1997,0.2669,5.0,1997-09-07,0.2669,0.2674,0.2677,0.2679,0.2679,0.2678,0.268,0.2658
1997,9,08,9/08/1997,0.2677,5.0,1997-09-08,0.2669,0.2669,0.2674,0.2677,0.2679,0.2679,0.2678,0.2661
1997,9,09,9/09/1997,0.2677,5.0,1997-09-09,0.2677,0.2669,0.2669,0.2674,0.2677,0.2679,0.2679,0.2664
1997,9,10,9/10/1997,0.2681,5.0,1997-09-10,0.2677,0.2677,0.2669,0.2669,0.2674,0.2677,0.2679,0.2665
1997,9,11,9/11/1997,0.2682,5.0,1997-09-11,0.2681,0.2677,0.2677,0.2669,0.2669,0.2674,0.2677,0.2662
1997,9,12,9/12/1997,0.2683,5.0,1997-09-12,0.2682,0.2681,0.2677,0.2677,0.2669,0.2669,0.2674,0.266
1997,9,13,9/13/1997,0.2681,5.0,1997-09-13,0.2683,0.2682,0.2681,0.2677,0.2677,0.2669,0.2669,0.2659
1997,9,14,9/14/1997,0.2679,5.0,1997-09-14,0.2681,0.2683,0.2682,0.2681,0.2677,0.2677,0.2669,0.2658
1997,9,15,9/15/1997,0.2676,5.0,1997-09-15,0.2679,0.2681,0.2683,0.2682,0.2681,0.2677,0.2677,0.2659
1997,9,16,9/16/1997,0.2671,3.0,1997-09-16,0.2676,0.2679,0.2681,0.2683,0.2682,0.2681,0.2677,0.2657
1997,9,17,9/17/1997,0.2668,3.0,1997-09-17,0.2671,0.2676,0.2679,0.2681,0.2683,0.2682,0.2681,0.2655
1997,9,18,9/18/1997,0.2661,5.0,1997-09-18,0.2668,0.2671,0.2676,0.2679,0.2681,0.2683,0.2682,0.2652
1997,9,19,9/19/1997,0.2657,5.0,1997-09-19,0.2661,0.2668,0.2671,0.2676,0.2679,0.2681,0.2683,0.2651
1997,9,20,9/20/1997,0.266,5.0,1997-09-20,0.2657,0.2661,0.2668,0.2671,0.2676,0.2679,0.2681,0.2656
1997,9,21,9/21/1997,0.2662,5.0,1997-09-21,0.266,0.2657,0.2661,0.2668,0.2671,0.2676,0.2679,0.266
1997,9,22,9/22/1997,0.2669,5.0,1997-09-22,0.2662,0.266,0.2657,0.2661,0.2668,0.2671,0.2676,0.2664
1997,9,23,9/23/1997,0.2672,5.0,1997-09-23,0.2669,0.2662,0.266,0.2657,0.2661,0.2668,0.2671,0.2667
1997,9,24,9/24/1997,0.2674,5.0,1997-09-24,0.2672,0.2669,0.2662,0.266,0.2657,0.2661,0.2668,0.267
1997,9,25,9/25/1997,0.2675,5.0,1997-09-25,0.2674,0.2672,0.2669,0.2662,0.266,0.2657,0.2661,0.2671
1997,9,26,9/26/1997,0.2673,5.0,1997-09-26,0.2675,0.2674,0.2672,0.2669,0.2662,0.266,0.2657,0.2675
1997,9,27,9/27/1997,0.2671,5.0,1997-09-27,0.2673,0.2675,0.2674,0.2672,0.2669,0.2662,0.266,0.268
1997,9,28,9/28/1997,0.2671,5.0,1997-09-28,0.2671,0.2673,0.2675,0.2674,0.2672,0.2669,0.2662,0.2678
1997,9,29,9/29/1997,0.2674,5.0,1997-09-29,0.2671,0.2671,0.2673,0.2675,0.2674,0.2672,0.2669,0.2679
1997,9,30,9/30/1997,0.2674,5.0,1997-09-30,0.2674,0.2671,0.2671,0.2673,0.2675,0.2674,0.2672,0.2679
1997,10,01,10/01/1997,0.2673,5.0,1997-10-01,0.2674,0.2674,0.2671,0.2671,0.2673,0.2675,0.2674,0.2677
1997,10,02,10/02/1997,0.267,5.0,1997-10-02,0.2673,0.2674,0.2674,0.2671,0.2671,0.2673,0.2675,0.2674
1997,10,03,10/03/1997,0.267,5.0,1997-10-03,0.267,0.2673,0.2674,0.2674,0.2671,0.2671,0.2673,0.2669
1997,10,04,10/04/1997,0.2668,5.0,1997-10-04,0.267,0.267,0.2673,0.2674,0.2674,0.2671,0.2671,0.2669
1997,10,05,10/05/1997,0.2674,5.0,1997-10-05,0.2668,0.267,0.267,0.2673,0.2674,0.2674,0.2671,0.2677
1997,10,06,10/06/1997,0.2674,5.0,1997-10-06,0.2674,0.2668,0.267,0.267,0.2673,0.2674,0.2674,0.2677
1997,10,07,10/07/1997,0.2674,5.0,1997-10-07,0.2674,0.2674,0.2668,0.267,0.267,0.2673,0.2674,0.2681
1997,10,08,10/08/1997,0.2675,5.0,1997-10-08,0.2674,0.2674,0.2674,0.2668,0.267,0.267,0.2673,0.2682
1997,10,09,10/09/1997,0.2678,5.0,1997-10-09,0.2675,0.2674,0.2674,0.2674,0.2668,0.267,0.267,0.2683
1997,10,10,10/10/1997,0.2677,5.0,1997-10-10,0.2678,0.2675,0.2674,0.2674,0.2674,0.2668,0.267,0.2681
1997,10,11,10/11/1997,0.2677,5.0,1997-10-11,0.2677,0.2678,0.2675,0.2674,0.2674,0.2674,0.2668,0.2679
1997,10,12,10/12/1997,0.2677,5.0,1997-10-12,0.2677,0.2677,0.2678,0.2675,0.2674,0.2674,0.2674,0.2676
1997,10,13,10/13/1997,0.2674,5.0,1997-10-13,0.2677,0.2677,0.2677,0.2678,0.2675,0.2674,0.2674,0.2671
1997,10,14,10/14/1997,0.2667,5.0,1997-10-14,0.2674,0.2677,0.2677,0.2677,0.2678,0.2675,0.2674,0.2668
1997,10,15,10/15/1997,0.2664,5.0,1997-10-15,0.2667,0.2674,0.2677,0.2677,0.2677,0.2678,0.2675,0.2661
1997,10,16,10/16/1997,0.2662,5.0,1997-10-16,0.2664,0.2667,0.2674,0.2677,0.2677,0.2677,0.2678,0.2657
1997,10,17,10/17/1997,0.2662,5.0,1997-10-17,0.2662,0.2664,0.2667,0.2674,0.2677,0.2677,0.2677,0.266
1997,10,18,10/18/1997,0.2667,5.0,1997-10-18,0.2662,0.2662,0.2664,0.2667,0.2674,0.2677,0.2677,0.2662
1997,10,19,10/19/1997,0.2665,5.0,1997-10-19,0.2667,0.2662,0.2662,0.2664,0.2667,0.2674,0.2677,0.2669
1997,10,20,10/20/1997,0.2665,5.0,1997-10-20,0.2665,0.2667,0.2662,0.2662,0.2664,0.2667,0.2674,0.2672
1997,10,21,10/21/1997,0.2663,5.0,1997-10-21,0.2665,0.2665,0.2667,0.2662,0.2662,0.2664,0.2667,0.2674
1997,10,22,10/22/1997,0.2666,5.0,1997-10-22,0.2663,0.2665,0.2665,0.2667,0.2662,0.2662,0.2664,0.2675
1997,10,23,10/23/1997,0.2667,5.0,1997-10-23,0.2666,0.2663,0.2665,0.2665,0.2667,0.2662,0.2662,0.2673
1997,10,24,10/24/1997,0.2665,5.0,1997-10-24,0.2667,0.2666,0.2663,0.2665,0.2665,0.2667,0.2662,0.2671
1997,10,25,10/25/1997,0.2664,5.0,1997-10-25,0.2665,0.2667,0.2666,0.2663,0.2665,0.2665,0.2667,0.2671
1997,10,26,10/26/1997,0.2668,3.0,1997-10-26,0.2664,0.2665,0.2667,0.2666,0.2663,0.2665,0.2665,0.2674
1997,10,27,10/27/1997,0.2665,5.0,1997-10-27,0.2668,0.2664,0.2665,0.2667,0.2666,0.2663,0.2665,0.2674
1997,10,28,10/28/1997,0.2666,5.0,1997-10-28,0.2665,0.2668,0.2664,0.2665,0.2667,0.2666,0.2663,0.2673
1997,10,29,10/29/1997,0.2667,5.0,1997-10-29,0.2666,0.2665,0.2668,0.2664,0.2665,0.2667,0.2666,0.267
1997,10,30,10/30/1997,0.2667,5.0,1997-10-30,0.2667,0.2666,0.2665,0.2668,0.2664,0.2665,0.2667,0.267
1997,10,31,10/31/1997,0.2669,5.0,1997-10-31,0.2667,0.2667,0.2666,0.2665,0.2668,0.2664,0.2665,0.2668
1997,11,01,11/01/1997,0.2673,5.0,1997-11-01,0.2669,0.2667,0.2667,0.2666,0.2665,0.2668,0.2664,0.2674
1997,11,02,11/02/1997,0.2676,5.0,1997-11-02,0.2673,0.2669,0.2667,0.2667,0.2666,0.2665,0.2668,0.2674
1997,11,03,11/03/1997,0.268,5.0,1997-11-03,0.2676,0.2673,0.2669,0.2667,0.2667,0.2666,0.2665,0.2674
1997,11,04,11/04/1997,0.2689,3.0,1997-11-04,0.268,0.2676,0.2673,0.2669,0.2667,0.2667,0.2666,0.2675
1997,11,05,11/05/1997,0.2688,5.0,1997-11-05,0.2689,0.268,0.2676,0.2673,0.2669,0.2667,0.2667,0.2678
1997,11,06,11/06/1997,0.2682,5.0,1997-11-06,0.2688,0.2689,0.268,0.2676,0.2673,0.2669,0.2667,0.2677
1997,11,07,11/07/1997,0.2676,5.0,1997-11-07,0.2682,0.2688,0.2689,0.268,0.2676,0.2673,0.2669,0.2677
1997,11,08,11/08/1997,0.2672,5.0,1997-11-08,0.2676,0.2682,0.2688,0.2689,0.268,0.2676,0.2673,0.2677
1997,11,09,11/09/1997,0.2669,5.0,1997-11-09,0.2672,0.2676,0.2682,0.2688,0.2689,0.268,0.2676,0.2674
1997,11,10,11/10/1997,0.267,5.0,1997-11-10,0.2669,0.2672,0.2676,0.2682,0.2688,0.2689,0.268,0.2667
1997,11,11,11/11/1997,0.2669,5.0,1997-11-11,0.267,0.2669,0.2672,0.2676,0.2682,0.2688,0.2689,0.2664
1997,11,12,11/12/1997,0.2662,5.0,1997-11-12,0.2669,0.267,0.2669,0.2672,0.2676,0.2682,0.2688,0.2662
1997,11,13,11/13/1997,0.2661,5.0,1997-11-13,0.2662,0.2669,0.267,0.2669,0.2672,0.2676,0.2682,0.2662
1997,11,14,11/14/1997,0.2663,5.0,1997-11-14,0.2661,0.2662,0.2669,0.267,0.2669,0.2672,0.2676,0.2667
1997,11,15,11/15/1997,0.2667,5.0,1997-11-15,0.2663,0.2661,0.2662,0.2669,0.267,0.2669,0.2672,0.2665
1997,11,16,11/16/1997,0.2667,5.0,1997-11-16,0.2667,0.2663,0.2661,0.2662,0.2669,0.267,0.2669,0.2665
1997,11,17,11/17/1997,0.2672,5.0,1997-11-17,0.2667,0.2667,0.2663,0.2661,0.2662,0.2669,0.267,0.2663
1997,11,18,11/18/1997,0.2671,5.0,1997-11-18,0.2672,0.2667,0.2667,0.2663,0.2661,0.2662,0.2669,0.2666
1997,11,19,11/19/1997,0.267,5.0,1997-11-19,0.2671,0.2672,0.2667,0.2667,0.2663,0.2661,0.2662,0.2667
1997,11,20,11/20/1997,0.2672,5.0,1997-11-20,0.267,0.2671,0.2672,0.2667,0.2667,0.2663,0.2661,0.2665
1997,11,21,11/21/1997,0.2673,5.0,1997-11-21,0.2672,0.267,0.2671,0.2672,0.2667,0.2667,0.2663,0.2664
1997,11,22,11/22/1997,0.2674,5.0,1997-11-22,0.2673,0.2672,0.267,0.2671,0.2672,0.2667,0.2667,0.2668
1997,11,23,11/23/1997,0.2677,5.0,1997-11-23,0.2674,0.2673,0.2672,0.267,0.2671,0.2672,0.2667,0.2665
1997,11,24,11/24/1997,0.2681,5.0,1997-11-24,0.2677,0.2674,0.2673,0.2672,0.267,0.2671,0.2672,0.2666
1997,11,25,11/25/1997,0.2684,5.0,1997-11-25,0.2681,0.2677,0.2674,0.2673,0.2672,0.267,0.2671,0.2667
1997,11,26,11/26/1997,0.2685,3.0,1997-11-26,0.2684,0.2681,0.2677,0.2674,0.2673,0.2672,0.267,0.2667
1997,11,27,11/27/1997,0.2704,3.0,1997-11-27,0.2685,0.2684,0.2681,0.2677,0.2674,0.2673,0.2672,0.2669
1997,11,28,11/28/1997,0.2699,5.0,1997-11-28,0.2704,0.2685,0.2684,0.2681,0.2677,0.2674,0.2673,0.2673
1997,11,29,11/29/1997,0.2704,5.0,1997-11-29,0.2699,0.2704,0.2685,0.2684,0.2681,0.2677,0.2674,0.2676
1997,11,30,11/30/1997,0.2708,5.0,1997-11-30,0.2704,0.2699,0.2704,0.2685,0.2684,0.2681,0.2677,0.268
1997,12,01,12/01/1997,0.2706,5.0,1997-12-01,0.2708,0.2704,0.2699,0.2704,0.2685,0.2684,0.2681,0.2689
1997,12,02,12/02/1997,0.2705,5.0,1997-12-02,0.2706,0.2708,0.2704,0.2699,0.2704,0.2685,0.2684,0.2688
1997,12,03,12/03/1997,0.2703,5.0,1997-12-03,0.2705,0.2706,0.2708,0.2704,0.2699,0.2704,0.2685,0.2682
1997,12,04,12/04/1997,0.2696,5.0,1997-12-04,0.2703,0.2705,0.2706,0.2708,0.2704,0.2699,0.2704,0.2676
1997,12,05,12/05/1997,0.2687,5.0,1997-12-05,0.2696,0.2703,0.2705,0.2706,0.2708,0.2704,0.2699,0.2672
1997,12,06,12/06/1997,0.2684,5.0,1997-12-06,0.2687,0.2696,0.2703,0.2705,0.2706,0.2708,0.2704,0.2669
1997,12,07,12/07/1997,0.2682,5.0,1997-12-07,0.2684,0.2687,0.2696,0.2703,0.2705,0.2706,0.2708,0.267
1997,12,08,12/08/1997,0.2675,5.0,1997-12-08,0.2682,0.2684,0.2687,0.2696,0.2703,0.2705,0.2706,0.2669
1997,12,09,12/09/1997,0.267,3.0,1997-12-09,0.2675,0.2682,0.2684,0.2687,0.2696,0.2703,0.2705,0.2662
1997,12,10,12/10/1997,0.2668,3.0,1997-12-10,0.267,0.2675,0.2682,0.2684,0.2687,0.2696,0.2703,0.2661
1997,12,11,12/11/1997,0.2669,5.0,1997-12-11,0.2668,0.267,0.2675,0.2682,0.2684,0.2687,0.2696,0.2663
1997,12,12,12/12/1997,0.267,5.0,1997-12-12,0.2669,0.2668,0.267,0.2675,0.2682,0.2684,0.2687,0.2667
1997,12,13,12/13/1997,0.2666,5.0,1997-12-13,0.267,0.2669,0.2668,0.267,0.2675,0.2682,0.2684,0.2667
1997,12,14,12/14/1997,0.2666,5.0,1997-12-14,0.2666,0.267,0.2669,0.2668,0.267,0.2675,0.2682,0.2672
1997,12,15,12/15/1997,0.2666,5.0,1997-12-15,0.2666,0.2666,0.267,0.2669,0.2668,0.267,0.2675,0.2671
1997,12,16,12/16/1997,0.2665,5.0,1997-12-16,0.2666,0.2666,0.2666,0.267,0.2669,0.2668,0.267,0.267
1997,12,17,12/17/1997,0.2664,5.0,1997-12-17,0.2665,0.2666,0.2666,0.2666,0.267,0.2669,0.2668,0.2672
1997,12,18,12/18/1997,0.266,5.0,1997-12-18,0.2664,0.2665,0.2666,0.2666,0.2666,0.267,0.2669,0.2673
1997,12,19,12/19/1997,0.2661,5.0,1997-12-19,0.266,0.2664,0.2665,0.2666,0.2666,0.2666,0.267,0.2674
1997,12,20,12/20/1997,0.2666,5.0,1997-12-20,0.2661,0.266,0.2664,0.2665,0.2666,0.2666,0.2666,0.2677
1997,12,21,12/21/1997,0.2671,5.0,1997-12-21,0.2666,0.2661,0.266,0.2664,0.2665,0.2666,0.2666,0.2681
1997,12,22,12/22/1997,0.2672,5.0,1997-12-22,0.2671,0.2666,0.2661,0.266,0.2664,0.2665,0.2666,0.2684
1997,12,23,12/23/1997,0.2675,5.0,1997-12-23,0.2672,0.2671,0.2666,0.2661,0.266,0.2664,0.2665,0.2685
1997,12,24,12/24/1997,0.268,5.0,1997-12-24,0.2675,0.2672,0.2671,0.2666,0.2661,0.266,0.2664,0.2704
1997,12,25,12/25/1997,0.2688,5.0,1997-12-25,0.268,0.2675,0.2672,0.2671,0.2666,0.2661,0.266,0.2699
1997,12,26,12/26/1997,0.2695,5.0,1997-12-26,0.2688,0.268,0.2675,0.2672,0.2671,0.2666,0.2661,0.2704
1997,12,27,12/27/1997,0.2698,5.0,1997-12-27,0.2695,0.2688,0.268,0.2675,0.2672,0.2671,0.2666,0.2708
1997,12,28,12/28/1997,0.2696,5.0,1997-12-28,0.2698,0.2695,0.2688,0.268,0.2675,0.2672,0.2671,0.2706
1997,12,29,12/29/1997,0.2698,5.0,1997-12-29,0.2696,0.2698,0.2695,0.2688,0.268,0.2675,0.2672,0.2705
1997,12,30,12/30/1997,0.2696,5.0,1997-12-30,0.2698,0.2696,0.2698,0.2695,0.2688,0.268,0.2675,0.2703
1997,12,31,12/31/1997,0.2694,5.0,1997-12-31,0.2696,0.2698,0.2696,0.2698,0.2695,0.2688,0.268,0.2696
1998,1,01,1/01/1998,0.2691,5.0,1998-01-01,0.2694,0.2696,0.2698,0.2696,0.2698,0.2695,0.2688,0.2687
1998,1,02,1/02/1998,0.2686,5.0,1998-01-02,0.2691,0.2694,0.2696,0.2698,0.2696,0.2698,0.2695,0.2684
1998,1,03,1/03/1998,0.2679,5.0,1998-01-03,0.2686,0.2691,0.2694,0.2696,0.2698,0.2696,0.2698,0.2682
1998,1,04,1/04/1998,0.2677,5.0,1998-01-04,0.2679,0.2686,0.2691,0.2694,0.2696,0.2698,0.2696,0.2675
1998,1,05,1/05/1998,0.2671,5.0,1998-01-05,0.2677,0.2679,0.2686,0.2691,0.2694,0.2696,0.2698,0.267
1998,1,06,1/06/1998,0.2667,5.0,1998-01-06,0.2671,0.2677,0.2679,0.2686,0.2691,0.2694,0.2696,0.2668
1998,1,07,1/07/1998,0.2665,5.0,1998-01-07,0.2667,0.2671,0.2677,0.2679,0.2686,0.2691,0.2694,0.2669
1998,1,08,1/08/1998,0.2662,5.0,1998-01-08,0.2665,0.2667,0.2671,0.2677,0.2679,0.2686,0.2691,0.267
1998,1,09,1/09/1998,0.2662,5.0,1998-01-09,0.2662,0.2665,0.2667,0.2671,0.2677,0.2679,0.2686,0.2666
1998,1,10,1/10/1998,0.2664,5.0,1998-01-10,0.2662,0.2662,0.2665,0.2667,0.2671,0.2677,0.2679,0.2666
1998,1,11,1/11/1998,0.2664,5.0,1998-01-11,0.2664,0.2662,0.2662,0.2665,0.2667,0.2671,0.2677,0.2666
1998,1,12,1/12/1998,0.2675,5.0,1998-01-12,0.2664,0.2664,0.2662,0.2662,0.2665,0.2667,0.2671,0.2665
1998,1,13,1/13/1998,0.2672,5.0,1998-01-13,0.2675,0.2664,0.2664,0.2662,0.2662,0.2665,0.2667,0.2664
1998,1,14,1/14/1998,0.2671,5.0,1998-01-14,0.2672,0.2675,0.2664,0.2664,0.2662,0.2662,0.2665,0.266
1998,1,15,1/15/1998,0.2675,5.0,1998-01-15,0.2671,0.2672,0.2675,0.2664,0.2664,0.2662,0.2662,0.2661
1998,1,16,1/16/1998,0.2675,5.0,1998-01-16,0.2675,0.2671,0.2672,0.2675,0.2664,0.2664,0.2662,0.2666
1998,1,17,1/17/1998,0.2677,5.0,1998-01-17,0.2675,0.2675,0.2671,0.2672,0.2675,0.2664,0.2664,0.2671
1998,1,18,1/18/1998,0.268,5.0,1998-01-18,0.2677,0.2675,0.2675,0.2671,0.2672,0.2675,0.2664,0.2672
1998,1,19,1/19/1998,0.268,5.0,1998-01-19,0.268,0.2677,0.2675,0.2675,0.2671,0.2672,0.2675,0.2675
1998,1,20,1/20/1998,0.2681,3.0,1998-01-20,0.268,0.268,0.2677,0.2675,0.2675,0.2671,0.2672,0.268
1998,1,21,1/21/1998,0.2678,3.0,1998-01-21,0.2681,0.268,0.268,0.2677,0.2675,0.2675,0.2671,0.2688
1998,1,22,1/22/1998,0.2682,5.0,1998-01-22,0.2678,0.2681,0.268,0.268,0.2677,0.2675,0.2675,0.2695
1998,1,23,1/23/1998,0.2686,3.0,1998-01-23,0.2682,0.2678,0.2681,0.268,0.268,0.2677,0.2675,0.2698
1998,1,24,1/24/1998,0.2691,5.0,1998-01-24,0.2686,0.2682,0.2678,0.2681,0.268,0.268,0.2677,0.2696
1998,1,25,1/25/1998,0.2696,5.0,1998-01-25,0.2691,0.2686,0.2682,0.2678,0.2681,0.268,0.268,0.2698
1998,1,26,1/26/1998,0.2698,5.0,1998-01-26,0.2696,0.2691,0.2686,0.2682,0.2678,0.2681,0.268,0.2696
1998,1,27,1/27/1998,0.2699,5.0,1998-01-27,0.2698,0.2696,0.2691,0.2686,0.2682,0.2678,0.2681,0.2694
1998,1,28,1/28/1998,0.2694,5.0,1998-01-28,0.2699,0.2698,0.2696,0.2691,0.2686,0.2682,0.2678,0.2691
1998,1,29,1/29/1998,0.2688,5.0,1998-01-29,0.2694,0.2699,0.2698,0.2696,0.2691,0.2686,0.2682,0.2686
1998,1,30,1/30/1998,0.2683,5.0,1998-01-30,0.2688,0.2694,0.2699,0.2698,0.2696,0.2691,0.2686,0.2679
1998,1,31,1/31/1998,0.2677,5.0,1998-01-31,0.2683,0.2688,0.2694,0.2699,0.2698,0.2696,0.2691,0.2677
1998,2,01,2/01/1998,0.2672,5.0,1998-02-01,0.2677,0.2683,0.2688,0.2694,0.2699,0.2698,0.2696,0.2671
1998,2,02,2/02/1998,0.2664,5.0,1998-02-02,0.2672,0.2677,0.2683,0.2688,0.2694,0.2699,0.2698,0.2667
1998,2,03,2/03/1998,0.2665,5.0,1998-02-03,0.2664,0.2672,0.2677,0.2683,0.2688,0.2694,0.2699,0.2665
1998,2,04,2/04/1998,0.2664,5.0,1998-02-04,0.2665,0.2664,0.2672,0.2677,0.2683,0.2688,0.2694,0.2662
1998,2,05,2/05/1998,0.2662,5.0,1998-02-05,0.2664,0.2665,0.2664,0.2672,0.2677,0.2683,0.2688,0.2662
1998,2,06,2/06/1998,0.2664,5.0,1998-02-06,0.2662,0.2664,0.2665,0.2664,0.2672,0.2677,0.2683,0.2664
1998,2,07,2/07/1998,0.2664,5.0,1998-02-07,0.2664,0.2662,0.2664,0.2665,0.2664,0.2672,0.2677,0.2664
1998,2,08,2/08/1998,0.2662,5.0,1998-02-08,0.2664,0.2664,0.2662,0.2664,0.2665,0.2664,0.2672,0.2675
1998,2,09,2/09/1998,0.2665,5.0,1998-02-09,0.2662,0.2664,0.2664,0.2662,0.2664,0.2665,0.2664,0.2672
1998,2,10,2/10/1998,0.2665,5.0,1998-02-10,0.2665,0.2662,0.2664,0.2664,0.2662,0.2664,0.2665,0.2671
1998,2,11,2/11/1998,0.2668,3.0,1998-02-11,0.2665,0.2665,0.2662,0.2664,0.2664,0.2662,0.2664,0.2675
1998,2,12,2/12/1998,0.2666,5.0,1998-02-12,0.2668,0.2665,0.2665,0.2662,0.2664,0.2664,0.2662,0.2675
1998,2,13,2/13/1998,0.2671,5.0,1998-02-13,0.2666,0.2668,0.2665,0.2665,0.2662,0.2664,0.2664,0.2677
1998,2,14,2/14/1998,0.2676,5.0,1998-02-14,0.2671,0.2666,0.2668,0.2665,0.2665,0.2662,0.2664,0.268
1998,2,15,2/15/1998,0.2683,5.0,1998-02-15,0.2676,0.2671,0.2666,0.2668,0.2665,0.2665,0.2662,0.268
1998,2,16,2/16/1998,0.2684,5.0,1998-02-16,0.2683,0.2676,0.2671,0.2666,0.2668,0.2665,0.2665,0.2681
1998,2,17,2/17/1998,0.2685,5.0,1998-02-17,0.2684,0.2683,0.2676,0.2671,0.2666,0.2668,0.2665,0.2678
1998,2,18,2/18/1998,0.269,5.0,1998-02-18,0.2685,0.2684,0.2683,0.2676,0.2671,0.2666,0.2668,0.2682
1998,2,19,2/19/1998,0.2688,5.0,1998-02-19,0.269,0.2685,0.2684,0.2683,0.2676,0.2671,0.2666,0.2686
1998,2,20,2/20/1998,0.2688,5.0,1998-02-20,0.2688,0.269,0.2685,0.2684,0.2683,0.2676,0.2671,0.2691
1998,2,21,2/21/1998,0.2688,5.0,1998-02-21,0.2688,0.2688,0.269,0.2685,0.2684,0.2683,0.2676,0.2696
1998,2,22,2/22/1998,0.2683,5.0,1998-02-22,0.2688,0.2688,0.2688,0.269,0.2685,0.2684,0.2683,0.2698
1998,2,23,2/23/1998,0.2684,5.0,1998-02-23,0.2683,0.2688,0.2688,0.2688,0.269,0.2685,0.2684,0.2699
1998,2,26,2/26/1998,0.2683,5.0,1998-02-26,0.2684,0.2683,0.2688,0.2688,0.2688,0.269,0.2685,0.2694
1998,2,27,2/27/1998,0.2682,5.0,1998-02-27,0.2683,0.2684,0.2683,0.2688,0.2688,0.2688,0.269,0.2688
1998,2,28,2/28/1998,0.2681,5.0,1998-02-28,0.2682,0.2683,0.2684,0.2683,0.2688,0.2688,0.2688,0.2683
1998,3,01,3/01/1998,0.2679,5.0,1998-03-01,0.2681,0.2682,0.2683,0.2684,0.2683,0.2688,0.2688,0.2677
1998,3,02,3/02/1998,0.2675,5.0,1998-03-02,0.2679,0.2681,0.2682,0.2683,0.2684,0.2683,0.2688,0.2672
1998,3,03,3/03/1998,0.266,5.0,1998-03-03,0.2675,0.2679,0.2681,0.2682,0.2683,0.2684,0.2683,0.2664
1998,3,05,3/05/1998,0.2662,5.0,1998-03-05,0.266,0.2675,0.2679,0.2681,0.2682,0.2683,0.2684,0.2665
1998,3,06,3/06/1998,0.2661,5.0,1998-03-06,0.2662,0.266,0.2675,0.2679,0.2681,0.2682,0.2683,0.2664
1998,3,07,3/07/1998,0.2662,5.0,1998-03-07,0.2661,0.2662,0.266,0.2675,0.2679,0.2681,0.2682,0.2662
1998,3,08,3/08/1998,0.2661,5.0,1998-03-08,0.2662,0.2661,0.2662,0.266,0.2675,0.2679,0.2681,0.2664
1998,3,09,3/09/1998,0.2663,5.0,1998-03-09,0.2661,0.2662,0.2661,0.2662,0.266,0.2675,0.2679,0.2664
1998,3,10,3/10/1998,0.267,5.0,1998-03-10,0.2663,0.2661,0.2662,0.2661,0.2662,0.266,0.2675,0.2662
1998,3,11,3/11/1998,0.2681,5.0,1998-03-11,0.267,0.2663,0.2661,0.2662,0.2661,0.2662,0.266,0.2665
1998,3,12,3/12/1998,0.2684,5.0,1998-03-12,0.2681,0.267,0.2663,0.2661,0.2662,0.2661,0.2662,0.2665
1998,3,13,3/13/1998,0.2689,5.0,1998-03-13,0.2684,0.2681,0.267,0.2663,0.2661,0.2662,0.2661,0.2668
1998,3,14,3/14/1998,0.2694,5.0,1998-03-14,0.2689,0.2684,0.2681,0.267,0.2663,0.2661,0.2662,0.2666
1998,3,15,3/15/1998,0.2697,5.0,1998-03-15,0.2694,0.2689,0.2684,0.2681,0.267,0.2663,0.2661,0.2671
1998,3,16,3/16/1998,0.2697,5.0,1998-03-16,0.2697,0.2694,0.2689,0.2684,0.2681,0.267,0.2663,0.2676
1998,3,17,3/17/1998,0.2693,5.0,1998-03-17,0.2697,0.2697,0.2694,0.2689,0.2684,0.2681,0.267,0.2683
1998,3,18,3/18/1998,0.2695,5.0,1998-03-18,0.2693,0.2697,0.2697,0.2694,0.2689,0.2684,0.2681,0.2684
1998,3,19,3/19/1998,0.2697,5.0,1998-03-19,0.2695,0.2693,0.2697,0.2697,0.2694,0.2689,0.2684,0.2685
1998,3,20,3/20/1998,0.2698,5.0,1998-03-20,0.2697,0.2695,0.2693,0.2697,0.2697,0.2694,0.2689,0.269
1998,3,21,3/21/1998,0.2699,5.0,1998-03-21,0.2698,0.2697,0.2695,0.2693,0.2697,0.2697,0.2694,0.2688
1998,3,22,3/22/1998,0.2697,5.0,1998-03-22,0.2699,0.2698,0.2697,0.2695,0.2693,0.2697,0.2697,0.2688
1998,3,23,3/23/1998,0.2695,5.0,1998-03-23,0.2697,0.2699,0.2698,0.2697,0.2695,0.2693,0.2697,0.2688
1998,3,24,3/24/1998,0.2698,5.0,1998-03-24,0.2695,0.2697,0.2699,0.2698,0.2697,0.2695,0.2693,0.2683
1998,3,25,3/25/1998,0.27,5.0,1998-03-25,0.2698,0.2695,0.2697,0.2699,0.2698,0.2697,0.2695,0.2684
1998,3,26,3/26/1998,0.2702,5.0,1998-03-26,0.27,0.2698,0.2695,0.2697,0.2699,0.2698,0.2697,0.2683
1998,3,27,3/27/1998,0.2697,5.0,1998-03-27,0.2702,0.27,0.2698,0.2695,0.2697,0.2699,0.2698,0.2682
1998,3,28,3/28/1998,0.2694,5.0,1998-03-28,0.2697,0.2702,0.27,0.2698,0.2695,0.2697,0.2699,0.2681
1998,3,29,3/29/1998,0.2691,5.0,1998-03-29,0.2694,0.2697,0.2702,0.27,0.2698,0.2695,0.2697,0.2679
1998,3,30,3/30/1998,0.2686,5.0,1998-03-30,0.2691,0.2694,0.2697,0.2702,0.27,0.2698,0.2695,0.2675
1998,3,31,3/31/1998,0.2686,5.0,1998-03-31,0.2686,0.2691,0.2694,0.2697,0.2702,0.27,0.2698,0.266
1998,4,01,4/01/1998,0.2681,5.0,1998-04-01,0.2686,0.2686,0.2691,0.2694,0.2697,0.2702,0.27,0.2662
1998,4,02,4/02/1998,0.268,5.0,1998-04-02,0.2681,0.2686,0.2686,0.2691,0.2694,0.2697,0.2702,0.2661
1998,4,03,4/03/1998,0.2676,5.0,1998-04-03,0.268,0.2681,0.2686,0.2686,0.2691,0.2694,0.2697,0.2662
1998,4,04,4/04/1998,0.2677,5.0,1998-04-04,0.2676,0.268,0.2681,0.2686,0.2686,0.2691,0.2694,0.2661
1998,4,05,4/05/1998,0.2683,5.0,1998-04-05,0.2677,0.2676,0.268,0.2681,0.2686,0.2686,0.2691,0.2663
1998,4,06,4/06/1998,0.2692,5.0,1998-04-06,0.2683,0.2677,0.2676,0.268,0.2681,0.2686,0.2686,0.267
1998,4,07,4/07/1998,0.2708,5.0,1998-04-07,0.2692,0.2683,0.2677,0.2676,0.268,0.2681,0.2686,0.2681
1998,4,08,4/08/1998,0.2721,5.0,1998-04-08,0.2708,0.2692,0.2683,0.2677,0.2676,0.268,0.2681,0.2684
1998,4,09,4/09/1998,0.2731,5.0,1998-04-09,0.2721,0.2708,0.2692,0.2683,0.2677,0.2676,0.268,0.2689
1998,4,10,4/10/1998,0.2738,5.0,1998-04-10,0.2731,0.2721,0.2708,0.2692,0.2683,0.2677,0.2676,0.2694
1998,4,11,4/11/1998,0.274,5.0,1998-04-11,0.2738,0.2731,0.2721,0.2708,0.2692,0.2683,0.2677,0.2697
1998,4,12,4/12/1998,0.2735,5.0,1998-04-12,0.274,0.2738,0.2731,0.2721,0.2708,0.2692,0.2683,0.2697
1998,4,13,4/13/1998,0.2734,5.0,1998-04-13,0.2735,0.274,0.2738,0.2731,0.2721,0.2708,0.2692,0.2693
1998,4,14,4/14/1998,0.2727,5.0,1998-04-14,0.2734,0.2735,0.274,0.2738,0.2731,0.2721,0.2708,0.2695
1998,4,15,4/15/1998,0.2723,5.0,1998-04-15,0.2727,0.2734,0.2735,0.274,0.2738,0.2731,0.2721,0.2697
1998,4,16,4/16/1998,0.2711,5.0,1998-04-16,0.2723,0.2727,0.2734,0.2735,0.274,0.2738,0.2731,0.2698
1998,4,17,4/17/1998,0.2704,5.0,1998-04-17,0.2711,0.2723,0.2727,0.2734,0.2735,0.274,0.2738,0.2699
1998,4,18,4/18/1998,0.2695,5.0,1998-04-18,0.2704,0.2711,0.2723,0.2727,0.2734,0.2735,0.274,0.2697
1998,4,19,4/19/1998,0.269,5.0,1998-04-19,0.2695,0.2704,0.2711,0.2723,0.2727,0.2734,0.2735,0.2695
1998,4,20,4/20/1998,0.2684,5.0,1998-04-20,0.269,0.2695,0.2704,0.2711,0.2723,0.2727,0.2734,0.2698
1998,4,23,4/23/1998,0.2678,5.0,1998-04-23,0.2684,0.269,0.2695,0.2704,0.2711,0.2723,0.2727,0.27
1998,4,24,4/24/1998,0.2673,5.0,1998-04-24,0.2678,0.2684,0.269,0.2695,0.2704,0.2711,0.2723,0.2702
1998,4,25,4/25/1998,0.2675,5.0,1998-04-25,0.2673,0.2678,0.2684,0.269,0.2695,0.2704,0.2711,0.2697
1998,4,26,4/26/1998,0.2675,5.0,1998-04-26,0.2675,0.2673,0.2678,0.2684,0.269,0.2695,0.2704,0.2694
1998,4,27,4/27/1998,0.2676,5.0,1998-04-27,0.2675,0.2675,0.2673,0.2678,0.2684,0.269,0.2695,0.2691
1998,4,28,4/28/1998,0.2679,5.0,1998-04-28,0.2676,0.2675,0.2675,0.2673,0.2678,0.2684,0.269,0.2686
1998,4,29,4/29/1998,0.2681,5.0,1998-04-29,0.2679,0.2676,0.2675,0.2675,0.2673,0.2678,0.2684,0.2686
1998,4,30,4/30/1998,0.2682,5.0,1998-04-30,0.2681,0.2679,0.2676,0.2675,0.2675,0.2673,0.2678,0.2681
1998,5,01,5/01/1998,0.2684,5.0,1998-05-01,0.2682,0.2681,0.2679,0.2676,0.2675,0.2675,0.2673,0.268
1998,5,03,5/03/1998,0.2691,5.0,1998-05-03,0.2684,0.2682,0.2681,0.2679,0.2676,0.2675,0.2675,0.2676
1998,5,04,5/04/1998,0.2699,5.0,1998-05-04,0.2691,0.2684,0.2682,0.2681,0.2679,0.2676,0.2675,0.2677
1998,5,05,5/05/1998,0.2708,5.0,1998-05-05,0.2699,0.2691,0.2684,0.2682,0.2681,0.2679,0.2676,0.2683
1998,5,06,5/06/1998,0.2712,5.0,1998-05-06,0.2708,0.2699,0.2691,0.2684,0.2682,0.2681,0.2679,0.2692
1998,5,07,5/07/1998,0.2716,5.0,1998-05-07,0.2712,0.2708,0.2699,0.2691,0.2684,0.2682,0.2681,0.2708
1998,5,08,5/08/1998,0.2711,5.0,1998-05-08,0.2716,0.2712,0.2708,0.2699,0.2691,0.2684,0.2682,0.2721
1998,5,09,5/09/1998,0.271,5.0,1998-05-09,0.2711,0.2716,0.2712,0.2708,0.2699,0.2691,0.2684,0.2731
1998,5,10,5/10/1998,0.2708,5.0,1998-05-10,0.271,0.2711,0.2716,0.2712,0.2708,0.2699,0.2691,0.2738
1998,5,12,5/12/1998,0.2711,5.0,1998-05-12,0.2708,0.271,0.2711,0.2716,0.2712,0.2708,0.2699,0.274
1998,5,13,5/13/1998,0.2711,5.0,1998-05-13,0.2711,0.2708,0.271,0.2711,0.2716,0.2712,0.2708,0.2735
1998,5,14,5/14/1998,0.2717,5.0,1998-05-14,0.2711,0.2711,0.2708,0.271,0.2711,0.2716,0.2712,0.2734
1998,5,15,5/15/1998,0.2715,5.0,1998-05-15,0.2717,0.2711,0.2711,0.2708,0.271,0.2711,0.2716,0.2727
1998,5,16,5/16/1998,0.2708,5.0,1998-05-16,0.2715,0.2717,0.2711,0.2711,0.2708,0.271,0.2711,0.2723
1998,5,17,5/17/1998,0.2707,5.0,1998-05-17,0.2708,0.2715,0.2717,0.2711,0.2711,0.2708,0.271,0.2711
1998,5,18,5/18/1998,0.2699,5.0,1998-05-18,0.2707,0.2708,0.2715,0.2717,0.2711,0.2711,0.2708,0.2704
1998,5,19,5/19/1998,0.269,5.0,1998-05-19,0.2699,0.2707,0.2708,0.2715,0.2717,0.2711,0.2711,0.2695
1998,5,20,5/20/1998,0.2688,5.0,1998-05-20,0.269,0.2699,0.2707,0.2708,0.2715,0.2717,0.2711,0.269
1998,5,21,5/21/1998,0.2682,5.0,1998-05-21,0.2688,0.269,0.2699,0.2707,0.2708,0.2715,0.2717,0.2684
1998,5,22,5/22/1998,0.2677,5.0,1998-05-22,0.2682,0.2688,0.269,0.2699,0.2707,0.2708,0.2715,0.2678
1998,5,23,5/23/1998,0.2672,5.0,1998-05-23,0.2677,0.2682,0.2688,0.269,0.2699,0.2707,0.2708,0.2673
1998,5,24,5/24/1998,0.2671,5.0,1998-05-24,0.2672,0.2677,0.2682,0.2688,0.269,0.2699,0.2707,0.2675
1998,5,25,5/25/1998,0.267,5.0,1998-05-25,0.2671,0.2672,0.2677,0.2682,0.2688,0.269,0.2699,0.2675
1998,5,26,5/26/1998,0.2668,5.0,1998-05-26,0.267,0.2671,0.2672,0.2677,0.2682,0.2688,0.269,0.2676
1998,5,29,5/29/1998,0.2673,5.0,1998-05-29,0.2668,0.267,0.2671,0.2672,0.2677,0.2682,0.2688,0.2679
1998,5,30,5/30/1998,0.2674,5.0,1998-05-30,0.2673,0.2668,0.267,0.2671,0.2672,0.2677,0.2682,0.2681
1998,5,31,5/31/1998,0.2679,5.0,1998-05-31,0.2674,0.2673,0.2668,0.267,0.2671,0.2672,0.2677,0.2682
1998,6,01,6/01/1998,0.2684,5.0,1998-06-01,0.2679,0.2674,0.2673,0.2668,0.267,0.2671,0.2672,0.2684
1998,6,02,6/02/1998,0.2688,5.0,1998-06-02,0.2684,0.2679,0.2674,0.2673,0.2668,0.267,0.2671,0.2691
1998,6,03,6/03/1998,0.2698,5.0,1998-06-03,0.2688,0.2684,0.2679,0.2674,0.2673,0.2668,0.267,0.2699
1998,6,10,6/10/1998,0.2711,5.0,1998-06-10,0.2698,0.2688,0.2684,0.2679,0.2674,0.2673,0.2668,0.2708
1998,6,11,6/11/1998,0.271,5.0,1998-06-11,0.2711,0.2698,0.2688,0.2684,0.2679,0.2674,0.2673,0.2712
1998,6,12,6/12/1998,0.271,5.0,1998-06-12,0.271,0.2711,0.2698,0.2688,0.2684,0.2679,0.2674,0.2716
1998,6,13,6/13/1998,0.2709,5.0,1998-06-13,0.271,0.271,0.2711,0.2698,0.2688,0.2684,0.2679,0.2711
1998,6,14,6/14/1998,0.2704,5.0,1998-06-14,0.2709,0.271,0.271,0.2711,0.2698,0.2688,0.2684,0.271
1998,6,15,6/15/1998,0.2701,5.0,1998-06-15,0.2704,0.2709,0.271,0.271,0.2711,0.2698,0.2688,0.2708
1998,6,16,6/16/1998,0.2701,5.0,1998-06-16,0.2701,0.2704,0.2709,0.271,0.271,0.2711,0.2698,0.2711
1998,6,17,6/17/1998,0.2702,5.0,1998-06-17,0.2701,0.2701,0.2704,0.2709,0.271,0.271,0.2711,0.2711
1998,6,18,6/18/1998,0.2701,5.0,1998-06-18,0.2702,0.2701,0.2701,0.2704,0.2709,0.271,0.271,0.2717
1998,6,19,6/19/1998,0.2695,5.0,1998-06-19,0.2701,0.2702,0.2701,0.2701,0.2704,0.2709,0.271,0.2715
1998,6,20,6/20/1998,0.2691,5.0,1998-06-20,0.2695,0.2701,0.2702,0.2701,0.2701,0.2704,0.2709,0.2708
1998,6,21,6/21/1998,0.2688,5.0,1998-06-21,0.2691,0.2695,0.2701,0.2702,0.2701,0.2701,0.2704,0.2707
1998,6,22,6/22/1998,0.2683,5.0,1998-06-22,0.2688,0.2691,0.2695,0.2701,0.2702,0.2701,0.2701,0.2699
1998,6,23,6/23/1998,0.268,5.0,1998-06-23,0.2683,0.2688,0.2691,0.2695,0.2701,0.2702,0.2701,0.269
1998,6,27,6/27/1998,0.2693,5.0,1998-06-27,0.268,0.2683,0.2688,0.2691,0.2695,0.2701,0.2702,0.2688
1998,6,28,6/28/1998,0.2707,5.0,1998-06-28,0.2693,0.268,0.2683,0.2688,0.2691,0.2695,0.2701,0.2682
1998,6,30,6/30/1998,0.273,5.0,1998-06-30,0.2707,0.2693,0.268,0.2683,0.2688,0.2691,0.2695,0.2677
1998,7,01,7/01/1998,0.2739,5.0,1998-07-01,0.273,0.2707,0.2693,0.268,0.2683,0.2688,0.2691,0.2672
1998,7,02,7/02/1998,0.2742,5.0,1998-07-02,0.2739,0.273,0.2707,0.2693,0.268,0.2683,0.2688,0.2671
1998,7,03,7/03/1998,0.2743,5.0,1998-07-03,0.2742,0.2739,0.273,0.2707,0.2693,0.268,0.2683,0.267
1998,7,04,7/04/1998,0.2744,5.0,1998-07-04,0.2743,0.2742,0.2739,0.273,0.2707,0.2693,0.268,0.2668
1998,7,05,7/05/1998,0.2738,5.0,1998-07-05,0.2744,0.2743,0.2742,0.2739,0.273,0.2707,0.2693,0.2673
1998,7,06,7/06/1998,0.2733,5.0,1998-07-06,0.2738,0.2744,0.2743,0.2742,0.2739,0.273,0.2707,0.2674
1998,7,07,7/07/1998,0.2728,5.0,1998-07-07,0.2733,0.2738,0.2744,0.2743,0.2742,0.2739,0.273,0.2679
1998,7,08,7/08/1998,0.2722,5.0,1998-07-08,0.2728,0.2733,0.2738,0.2744,0.2743,0.2742,0.2739,0.2684
1998,7,09,7/09/1998,0.2722,5.0,1998-07-09,0.2722,0.2728,0.2733,0.2738,0.2744,0.2743,0.2742,0.2688
1998,7,10,7/10/1998,0.2714,5.0,1998-07-10,0.2722,0.2722,0.2728,0.2733,0.2738,0.2744,0.2743,0.2698
1998,7,11,7/11/1998,0.271,5.0,1998-07-11,0.2714,0.2722,0.2722,0.2728,0.2733,0.2738,0.2744,0.2711
1998,7,12,7/12/1998,0.2712,5.0,1998-07-12,0.271,0.2714,0.2722,0.2722,0.2728,0.2733,0.2738,0.271
1998,7,13,7/13/1998,0.2709,5.0,1998-07-13,0.2712,0.271,0.2714,0.2722,0.2722,0.2728,0.2733,0.271
1998,7,14,7/14/1998,0.2706,5.0,1998-07-14,0.2709,0.2712,0.271,0.2714,0.2722,0.2722,0.2728,0.2709
1998,7,15,7/15/1998,0.2707,5.0,1998-07-15,0.2706,0.2709,0.2712,0.271,0.2714,0.2722,0.2722,0.2704
1998,7,16,7/16/1998,0.2708,5.0,1998-07-16,0.2707,0.2706,0.2709,0.2712,0.271,0.2714,0.2722,0.2701
1998,7,17,7/17/1998,0.2703,5.0,1998-07-17,0.2708,0.2707,0.2706,0.2709,0.2712,0.271,0.2714,0.2701
1998,7,20,7/20/1998,0.2698,5.0,1998-07-20,0.2703,0.2708,0.2707,0.2706,0.2709,0.2712,0.271,0.2702
1998,7,21,7/21/1998,0.2696,5.0,1998-07-21,0.2698,0.2703,0.2708,0.2707,0.2706,0.2709,0.2712,0.2701
1998,7,22,7/22/1998,0.2694,5.0,1998-07-22,0.2696,0.2698,0.2703,0.2708,0.2707,0.2706,0.2709,0.2695
1998,7,23,7/23/1998,0.2695,5.0,1998-07-23,0.2694,0.2696,0.2698,0.2703,0.2708,0.2707,0.2706,0.2691
1998,7,24,7/24/1998,0.2699,5.0,1998-07-24,0.2695,0.2694,0.2696,0.2698,0.2703,0.2708,0.2707,0.2688
1998,7,25,7/25/1998,0.2706,5.0,1998-07-25,0.2699,0.2695,0.2694,0.2696,0.2698,0.2703,0.2708,0.2683
1998,7,26,7/26/1998,0.2708,5.0,1998-07-26,0.2706,0.2699,0.2695,0.2694,0.2696,0.2698,0.2703,0.268
1998,7,27,7/27/1998,0.2714,5.0,1998-07-27,0.2708,0.2706,0.2699,0.2695,0.2694,0.2696,0.2698,0.2693
1998,7,28,7/28/1998,0.2724,5.0,1998-07-28,0.2714,0.2708,0.2706,0.2699,0.2695,0.2694,0.2696,0.2707
1998,7,29,7/29/1998,0.2726,5.0,1998-07-29,0.2724,0.2714,0.2708,0.2706,0.2699,0.2695,0.2694,0.273
1998,7,30,7/30/1998,0.2726,5.0,1998-07-30,0.2726,0.2724,0.2714,0.2708,0.2706,0.2699,0.2695,0.2739
1998,7,31,7/31/1998,0.2721,5.0,1998-07-31,0.2726,0.2726,0.2724,0.2714,0.2708,0.2706,0.2699,0.2742
1998,8,01,8/01/1998,0.272,5.0,1998-08-01,0.2721,0.2726,0.2726,0.2724,0.2714,0.2708,0.2706,0.2743
1998,8,02,8/02/1998,0.2714,5.0,1998-08-02,0.272,0.2721,0.2726,0.2726,0.2724,0.2714,0.2708,0.2744
1998,8,03,8/03/1998,0.2713,5.0,1998-08-03,0.2714,0.272,0.2721,0.2726,0.2726,0.2724,0.2714,0.2738
1998,8,04,8/04/1998,0.2711,5.0,1998-08-04,0.2713,0.2714,0.272,0.2721,0.2726,0.2726,0.2724,0.2733
1998,8,05,8/05/1998,0.2714,5.0,1998-08-05,0.2711,0.2713,0.2714,0.272,0.2721,0.2726,0.2726,0.2728
1998,8,06,8/06/1998,0.2717,5.0,1998-08-06,0.2714,0.2711,0.2713,0.2714,0.272,0.2721,0.2726,0.2722
1998,8,07,8/07/1998,0.2721,5.0,1998-08-07,0.2717,0.2714,0.2711,0.2713,0.2714,0.272,0.2721,0.2722
1998,8,08,8/08/1998,0.2728,5.0,1998-08-08,0.2721,0.2717,0.2714,0.2711,0.2713,0.2714,0.272,0.2714
1998,8,09,8/09/1998,0.2733,5.0,1998-08-09,0.2728,0.2721,0.2717,0.2714,0.2711,0.2713,0.2714,0.271
1998,8,10,8/10/1998,0.2734,5.0,1998-08-10,0.2733,0.2728,0.2721,0.2717,0.2714,0.2711,0.2713,0.2712
1998,8,11,8/11/1998,0.2736,5.0,1998-08-11,0.2734,0.2733,0.2728,0.2721,0.2717,0.2714,0.2711,0.2709
1998,8,12,8/12/1998,0.2734,5.0,1998-08-12,0.2736,0.2734,0.2733,0.2728,0.2721,0.2717,0.2714,0.2706
1998,8,13,8/13/1998,0.2727,5.0,1998-08-13,0.2734,0.2736,0.2734,0.2733,0.2728,0.2721,0.2717,0.2707
1998,8,14,8/14/1998,0.2722,5.0,1998-08-14,0.2727,0.2734,0.2736,0.2734,0.2733,0.2728,0.2721,0.2708
1998,8,15,8/15/1998,0.2716,5.0,1998-08-15,0.2722,0.2727,0.2734,0.2736,0.2734,0.2733,0.2728,0.2703
1998,8,16,8/16/1998,0.2715,5.0,1998-08-16,0.2716,0.2722,0.2727,0.2734,0.2736,0.2734,0.2733,0.2698
1998,8,17,8/17/1998,0.2713,5.0,1998-08-17,0.2715,0.2716,0.2722,0.2727,0.2734,0.2736,0.2734,0.2696
1998,8,18,8/18/1998,0.2709,5.0,1998-08-18,0.2713,0.2715,0.2716,0.2722,0.2727,0.2734,0.2736,0.2694
1998,8,19,8/19/1998,0.2712,5.0,1998-08-19,0.2709,0.2713,0.2715,0.2716,0.2722,0.2727,0.2734,0.2695
1998,8,20,8/20/1998,0.2713,5.0,1998-08-20,0.2712,0.2709,0.2713,0.2715,0.2716,0.2722,0.2727,0.2699
1998,8,23,8/23/1998,0.2735,5.0,1998-08-23,0.2713,0.2712,0.2709,0.2713,0.2715,0.2716,0.2722,0.2706
1998,8,24,8/24/1998,0.2733,5.0,1998-08-24,0.2735,0.2713,0.2712,0.2709,0.2713,0.2715,0.2716,0.2708
1998,8,25,8/25/1998,0.2735,5.0,1998-08-25,0.2733,0.2735,0.2713,0.2712,0.2709,0.2713,0.2715,0.2714
1998,8,26,8/26/1998,0.2733,5.0,1998-08-26,0.2735,0.2733,0.2735,0.2713,0.2712,0.2709,0.2713,0.2724
1998,8,27,8/27/1998,0.2735,5.0,1998-08-27,0.2733,0.2735,0.2733,0.2735,0.2713,0.2712,0.2709,0.2726
1998,8,28,8/28/1998,0.2734,5.0,1998-08-28,0.2735,0.2733,0.2735,0.2733,0.2735,0.2713,0.2712,0.2726
1998,8,29,8/29/1998,0.2734,5.0,1998-08-29,0.2734,0.2735,0.2733,0.2735,0.2733,0.2735,0.2713,0.2721
1998,8,30,8/30/1998,0.2742,5.0,1998-08-30,0.2734,0.2734,0.2735,0.2733,0.2735,0.2733,0.2735,0.272
1998,8,31,8/31/1998,0.2741,5.0,1998-08-31,0.2742,0.2734,0.2734,0.2735,0.2733,0.2735,0.2733,0.2714
1998,9,01,9/01/1998,0.2735,5.0,1998-09-01,0.2741,0.2742,0.2734,0.2734,0.2735,0.2733,0.2735,0.2713
1998,9,02,9/02/1998,0.2727,5.0,1998-09-02,0.2735,0.2741,0.2742,0.2734,0.2734,0.2735,0.2733,0.2711
1998,9,03,9/03/1998,0.2722,5.0,1998-09-03,0.2727,0.2735,0.2741,0.2742,0.2734,0.2734,0.2735,0.2714
1998,9,04,9/04/1998,0.2723,5.0,1998-09-04,0.2722,0.2727,0.2735,0.2741,0.2742,0.2734,0.2734,0.2717
1998,9,05,9/05/1998,0.2732,5.0,1998-09-05,0.2723,0.2722,0.2727,0.2735,0.2741,0.2742,0.2734,0.2721
1998,9,06,9/06/1998,0.2735,5.0,1998-09-06,0.2732,0.2723,0.2722,0.2727,0.2735,0.2741,0.2742,0.2728
1998,9,07,9/07/1998,0.2739,5.0,1998-09-07,0.2735,0.2732,0.2723,0.2722,0.2727,0.2735,0.2741,0.2733
1998,9,08,9/08/1998,0.2745,5.0,1998-09-08,0.2739,0.2735,0.2732,0.2723,0.2722,0.2727,0.2735,0.2734
1998,9,09,9/09/1998,0.2741,5.0,1998-09-09,0.2745,0.2739,0.2735,0.2732,0.2723,0.2722,0.2727,0.2736
1998,9,10,9/10/1998,0.2736,5.0,1998-09-10,0.2741,0.2745,0.2739,0.2735,0.2732,0.2723,0.2722,0.2734
1998,9,11,9/11/1998,0.2734,5.0,1998-09-11,0.2736,0.2741,0.2745,0.2739,0.2735,0.2732,0.2723,0.2727
1998,9,12,9/12/1998,0.2729,5.0,1998-09-12,0.2734,0.2736,0.2741,0.2745,0.2739,0.2735,0.2732,0.2722
1998,9,13,9/13/1998,0.2725,5.0,1998-09-13,0.2729,0.2734,0.2736,0.2741,0.2745,0.2739,0.2735,0.2716
1998,9,14,9/14/1998,0.2719,5.0,1998-09-14,0.2725,0.2729,0.2734,0.2736,0.2741,0.2745,0.2739,0.2715
1998,9,17,9/17/1998,0.2707,5.0,1998-09-17,0.2719,0.2725,0.2729,0.2734,0.2736,0.2741,0.2745,0.2713
1998,9,20,9/20/1998,0.2727,5.0,1998-09-20,0.2707,0.2719,0.2725,0.2729,0.2734,0.2736,0.2741,0.2709
1998,9,21,9/21/1998,0.2737,5.0,1998-09-21,0.2727,0.2707,0.2719,0.2725,0.2729,0.2734,0.2736,0.2712
1998,9,22,9/22/1998,0.2739,5.0,1998-09-22,0.2737,0.2727,0.2707,0.2719,0.2725,0.2729,0.2734,0.2713
1998,9,23,9/23/1998,0.2741,5.0,1998-09-23,0.2739,0.2737,0.2727,0.2707,0.2719,0.2725,0.2729,0.2735
1998,9,24,9/24/1998,0.2736,5.0,1998-09-24,0.2741,0.2739,0.2737,0.2727,0.2707,0.2719,0.2725,0.2733
1998,9,25,9/25/1998,0.2738,5.0,1998-09-25,0.2736,0.2741,0.2739,0.2737,0.2727,0.2707,0.2719,0.2735
1998,9,26,9/26/1998,0.2733,5.0,1998-09-26,0.2738,0.2736,0.2741,0.2739,0.2737,0.2727,0.2707,0.2733
1998,9,27,9/27/1998,0.2726,5.0,1998-09-27,0.2733,0.2738,0.2736,0.2741,0.2739,0.2737,0.2727,0.2735
1998,9,28,9/28/1998,0.2723,5.0,1998-09-28,0.2726,0.2733,0.2738,0.2736,0.2741,0.2739,0.2737,0.2734
1998,9,29,9/29/1998,0.2721,5.0,1998-09-29,0.2723,0.2726,0.2733,0.2738,0.2736,0.2741,0.2739,0.2734
1998,9,30,9/30/1998,0.2716,5.0,1998-09-30,0.2721,0.2723,0.2726,0.2733,0.2738,0.2736,0.2741,0.2742
1998,10,01,10/01/1998,0.2716,5.0,1998-10-01,0.2716,0.2721,0.2723,0.2726,0.2733,0.2738,0.2736,0.2741
1998,10,02,10/02/1998,0.2719,5.0,1998-10-02,0.2716,0.2716,0.2721,0.2723,0.2726,0.2733,0.2738,0.2735
1998,10,03,10/03/1998,0.272,5.0,1998-10-03,0.2719,0.2716,0.2716,0.2721,0.2723,0.2726,0.2733,0.2727
1998,10,04,10/04/1998,0.2721,5.0,1998-10-04,0.272,0.2719,0.2716,0.2716,0.2721,0.2723,0.2726,0.2722
1998,10,05,10/05/1998,0.2723,5.0,1998-10-05,0.2721,0.272,0.2719,0.2716,0.2716,0.2721,0.2723,0.2723
1998,10,06,10/06/1998,0.2724,5.0,1998-10-06,0.2723,0.2721,0.272,0.2719,0.2716,0.2716,0.2721,0.2732
1998,10,07,10/07/1998,0.2726,5.0,1998-10-07,0.2724,0.2723,0.2721,0.272,0.2719,0.2716,0.2716,0.2735
1998,10,08,10/08/1998,0.2727,5.0,1998-10-08,0.2726,0.2724,0.2723,0.2721,0.272,0.2719,0.2716,0.2739
1998,10,09,10/09/1998,0.2728,5.0,1998-10-09,0.2727,0.2726,0.2724,0.2723,0.2721,0.272,0.2719,0.2745
1998,10,10,10/10/1998,0.2722,5.0,1998-10-10,0.2728,0.2727,0.2726,0.2724,0.2723,0.2721,0.272,0.2741
1998,10,11,10/11/1998,0.2717,5.0,1998-10-11,0.2722,0.2728,0.2727,0.2726,0.2724,0.2723,0.2721,0.2736
1998,10,12,10/12/1998,0.2715,5.0,1998-10-12,0.2717,0.2722,0.2728,0.2727,0.2726,0.2724,0.2723,0.2734
1998,10,13,10/13/1998,0.2712,5.0,1998-10-13,0.2715,0.2717,0.2722,0.2728,0.2727,0.2726,0.2724,0.2729
1998,10,14,10/14/1998,0.2713,5.0,1998-10-14,0.2712,0.2715,0.2717,0.2722,0.2728,0.2727,0.2726,0.2725
1998,10,15,10/15/1998,0.2716,5.0,1998-10-15,0.2713,0.2712,0.2715,0.2717,0.2722,0.2728,0.2727,0.2719
1998,10,16,10/16/1998,0.2727,5.0,1998-10-16,0.2716,0.2713,0.2712,0.2715,0.2717,0.2722,0.2728,0.2707
1998,10,17,10/17/1998,0.2725,5.0,1998-10-17,0.2727,0.2716,0.2713,0.2712,0.2715,0.2717,0.2722,0.2727
1998,10,18,10/18/1998,0.2724,5.0,1998-10-18,0.2725,0.2727,0.2716,0.2713,0.2712,0.2715,0.2717,0.2737
1998,10,19,10/19/1998,0.2717,5.0,1998-10-19,0.2724,0.2725,0.2727,0.2716,0.2713,0.2712,0.2715,0.2739
1998,10,22,10/22/1998,0.2705,5.0,1998-10-22,0.2717,0.2724,0.2725,0.2727,0.2716,0.2713,0.2712,0.2741
1998,10,23,10/23/1998,0.2703,5.0,1998-10-23,0.2705,0.2717,0.2724,0.2725,0.2727,0.2716,0.2713,0.2736
1998,10,24,10/24/1998,0.2702,5.0,1998-10-24,0.2703,0.2705,0.2717,0.2724,0.2725,0.2727,0.2716,0.2738
1998,10,25,10/25/1998,0.2699,5.0,1998-10-25,0.2702,0.2703,0.2705,0.2717,0.2724,0.2725,0.2727,0.2733
1998,10,26,10/26/1998,0.2694,5.0,1998-10-26,0.2699,0.2702,0.2703,0.2705,0.2717,0.2724,0.2725,0.2726
1998,10,27,10/27/1998,0.2692,5.0,1998-10-27,0.2694,0.2699,0.2702,0.2703,0.2705,0.2717,0.2724,0.2723
1998,10,28,10/28/1998,0.2693,5.0,1998-10-28,0.2692,0.2694,0.2699,0.2702,0.2703,0.2705,0.2717,0.2721
1998,10,29,10/29/1998,0.27,5.0,1998-10-29,0.2693,0.2692,0.2694,0.2699,0.2702,0.2703,0.2705,0.2716
1998,10,30,10/30/1998,0.2708,5.0,1998-10-30,0.27,0.2693,0.2692,0.2694,0.2699,0.2702,0.2703,0.2716
1998,10,31,10/31/1998,0.2719,5.0,1998-10-31,0.2708,0.27,0.2693,0.2692,0.2694,0.2699,0.2702,0.2719
1998,11,01,11/01/1998,0.2723,5.0,1998-11-01,0.2719,0.2708,0.27,0.2693,0.2692,0.2694,0.2699,0.272
1998,11,02,11/02/1998,0.2725,5.0,1998-11-02,0.2723,0.2719,0.2708,0.27,0.2693,0.2692,0.2694,0.2721
1998,11,03,11/03/1998,0.273,5.0,1998-11-03,0.2725,0.2723,0.2719,0.2708,0.27,0.2693,0.2692,0.2723
1998,11,04,11/04/1998,0.2743,5.0,1998-11-04,0.273,0.2725,0.2723,0.2719,0.2708,0.27,0.2693,0.2724
1998,11,05,11/05/1998,0.275,5.0,1998-11-05,0.2743,0.273,0.2725,0.2723,0.2719,0.2708,0.27,0.2726
1998,11,06,11/06/1998,0.2753,5.0,1998-11-06,0.275,0.2743,0.273,0.2725,0.2723,0.2719,0.2708,0.2727
1998,11,07,11/07/1998,0.2742,5.0,1998-11-07,0.2753,0.275,0.2743,0.273,0.2725,0.2723,0.2719,0.2728
1998,11,08,11/08/1998,0.2735,5.0,1998-11-08,0.2742,0.2753,0.275,0.2743,0.273,0.2725,0.2723,0.2722
1998,11,09,11/09/1998,0.2727,5.0,1998-11-09,0.2735,0.2742,0.2753,0.275,0.2743,0.273,0.2725,0.2717
1998,11,10,11/10/1998,0.2719,5.0,1998-11-10,0.2727,0.2735,0.2742,0.2753,0.275,0.2743,0.273,0.2715
1998,11,11,11/11/1998,0.2715,5.0,1998-11-11,0.2719,0.2727,0.2735,0.2742,0.2753,0.275,0.2743,0.2712
1998,11,13,11/13/1998,0.2722,5.0,1998-11-13,0.2715,0.2719,0.2727,0.2735,0.2742,0.2753,0.275,0.2713
1998,11,14,11/14/1998,0.2722,5.0,1998-11-14,0.2722,0.2715,0.2719,0.2727,0.2735,0.2742,0.2753,0.2716
1998,11,16,11/16/1998,0.2721,5.0,1998-11-16,0.2722,0.2722,0.2715,0.2719,0.2727,0.2735,0.2742,0.2727
1998,11,19,11/19/1998,0.2716,5.0,1998-11-19,0.2721,0.2722,0.2722,0.2715,0.2719,0.2727,0.2735,0.2725
1998,11,20,11/20/1998,0.2708,5.0,1998-11-20,0.2716,0.2721,0.2722,0.2722,0.2715,0.2719,0.2727,0.2724
1998,11,21,11/21/1998,0.2704,5.0,1998-11-21,0.2708,0.2716,0.2721,0.2722,0.2722,0.2715,0.2719,0.2717
1998,11,22,11/22/1998,0.2702,5.0,1998-11-22,0.2704,0.2708,0.2716,0.2721,0.2722,0.2722,0.2715,0.2705
1998,11,23,11/23/1998,0.2706,5.0,1998-11-23,0.2702,0.2704,0.2708,0.2716,0.2721,0.2722,0.2722,0.2703
1998,11,24,11/24/1998,0.271,5.0,1998-11-24,0.2706,0.2702,0.2704,0.2708,0.2716,0.2721,0.2722,0.2702
1998,11,25,11/25/1998,0.2723,5.0,1998-11-25,0.271,0.2706,0.2702,0.2704,0.2708,0.2716,0.2721,0.2699
1998,11,26,11/26/1998,0.2739,5.0,1998-11-26,0.2723,0.271,0.2706,0.2702,0.2704,0.2708,0.2716,0.2694
1998,11,28,11/28/1998,0.2756,5.0,1998-11-28,0.2739,0.2723,0.271,0.2706,0.2702,0.2704,0.2708,0.2692
1998,11,29,11/29/1998,0.2762,5.0,1998-11-29,0.2756,0.2739,0.2723,0.271,0.2706,0.2702,0.2704,0.2693
1998,11,30,11/30/1998,0.2769,5.0,1998-11-30,0.2762,0.2756,0.2739,0.2723,0.271,0.2706,0.2702,0.27
1998,12,01,12/01/1998,0.2774,5.0,1998-12-01,0.2769,0.2762,0.2756,0.2739,0.2723,0.271,0.2706,0.2708
1998,12,02,12/02/1998,0.2777,5.0,1998-12-02,0.2774,0.2769,0.2762,0.2756,0.2739,0.2723,0.271,0.2719
1998,12,03,12/03/1998,0.2774,5.0,1998-12-03,0.2777,0.2774,0.2769,0.2762,0.2756,0.2739,0.2723,0.2723
1998,12,04,12/04/1998,0.2762,5.0,1998-12-04,0.2774,0.2777,0.2774,0.2769,0.2762,0.2756,0.2739,0.2725
1998,12,05,12/05/1998,0.2752,5.0,1998-12-05,0.2762,0.2774,0.2777,0.2774,0.2769,0.2762,0.2756,0.273
1998,12,06,12/06/1998,0.274,5.0,1998-12-06,0.2752,0.2762,0.2774,0.2777,0.2774,0.2769,0.2762,0.2743
1998,12,07,12/07/1998,0.2732,5.0,1998-12-07,0.274,0.2752,0.2762,0.2774,0.2777,0.2774,0.2769,0.275
1998,12,08,12/08/1998,0.2727,5.0,1998-12-08,0.2732,0.274,0.2752,0.2762,0.2774,0.2777,0.2774,0.2753
1998,12,09,12/09/1998,0.2731,5.0,1998-12-09,0.2727,0.2732,0.274,0.2752,0.2762,0.2774,0.2777,0.2742
1998,12,10,12/10/1998,0.2728,5.0,1998-12-10,0.2731,0.2727,0.2732,0.274,0.2752,0.2762,0.2774,0.2735
1998,12,11,12/11/1998,0.2727,5.0,1998-12-11,0.2728,0.2731,0.2727,0.2732,0.274,0.2752,0.2762,0.2727
1998,12,13,12/13/1998,0.2714,5.0,1998-12-13,0.2727,0.2728,0.2731,0.2727,0.2732,0.274,0.2752,0.2719
1998,12,14,12/14/1998,0.2715,5.0,1998-12-14,0.2714,0.2727,0.2728,0.2731,0.2727,0.2732,0.274,0.2715
1998,12,15,12/15/1998,0.2718,5.0,1998-12-15,0.2715,0.2714,0.2727,0.2728,0.2731,0.2727,0.2732,0.2722
1998,12,16,12/16/1998,0.2722,5.0,1998-12-16,0.2718,0.2715,0.2714,0.2727,0.2728,0.2731,0.2727,0.2722
1998,12,17,12/17/1998,0.2727,5.0,1998-12-17,0.2722,0.2718,0.2715,0.2714,0.2727,0.2728,0.2731,0.2721
1998,12,18,12/18/1998,0.272,5.0,1998-12-18,0.2727,0.2722,0.2718,0.2715,0.2714,0.2727,0.2728,0.2716
1998,12,19,12/19/1998,0.2717,5.0,1998-12-19,0.272,0.2727,0.2722,0.2718,0.2715,0.2714,0.2727,0.2708
1998,12,20,12/20/1998,0.2716,5.0,1998-12-20,0.2717,0.272,0.2727,0.2722,0.2718,0.2715,0.2714,0.2704
1998,12,21,12/21/1998,0.2721,5.0,1998-12-21,0.2716,0.2717,0.272,0.2727,0.2722,0.2718,0.2715,0.2702
1998,12,22,12/22/1998,0.2726,5.0,1998-12-22,0.2721,0.2716,0.2717,0.272,0.2727,0.2722,0.2718,0.2706
1998,12,23,12/23/1998,0.2732,5.0,1998-12-23,0.2726,0.2721,0.2716,0.2717,0.272,0.2727,0.2722,0.271
1998,12,24,12/24/1998,0.2738,5.0,1998-12-24,0.2732,0.2726,0.2721,0.2716,0.2717,0.272,0.2727,0.2723
1998,12,25,12/25/1998,0.2744,5.0,1998-12-25,0.2738,0.2732,0.2726,0.2721,0.2716,0.2717,0.272,0.2739
1998,12,26,12/26/1998,0.2751,5.0,1998-12-26,0.2744,0.2738,0.2732,0.2726,0.2721,0.2716,0.2717,0.2756
1998,12,27,12/27/1998,0.2755,5.0,1998-12-27,0.2751,0.2744,0.2738,0.2732,0.2726,0.2721,0.2716,0.2762
1998,12,28,12/28/1998,0.2766,5.0,1998-12-28,0.2755,0.2751,0.2744,0.2738,0.2732,0.2726,0.2721,0.2769
1998,12,29,12/29/1998,0.277,5.0,1998-12-29,0.2766,0.2755,0.2751,0.2744,0.2738,0.2732,0.2726,0.2774
1998,12,30,12/30/1998,0.277,5.0,1998-12-30,0.277,0.2766,0.2755,0.2751,0.2744,0.2738,0.2732,0.2777
1998,12,31,12/31/1998,0.2767,5.0,1998-12-31,0.277,0.277,0.2766,0.2755,0.2751,0.2744,0.2738,0.2774
1999,1,01,1/01/1999,0.2754,5.0,1999-01-01,0.2767,0.277,0.277,0.2766,0.2755,0.2751,0.2744,0.2762
1999,1,02,1/02/1999,0.2744,5.0,1999-01-02,0.2754,0.2767,0.277,0.277,0.2766,0.2755,0.2751,0.2752
1999,1,04,1/04/1999,0.2731,5.0,1999-01-04,0.2744,0.2754,0.2767,0.277,0.277,0.2766,0.2755,0.274
1999,1,05,1/05/1999,0.2725,5.0,1999-01-05,0.2731,0.2744,0.2754,0.2767,0.277,0.277,0.2766,0.2732
1999,1,08,1/08/1999,0.2704,5.0,1999-01-08,0.2725,0.2731,0.2744,0.2754,0.2767,0.277,0.277,0.2727
1999,1,09,1/09/1999,0.2699,5.0,1999-01-09,0.2704,0.2725,0.2731,0.2744,0.2754,0.2767,0.277,0.2731
1999,1,10,1/10/1999,0.2698,5.0,1999-01-10,0.2699,0.2704,0.2725,0.2731,0.2744,0.2754,0.2767,0.2728
1999,1,11,1/11/1999,0.2693,5.0,1999-01-11,0.2698,0.2699,0.2704,0.2725,0.2731,0.2744,0.2754,0.2727
1999,1,12,1/12/1999,0.2695,5.0,1999-01-12,0.2693,0.2698,0.2699,0.2704,0.2725,0.2731,0.2744,0.2714
1999,1,13,1/13/1999,0.2703,5.0,1999-01-13,0.2695,0.2693,0.2698,0.2699,0.2704,0.2725,0.2731,0.2715
1999,1,14,1/14/1999,0.2709,5.0,1999-01-14,0.2703,0.2695,0.2693,0.2698,0.2699,0.2704,0.2725,0.2718
1999,1,15,1/15/1999,0.2714,5.0,1999-01-15,0.2709,0.2703,0.2695,0.2693,0.2698,0.2699,0.2704,0.2722
1999,1,16,1/16/1999,0.2723,5.0,1999-01-16,0.2714,0.2709,0.2703,0.2695,0.2693,0.2698,0.2699,0.2727
1999,1,17,1/17/1999,0.2734,5.0,1999-01-17,0.2723,0.2714,0.2709,0.2703,0.2695,0.2693,0.2698,0.272
1999,1,18,1/18/1999,0.2738,5.0,1999-01-18,0.2734,0.2723,0.2714,0.2709,0.2703,0.2695,0.2693,0.2717
1999,1,19,1/19/1999,0.2746,5.0,1999-01-19,0.2738,0.2734,0.2723,0.2714,0.2709,0.2703,0.2695,0.2716
1999,1,20,1/20/1999,0.2758,5.0,1999-01-20,0.2746,0.2738,0.2734,0.2723,0.2714,0.2709,0.2703,0.2721
1999,1,21,1/21/1999,0.2762,5.0,1999-01-21,0.2758,0.2746,0.2738,0.2734,0.2723,0.2714,0.2709,0.2726
1999,1,22,1/22/1999,0.2765,5.0,1999-01-22,0.2762,0.2758,0.2746,0.2738,0.2734,0.2723,0.2714,0.2732
1999,1,23,1/23/1999,0.2761,5.0,1999-01-23,0.2765,0.2762,0.2758,0.2746,0.2738,0.2734,0.2723,0.2738
1999,1,24,1/24/1999,0.2761,5.0,1999-01-24,0.2761,0.2765,0.2762,0.2758,0.2746,0.2738,0.2734,0.2744
1999,1,25,1/25/1999,0.2751,5.0,1999-01-25,0.2761,0.2761,0.2765,0.2762,0.2758,0.2746,0.2738,0.2751
1999,1,26,1/26/1999,0.2743,5.0,1999-01-26,0.2751,0.2761,0.2761,0.2765,0.2762,0.2758,0.2746,0.2755
1999,1,27,1/27/1999,0.2742,5.0,1999-01-27,0.2743,0.2751,0.2761,0.2761,0.2765,0.2762,0.2758,0.2766
1999,1,28,1/28/1999,0.2735,5.0,1999-01-28,0.2742,0.2743,0.2751,0.2761,0.2761,0.2765,0.2762,0.277
1999,1,29,1/29/1999,0.2731,5.0,1999-01-29,0.2735,0.2742,0.2743,0.2751,0.2761,0.2761,0.2765,0.277
1999,1,30,1/30/1999,0.2722,5.0,1999-01-30,0.2731,0.2735,0.2742,0.2743,0.2751,0.2761,0.2761,0.2767
1999,1,31,1/31/1999,0.2714,5.0,1999-01-31,0.2722,0.2731,0.2735,0.2742,0.2743,0.2751,0.2761,0.2754
1999,2,01,2/01/1999,0.2701,5.0,1999-02-01,0.2714,0.2722,0.2731,0.2735,0.2742,0.2743,0.2751,0.2744
1999,2,02,2/02/1999,0.2693,5.0,1999-02-02,0.2701,0.2714,0.2722,0.2731,0.2735,0.2742,0.2743,0.2731
1999,2,03,2/03/1999,0.269,5.0,1999-02-03,0.2693,0.2701,0.2714,0.2722,0.2731,0.2735,0.2742,0.2725
1999,2,04,2/04/1999,0.2686,5.0,1999-02-04,0.269,0.2693,0.2701,0.2714,0.2722,0.2731,0.2735,0.2704
1999,2,07,2/07/1999,0.2686,5.0,1999-02-07,0.2686,0.269,0.2693,0.2701,0.2714,0.2722,0.2731,0.2699
1999,2,08,2/08/1999,0.2692,5.0,1999-02-08,0.2686,0.2686,0.269,0.2693,0.2701,0.2714,0.2722,0.2698
1999,2,09,2/09/1999,0.2703,5.0,1999-02-09,0.2692,0.2686,0.2686,0.269,0.2693,0.2701,0.2714,0.2693
1999,2,10,2/10/1999,0.2714,5.0,1999-02-10,0.2703,0.2692,0.2686,0.2686,0.269,0.2693,0.2701,0.2695
1999,2,11,2/11/1999,0.2722,5.0,1999-02-11,0.2714,0.2703,0.2692,0.2686,0.2686,0.269,0.2693,0.2703
1999,2,12,2/12/1999,0.2739,5.0,1999-02-12,0.2722,0.2714,0.2703,0.2692,0.2686,0.2686,0.269,0.2709
1999,2,13,2/13/1999,0.2746,5.0,1999-02-13,0.2739,0.2722,0.2714,0.2703,0.2692,0.2686,0.2686,0.2714
1999,2,14,2/14/1999,0.2759,5.0,1999-02-14,0.2746,0.2739,0.2722,0.2714,0.2703,0.2692,0.2686,0.2723
1999,2,15,2/15/1999,0.2766,5.0,1999-02-15,0.2759,0.2746,0.2739,0.2722,0.2714,0.2703,0.2692,0.2734
1999,2,16,2/16/1999,0.2774,5.0,1999-02-16,0.2766,0.2759,0.2746,0.2739,0.2722,0.2714,0.2703,0.2738
1999,2,17,2/17/1999,0.2772,5.0,1999-02-17,0.2774,0.2766,0.2759,0.2746,0.2739,0.2722,0.2714,0.2746
1999,2,18,2/18/1999,0.2773,5.0,1999-02-18,0.2772,0.2774,0.2766,0.2759,0.2746,0.2739,0.2722,0.2758
1999,2,19,2/19/1999,0.2765,5.0,1999-02-19,0.2773,0.2772,0.2774,0.2766,0.2759,0.2746,0.2739,0.2762
1999,2,20,2/20/1999,0.2756,5.0,1999-02-20,0.2765,0.2773,0.2772,0.2774,0.2766,0.2759,0.2746,0.2765
1999,2,21,2/21/1999,0.2747,5.0,1999-02-21,0.2756,0.2765,0.2773,0.2772,0.2774,0.2766,0.2759,0.2761
1999,2,22,2/22/1999,0.2737,5.0,1999-02-22,0.2747,0.2756,0.2765,0.2773,0.2772,0.2774,0.2766,0.2761
1999,2,23,2/23/1999,0.2731,5.0,1999-02-23,0.2737,0.2747,0.2756,0.2765,0.2773,0.2772,0.2774,0.2751
1999,2,24,2/24/1999,0.2728,5.0,1999-02-24,0.2731,0.2737,0.2747,0.2756,0.2765,0.2773,0.2772,0.2743
1999,2,25,2/25/1999,0.2723,5.0,1999-02-25,0.2728,0.2731,0.2737,0.2747,0.2756,0.2765,0.2773,0.2742
1999,2,26,2/26/1999,0.2717,5.0,1999-02-26,0.2723,0.2728,0.2731,0.2737,0.2747,0.2756,0.2765,0.2735
1999,2,27,2/27/1999,0.2709,5.0,1999-02-27,0.2717,0.2723,0.2728,0.2731,0.2737,0.2747,0.2756,0.2731
1999,2,28,2/28/1999,0.2708,5.0,1999-02-28,0.2709,0.2717,0.2723,0.2728,0.2731,0.2737,0.2747,0.2722
1999,3,01,3/01/1999,0.2707,5.0,1999-03-01,0.2708,0.2709,0.2717,0.2723,0.2728,0.2731,0.2737,0.2714
1999,3,02,3/02/1999,0.271,5.0,1999-03-02,0.2707,0.2708,0.2709,0.2717,0.2723,0.2728,0.2731,0.2701
1999,3,06,3/06/1999,0.2703,5.0,1999-03-06,0.271,0.2707,0.2708,0.2709,0.2717,0.2723,0.2728,0.2693
1999,3,07,3/07/1999,0.2705,5.0,1999-03-07,0.2703,0.271,0.2707,0.2708,0.2709,0.2717,0.2723,0.269
1999,3,08,3/08/1999,0.2708,5.0,1999-03-08,0.2705,0.2703,0.271,0.2707,0.2708,0.2709,0.2717,0.2686
1999,3,09,3/09/1999,0.2718,5.0,1999-03-09,0.2708,0.2705,0.2703,0.271,0.2707,0.2708,0.2709,0.2686
1999,3,10,3/10/1999,0.2728,5.0,1999-03-10,0.2718,0.2708,0.2705,0.2703,0.271,0.2707,0.2708,0.2692
1999,3,11,3/11/1999,0.2748,5.0,1999-03-11,0.2728,0.2718,0.2708,0.2705,0.2703,0.271,0.2707,0.2703
1999,3,12,3/12/1999,0.2747,5.0,1999-03-12,0.2748,0.2728,0.2718,0.2708,0.2705,0.2703,0.271,0.2714
1999,3,13,3/13/1999,0.2752,5.0,1999-03-13,0.2747,0.2748,0.2728,0.2718,0.2708,0.2705,0.2703,0.2722
1999,3,14,3/14/1999,0.2756,5.0,1999-03-14,0.2752,0.2747,0.2748,0.2728,0.2718,0.2708,0.2705,0.2739
1999,3,15,3/15/1999,0.2754,5.0,1999-03-15,0.2756,0.2752,0.2747,0.2748,0.2728,0.2718,0.2708,0.2746
1999,3,16,3/16/1999,0.2757,5.0,1999-03-16,0.2754,0.2756,0.2752,0.2747,0.2748,0.2728,0.2718,0.2759
1999,3,17,3/17/1999,0.2754,5.0,1999-03-17,0.2757,0.2754,0.2756,0.2752,0.2747,0.2748,0.2728,0.2766
1999,3,18,3/18/1999,0.2752,5.0,1999-03-18,0.2754,0.2757,0.2754,0.2756,0.2752,0.2747,0.2748,0.2774
1999,3,19,3/19/1999,0.2741,5.0,1999-03-19,0.2752,0.2754,0.2757,0.2754,0.2756,0.2752,0.2747,0.2772
1999,3,20,3/20/1999,0.2731,5.0,1999-03-20,0.2741,0.2752,0.2754,0.2757,0.2754,0.2756,0.2752,0.2773
1999,3,21,3/21/1999,0.2724,5.0,1999-03-21,0.2731,0.2741,0.2752,0.2754,0.2757,0.2754,0.2756,0.2765
1999,3,22,3/22/1999,0.2714,5.0,1999-03-22,0.2724,0.2731,0.2741,0.2752,0.2754,0.2757,0.2754,0.2756
1999,3,24,3/24/1999,0.2708,5.0,1999-03-24,0.2714,0.2724,0.2731,0.2741,0.2752,0.2754,0.2757,0.2747
1999,3,26,3/26/1999,0.27,5.0,1999-03-26,0.2708,0.2714,0.2724,0.2731,0.2741,0.2752,0.2754,0.2737
1999,3,27,3/27/1999,0.2699,5.0,1999-03-27,0.27,0.2708,0.2714,0.2724,0.2731,0.2741,0.2752,0.2731
1999,3,28,3/28/1999,0.2697,5.0,1999-03-28,0.2699,0.27,0.2708,0.2714,0.2724,0.2731,0.2741,0.2728
1999,3,31,3/31/1999,0.2694,5.0,1999-03-31,0.2697,0.2699,0.27,0.2708,0.2714,0.2724,0.2731,0.2723
1999,4,01,4/01/1999,0.2691,5.0,1999-04-01,0.2694,0.2697,0.2699,0.27,0.2708,0.2714,0.2724,0.2717
1999,4,02,4/02/1999,0.2691,5.0,1999-04-02,0.2691,0.2694,0.2697,0.2699,0.27,0.2708,0.2714,0.2709
1999,4,03,4/03/1999,0.2691,5.0,1999-04-03,0.2691,0.2691,0.2694,0.2697,0.2699,0.27,0.2708,0.2708
1999,4,04,4/04/1999,0.2703,5.0,1999-04-04,0.2691,0.2691,0.2691,0.2694,0.2697,0.2699,0.27,0.2707
1999,4,05,4/05/1999,0.2713,5.0,1999-04-05,0.2703,0.2691,0.2691,0.2691,0.2694,0.2697,0.2699,0.271
1999,4,06,4/06/1999,0.2726,5.0,1999-04-06,0.2713,0.2703,0.2691,0.2691,0.2691,0.2694,0.2697,0.2703
1999,4,07,4/07/1999,0.2736,5.0,1999-04-07,0.2726,0.2713,0.2703,0.2691,0.2691,0.2691,0.2694,0.2705
1999,4,08,4/08/1999,0.2743,5.0,1999-04-08,0.2736,0.2726,0.2713,0.2703,0.2691,0.2691,0.2691,0.2708
1999,4,09,4/09/1999,0.2748,5.0,1999-04-09,0.2743,0.2736,0.2726,0.2713,0.2703,0.2691,0.2691,0.2718
1999,4,10,4/10/1999,0.275,5.0,1999-04-10,0.2748,0.2743,0.2736,0.2726,0.2713,0.2703,0.2691,0.2728
1999,4,11,4/11/1999,0.2755,5.0,1999-04-11,0.275,0.2748,0.2743,0.2736,0.2726,0.2713,0.2703,0.2748
1999,4,12,4/12/1999,0.2753,5.0,1999-04-12,0.2755,0.275,0.2748,0.2743,0.2736,0.2726,0.2713,0.2747
1999,4,13,4/13/1999,0.275,5.0,1999-04-13,0.2753,0.2755,0.275,0.2748,0.2743,0.2736,0.2726,0.2752
1999,4,14,4/14/1999,0.274,5.0,1999-04-14,0.275,0.2753,0.2755,0.275,0.2748,0.2743,0.2736,0.2756
1999,4,15,4/15/1999,0.2727,5.0,1999-04-15,0.274,0.275,0.2753,0.2755,0.275,0.2748,0.2743,0.2754
1999,4,16,4/16/1999,0.2717,5.0,1999-04-16,0.2727,0.274,0.275,0.2753,0.2755,0.275,0.2748,0.2757
1999,4,17,4/17/1999,0.2708,5.0,1999-04-17,0.2717,0.2727,0.274,0.275,0.2753,0.2755,0.275,0.2754
1999,4,18,4/18/1999,0.2704,5.0,1999-04-18,0.2708,0.2717,0.2727,0.274,0.275,0.2753,0.2755,0.2752
1999,4,19,4/19/1999,0.2695,5.0,1999-04-19,0.2704,0.2708,0.2717,0.2727,0.274,0.275,0.2753,0.2741
1999,4,20,4/20/1999,0.2687,5.0,1999-04-20,0.2695,0.2704,0.2708,0.2717,0.2727,0.274,0.275,0.2731
1999,4,21,4/21/1999,0.2683,5.0,1999-04-21,0.2687,0.2695,0.2704,0.2708,0.2717,0.2727,0.274,0.2724
1999,4,22,4/22/1999,0.2678,5.0,1999-04-22,0.2683,0.2687,0.2695,0.2704,0.2708,0.2717,0.2727,0.2714
1999,4,23,4/23/1999,0.2679,5.0,1999-04-23,0.2678,0.2683,0.2687,0.2695,0.2704,0.2708,0.2717,0.2708
1999,4,24,4/24/1999,0.2681,5.0,1999-04-24,0.2679,0.2678,0.2683,0.2687,0.2695,0.2704,0.2708,0.27
1999,4,25,4/25/1999,0.2682,5.0,1999-04-25,0.2681,0.2679,0.2678,0.2683,0.2687,0.2695,0.2704,0.2699
1999,4,26,4/26/1999,0.2683,5.0,1999-04-26,0.2682,0.2681,0.2679,0.2678,0.2683,0.2687,0.2695,0.2697
1999,4,27,4/27/1999,0.2685,5.0,1999-04-27,0.2683,0.2682,0.2681,0.2679,0.2678,0.2683,0.2687,0.2694
1999,4,30,4/30/1999,0.2696,5.0,1999-04-30,0.2685,0.2683,0.2682,0.2681,0.2679,0.2678,0.2683,0.2691
1999,5,01,5/01/1999,0.271,5.0,1999-05-01,0.2696,0.2685,0.2683,0.2682,0.2681,0.2679,0.2678,0.2691
1999,5,02,5/02/1999,0.272,5.0,1999-05-02,0.271,0.2696,0.2685,0.2683,0.2682,0.2681,0.2679,0.2691
1999,5,03,5/03/1999,0.2727,5.0,1999-05-03,0.272,0.271,0.2696,0.2685,0.2683,0.2682,0.2681,0.2703
1999,5,04,5/04/1999,0.2736,5.0,1999-05-04,0.2727,0.272,0.271,0.2696,0.2685,0.2683,0.2682,0.2713
1999,5,05,5/05/1999,0.2742,5.0,1999-05-05,0.2736,0.2727,0.272,0.271,0.2696,0.2685,0.2683,0.2726
1999,5,06,5/06/1999,0.275,5.0,1999-05-06,0.2742,0.2736,0.2727,0.272,0.271,0.2696,0.2685,0.2736
1999,5,07,5/07/1999,0.2766,5.0,1999-05-07,0.275,0.2742,0.2736,0.2727,0.272,0.271,0.2696,0.2743
1999,5,08,5/08/1999,0.2778,5.0,1999-05-08,0.2766,0.275,0.2742,0.2736,0.2727,0.272,0.271,0.2748
1999,5,09,5/09/1999,0.2776,5.0,1999-05-09,0.2778,0.2766,0.275,0.2742,0.2736,0.2727,0.272,0.275
1999,5,10,5/10/1999,0.2771,5.0,1999-05-10,0.2776,0.2778,0.2766,0.275,0.2742,0.2736,0.2727,0.2755
1999,5,11,5/11/1999,0.2772,5.0,1999-05-11,0.2771,0.2776,0.2778,0.2766,0.275,0.2742,0.2736,0.2753
1999,5,12,5/12/1999,0.2761,5.0,1999-05-12,0.2772,0.2771,0.2776,0.2778,0.2766,0.275,0.2742,0.275
1999,5,13,5/13/1999,0.2759,5.0,1999-05-13,0.2761,0.2772,0.2771,0.2776,0.2778,0.2766,0.275,0.274
1999,5,14,5/14/1999,0.2747,5.0,1999-05-14,0.2759,0.2761,0.2772,0.2771,0.2776,0.2778,0.2766,0.2727
1999,5,15,5/15/1999,0.2744,5.0,1999-05-15,0.2747,0.2759,0.2761,0.2772,0.2771,0.2776,0.2778,0.2717
1999,5,16,5/16/1999,0.2733,5.0,1999-05-16,0.2744,0.2747,0.2759,0.2761,0.2772,0.2771,0.2776,0.2708
1999,5,17,5/17/1999,0.2723,5.0,1999-05-17,0.2733,0.2744,0.2747,0.2759,0.2761,0.2772,0.2771,0.2704
1999,5,18,5/18/1999,0.2709,5.0,1999-05-18,0.2723,0.2733,0.2744,0.2747,0.2759,0.2761,0.2772,0.2695
1999,5,19,5/19/1999,0.2704,5.0,1999-05-19,0.2709,0.2723,0.2733,0.2744,0.2747,0.2759,0.2761,0.2687
1999,5,20,5/20/1999,0.2706,5.0,1999-05-20,0.2704,0.2709,0.2723,0.2733,0.2744,0.2747,0.2759,0.2683
1999,5,23,5/23/1999,0.2717,5.0,1999-05-23,0.2706,0.2704,0.2709,0.2723,0.2733,0.2744,0.2747,0.2678
1999,5,24,5/24/1999,0.2719,5.0,1999-05-24,0.2717,0.2706,0.2704,0.2709,0.2723,0.2733,0.2744,0.2679
1999,5,25,5/25/1999,0.2725,5.0,1999-05-25,0.2719,0.2717,0.2706,0.2704,0.2709,0.2723,0.2733,0.2681
1999,5,26,5/26/1999,0.2733,5.0,1999-05-26,0.2725,0.2719,0.2717,0.2706,0.2704,0.2709,0.2723,0.2682
1999,5,27,5/27/1999,0.274,5.0,1999-05-27,0.2733,0.2725,0.2719,0.2717,0.2706,0.2704,0.2709,0.2683
1999,5,28,5/28/1999,0.2747,5.0,1999-05-28,0.274,0.2733,0.2725,0.2719,0.2717,0.2706,0.2704,0.2685
1999,5,29,5/29/1999,0.2755,5.0,1999-05-29,0.2747,0.274,0.2733,0.2725,0.2719,0.2717,0.2706,0.2696
1999,5,30,5/30/1999,0.2763,5.0,1999-05-30,0.2755,0.2747,0.274,0.2733,0.2725,0.2719,0.2717,0.271
1999,5,31,5/31/1999,0.2765,5.0,1999-05-31,0.2763,0.2755,0.2747,0.274,0.2733,0.2725,0.2719,0.272
1999,6,01,6/01/1999,0.2769,5.0,1999-06-01,0.2765,0.2763,0.2755,0.2747,0.274,0.2733,0.2725,0.2727
1999,6,02,6/02/1999,0.2773,5.0,1999-06-02,0.2769,0.2765,0.2763,0.2755,0.2747,0.274,0.2733,0.2736
1999,6,03,6/03/1999,0.2777,5.0,1999-06-03,0.2773,0.2769,0.2765,0.2763,0.2755,0.2747,0.274,0.2742
1999,6,04,6/04/1999,0.2774,5.0,1999-06-04,0.2777,0.2773,0.2769,0.2765,0.2763,0.2755,0.2747,0.275
1999,6,05,6/05/1999,0.2778,5.0,1999-06-05,0.2774,0.2777,0.2773,0.2769,0.2765,0.2763,0.2755,0.2766
1999,6,06,6/06/1999,0.2775,5.0,1999-06-06,0.2778,0.2774,0.2777,0.2773,0.2769,0.2765,0.2763,0.2778
1999,6,07,6/07/1999,0.277,5.0,1999-06-07,0.2775,0.2778,0.2774,0.2777,0.2773,0.2769,0.2765,0.2776
1999,6,08,6/08/1999,0.2762,5.0,1999-06-08,0.277,0.2775,0.2778,0.2774,0.2777,0.2773,0.2769,0.2771
1999,6,09,6/09/1999,0.276,5.0,1999-06-09,0.2762,0.277,0.2775,0.2778,0.2774,0.2777,0.2773,0.2772
1999,6,10,6/10/1999,0.276,5.0,1999-06-10,0.276,0.2762,0.277,0.2775,0.2778,0.2774,0.2777,0.2761
1999,6,11,6/11/1999,0.2758,5.0,1999-06-11,0.276,0.276,0.2762,0.277,0.2775,0.2778,0.2774,0.2759
1999,6,12,6/12/1999,0.2756,5.0,1999-06-12,0.2758,0.276,0.276,0.2762,0.277,0.2775,0.2778,0.2747
1999,6,13,6/13/1999,0.2752,5.0,1999-06-13,0.2756,0.2758,0.276,0.276,0.2762,0.277,0.2775,0.2744
1999,6,14,6/14/1999,0.2745,5.0,1999-06-14,0.2752,0.2756,0.2758,0.276,0.276,0.2762,0.277,0.2733
1999,6,17,6/17/1999,0.2731,5.0,1999-06-17,0.2745,0.2752,0.2756,0.2758,0.276,0.276,0.2762,0.2723
1999,6,18,6/18/1999,0.2728,5.0,1999-06-18,0.2731,0.2745,0.2752,0.2756,0.2758,0.276,0.276,0.2709
1999,6,19,6/19/1999,0.2729,5.0,1999-06-19,0.2728,0.2731,0.2745,0.2752,0.2756,0.2758,0.276,0.2704
1999,6,20,6/20/1999,0.2728,5.0,1999-06-20,0.2729,0.2728,0.2731,0.2745,0.2752,0.2756,0.2758,0.2706
1999,6,22,6/22/1999,0.2737,5.0,1999-06-22,0.2728,0.2729,0.2728,0.2731,0.2745,0.2752,0.2756,0.2717
1999,6,23,6/23/1999,0.2756,5.0,1999-06-23,0.2737,0.2728,0.2729,0.2728,0.2731,0.2745,0.2752,0.2719
1999,6,24,6/24/1999,0.2779,5.0,1999-06-24,0.2756,0.2737,0.2728,0.2729,0.2728,0.2731,0.2745,0.2725
1999,6,25,6/25/1999,0.2792,5.0,1999-06-25,0.2779,0.2756,0.2737,0.2728,0.2729,0.2728,0.2731,0.2733
1999,6,26,6/26/1999,0.2799,5.0,1999-06-26,0.2792,0.2779,0.2756,0.2737,0.2728,0.2729,0.2728,0.274
1999,6,27,6/27/1999,0.28,5.0,1999-06-27,0.2799,0.2792,0.2779,0.2756,0.2737,0.2728,0.2729,0.2747
1999,6,28,6/28/1999,0.2797,5.0,1999-06-28,0.28,0.2799,0.2792,0.2779,0.2756,0.2737,0.2728,0.2755
1999,6,29,6/29/1999,0.2799,5.0,1999-06-29,0.2797,0.28,0.2799,0.2792,0.2779,0.2756,0.2737,0.2763
1999,6,30,6/30/1999,0.2806,5.0,1999-06-30,0.2799,0.2797,0.28,0.2799,0.2792,0.2779,0.2756,0.2765
1999,7,01,7/01/1999,0.2799,5.0,1999-07-01,0.2806,0.2799,0.2797,0.28,0.2799,0.2792,0.2779,0.2769
1999,7,02,7/02/1999,0.2798,5.0,1999-07-02,0.2799,0.2806,0.2799,0.2797,0.28,0.2799,0.2792,0.2773
1999,7,03,7/03/1999,0.2795,5.0,1999-07-03,0.2798,0.2799,0.2806,0.2799,0.2797,0.28,0.2799,0.2777
1999,7,04,7/04/1999,0.2786,5.0,1999-07-04,0.2795,0.2798,0.2799,0.2806,0.2799,0.2797,0.28,0.2774
1999,7,05,7/05/1999,0.2779,5.0,1999-07-05,0.2786,0.2795,0.2798,0.2799,0.2806,0.2799,0.2797,0.2778
1999,7,06,7/06/1999,0.2775,5.0,1999-07-06,0.2779,0.2786,0.2795,0.2798,0.2799,0.2806,0.2799,0.2775
1999,7,09,7/09/1999,0.2764,5.0,1999-07-09,0.2775,0.2779,0.2786,0.2795,0.2798,0.2799,0.2806,0.277
1999,7,10,7/10/1999,0.2762,5.0,1999-07-10,0.2764,0.2775,0.2779,0.2786,0.2795,0.2798,0.2799,0.2762
1999,7,11,7/11/1999,0.2755,5.0,1999-07-11,0.2762,0.2764,0.2775,0.2779,0.2786,0.2795,0.2798,0.276
1999,7,12,7/12/1999,0.2749,5.0,1999-07-12,0.2755,0.2762,0.2764,0.2775,0.2779,0.2786,0.2795,0.276
1999,7,13,7/13/1999,0.2744,5.0,1999-07-13,0.2749,0.2755,0.2762,0.2764,0.2775,0.2779,0.2786,0.2758
1999,7,14,7/14/1999,0.2735,5.0,1999-07-14,0.2744,0.2749,0.2755,0.2762,0.2764,0.2775,0.2779,0.2756
1999,7,15,7/15/1999,0.2729,5.0,1999-07-15,0.2735,0.2744,0.2749,0.2755,0.2762,0.2764,0.2775,0.2752
1999,7,16,7/16/1999,0.2724,5.0,1999-07-16,0.2729,0.2735,0.2744,0.2749,0.2755,0.2762,0.2764,0.2745
1999,7,17,7/17/1999,0.2726,5.0,1999-07-17,0.2724,0.2729,0.2735,0.2744,0.2749,0.2755,0.2762,0.2731
1999,7,18,7/18/1999,0.273,5.0,1999-07-18,0.2726,0.2724,0.2729,0.2735,0.2744,0.2749,0.2755,0.2728
1999,7,19,7/19/1999,0.2733,5.0,1999-07-19,0.273,0.2726,0.2724,0.2729,0.2735,0.2744,0.2749,0.2729
1999,7,20,7/20/1999,0.2733,5.0,1999-07-20,0.2733,0.273,0.2726,0.2724,0.2729,0.2735,0.2744,0.2728
1999,7,21,7/21/1999,0.274,5.0,1999-07-21,0.2733,0.2733,0.273,0.2726,0.2724,0.2729,0.2735,0.2737
1999,7,22,7/22/1999,0.2749,5.0,1999-07-22,0.274,0.2733,0.2733,0.273,0.2726,0.2724,0.2729,0.2756
1999,7,23,7/23/1999,0.2756,5.0,1999-07-23,0.2749,0.274,0.2733,0.2733,0.273,0.2726,0.2724,0.2779
1999,7,24,7/24/1999,0.2759,5.0,1999-07-24,0.2756,0.2749,0.274,0.2733,0.2733,0.273,0.2726,0.2792
1999,7,25,7/25/1999,0.2763,5.0,1999-07-25,0.2759,0.2756,0.2749,0.274,0.2733,0.2733,0.273,0.2799
1999,7,26,7/26/1999,0.277,5.0,1999-07-26,0.2763,0.2759,0.2756,0.2749,0.274,0.2733,0.2733,0.28
1999,7,27,7/27/1999,0.2771,5.0,1999-07-27,0.277,0.2763,0.2759,0.2756,0.2749,0.274,0.2733,0.2797
1999,7,28,7/28/1999,0.2778,5.0,1999-07-28,0.2771,0.277,0.2763,0.2759,0.2756,0.2749,0.274,0.2799
1999,7,29,7/29/1999,0.279,5.0,1999-07-29,0.2778,0.2771,0.277,0.2763,0.2759,0.2756,0.2749,0.2806
1999,7,30,7/30/1999,0.2792,5.0,1999-07-30,0.279,0.2778,0.2771,0.277,0.2763,0.2759,0.2756,0.2799
1999,7,31,7/31/1999,0.2794,5.0,1999-07-31,0.2792,0.279,0.2778,0.2771,0.277,0.2763,0.2759,0.2798
1999,8,01,8/01/1999,0.2789,5.0,1999-08-01,0.2794,0.2792,0.279,0.2778,0.2771,0.277,0.2763,0.2795
1999,8,02,8/02/1999,0.2788,5.0,1999-08-02,0.2789,0.2794,0.2792,0.279,0.2778,0.2771,0.277,0.2786
1999,8,03,8/03/1999,0.2787,5.0,1999-08-03,0.2788,0.2789,0.2794,0.2792,0.279,0.2778,0.2771,0.2779
1999,8,06,8/06/1999,0.2767,5.0,1999-08-06,0.2787,0.2788,0.2789,0.2794,0.2792,0.279,0.2778,0.2775
1999,8,07,8/07/1999,0.2756,5.0,1999-08-07,0.2767,0.2787,0.2788,0.2789,0.2794,0.2792,0.279,0.2764
1999,8,08,8/08/1999,0.2752,5.0,1999-08-08,0.2756,0.2767,0.2787,0.2788,0.2789,0.2794,0.2792,0.2762
1999,8,09,8/09/1999,0.2741,5.0,1999-08-09,0.2752,0.2756,0.2767,0.2787,0.2788,0.2789,0.2794,0.2755
1999,8,10,8/10/1999,0.273,5.0,1999-08-10,0.2741,0.2752,0.2756,0.2767,0.2787,0.2788,0.2789,0.2749
1999,8,12,8/12/1999,0.2721,5.0,1999-08-12,0.273,0.2741,0.2752,0.2756,0.2767,0.2787,0.2788,0.2744
1999,8,13,8/13/1999,0.2724,5.0,1999-08-13,0.2721,0.273,0.2741,0.2752,0.2756,0.2767,0.2787,0.2735
1999,8,14,8/14/1999,0.2727,5.0,1999-08-14,0.2724,0.2721,0.273,0.2741,0.2752,0.2756,0.2767,0.2729
1999,8,15,8/15/1999,0.2725,5.0,1999-08-15,0.2727,0.2724,0.2721,0.273,0.2741,0.2752,0.2756,0.2724
1999,8,16,8/16/1999,0.2727,5.0,1999-08-16,0.2725,0.2727,0.2724,0.2721,0.273,0.2741,0.2752,0.2726
1999,8,17,8/17/1999,0.2724,5.0,1999-08-17,0.2727,0.2725,0.2727,0.2724,0.2721,0.273,0.2741,0.273
1999,8,18,8/18/1999,0.2723,5.0,1999-08-18,0.2724,0.2727,0.2725,0.2727,0.2724,0.2721,0.273,0.2733
1999,8,19,8/19/1999,0.2732,5.0,1999-08-19,0.2723,0.2724,0.2727,0.2725,0.2727,0.2724,0.2721,0.2733
1999,8,20,8/20/1999,0.2733,5.0,1999-08-20,0.2732,0.2723,0.2724,0.2727,0.2725,0.2727,0.2724,0.274
1999,8,21,8/21/1999,0.2747,5.0,1999-08-21,0.2733,0.2732,0.2723,0.2724,0.2727,0.2725,0.2727,0.2749
1999,8,22,8/22/1999,0.2758,5.0,1999-08-22,0.2747,0.2733,0.2732,0.2723,0.2724,0.2727,0.2725,0.2756
1999,8,23,8/23/1999,0.2771,5.0,1999-08-23,0.2758,0.2747,0.2733,0.2732,0.2723,0.2724,0.2727,0.2759
1999,8,24,8/24/1999,0.2787,5.0,1999-08-24,0.2771,0.2758,0.2747,0.2733,0.2732,0.2723,0.2724,0.2763
1999,8,27,8/27/1999,0.2812,5.0,1999-08-27,0.2787,0.2771,0.2758,0.2747,0.2733,0.2732,0.2723,0.277
1999,8,30,8/30/1999,0.2809,5.0,1999-08-30,0.2812,0.2787,0.2771,0.2758,0.2747,0.2733,0.2732,0.2771
1999,8,31,8/31/1999,0.2799,5.0,1999-08-31,0.2809,0.2812,0.2787,0.2771,0.2758,0.2747,0.2733,0.2778
1999,9,01,9/01/1999,0.2779,5.0,1999-09-01,0.2799,0.2809,0.2812,0.2787,0.2771,0.2758,0.2747,0.279
1999,9,02,9/02/1999,0.2765,5.0,1999-09-02,0.2779,0.2799,0.2809,0.2812,0.2787,0.2771,0.2758,0.2792
1999,9,03,9/03/1999,0.2755,5.0,1999-09-03,0.2765,0.2779,0.2799,0.2809,0.2812,0.2787,0.2771,0.2794
1999,9,04,9/04/1999,0.2747,5.0,1999-09-04,0.2755,0.2765,0.2779,0.2799,0.2809,0.2812,0.2787,0.2789
1999,9,05,9/05/1999,0.2733,5.0,1999-09-05,0.2747,0.2755,0.2765,0.2779,0.2799,0.2809,0.2812,0.2788
1999,9,06,9/06/1999,0.2719,5.0,1999-09-06,0.2733,0.2747,0.2755,0.2765,0.2779,0.2799,0.2809,0.2787
1999,9,07,9/07/1999,0.2713,5.0,1999-09-07,0.2719,0.2733,0.2747,0.2755,0.2765,0.2779,0.2799,0.2767
1999,9,08,9/08/1999,0.2712,5.0,1999-09-08,0.2713,0.2719,0.2733,0.2747,0.2755,0.2765,0.2779,0.2756
1999,9,09,9/09/1999,0.271,5.0,1999-09-09,0.2712,0.2713,0.2719,0.2733,0.2747,0.2755,0.2765,0.2752
1999,9,10,9/10/1999,0.2713,5.0,1999-09-10,0.271,0.2712,0.2713,0.2719,0.2733,0.2747,0.2755,0.2741
1999,9,11,9/11/1999,0.2716,5.0,1999-09-11,0.2713,0.271,0.2712,0.2713,0.2719,0.2733,0.2747,0.273
1999,9,14,9/14/1999,0.2731,5.0,1999-09-14,0.2716,0.2713,0.271,0.2712,0.2713,0.2719,0.2733,0.2721
1999,9,15,9/15/1999,0.2723,5.0,1999-09-15,0.2731,0.2716,0.2713,0.271,0.2712,0.2713,0.2719,0.2724
1999,9,16,9/16/1999,0.2737,5.0,1999-09-16,0.2723,0.2731,0.2716,0.2713,0.271,0.2712,0.2713,0.2727
1999,9,18,9/18/1999,0.2747,5.0,1999-09-18,0.2737,0.2723,0.2731,0.2716,0.2713,0.271,0.2712,0.2725
1999,9,19,9/19/1999,0.275,5.0,1999-09-19,0.2747,0.2737,0.2723,0.2731,0.2716,0.2713,0.271,0.2727
1999,9,20,9/20/1999,0.275,5.0,1999-09-20,0.275,0.2747,0.2737,0.2723,0.2731,0.2716,0.2713,0.2724
1999,9,22,9/22/1999,0.2757,5.0,1999-09-22,0.275,0.275,0.2747,0.2737,0.2723,0.2731,0.2716,0.2723
1999,9,23,9/23/1999,0.2758,5.0,1999-09-23,0.2757,0.275,0.275,0.2747,0.2737,0.2723,0.2731,0.2732
1999,9,24,9/24/1999,0.2757,5.0,1999-09-24,0.2758,0.2757,0.275,0.275,0.2747,0.2737,0.2723,0.2733
1999,9,25,9/25/1999,0.2744,5.0,1999-09-25,0.2757,0.2758,0.2757,0.275,0.275,0.2747,0.2737,0.2747
1999,9,26,9/26/1999,0.2738,5.0,1999-09-26,0.2744,0.2757,0.2758,0.2757,0.275,0.275,0.2747,0.2758
1999,9,27,9/27/1999,0.2736,5.0,1999-09-27,0.2738,0.2744,0.2757,0.2758,0.2757,0.275,0.275,0.2771
1999,9,28,9/28/1999,0.2734,5.0,1999-09-28,0.2736,0.2738,0.2744,0.2757,0.2758,0.2757,0.275,0.2787
1999,9,29,9/29/1999,0.2728,5.0,1999-09-29,0.2734,0.2736,0.2738,0.2744,0.2757,0.2758,0.2757,0.2812
1999,9,30,9/30/1999,0.2722,5.0,1999-09-30,0.2728,0.2734,0.2736,0.2738,0.2744,0.2757,0.2758,0.2809
1999,10,01,10/01/1999,0.2723,5.0,1999-10-01,0.2722,0.2728,0.2734,0.2736,0.2738,0.2744,0.2757,0.2799
1999,10,02,10/02/1999,0.2723,5.0,1999-10-02,0.2723,0.2722,0.2728,0.2734,0.2736,0.2738,0.2744,0.2779
1999,10,03,10/03/1999,0.273,5.0,1999-10-03,0.2723,0.2723,0.2722,0.2728,0.2734,0.2736,0.2738,0.2765
1999,10,04,10/04/1999,0.2734,5.0,1999-10-04,0.273,0.2723,0.2723,0.2722,0.2728,0.2734,0.2736,0.2755
1999,10,05,10/05/1999,0.274,5.0,1999-10-05,0.2734,0.273,0.2723,0.2723,0.2722,0.2728,0.2734,0.2747
1999,10,06,10/06/1999,0.2754,5.0,1999-10-06,0.274,0.2734,0.273,0.2723,0.2723,0.2722,0.2728,0.2733
1999,10,07,10/07/1999,0.2757,5.0,1999-10-07,0.2754,0.274,0.2734,0.273,0.2723,0.2723,0.2722,0.2719
1999,10,08,10/08/1999,0.2761,5.0,1999-10-08,0.2757,0.2754,0.274,0.2734,0.273,0.2723,0.2723,0.2713
1999,10,09,10/09/1999,0.2761,5.0,1999-10-09,0.2761,0.2757,0.2754,0.274,0.2734,0.273,0.2723,0.2712
1999,10,12,10/12/1999,0.2765,5.0,1999-10-12,0.2761,0.2761,0.2757,0.2754,0.274,0.2734,0.273,0.271
1999,10,13,10/13/1999,0.2769,5.0,1999-10-13,0.2765,0.2761,0.2761,0.2757,0.2754,0.274,0.2734,0.2713
1999,10,14,10/14/1999,0.277,5.0,1999-10-14,0.2769,0.2765,0.2761,0.2761,0.2757,0.2754,0.274,0.2716
1999,10,15,10/15/1999,0.2764,5.0,1999-10-15,0.277,0.2769,0.2765,0.2761,0.2761,0.2757,0.2754,0.2731
1999,10,16,10/16/1999,0.2767,5.0,1999-10-16,0.2764,0.277,0.2769,0.2765,0.2761,0.2761,0.2757,0.2723
1999,10,17,10/17/1999,0.2763,5.0,1999-10-17,0.2767,0.2764,0.277,0.2769,0.2765,0.2761,0.2761,0.2737
1999,10,18,10/18/1999,0.2763,5.0,1999-10-18,0.2763,0.2767,0.2764,0.277,0.2769,0.2765,0.2761,0.2747
1999,10,19,10/19/1999,0.2754,5.0,1999-10-19,0.2763,0.2763,0.2767,0.2764,0.277,0.2769,0.2765,0.275
1999,10,22,10/22/1999,0.2736,5.0,1999-10-22,0.2754,0.2763,0.2763,0.2767,0.2764,0.277,0.2769,0.275
1999,10,23,10/23/1999,0.2728,5.0,1999-10-23,0.2736,0.2754,0.2763,0.2763,0.2767,0.2764,0.277,0.2757
1999,10,24,10/24/1999,0.2731,5.0,1999-10-24,0.2728,0.2736,0.2754,0.2763,0.2763,0.2767,0.2764,0.2758
1999,10,25,10/25/1999,0.2738,5.0,1999-10-25,0.2731,0.2728,0.2736,0.2754,0.2763,0.2763,0.2767,0.2757
1999,10,26,10/26/1999,0.2748,5.0,1999-10-26,0.2738,0.2731,0.2728,0.2736,0.2754,0.2763,0.2763,0.2744
1999,10,27,10/27/1999,0.2752,5.0,1999-10-27,0.2748,0.2738,0.2731,0.2728,0.2736,0.2754,0.2763,0.2738
1999,10,28,10/28/1999,0.2759,5.0,1999-10-28,0.2752,0.2748,0.2738,0.2731,0.2728,0.2736,0.2754,0.2736
1999,10,29,10/29/1999,0.2764,5.0,1999-10-29,0.2759,0.2752,0.2748,0.2738,0.2731,0.2728,0.2736,0.2734
1999,10,30,10/30/1999,0.2767,5.0,1999-10-30,0.2764,0.2759,0.2752,0.2748,0.2738,0.2731,0.2728,0.2728
1999,10,31,10/31/1999,0.2768,5.0,1999-10-31,0.2767,0.2764,0.2759,0.2752,0.2748,0.2738,0.2731,0.2722
1999,11,01,11/01/1999,0.2758,5.0,1999-11-01,0.2768,0.2767,0.2764,0.2759,0.2752,0.2748,0.2738,0.2723
1999,11,02,11/02/1999,0.2748,5.0,1999-11-02,0.2758,0.2768,0.2767,0.2764,0.2759,0.2752,0.2748,0.2723
1999,11,03,11/03/1999,0.274,5.0,1999-11-03,0.2748,0.2758,0.2768,0.2767,0.2764,0.2759,0.2752,0.273
1999,11,04,11/04/1999,0.2737,5.0,1999-11-04,0.274,0.2748,0.2758,0.2768,0.2767,0.2764,0.2759,0.2734
1999,11,05,11/05/1999,0.2739,5.0,1999-11-05,0.2737,0.274,0.2748,0.2758,0.2768,0.2767,0.2764,0.274
1999,11,08,11/08/1999,0.2767,5.0,1999-11-08,0.2739,0.2737,0.274,0.2748,0.2758,0.2768,0.2767,0.2754
1999,11,09,11/09/1999,0.2783,5.0,1999-11-09,0.2767,0.2739,0.2737,0.274,0.2748,0.2758,0.2768,0.2757
1999,11,10,11/10/1999,0.2793,5.0,1999-11-10,0.2783,0.2767,0.2739,0.2737,0.274,0.2748,0.2758,0.2761
1999,11,11,11/11/1999,0.2801,5.0,1999-11-11,0.2793,0.2783,0.2767,0.2739,0.2737,0.274,0.2748,0.2761
1999,11,12,11/12/1999,0.2806,5.0,1999-11-12,0.2801,0.2793,0.2783,0.2767,0.2739,0.2737,0.274,0.2765
1999,11,13,11/13/1999,0.2804,5.0,1999-11-13,0.2806,0.2801,0.2793,0.2783,0.2767,0.2739,0.2737,0.2769
1999,11,14,11/14/1999,0.2799,5.0,1999-11-14,0.2804,0.2806,0.2801,0.2793,0.2783,0.2767,0.2739,0.277
1999,11,15,11/15/1999,0.2793,5.0,1999-11-15,0.2799,0.2804,0.2806,0.2801,0.2793,0.2783,0.2767,0.2764
1999,11,16,11/16/1999,0.2788,5.0,1999-11-16,0.2793,0.2799,0.2804,0.2806,0.2801,0.2793,0.2783,0.2767
1999,11,17,11/17/1999,0.2784,5.0,1999-11-17,0.2788,0.2793,0.2799,0.2804,0.2806,0.2801,0.2793,0.2763
1999,11,21,11/21/1999,0.279,5.0,1999-11-21,0.2784,0.2788,0.2793,0.2799,0.2804,0.2806,0.2801,0.2763
1999,11,22,11/22/1999,0.2794,5.0,1999-11-22,0.279,0.2784,0.2788,0.2793,0.2799,0.2804,0.2806,0.2754
1999,11,23,11/23/1999,0.2788,5.0,1999-11-23,0.2794,0.279,0.2784,0.2788,0.2793,0.2799,0.2804,0.2736
1999,11,24,11/24/1999,0.2779,5.0,1999-11-24,0.2788,0.2794,0.279,0.2784,0.2788,0.2793,0.2799,0.2728
1999,11,25,11/25/1999,0.278,5.0,1999-11-25,0.2779,0.2788,0.2794,0.279,0.2784,0.2788,0.2793,0.2731
1999,11,26,11/26/1999,0.2776,5.0,1999-11-26,0.278,0.2779,0.2788,0.2794,0.279,0.2784,0.2788,0.2738
1999,11,27,11/27/1999,0.2768,5.0,1999-11-27,0.2776,0.278,0.2779,0.2788,0.2794,0.279,0.2784,0.2748
1999,11,28,11/28/1999,0.2755,5.0,1999-11-28,0.2768,0.2776,0.278,0.2779,0.2788,0.2794,0.279,0.2752
1999,11,29,11/29/1999,0.2743,5.0,1999-11-29,0.2755,0.2768,0.2776,0.278,0.2779,0.2788,0.2794,0.2759
1999,11,30,11/30/1999,0.2741,5.0,1999-11-30,0.2743,0.2755,0.2768,0.2776,0.278,0.2779,0.2788,0.2764
1999,12,03,12/03/1999,0.2736,5.0,1999-12-03,0.2741,0.2743,0.2755,0.2768,0.2776,0.278,0.2779,0.2767
1999,12,04,12/04/1999,0.2734,5.0,1999-12-04,0.2736,0.2741,0.2743,0.2755,0.2768,0.2776,0.278,0.2768
1999,12,05,12/05/1999,0.2734,5.0,1999-12-05,0.2734,0.2736,0.2741,0.2743,0.2755,0.2768,0.2776,0.2758
1999,12,06,12/06/1999,0.2735,5.0,1999-12-06,0.2734,0.2734,0.2736,0.2741,0.2743,0.2755,0.2768,0.2748
1999,12,07,12/07/1999,0.2737,5.0,1999-12-07,0.2735,0.2734,0.2734,0.2736,0.2741,0.2743,0.2755,0.274
1999,12,10,12/10/1999,0.278,5.0,1999-12-10,0.2737,0.2735,0.2734,0.2734,0.2736,0.2741,0.2743,0.2737
1999,12,11,12/11/1999,0.2784,5.0,1999-12-11,0.278,0.2737,0.2735,0.2734,0.2734,0.2736,0.2741,0.2739
1999,12,12,12/12/1999,0.2784,5.0,1999-12-12,0.2784,0.278,0.2737,0.2735,0.2734,0.2734,0.2736,0.2767
1999,12,13,12/13/1999,0.2787,5.0,1999-12-13,0.2784,0.2784,0.278,0.2737,0.2735,0.2734,0.2734,0.2783
1999,12,14,12/14/1999,0.2788,5.0,1999-12-14,0.2787,0.2784,0.2784,0.278,0.2737,0.2735,0.2734,0.2793
1999,12,15,12/15/1999,0.2789,5.0,1999-12-15,0.2788,0.2787,0.2784,0.2784,0.278,0.2737,0.2735,0.2801
1999,12,16,12/16/1999,0.2785,5.0,1999-12-16,0.2789,0.2788,0.2787,0.2784,0.2784,0.278,0.2737,0.2806
1999,12,17,12/17/1999,0.2788,5.0,1999-12-17,0.2785,0.2789,0.2788,0.2787,0.2784,0.2784,0.278,0.2804
1999,12,18,12/18/1999,0.2797,5.0,1999-12-18,0.2788,0.2785,0.2789,0.2788,0.2787,0.2784,0.2784,0.2799
1999,12,19,12/19/1999,0.2801,5.0,1999-12-19,0.2797,0.2788,0.2785,0.2789,0.2788,0.2787,0.2784,0.2793
1999,12,20,12/20/1999,0.2794,5.0,1999-12-20,0.2801,0.2797,0.2788,0.2785,0.2789,0.2788,0.2787,0.2788
1999,12,21,12/21/1999,0.2783,5.0,1999-12-21,0.2794,0.2801,0.2797,0.2788,0.2785,0.2789,0.2788,0.2784
1999,12,24,12/24/1999,0.276,5.0,1999-12-24,0.2783,0.2794,0.2801,0.2797,0.2788,0.2785,0.2789,0.279
1999,12,25,12/25/1999,0.2752,5.0,1999-12-25,0.276,0.2783,0.2794,0.2801,0.2797,0.2788,0.2785,0.2794
1999,12,26,12/26/1999,0.2744,5.0,1999-12-26,0.2752,0.276,0.2783,0.2794,0.2801,0.2797,0.2788,0.2788
1999,12,27,12/27/1999,0.2737,5.0,1999-12-27,0.2744,0.2752,0.276,0.2783,0.2794,0.2801,0.2797,0.2779
1999,12,28,12/28/1999,0.2731,5.0,1999-12-28,0.2737,0.2744,0.2752,0.276,0.2783,0.2794,0.2801,0.278
1999,12,29,12/29/1999,0.2722,5.0,1999-12-29,0.2731,0.2737,0.2744,0.2752,0.276,0.2783,0.2794,0.2776
1999,12,30,12/30/1999,0.2717,5.0,1999-12-30,0.2722,0.2731,0.2737,0.2744,0.2752,0.276,0.2783,0.2768
2000,1,03,1/03/2000,0.2751,5.0,2000-01-03,0.2717,0.2722,0.2731,0.2737,0.2744,0.2752,0.276,0.2755
2000,1,04,1/04/2000,0.2744,5.0,2000-01-04,0.2751,0.2717,0.2722,0.2731,0.2737,0.2744,0.2752,0.2743
2000,1,05,1/05/2000,0.2751,5.0,2000-01-05,0.2744,0.2751,0.2717,0.2722,0.2731,0.2737,0.2744,0.2741
2000,1,06,1/06/2000,0.2756,5.0,2000-01-06,0.2751,0.2744,0.2751,0.2717,0.2722,0.2731,0.2737,0.2736
2000,1,07,1/07/2000,0.2764,5.0,2000-01-07,0.2756,0.2751,0.2744,0.2751,0.2717,0.2722,0.2731,0.2734
2000,1,08,1/08/2000,0.2766,5.0,2000-01-08,0.2764,0.2756,0.2751,0.2744,0.2751,0.2717,0.2722,0.2734
2000,1,09,1/09/2000,0.2772,5.0,2000-01-09,0.2766,0.2764,0.2756,0.2751,0.2744,0.2751,0.2717,0.2735
2000,1,10,1/10/2000,0.2777,5.0,2000-01-10,0.2772,0.2766,0.2764,0.2756,0.2751,0.2744,0.2751,0.2737
2000,1,11,1/11/2000,0.2786,5.0,2000-01-11,0.2777,0.2772,0.2766,0.2764,0.2756,0.2751,0.2744,0.278
2000,1,12,1/12/2000,0.2798,5.0,2000-01-12,0.2786,0.2777,0.2772,0.2766,0.2764,0.2756,0.2751,0.2784
2000,1,13,1/13/2000,0.2808,5.0,2000-01-13,0.2798,0.2786,0.2777,0.2772,0.2766,0.2764,0.2756,0.2784
2000,1,16,1/16/2000,0.2824,5.0,2000-01-16,0.2808,0.2798,0.2786,0.2777,0.2772,0.2766,0.2764,0.2787
2000,1,17,1/17/2000,0.2818,5.0,2000-01-17,0.2824,0.2808,0.2798,0.2786,0.2777,0.2772,0.2766,0.2788
2000,1,18,1/18/2000,0.2808,5.0,2000-01-18,0.2818,0.2824,0.2808,0.2798,0.2786,0.2777,0.2772,0.2789
2000,1,19,1/19/2000,0.2795,5.0,2000-01-19,0.2808,0.2818,0.2824,0.2808,0.2798,0.2786,0.2777,0.2785
2000,1,20,1/20/2000,0.2782,5.0,2000-01-20,0.2795,0.2808,0.2818,0.2824,0.2808,0.2798,0.2786,0.2788
2000,1,21,1/21/2000,0.2768,5.0,2000-01-21,0.2782,0.2795,0.2808,0.2818,0.2824,0.2808,0.2798,0.2797
2000,1,22,1/22/2000,0.2751,5.0,2000-01-22,0.2768,0.2782,0.2795,0.2808,0.2818,0.2824,0.2808,0.2801
2000,1,23,1/23/2000,0.2739,5.0,2000-01-23,0.2751,0.2768,0.2782,0.2795,0.2808,0.2818,0.2824,0.2794
2000,1,24,1/24/2000,0.2731,5.0,2000-01-24,0.2739,0.2751,0.2768,0.2782,0.2795,0.2808,0.2818,0.2783
2000,1,25,1/25/2000,0.2728,5.0,2000-01-25,0.2731,0.2739,0.2751,0.2768,0.2782,0.2795,0.2808,0.276
2000,1,26,1/26/2000,0.2726,5.0,2000-01-26,0.2728,0.2731,0.2739,0.2751,0.2768,0.2782,0.2795,0.2752
2000,1,27,1/27/2000,0.2723,5.0,2000-01-27,0.2726,0.2728,0.2731,0.2739,0.2751,0.2768,0.2782,0.2744
2000,1,30,1/30/2000,0.2727,5.0,2000-01-30,0.2723,0.2726,0.2728,0.2731,0.2739,0.2751,0.2768,0.2737
2000,1,31,1/31/2000,0.2735,5.0,2000-01-31,0.2727,0.2723,0.2726,0.2728,0.2731,0.2739,0.2751,0.2731
2000,2,01,2/01/2000,0.2745,5.0,2000-02-01,0.2735,0.2727,0.2723,0.2726,0.2728,0.2731,0.2739,0.2722
2000,2,04,2/04/2000,0.2779,5.0,2000-02-04,0.2745,0.2735,0.2727,0.2723,0.2726,0.2728,0.2731,0.2717
2000,2,05,2/05/2000,0.2789,5.0,2000-02-05,0.2779,0.2745,0.2735,0.2727,0.2723,0.2726,0.2728,0.2751
2000,2,06,2/06/2000,0.2799,5.0,2000-02-06,0.2789,0.2779,0.2745,0.2735,0.2727,0.2723,0.2726,0.2744
2000,2,12,2/12/2000,0.2791,5.0,2000-02-12,0.2799,0.2789,0.2779,0.2745,0.2735,0.2727,0.2723,0.2751
2000,2,13,2/13/2000,0.2791,5.0,2000-02-13,0.2791,0.2799,0.2789,0.2779,0.2745,0.2735,0.2727,0.2756
2000,2,14,2/14/2000,0.2785,5.0,2000-02-14,0.2791,0.2791,0.2799,0.2789,0.2779,0.2745,0.2735,0.2764
2000,2,15,2/15/2000,0.2781,5.0,2000-02-15,0.2785,0.2791,0.2791,0.2799,0.2789,0.2779,0.2745,0.2766
2000,2,16,2/16/2000,0.2771,5.0,2000-02-16,0.2781,0.2785,0.2791,0.2791,0.2799,0.2789,0.2779,0.2772
2000,2,17,2/17/2000,0.2757,5.0,2000-02-17,0.2771,0.2781,0.2785,0.2791,0.2791,0.2799,0.2789,0.2777
2000,2,18,2/18/2000,0.2747,5.0,2000-02-18,0.2757,0.2771,0.2781,0.2785,0.2791,0.2791,0.2799,0.2786
2000,2,19,2/19/2000,0.2737,5.0,2000-02-19,0.2747,0.2757,0.2771,0.2781,0.2785,0.2791,0.2791,0.2798
2000,2,20,2/20/2000,0.2734,5.0,2000-02-20,0.2737,0.2747,0.2757,0.2771,0.2781,0.2785,0.2791,0.2808
2000,2,21,2/21/2000,0.2728,5.0,2000-02-21,0.2734,0.2737,0.2747,0.2757,0.2771,0.2781,0.2785,0.2824
2000,2,24,2/24/2000,0.2738,5.0,2000-02-24,0.2728,0.2734,0.2737,0.2747,0.2757,0.2771,0.2781,0.2818
2000,2,25,2/25/2000,0.2757,5.0,2000-02-25,0.2738,0.2728,0.2734,0.2737,0.2747,0.2757,0.2771,0.2808
2000,2,26,2/26/2000,0.2774,5.0,2000-02-26,0.2757,0.2738,0.2728,0.2734,0.2737,0.2747,0.2757,0.2795
2000,2,27,2/27/2000,0.2794,5.0,2000-02-27,0.2774,0.2757,0.2738,0.2728,0.2734,0.2737,0.2747,0.2782
2000,2,28,2/28/2000,0.2805,5.0,2000-02-28,0.2794,0.2774,0.2757,0.2738,0.2728,0.2734,0.2737,0.2768
2000,2,29,2/29/2000,0.2803,5.0,2000-02-29,0.2805,0.2794,0.2774,0.2757,0.2738,0.2728,0.2734,0.2751
2000,3,01,3/01/2000,0.2808,5.0,2000-03-01,0.2803,0.2805,0.2794,0.2774,0.2757,0.2738,0.2728,0.2739
2000,3,02,3/02/2000,0.2808,5.0,2000-03-02,0.2808,0.2803,0.2805,0.2794,0.2774,0.2757,0.2738,0.2731
2000,3,05,3/05/2000,0.2804,5.0,2000-03-05,0.2808,0.2808,0.2803,0.2805,0.2794,0.2774,0.2757,0.2728
2000,3,06,3/06/2000,0.2798,5.0,2000-03-06,0.2804,0.2808,0.2808,0.2803,0.2805,0.2794,0.2774,0.2726
2000,3,07,3/07/2000,0.2795,5.0,2000-03-07,0.2798,0.2804,0.2808,0.2808,0.2803,0.2805,0.2794,0.2723
2000,3,08,3/08/2000,0.2792,5.0,2000-03-08,0.2795,0.2798,0.2804,0.2808,0.2808,0.2803,0.2805,0.2727
2000,3,09,3/09/2000,0.2787,5.0,2000-03-09,0.2792,0.2795,0.2798,0.2804,0.2808,0.2808,0.2803,0.2735
2000,3,10,3/10/2000,0.2789,5.0,2000-03-10,0.2787,0.2792,0.2795,0.2798,0.2804,0.2808,0.2808,0.2745
2000,3,11,3/11/2000,0.279,5.0,2000-03-11,0.2789,0.2787,0.2792,0.2795,0.2798,0.2804,0.2808,0.2779
2000,3,12,3/12/2000,0.2796,5.0,2000-03-12,0.279,0.2789,0.2787,0.2792,0.2795,0.2798,0.2804,0.2789
2000,3,13,3/13/2000,0.2791,5.0,2000-03-13,0.2796,0.279,0.2789,0.2787,0.2792,0.2795,0.2798,0.2799
2000,3,16,3/16/2000,0.2761,5.0,2000-03-16,0.2791,0.2796,0.279,0.2789,0.2787,0.2792,0.2795,0.2791
2000,3,17,3/17/2000,0.2761,5.0,2000-03-17,0.2761,0.2791,0.2796,0.279,0.2789,0.2787,0.2792,0.2791
2000,3,18,3/18/2000,0.2758,5.0,2000-03-18,0.2761,0.2761,0.2791,0.2796,0.279,0.2789,0.2787,0.2785
2000,3,19,3/19/2000,0.2765,5.0,2000-03-19,0.2758,0.2761,0.2761,0.2791,0.2796,0.279,0.2789,0.2781
2000,3,20,3/20/2000,0.2769,5.0,2000-03-20,0.2765,0.2758,0.2761,0.2761,0.2791,0.2796,0.279,0.2771
2000,3,23,3/23/2000,0.279,5.0,2000-03-23,0.2769,0.2765,0.2758,0.2761,0.2761,0.2791,0.2796,0.2757
2000,3,24,3/24/2000,0.2798,5.0,2000-03-24,0.279,0.2769,0.2765,0.2758,0.2761,0.2761,0.2791,0.2747
2000,3,25,3/25/2000,0.2799,5.0,2000-03-25,0.2798,0.279,0.2769,0.2765,0.2758,0.2761,0.2761,0.2737
2000,3,26,3/26/2000,0.2823,5.0,2000-03-26,0.2799,0.2798,0.279,0.2769,0.2765,0.2758,0.2761,0.2734
2000,3,27,3/27/2000,0.2817,5.0,2000-03-27,0.2823,0.2799,0.2798,0.279,0.2769,0.2765,0.2758,0.2728
2000,3,28,3/28/2000,0.2818,5.0,2000-03-28,0.2817,0.2823,0.2799,0.2798,0.279,0.2769,0.2765,0.2738
2000,3,29,3/29/2000,0.2824,5.0,2000-03-29,0.2818,0.2817,0.2823,0.2799,0.2798,0.279,0.2769,0.2757
2000,4,01,4/01/2000,0.2831,5.0,2000-04-01,0.2824,0.2818,0.2817,0.2823,0.2799,0.2798,0.279,0.2774
2000,4,02,4/02/2000,0.2831,5.0,2000-04-02,0.2831,0.2824,0.2818,0.2817,0.2823,0.2799,0.2798,0.2794
2000,4,03,4/03/2000,0.2828,5.0,2000-04-03,0.2831,0.2831,0.2824,0.2818,0.2817,0.2823,0.2799,0.2805
2000,4,04,4/04/2000,0.2822,5.0,2000-04-04,0.2828,0.2831,0.2831,0.2824,0.2818,0.2817,0.2823,0.2803
2000,4,05,4/05/2000,0.281,5.0,2000-04-05,0.2822,0.2828,0.2831,0.2831,0.2824,0.2818,0.2817,0.2808
2000,4,06,4/06/2000,0.2802,5.0,2000-04-06,0.281,0.2822,0.2828,0.2831,0.2831,0.2824,0.2818,0.2808
2000,4,09,4/09/2000,0.2795,5.0,2000-04-09,0.2802,0.281,0.2822,0.2828,0.2831,0.2831,0.2824,0.2804
2000,4,10,4/10/2000,0.2799,5.0,2000-04-10,0.2795,0.2802,0.281,0.2822,0.2828,0.2831,0.2831,0.2798
2000,4,11,4/11/2000,0.28,5.0,2000-04-11,0.2799,0.2795,0.2802,0.281,0.2822,0.2828,0.2831,0.2795
2000,4,12,4/12/2000,0.2803,5.0,2000-04-12,0.28,0.2799,0.2795,0.2802,0.281,0.2822,0.2828,0.2792
2000,4,13,4/13/2000,0.2803,5.0,2000-04-13,0.2803,0.28,0.2799,0.2795,0.2802,0.281,0.2822,0.2787
2000,4,14,4/14/2000,0.28,5.0,2000-04-14,0.2803,0.2803,0.28,0.2799,0.2795,0.2802,0.281,0.2789
2000,4,15,4/15/2000,0.2795,5.0,2000-04-15,0.28,0.2803,0.2803,0.28,0.2799,0.2795,0.2802,0.279
2000,4,17,4/17/2000,0.2774,5.0,2000-04-17,0.2795,0.28,0.2803,0.2803,0.28,0.2799,0.2795,0.2796
2000,4,18,4/18/2000,0.2774,5.0,2000-04-18,0.2774,0.2795,0.28,0.2803,0.2803,0.28,0.2799,0.2791
2000,4,19,4/19/2000,0.2768,5.0,2000-04-19,0.2774,0.2774,0.2795,0.28,0.2803,0.2803,0.28,0.2761
2000,4,20,4/20/2000,0.2789,5.0,2000-04-20,0.2768,0.2774,0.2774,0.2795,0.28,0.2803,0.2803,0.2761
2000,4,21,4/21/2000,0.2782,5.0,2000-04-21,0.2789,0.2768,0.2774,0.2774,0.2795,0.28,0.2803,0.2758
2000,4,22,4/22/2000,0.279,5.0,2000-04-22,0.2782,0.2789,0.2768,0.2774,0.2774,0.2795,0.28,0.2765
2000,4,23,4/23/2000,0.2798,5.0,2000-04-23,0.279,0.2782,0.2789,0.2768,0.2774,0.2774,0.2795,0.2769
2000,4,24,4/24/2000,0.2801,5.0,2000-04-24,0.2798,0.279,0.2782,0.2789,0.2768,0.2774,0.2774,0.279
2000,4,25,4/25/2000,0.2794,5.0,2000-04-25,0.2801,0.2798,0.279,0.2782,0.2789,0.2768,0.2774,0.2798
2000,4,26,4/26/2000,0.2791,5.0,2000-04-26,0.2794,0.2801,0.2798,0.279,0.2782,0.2789,0.2768,0.2799
2000,4,27,4/27/2000,0.2786,5.0,2000-04-27,0.2791,0.2794,0.2801,0.2798,0.279,0.2782,0.2789,0.2823
2000,4,28,4/28/2000,0.2783,5.0,2000-04-28,0.2786,0.2791,0.2794,0.2801,0.2798,0.279,0.2782,0.2817
2000,4,29,4/29/2000,0.2777,5.0,2000-04-29,0.2783,0.2786,0.2791,0.2794,0.2801,0.2798,0.279,0.2818
2000,4,30,4/30/2000,0.2776,5.0,2000-04-30,0.2777,0.2783,0.2786,0.2791,0.2794,0.2801,0.2798,0.2824
2000,5,01,5/01/2000,0.2767,5.0,2000-05-01,0.2776,0.2777,0.2783,0.2786,0.2791,0.2794,0.2801,0.2831
2000,5,02,5/02/2000,0.2757,5.0,2000-05-02,0.2767,0.2776,0.2777,0.2783,0.2786,0.2791,0.2794,0.2831
2000,5,04,5/04/2000,0.2758,5.0,2000-05-04,0.2757,0.2767,0.2776,0.2777,0.2783,0.2786,0.2791,0.2828
2000,5,05,5/05/2000,0.2745,5.0,2000-05-05,0.2758,0.2757,0.2767,0.2776,0.2777,0.2783,0.2786,0.2822
2000,5,06,5/06/2000,0.2746,5.0,2000-05-06,0.2745,0.2758,0.2757,0.2767,0.2776,0.2777,0.2783,0.281
2000,5,07,5/07/2000,0.2747,5.0,2000-05-07,0.2746,0.2745,0.2758,0.2757,0.2767,0.2776,0.2777,0.2802
2000,5,08,5/08/2000,0.2759,5.0,2000-05-08,0.2747,0.2746,0.2745,0.2758,0.2757,0.2767,0.2776,0.2795
2000,5,09,5/09/2000,0.2764,5.0,2000-05-09,0.2759,0.2747,0.2746,0.2745,0.2758,0.2757,0.2767,0.2799
2000,5,10,5/10/2000,0.2769,5.0,2000-05-10,0.2764,0.2759,0.2747,0.2746,0.2745,0.2758,0.2757,0.28
2000,5,11,5/11/2000,0.2777,5.0,2000-05-11,0.2769,0.2764,0.2759,0.2747,0.2746,0.2745,0.2758,0.2803
2000,5,12,5/12/2000,0.2782,5.0,2000-05-12,0.2777,0.2769,0.2764,0.2759,0.2747,0.2746,0.2745,0.2803
2000,5,13,5/13/2000,0.2794,5.0,2000-05-13,0.2782,0.2777,0.2769,0.2764,0.2759,0.2747,0.2746,0.28
2000,5,14,5/14/2000,0.2805,5.0,2000-05-14,0.2794,0.2782,0.2777,0.2769,0.2764,0.2759,0.2747,0.2795
2000,5,17,5/17/2000,0.2821,5.0,2000-05-17,0.2805,0.2794,0.2782,0.2777,0.2769,0.2764,0.2759,0.2774
2000,5,18,5/18/2000,0.2821,5.0,2000-05-18,0.2821,0.2805,0.2794,0.2782,0.2777,0.2769,0.2764,0.2774
2000,5,21,5/21/2000,0.2826,5.0,2000-05-21,0.2821,0.2821,0.2805,0.2794,0.2782,0.2777,0.2769,0.2768
2000,5,22,5/22/2000,0.2816,5.0,2000-05-22,0.2826,0.2821,0.2821,0.2805,0.2794,0.2782,0.2777,0.2789
2000,5,23,5/23/2000,0.2804,5.0,2000-05-23,0.2816,0.2826,0.2821,0.2821,0.2805,0.2794,0.2782,0.2782
2000,5,24,5/24/2000,0.2788,5.0,2000-05-24,0.2804,0.2816,0.2826,0.2821,0.2821,0.2805,0.2794,0.279
2000,5,25,5/25/2000,0.2771,5.0,2000-05-25,0.2788,0.2804,0.2816,0.2826,0.2821,0.2821,0.2805,0.2798
2000,5,26,5/26/2000,0.276,5.0,2000-05-26,0.2771,0.2788,0.2804,0.2816,0.2826,0.2821,0.2821,0.2801
2000,5,27,5/27/2000,0.275,5.0,2000-05-27,0.276,0.2771,0.2788,0.2804,0.2816,0.2826,0.2821,0.2794
2000,5,28,5/28/2000,0.2748,5.0,2000-05-28,0.275,0.276,0.2771,0.2788,0.2804,0.2816,0.2826,0.2791
2000,5,29,5/29/2000,0.2742,5.0,2000-05-29,0.2748,0.275,0.276,0.2771,0.2788,0.2804,0.2816,0.2786
2000,6,09,6/09/2000,0.2781,5.0,2000-06-09,0.2742,0.2748,0.275,0.276,0.2771,0.2788,0.2804,0.2783
2000,6,12,6/12/2000,0.2807,5.0,2000-06-12,0.2781,0.2742,0.2748,0.275,0.276,0.2771,0.2788,0.2777
2000,6,13,6/13/2000,0.2806,5.0,2000-06-13,0.2807,0.2781,0.2742,0.2748,0.275,0.276,0.2771,0.2776
2000,6,14,6/14/2000,0.2802,5.0,2000-06-14,0.2806,0.2807,0.2781,0.2742,0.2748,0.275,0.276,0.2767
2000,6,15,6/15/2000,0.2807,5.0,2000-06-15,0.2802,0.2806,0.2807,0.2781,0.2742,0.2748,0.275,0.2757
2000,6,16,6/16/2000,0.2811,5.0,2000-06-16,0.2807,0.2802,0.2806,0.2807,0.2781,0.2742,0.2748,0.2758
2000,6,17,6/17/2000,0.2808,5.0,2000-06-17,0.2811,0.2807,0.2802,0.2806,0.2807,0.2781,0.2742,0.2745
2000,6,18,6/18/2000,0.2805,5.0,2000-06-18,0.2808,0.2811,0.2807,0.2802,0.2806,0.2807,0.2781,0.2746
2000,6,19,6/19/2000,0.2805,5.0,2000-06-19,0.2805,0.2808,0.2811,0.2807,0.2802,0.2806,0.2807,0.2747
2000,6,20,6/20/2000,0.2803,5.0,2000-06-20,0.2805,0.2805,0.2808,0.2811,0.2807,0.2802,0.2806,0.2759
2000,6,21,6/21/2000,0.2802,5.0,2000-06-21,0.2803,0.2805,0.2805,0.2808,0.2811,0.2807,0.2802,0.2764
2000,6,22,6/22/2000,0.2795,5.0,2000-06-22,0.2802,0.2803,0.2805,0.2805,0.2808,0.2811,0.2807,0.2769
2000,6,23,6/23/2000,0.2789,5.0,2000-06-23,0.2795,0.2802,0.2803,0.2805,0.2805,0.2808,0.2811,0.2777
2000,6,26,6/26/2000,0.2771,5.0,2000-06-26,0.2789,0.2795,0.2802,0.2803,0.2805,0.2805,0.2808,0.2782
2000,6,27,6/27/2000,0.277,5.0,2000-06-27,0.2771,0.2789,0.2795,0.2802,0.2803,0.2805,0.2805,0.2794
2000,6,28,6/28/2000,0.2758,5.0,2000-06-28,0.277,0.2771,0.2789,0.2795,0.2802,0.2803,0.2805,0.2805
2000,6,29,6/29/2000,0.2754,5.0,2000-06-29,0.2758,0.277,0.2771,0.2789,0.2795,0.2802,0.2803,0.2821
2000,7,08,7/08/2000,0.2796,5.0,2000-07-08,0.2754,0.2758,0.277,0.2771,0.2789,0.2795,0.2802,0.2821
2000,7,10,7/10/2000,0.2818,5.0,2000-07-10,0.2796,0.2754,0.2758,0.277,0.2771,0.2789,0.2795,0.2826
2000,7,11,7/11/2000,0.2837,5.0,2000-07-11,0.2818,0.2796,0.2754,0.2758,0.277,0.2771,0.2789,0.2816
2000,7,17,7/17/2000,0.2845,5.0,2000-07-17,0.2837,0.2818,0.2796,0.2754,0.2758,0.277,0.2771,0.2804
2000,7,18,7/18/2000,0.2856,5.0,2000-07-18,0.2845,0.2837,0.2818,0.2796,0.2754,0.2758,0.277,0.2788
2000,7,19,7/19/2000,0.2862,5.0,2000-07-19,0.2856,0.2845,0.2837,0.2818,0.2796,0.2754,0.2758,0.2771
2000,7,20,7/20/2000,0.2859,5.0,2000-07-20,0.2862,0.2856,0.2845,0.2837,0.2818,0.2796,0.2754,0.276
2000,7,23,7/23/2000,0.2834,5.0,2000-07-23,0.2859,0.2862,0.2856,0.2845,0.2837,0.2818,0.2796,0.275
2000,7,24,7/24/2000,0.282,5.0,2000-07-24,0.2834,0.2859,0.2862,0.2856,0.2845,0.2837,0.2818,0.2748
2000,7,25,7/25/2000,0.2805,5.0,2000-07-25,0.282,0.2834,0.2859,0.2862,0.2856,0.2845,0.2837,0.2742
2000,7,26,7/26/2000,0.2783,5.0,2000-07-26,0.2805,0.282,0.2834,0.2859,0.2862,0.2856,0.2845,0.2781
2000,7,27,7/27/2000,0.2775,5.0,2000-07-27,0.2783,0.2805,0.282,0.2834,0.2859,0.2862,0.2856,0.2807
2000,7,28,7/28/2000,0.2767,5.0,2000-07-28,0.2775,0.2783,0.2805,0.282,0.2834,0.2859,0.2862,0.2806
2000,7,29,7/29/2000,0.2771,5.0,2000-07-29,0.2767,0.2775,0.2783,0.2805,0.282,0.2834,0.2859,0.2802
2000,7,30,7/30/2000,0.2777,5.0,2000-07-30,0.2771,0.2767,0.2775,0.2783,0.2805,0.282,0.2834,0.2807
2000,7,31,7/31/2000,0.2784,5.0,2000-07-31,0.2777,0.2771,0.2767,0.2775,0.2783,0.2805,0.282,0.2811
2000,8,03,8/03/2000,0.2787,5.0,2000-08-03,0.2784,0.2777,0.2771,0.2767,0.2775,0.2783,0.2805,0.2808
2000,8,04,8/04/2000,0.279,5.0,2000-08-04,0.2787,0.2784,0.2777,0.2771,0.2767,0.2775,0.2783,0.2805
2000,8,05,8/05/2000,0.2794,5.0,2000-08-05,0.279,0.2787,0.2784,0.2777,0.2771,0.2767,0.2775,0.2805
2000,8,06,8/06/2000,0.2797,5.0,2000-08-06,0.2794,0.279,0.2787,0.2784,0.2777,0.2771,0.2767,0.2803
2000,8,07,8/07/2000,0.2797,5.0,2000-08-07,0.2797,0.2794,0.279,0.2787,0.2784,0.2777,0.2771,0.2802
2000,8,09,8/09/2000,0.2784,5.0,2000-08-09,0.2797,0.2797,0.2794,0.279,0.2787,0.2784,0.2777,0.2795
2000,8,11,8/11/2000,0.2804,5.0,2000-08-11,0.2784,0.2797,0.2797,0.2794,0.279,0.2787,0.2784,0.2789
2000,8,12,8/12/2000,0.282,5.0,2000-08-12,0.2804,0.2784,0.2797,0.2797,0.2794,0.279,0.2787,0.2771
2000,8,13,8/13/2000,0.2829,5.0,2000-08-13,0.282,0.2804,0.2784,0.2797,0.2797,0.2794,0.279,0.277
2000,8,14,8/14/2000,0.2838,5.0,2000-08-14,0.2829,0.282,0.2804,0.2784,0.2797,0.2797,0.2794,0.2758
2000,8,15,8/15/2000,0.2841,5.0,2000-08-15,0.2838,0.2829,0.282,0.2804,0.2784,0.2797,0.2797,0.2754
2000,8,16,8/16/2000,0.2837,5.0,2000-08-16,0.2841,0.2838,0.2829,0.282,0.2804,0.2784,0.2797,0.2796
2000,8,17,8/17/2000,0.2833,5.0,2000-08-17,0.2837,0.2841,0.2838,0.2829,0.282,0.2804,0.2784,0.2818
2000,8,20,8/20/2000,0.2789,5.0,2000-08-20,0.2833,0.2837,0.2841,0.2838,0.2829,0.282,0.2804,0.2837
2000,8,21,8/21/2000,0.2767,5.0,2000-08-21,0.2789,0.2833,0.2837,0.2841,0.2838,0.2829,0.282,0.2845
2000,8,22,8/22/2000,0.2745,5.0,2000-08-22,0.2767,0.2789,0.2833,0.2837,0.2841,0.2838,0.2829,0.2856
2000,8,23,8/23/2000,0.2731,5.0,2000-08-23,0.2745,0.2767,0.2789,0.2833,0.2837,0.2841,0.2838,0.2862
2000,8,24,8/24/2000,0.2728,5.0,2000-08-24,0.2731,0.2745,0.2767,0.2789,0.2833,0.2837,0.2841,0.2859
2000,8,25,8/25/2000,0.2733,5.0,2000-08-25,0.2728,0.2731,0.2745,0.2767,0.2789,0.2833,0.2837,0.2834
2000,8,26,8/26/2000,0.2736,5.0,2000-08-26,0.2733,0.2728,0.2731,0.2745,0.2767,0.2789,0.2833,0.282
2000,8,27,8/27/2000,0.275,5.0,2000-08-27,0.2736,0.2733,0.2728,0.2731,0.2745,0.2767,0.2789,0.2805
2000,8,28,8/28/2000,0.2757,5.0,2000-08-28,0.275,0.2736,0.2733,0.2728,0.2731,0.2745,0.2767,0.2783
2000,8,29,8/29/2000,0.2769,5.0,2000-08-29,0.2757,0.275,0.2736,0.2733,0.2728,0.2731,0.2745,0.2775
2000,8,30,8/30/2000,0.2778,5.0,2000-08-30,0.2769,0.2757,0.275,0.2736,0.2733,0.2728,0.2731,0.2767
2000,8,31,8/31/2000,0.2786,5.0,2000-08-31,0.2778,0.2769,0.2757,0.275,0.2736,0.2733,0.2728,0.2771
2000,9,01,9/01/2000,0.2789,5.0,2000-09-01,0.2786,0.2778,0.2769,0.2757,0.275,0.2736,0.2733,0.2777
2000,9,02,9/02/2000,0.2783,5.0,2000-09-02,0.2789,0.2786,0.2778,0.2769,0.2757,0.275,0.2736,0.2784
2000,9,03,9/03/2000,0.2776,5.0,2000-09-03,0.2783,0.2789,0.2786,0.2778,0.2769,0.2757,0.275,0.2787
2000,9,04,9/04/2000,0.2783,5.0,2000-09-04,0.2776,0.2783,0.2789,0.2786,0.2778,0.2769,0.2757,0.279
2000,9,05,9/05/2000,0.2785,5.0,2000-09-05,0.2783,0.2776,0.2783,0.2789,0.2786,0.2778,0.2769,0.2794
2000,9,06,9/06/2000,0.2787,5.0,2000-09-06,0.2785,0.2783,0.2776,0.2783,0.2789,0.2786,0.2778,0.2797
2000,9,09,9/09/2000,0.2794,5.0,2000-09-09,0.2787,0.2785,0.2783,0.2776,0.2783,0.2789,0.2786,0.2797
2000,9,12,9/12/2000,0.2777,5.0,2000-09-12,0.2794,0.2787,0.2785,0.2783,0.2776,0.2783,0.2789,0.2784
2000,9,13,9/13/2000,0.2772,5.0,2000-09-13,0.2777,0.2794,0.2787,0.2785,0.2783,0.2776,0.2783,0.2804
2000,9,14,9/14/2000,0.2769,5.0,2000-09-14,0.2772,0.2777,0.2794,0.2787,0.2785,0.2783,0.2776,0.282
2000,9,15,9/15/2000,0.2765,5.0,2000-09-15,0.2769,0.2772,0.2777,0.2794,0.2787,0.2785,0.2783,0.2829
2000,9,16,9/16/2000,0.2762,5.0,2000-09-16,0.2765,0.2769,0.2772,0.2777,0.2794,0.2787,0.2785,0.2838
2000,9,17,9/17/2000,0.2754,5.0,2000-09-17,0.2762,0.2765,0.2769,0.2772,0.2777,0.2794,0.2787,0.2841
2000,9,18,9/18/2000,0.2754,5.0,2000-09-18,0.2754,0.2762,0.2765,0.2769,0.2772,0.2777,0.2794,0.2837
2000,9,19,9/19/2000,0.2753,5.0,2000-09-19,0.2754,0.2754,0.2762,0.2765,0.2769,0.2772,0.2777,0.2833
2000,9,20,9/20/2000,0.2758,5.0,2000-09-20,0.2753,0.2754,0.2754,0.2762,0.2765,0.2769,0.2772,0.2789
2000,9,21,9/21/2000,0.2768,5.0,2000-09-21,0.2758,0.2753,0.2754,0.2754,0.2762,0.2765,0.2769,0.2767
2000,9,22,9/22/2000,0.2777,5.0,2000-09-22,0.2768,0.2758,0.2753,0.2754,0.2754,0.2762,0.2765,0.2745
2000,9,23,9/23/2000,0.2785,5.0,2000-09-23,0.2777,0.2768,0.2758,0.2753,0.2754,0.2754,0.2762,0.2731
2000,9,24,9/24/2000,0.2794,5.0,2000-09-24,0.2785,0.2777,0.2768,0.2758,0.2753,0.2754,0.2754,0.2728
2000,9,25,9/25/2000,0.2803,5.0,2000-09-25,0.2794,0.2785,0.2777,0.2768,0.2758,0.2753,0.2754,0.2733
2000,9,26,9/26/2000,0.2809,5.0,2000-09-26,0.2803,0.2794,0.2785,0.2777,0.2768,0.2758,0.2753,0.2736
2000,9,28,9/28/2000,0.2811,5.0,2000-09-28,0.2809,0.2803,0.2794,0.2785,0.2777,0.2768,0.2758,0.275
2000,9,29,9/29/2000,0.2803,5.0,2000-09-29,0.2811,0.2809,0.2803,0.2794,0.2785,0.2777,0.2768,0.2757
2000,9,30,9/30/2000,0.2788,5.0,2000-09-30,0.2803,0.2811,0.2809,0.2803,0.2794,0.2785,0.2777,0.2769
2000,10,01,10/01/2000,0.2787,5.0,2000-10-01,0.2788,0.2803,0.2811,0.2809,0.2803,0.2794,0.2785,0.2778
2000,10,04,10/04/2000,0.2804,5.0,2000-10-04,0.2787,0.2788,0.2803,0.2811,0.2809,0.2803,0.2794,0.2786
2000,10,05,10/05/2000,0.2802,5.0,2000-10-05,0.2804,0.2787,0.2788,0.2803,0.2811,0.2809,0.2803,0.2789
2000,10,06,10/06/2000,0.28,5.0,2000-10-06,0.2802,0.2804,0.2787,0.2788,0.2803,0.2811,0.2809,0.2783
2000,10,07,10/07/2000,0.2791,5.0,2000-10-07,0.28,0.2802,0.2804,0.2787,0.2788,0.2803,0.2811,0.2776
2000,10,12,10/12/2000,0.2773,5.0,2000-10-12,0.2791,0.28,0.2802,0.2804,0.2787,0.2788,0.2803,0.2783
2000,10,13,10/13/2000,0.278,5.0,2000-10-13,0.2773,0.2791,0.28,0.2802,0.2804,0.2787,0.2788,0.2785
2000,10,14,10/14/2000,0.2758,5.0,2000-10-14,0.278,0.2773,0.2791,0.28,0.2802,0.2804,0.2787,0.2787
2000,10,15,10/15/2000,0.2757,5.0,2000-10-15,0.2758,0.278,0.2773,0.2791,0.28,0.2802,0.2804,0.2794
2000,10,16,10/16/2000,0.2763,5.0,2000-10-16,0.2757,0.2758,0.278,0.2773,0.2791,0.28,0.2802,0.2777
2000,10,17,10/17/2000,0.2769,5.0,2000-10-17,0.2763,0.2757,0.2758,0.278,0.2773,0.2791,0.28,0.2772
2000,10,18,10/18/2000,0.2775,5.0,2000-10-18,0.2769,0.2763,0.2757,0.2758,0.278,0.2773,0.2791,0.2769
2000,10,19,10/19/2000,0.2783,5.0,2000-10-19,0.2775,0.2769,0.2763,0.2757,0.2758,0.278,0.2773,0.2765
2000,10,20,10/20/2000,0.2788,5.0,2000-10-20,0.2783,0.2775,0.2769,0.2763,0.2757,0.2758,0.278,0.2762
2000,10,21,10/21/2000,0.2794,5.0,2000-10-21,0.2788,0.2783,0.2775,0.2769,0.2763,0.2757,0.2758,0.2754
2000,10,22,10/22/2000,0.2796,5.0,2000-10-22,0.2794,0.2788,0.2783,0.2775,0.2769,0.2763,0.2757,0.2754
2000,10,23,10/23/2000,0.2796,5.0,2000-10-23,0.2796,0.2794,0.2788,0.2783,0.2775,0.2769,0.2763,0.2753
2000,10,26,10/26/2000,0.2786,5.0,2000-10-26,0.2796,0.2796,0.2794,0.2788,0.2783,0.2775,0.2769,0.2758
2000,10,27,10/27/2000,0.2774,5.0,2000-10-27,0.2786,0.2796,0.2796,0.2794,0.2788,0.2783,0.2775,0.2768
2000,10,28,10/28/2000,0.2777,5.0,2000-10-28,0.2774,0.2786,0.2796,0.2796,0.2794,0.2788,0.2783,0.2777
2000,10,29,10/29/2000,0.2794,5.0,2000-10-29,0.2777,0.2774,0.2786,0.2796,0.2796,0.2794,0.2788,0.2785
2000,10,30,10/30/2000,0.2806,5.0,2000-10-30,0.2794,0.2777,0.2774,0.2786,0.2796,0.2796,0.2794,0.2794
2000,10,31,10/31/2000,0.2818,5.0,2000-10-31,0.2806,0.2794,0.2777,0.2774,0.2786,0.2796,0.2796,0.2803
2000,11,01,11/01/2000,0.2831,5.0,2000-11-01,0.2818,0.2806,0.2794,0.2777,0.2774,0.2786,0.2796,0.2809
2000,11,02,11/02/2000,0.2828,5.0,2000-11-02,0.2831,0.2818,0.2806,0.2794,0.2777,0.2774,0.2786,0.2811
2000,11,05,11/05/2000,0.2815,5.0,2000-11-05,0.2828,0.2831,0.2818,0.2806,0.2794,0.2777,0.2774,0.2803
2000,11,06,11/06/2000,0.2807,5.0,2000-11-06,0.2815,0.2828,0.2831,0.2818,0.2806,0.2794,0.2777,0.2788
2000,11,07,11/07/2000,0.2805,5.0,2000-11-07,0.2807,0.2815,0.2828,0.2831,0.2818,0.2806,0.2794,0.2787
2000,11,08,11/08/2000,0.278,5.0,2000-11-08,0.2805,0.2807,0.2815,0.2828,0.2831,0.2818,0.2806,0.2804
2000,11,09,11/09/2000,0.2786,5.0,2000-11-09,0.278,0.2805,0.2807,0.2815,0.2828,0.2831,0.2818,0.2802
2000,11,10,11/10/2000,0.2744,5.0,2000-11-10,0.2786,0.278,0.2805,0.2807,0.2815,0.2828,0.2831,0.28
2000,11,11,11/11/2000,0.2737,5.0,2000-11-11,0.2744,0.2786,0.278,0.2805,0.2807,0.2815,0.2828,0.2791
2000,11,12,11/12/2000,0.2738,5.0,2000-11-12,0.2737,0.2744,0.2786,0.278,0.2805,0.2807,0.2815,0.2773
2000,11,13,11/13/2000,0.2739,5.0,2000-11-13,0.2738,0.2737,0.2744,0.2786,0.278,0.2805,0.2807,0.278
2000,11,16,11/16/2000,0.2763,5.0,2000-11-16,0.2739,0.2738,0.2737,0.2744,0.2786,0.278,0.2805,0.2758
2000,11,17,11/17/2000,0.2769,5.0,2000-11-17,0.2763,0.2739,0.2738,0.2737,0.2744,0.2786,0.278,0.2757
2000,11,18,11/18/2000,0.2776,5.0,2000-11-18,0.2769,0.2763,0.2739,0.2738,0.2737,0.2744,0.2786,0.2763
2000,11,19,11/19/2000,0.2781,5.0,2000-11-19,0.2776,0.2769,0.2763,0.2739,0.2738,0.2737,0.2744,0.2769
2000,11,20,11/20/2000,0.2781,5.0,2000-11-20,0.2781,0.2776,0.2769,0.2763,0.2739,0.2738,0.2737,0.2775
2000,11,21,11/21/2000,0.278,5.0,2000-11-21,0.2781,0.2781,0.2776,0.2769,0.2763,0.2739,0.2738,0.2783
2000,11,22,11/22/2000,0.2787,5.0,2000-11-22,0.278,0.2781,0.2781,0.2776,0.2769,0.2763,0.2739,0.2788
2000,11,23,11/23/2000,0.2793,5.0,2000-11-23,0.2787,0.278,0.2781,0.2781,0.2776,0.2769,0.2763,0.2794
2000,11,24,11/24/2000,0.2801,5.0,2000-11-24,0.2793,0.2787,0.278,0.2781,0.2781,0.2776,0.2769,0.2796
2000,11,25,11/25/2000,0.2814,5.0,2000-11-25,0.2801,0.2793,0.2787,0.278,0.2781,0.2781,0.2776,0.2796
2000,11,26,11/26/2000,0.2816,5.0,2000-11-26,0.2814,0.2801,0.2793,0.2787,0.278,0.2781,0.2781,0.2786
2000,11,27,11/27/2000,0.2824,5.0,2000-11-27,0.2816,0.2814,0.2801,0.2793,0.2787,0.278,0.2781,0.2774
2000,11,28,11/28/2000,0.2832,5.0,2000-11-28,0.2824,0.2816,0.2814,0.2801,0.2793,0.2787,0.278,0.2777
2000,12,02,12/02/2000,0.2803,5.0,2000-12-02,0.2832,0.2824,0.2816,0.2814,0.2801,0.2793,0.2787,0.2794
2000,12,03,12/03/2000,0.2787,5.0,2000-12-03,0.2803,0.2832,0.2824,0.2816,0.2814,0.2801,0.2793,0.2806
2000,12,04,12/04/2000,0.2769,5.0,2000-12-04,0.2787,0.2803,0.2832,0.2824,0.2816,0.2814,0.2801,0.2818
2000,12,05,12/05/2000,0.2749,5.0,2000-12-05,0.2769,0.2787,0.2803,0.2832,0.2824,0.2816,0.2814,0.2831
2000,12,09,12/09/2000,0.2724,5.0,2000-12-09,0.2749,0.2769,0.2787,0.2803,0.2832,0.2824,0.2816,0.2828
2000,12,10,12/10/2000,0.2731,5.0,2000-12-10,0.2724,0.2749,0.2769,0.2787,0.2803,0.2832,0.2824,0.2815
2000,12,11,12/11/2000,0.2741,5.0,2000-12-11,0.2731,0.2724,0.2749,0.2769,0.2787,0.2803,0.2832,0.2807
2000,12,12,12/12/2000,0.2755,5.0,2000-12-12,0.2741,0.2731,0.2724,0.2749,0.2769,0.2787,0.2803,0.2805
2000,12,13,12/13/2000,0.2772,5.0,2000-12-13,0.2755,0.2741,0.2731,0.2724,0.2749,0.2769,0.2787,0.278
2000,12,14,12/14/2000,0.2788,5.0,2000-12-14,0.2772,0.2755,0.2741,0.2731,0.2724,0.2749,0.2769,0.2786
2000,12,15,12/15/2000,0.2795,5.0,2000-12-15,0.2788,0.2772,0.2755,0.2741,0.2731,0.2724,0.2749,0.2744
2000,12,16,12/16/2000,0.2797,5.0,2000-12-16,0.2795,0.2788,0.2772,0.2755,0.2741,0.2731,0.2724,0.2737
2000,12,17,12/17/2000,0.2803,5.0,2000-12-17,0.2797,0.2795,0.2788,0.2772,0.2755,0.2741,0.2731,0.2738
2000,12,18,12/18/2000,0.2802,5.0,2000-12-18,0.2803,0.2797,0.2795,0.2788,0.2772,0.2755,0.2741,0.2739
2000,12,19,12/19/2000,0.2805,5.0,2000-12-19,0.2802,0.2803,0.2797,0.2795,0.2788,0.2772,0.2755,0.2763
2000,12,20,12/20/2000,0.2805,5.0,2000-12-20,0.2805,0.2802,0.2803,0.2797,0.2795,0.2788,0.2772,0.2769
2000,12,21,12/21/2000,0.281,5.0,2000-12-21,0.2805,0.2805,0.2802,0.2803,0.2797,0.2795,0.2788,0.2776
2000,12,25,12/25/2000,0.2822,5.0,2000-12-25,0.281,0.2805,0.2805,0.2802,0.2803,0.2797,0.2795,0.2781
2000,12,26,12/26/2000,0.2823,5.0,2000-12-26,0.2822,0.281,0.2805,0.2805,0.2802,0.2803,0.2797,0.2781
2000,12,27,12/27/2000,0.2821,5.0,2000-12-27,0.2823,0.2822,0.281,0.2805,0.2805,0.2802,0.2803,0.278
2000,12,28,12/28/2000,0.2811,5.0,2000-12-28,0.2821,0.2823,0.2822,0.281,0.2805,0.2805,0.2802,0.2787
2000,12,29,12/29/2000,0.2801,5.0,2000-12-29,0.2811,0.2821,0.2823,0.2822,0.281,0.2805,0.2805,0.2793
2000,12,30,12/30/2000,0.2791,5.0,2000-12-30,0.2801,0.2811,0.2821,0.2823,0.2822,0.281,0.2805,0.2801
2000,12,31,12/31/2000,0.2771,5.0,2000-12-31,0.2791,0.2801,0.2811,0.2821,0.2823,0.2822,0.281,0.2814
2001,1,01,1/01/2001,0.2756,5.0,2001-01-01,0.2771,0.2791,0.2801,0.2811,0.2821,0.2823,0.2822,0.2816
2001,1,04,1/04/2001,0.2758,5.0,2001-01-04,0.2756,0.2771,0.2791,0.2801,0.2811,0.2821,0.2823,0.2824
2001,1,05,1/05/2001,0.2765,5.0,2001-01-05,0.2758,0.2756,0.2771,0.2791,0.2801,0.2811,0.2821,0.2832
2001,1,06,1/06/2001,0.2779,5.0,2001-01-06,0.2765,0.2758,0.2756,0.2771,0.2791,0.2801,0.2811,0.2803
2001,1,07,1/07/2001,0.2787,5.0,2001-01-07,0.2779,0.2765,0.2758,0.2756,0.2771,0.2791,0.2801,0.2787
2001,1,08,1/08/2001,0.2787,5.0,2001-01-08,0.2787,0.2779,0.2765,0.2758,0.2756,0.2771,0.2791,0.2769
2001,1,09,1/09/2001,0.2787,5.0,2001-01-09,0.2787,0.2787,0.2779,0.2765,0.2758,0.2756,0.2771,0.2749
2001,1,11,1/11/2001,0.2779,5.0,2001-01-11,0.2787,0.2787,0.2787,0.2779,0.2765,0.2758,0.2756,0.2724
2001,1,12,1/12/2001,0.2776,5.0,2001-01-12,0.2779,0.2787,0.2787,0.2787,0.2779,0.2765,0.2758,0.2731
2001,1,13,1/13/2001,0.2775,5.0,2001-01-13,0.2776,0.2779,0.2787,0.2787,0.2787,0.2779,0.2765,0.2741
2001,1,14,1/14/2001,0.2771,5.0,2001-01-14,0.2775,0.2776,0.2779,0.2787,0.2787,0.2787,0.2779,0.2755
2001,1,15,1/15/2001,0.2764,5.0,2001-01-15,0.2771,0.2775,0.2776,0.2779,0.2787,0.2787,0.2787,0.2772
2001,1,16,1/16/2001,0.2761,5.0,2001-01-16,0.2764,0.2771,0.2775,0.2776,0.2779,0.2787,0.2787,0.2788
2001,1,17,1/17/2001,0.2784,5.0,2001-01-17,0.2761,0.2764,0.2771,0.2775,0.2776,0.2779,0.2787,0.2795
2001,2,08,2/08/2001,0.2789,5.0,2001-02-08,0.2784,0.2761,0.2764,0.2771,0.2775,0.2776,0.2779,0.2797
2001,2,09,2/09/2001,0.2792,5.0,2001-02-09,0.2789,0.2784,0.2761,0.2764,0.2771,0.2775,0.2776,0.2803
2001,2,10,2/10/2001,0.2771,5.0,2001-02-10,0.2792,0.2789,0.2784,0.2761,0.2764,0.2771,0.2775,0.2802
2001,2,11,2/11/2001,0.2775,5.0,2001-02-11,0.2771,0.2792,0.2789,0.2784,0.2761,0.2764,0.2771,0.2805
2001,2,12,2/12/2001,0.2759,5.0,2001-02-12,0.2775,0.2771,0.2792,0.2789,0.2784,0.2761,0.2764,0.2805
2001,2,13,2/13/2001,0.2752,5.0,2001-02-13,0.2759,0.2775,0.2771,0.2792,0.2789,0.2784,0.2761,0.281
2001,2,14,2/14/2001,0.2745,5.0,2001-02-14,0.2752,0.2759,0.2775,0.2771,0.2792,0.2789,0.2784,0.2822
2001,2,15,2/15/2001,0.2741,5.0,2001-02-15,0.2745,0.2752,0.2759,0.2775,0.2771,0.2792,0.2789,0.2823
2001,2,16,2/16/2001,0.2737,5.0,2001-02-16,0.2741,0.2745,0.2752,0.2759,0.2775,0.2771,0.2792,0.2821
2001,2,17,2/17/2001,0.2726,5.0,2001-02-17,0.2737,0.2741,0.2745,0.2752,0.2759,0.2775,0.2771,0.2811
2001,2,18,2/18/2001,0.2738,5.0,2001-02-18,0.2726,0.2737,0.2741,0.2745,0.2752,0.2759,0.2775,0.2801
2001,2,19,2/19/2001,0.2748,5.0,2001-02-19,0.2738,0.2726,0.2737,0.2741,0.2745,0.2752,0.2759,0.2791
2001,2,20,2/20/2001,0.2752,5.0,2001-02-20,0.2748,0.2738,0.2726,0.2737,0.2741,0.2745,0.2752,0.2771
2001,2,23,2/23/2001,0.2768,5.0,2001-02-23,0.2752,0.2748,0.2738,0.2726,0.2737,0.2741,0.2745,0.2756
2001,3,01,3/01/2001,0.274,5.0,2001-03-01,0.2768,0.2752,0.2748,0.2738,0.2726,0.2737,0.2741,0.2758
2001,3,03,3/03/2001,0.2747,5.0,2001-03-03,0.274,0.2768,0.2752,0.2748,0.2738,0.2726,0.2737,0.2765
2001,3,04,3/04/2001,0.2746,5.0,2001-03-04,0.2747,0.274,0.2768,0.2752,0.2748,0.2738,0.2726,0.2779
2001,3,05,3/05/2001,0.2748,5.0,2001-03-05,0.2746,0.2747,0.274,0.2768,0.2752,0.2748,0.2738,0.2787
2001,3,08,3/08/2001,0.2752,5.0,2001-03-08,0.2748,0.2746,0.2747,0.274,0.2768,0.2752,0.2748,0.2787
2001,3,09,3/09/2001,0.2752,5.0,2001-03-09,0.2752,0.2748,0.2746,0.2747,0.274,0.2768,0.2752,0.2787
2001,3,10,3/10/2001,0.2751,5.0,2001-03-10,0.2752,0.2752,0.2748,0.2746,0.2747,0.274,0.2768,0.2779
2001,3,11,3/11/2001,0.2754,5.0,2001-03-11,0.2751,0.2752,0.2752,0.2748,0.2746,0.2747,0.274,0.2776
2001,3,13,3/13/2001,0.2758,6.0,2001-03-13,0.2754,0.2751,0.2752,0.2752,0.2748,0.2746,0.2747,0.2775
2001,3,14,3/14/2001,0.275,6.0,2001-03-14,0.2758,0.2754,0.2751,0.2752,0.2752,0.2748,0.2746,0.2771
2001,3,15,3/15/2001,0.275,6.0,2001-03-15,0.275,0.2758,0.2754,0.2751,0.2752,0.2752,0.2748,0.2764
2001,3,16,3/16/2001,0.2756,6.0,2001-03-16,0.275,0.275,0.2758,0.2754,0.2751,0.2752,0.2752,0.2761
2001,3,17,3/17/2001,0.2747,6.0,2001-03-17,0.2756,0.275,0.275,0.2758,0.2754,0.2751,0.2752,0.2784
2001,3,18,3/18/2001,0.2747,6.0,2001-03-18,0.2747,0.2756,0.275,0.275,0.2758,0.2754,0.2751,0.2789
2001,3,19,3/19/2001,0.2747,6.0,2001-03-19,0.2747,0.2747,0.2756,0.275,0.275,0.2758,0.2754,0.2792
2001,3,20,3/20/2001,0.2745,6.0,2001-03-20,0.2747,0.2747,0.2747,0.2756,0.275,0.275,0.2758,0.2771
2001,3,21,3/21/2001,0.2746,6.0,2001-03-21,0.2745,0.2747,0.2747,0.2747,0.2756,0.275,0.275,0.2775
2001,3,22,3/22/2001,0.2746,6.0,2001-03-22,0.2746,0.2745,0.2747,0.2747,0.2747,0.2756,0.275,0.2759
2001,3,23,3/23/2001,0.2755,6.0,2001-03-23,0.2746,0.2746,0.2745,0.2747,0.2747,0.2747,0.2756,0.2752
2001,3,24,3/24/2001,0.2768,6.0,2001-03-24,0.2755,0.2746,0.2746,0.2745,0.2747,0.2747,0.2747,0.2745
2001,3,25,3/25/2001,0.2789,6.0,2001-03-25,0.2768,0.2755,0.2746,0.2746,0.2745,0.2747,0.2747,0.2741
2001,3,26,3/26/2001,0.2808,6.0,2001-03-26,0.2789,0.2768,0.2755,0.2746,0.2746,0.2745,0.2747,0.2737
2001,3,27,3/27/2001,0.2823,6.0,2001-03-27,0.2808,0.2789,0.2768,0.2755,0.2746,0.2746,0.2745,0.2726
2001,3,28,3/28/2001,0.2833,6.0,2001-03-28,0.2823,0.2808,0.2789,0.2768,0.2755,0.2746,0.2746,0.2738
2001,3,29,3/29/2001,0.284,6.0,2001-03-29,0.2833,0.2823,0.2808,0.2789,0.2768,0.2755,0.2746,0.2748
2001,3,30,3/30/2001,0.284,6.0,2001-03-30,0.284,0.2833,0.2823,0.2808,0.2789,0.2768,0.2755,0.2752
2001,3,31,3/31/2001,0.2836,6.0,2001-03-31,0.284,0.284,0.2833,0.2823,0.2808,0.2789,0.2768,0.2768
2001,4,01,4/01/2001,0.2826,6.0,2001-04-01,0.2836,0.284,0.284,0.2833,0.2823,0.2808,0.2789,0.274
2001,4,02,4/02/2001,0.2816,6.0,2001-04-02,0.2826,0.2836,0.284,0.284,0.2833,0.2823,0.2808,0.2747
2001,4,03,4/03/2001,0.2808,6.0,2001-04-03,0.2816,0.2826,0.2836,0.284,0.284,0.2833,0.2823,0.2746
2001,4,04,4/04/2001,0.2797,6.0,2001-04-04,0.2808,0.2816,0.2826,0.2836,0.284,0.284,0.2833,0.2748
2001,4,05,4/05/2001,0.279,6.0,2001-04-05,0.2797,0.2808,0.2816,0.2826,0.2836,0.284,0.284,0.2752
2001,4,06,4/06/2001,0.279,6.0,2001-04-06,0.279,0.2797,0.2808,0.2816,0.2826,0.2836,0.284,0.2752
2001,4,07,4/07/2001,0.2786,6.0,2001-04-07,0.279,0.279,0.2797,0.2808,0.2816,0.2826,0.2836,0.2751
2001,4,08,4/08/2001,0.278,6.0,2001-04-08,0.2786,0.279,0.279,0.2797,0.2808,0.2816,0.2826,0.2754
2001,4,09,4/09/2001,0.2774,6.0,2001-04-09,0.278,0.2786,0.279,0.279,0.2797,0.2808,0.2816,0.2758
2001,4,10,4/10/2001,0.2764,6.0,2001-04-10,0.2774,0.278,0.2786,0.279,0.279,0.2797,0.2808,0.275
2001,4,11,4/11/2001,0.2766,6.0,2001-04-11,0.2764,0.2774,0.278,0.2786,0.279,0.279,0.2797,0.275
2001,4,12,4/12/2001,0.2762,6.0,2001-04-12,0.2766,0.2764,0.2774,0.278,0.2786,0.279,0.279,0.2756
2001,4,13,4/13/2001,0.2748,6.0,2001-04-13,0.2762,0.2766,0.2764,0.2774,0.278,0.2786,0.279,0.2747
2001,4,14,4/14/2001,0.274,6.0,2001-04-14,0.2748,0.2762,0.2766,0.2764,0.2774,0.278,0.2786,0.2747
2001,4,15,4/15/2001,0.2726,6.0,2001-04-15,0.274,0.2748,0.2762,0.2766,0.2764,0.2774,0.278,0.2747
2001,4,16,4/16/2001,0.2723,6.0,2001-04-16,0.2726,0.274,0.2748,0.2762,0.2766,0.2764,0.2774,0.2745
2001,4,18,4/18/2001,0.2713,6.0,2001-04-18,0.2723,0.2726,0.274,0.2748,0.2762,0.2766,0.2764,0.2746
2001,4,19,4/19/2001,0.2724,6.0,2001-04-19,0.2713,0.2723,0.2726,0.274,0.2748,0.2762,0.2766,0.2746
2001,4,20,4/20/2001,0.2741,6.0,2001-04-20,0.2724,0.2713,0.2723,0.2726,0.274,0.2748,0.2762,0.2755
2001,4,21,4/21/2001,0.2763,6.0,2001-04-21,0.2741,0.2724,0.2713,0.2723,0.2726,0.274,0.2748,0.2768
2001,4,22,4/22/2001,0.278,6.0,2001-04-22,0.2763,0.2741,0.2724,0.2713,0.2723,0.2726,0.274,0.2789
2001,4,23,4/23/2001,0.2789,6.0,2001-04-23,0.278,0.2763,0.2741,0.2724,0.2713,0.2723,0.2726,0.2808
2001,4,24,4/24/2001,0.28,6.0,2001-04-24,0.2789,0.278,0.2763,0.2741,0.2724,0.2713,0.2723,0.2823
2001,4,25,4/25/2001,0.2806,6.0,2001-04-25,0.28,0.2789,0.278,0.2763,0.2741,0.2724,0.2713,0.2833
2001,4,26,4/26/2001,0.2801,6.0,2001-04-26,0.2806,0.28,0.2789,0.278,0.2763,0.2741,0.2724,0.284
2001,4,27,4/27/2001,0.2802,6.0,2001-04-27,0.2801,0.2806,0.28,0.2789,0.278,0.2763,0.2741,0.284
2001,4,28,4/28/2001,0.2791,6.0,2001-04-28,0.2802,0.2801,0.2806,0.28,0.2789,0.278,0.2763,0.2836
2001,4,29,4/29/2001,0.2786,6.0,2001-04-29,0.2791,0.2802,0.2801,0.2806,0.28,0.2789,0.278,0.2826
2001,4,30,4/30/2001,0.2788,6.0,2001-04-30,0.2786,0.2791,0.2802,0.2801,0.2806,0.28,0.2789,0.2816
2001,5,1,5/01/2001,0.278,6.0,2001-05-01,0.2788,0.2786,0.2791,0.2802,0.2801,0.2806,0.28,0.2808
2001,5,2,5/02/2001,0.2781,6.0,2001-05-02,0.278,0.2788,0.2786,0.2791,0.2802,0.2801,0.2806,0.2797
2001,5,3,5/03/2001,0.2782,6.0,2001-05-03,0.2781,0.278,0.2788,0.2786,0.2791,0.2802,0.2801,0.279
2001,5,4,5/04/2001,0.2785,6.0,2001-05-04,0.2782,0.2781,0.278,0.2788,0.2786,0.2791,0.2802,0.279
2001,5,5,5/05/2001,0.2786,6.0,2001-05-05,0.2785,0.2782,0.2781,0.278,0.2788,0.2786,0.2791,0.2786
2001,5,6,5/06/2001,0.278,6.0,2001-05-06,0.2786,0.2785,0.2782,0.2781,0.278,0.2788,0.2786,0.278
2001,5,7,5/07/2001,0.2769,6.0,2001-05-07,0.278,0.2786,0.2785,0.2782,0.2781,0.278,0.2788,0.2774
2001,5,8,5/08/2001,0.276,6.0,2001-05-08,0.2769,0.278,0.2786,0.2785,0.2782,0.2781,0.278,0.2764
2001,5,9,5/09/2001,0.2747,6.0,2001-05-09,0.276,0.2769,0.278,0.2786,0.2785,0.2782,0.2781,0.2766
2001,5,10,5/10/2001,0.274,6.0,2001-05-10,0.2747,0.276,0.2769,0.278,0.2786,0.2785,0.2782,0.2762
2001,5,11,5/11/2001,0.2731,6.0,2001-05-11,0.274,0.2747,0.276,0.2769,0.278,0.2786,0.2785,0.2748
2001,5,12,5/12/2001,0.2726,6.0,2001-05-12,0.2731,0.274,0.2747,0.276,0.2769,0.278,0.2786,0.274
2001,5,13,5/13/2001,0.2727,6.0,2001-05-13,0.2726,0.2731,0.274,0.2747,0.276,0.2769,0.278,0.2726
2001,5,14,5/14/2001,0.2727,6.0,2001-05-14,0.2727,0.2726,0.2731,0.274,0.2747,0.276,0.2769,0.2723
2001,5,15,5/15/2001,0.2737,6.0,2001-05-15,0.2727,0.2727,0.2726,0.2731,0.274,0.2747,0.276,0.2713
2001,5,16,5/16/2001,0.2745,6.0,2001-05-16,0.2737,0.2727,0.2727,0.2726,0.2731,0.274,0.2747,0.2724
2001,5,17,5/17/2001,0.2749,6.0,2001-05-17,0.2745,0.2737,0.2727,0.2727,0.2726,0.2731,0.274,0.2741
2001,5,18,5/18/2001,0.2755,6.0,2001-05-18,0.2749,0.2745,0.2737,0.2727,0.2727,0.2726,0.2731,0.2763
2001,5,19,5/19/2001,0.2756,6.0,2001-05-19,0.2755,0.2749,0.2745,0.2737,0.2727,0.2727,0.2726,0.278
2001,5,20,5/20/2001,0.2767,6.0,2001-05-20,0.2756,0.2755,0.2749,0.2745,0.2737,0.2727,0.2727,0.2789
2001,5,21,5/21/2001,0.2775,6.0,2001-05-21,0.2767,0.2756,0.2755,0.2749,0.2745,0.2737,0.2727,0.28
2001,5,22,5/22/2001,0.2777,6.0,2001-05-22,0.2775,0.2767,0.2756,0.2755,0.2749,0.2745,0.2737,0.2806
2001,5,23,5/23/2001,0.2782,6.0,2001-05-23,0.2777,0.2775,0.2767,0.2756,0.2755,0.2749,0.2745,0.2801
2001,5,24,5/24/2001,0.2781,6.0,2001-05-24,0.2782,0.2777,0.2775,0.2767,0.2756,0.2755,0.2749,0.2802
2001,5,25,5/25/2001,0.2779,6.0,2001-05-25,0.2781,0.2782,0.2777,0.2775,0.2767,0.2756,0.2755,0.2791
2001,5,26,5/26/2001,0.2779,6.0,2001-05-26,0.2779,0.2781,0.2782,0.2777,0.2775,0.2767,0.2756,0.2786
2001,5,27,5/27/2001,0.2776,6.0,2001-05-27,0.2779,0.2779,0.2781,0.2782,0.2777,0.2775,0.2767,0.2788
2001,5,28,5/28/2001,0.2774,6.0,2001-05-28,0.2776,0.2779,0.2779,0.2781,0.2782,0.2777,0.2775,0.278
2001,5,29,5/29/2001,0.2772,6.0,2001-05-29,0.2774,0.2776,0.2779,0.2779,0.2781,0.2782,0.2777,0.2781
2001,5,30,5/30/2001,0.2767,6.0,2001-05-30,0.2772,0.2774,0.2776,0.2779,0.2779,0.2781,0.2782,0.2782
2001,5,31,5/31/2001,0.2762,6.0,2001-05-31,0.2767,0.2772,0.2774,0.2776,0.2779,0.2779,0.2781,0.2785
2001,6,1,6/01/2001,0.2754,6.0,2001-06-01,0.2762,0.2767,0.2772,0.2774,0.2776,0.2779,0.2779,0.2786
2001,6,2,6/02/2001,0.2755,6.0,2001-06-02,0.2754,0.2762,0.2767,0.2772,0.2774,0.2776,0.2779,0.278
2001,6,3,6/03/2001,0.2756,6.0,2001-06-03,0.2755,0.2754,0.2762,0.2767,0.2772,0.2774,0.2776,0.2769
2001,6,4,6/04/2001,0.2764,6.0,2001-06-04,0.2756,0.2755,0.2754,0.2762,0.2767,0.2772,0.2774,0.276
2001,6,5,6/05/2001,0.2767,6.0,2001-06-05,0.2764,0.2756,0.2755,0.2754,0.2762,0.2767,0.2772,0.2747
2001,6,6,6/06/2001,0.277,6.0,2001-06-06,0.2767,0.2764,0.2756,0.2755,0.2754,0.2762,0.2767,0.274
2001,6,7,6/07/2001,0.2775,6.0,2001-06-07,0.277,0.2767,0.2764,0.2756,0.2755,0.2754,0.2762,0.2731
2001,6,8,6/08/2001,0.278,6.0,2001-06-08,0.2775,0.277,0.2767,0.2764,0.2756,0.2755,0.2754,0.2726
2001,6,9,6/09/2001,0.2787,6.0,2001-06-09,0.278,0.2775,0.277,0.2767,0.2764,0.2756,0.2755,0.2727
2001,6,10,6/10/2001,0.2783,6.0,2001-06-10,0.2787,0.278,0.2775,0.277,0.2767,0.2764,0.2756,0.2727
2001,6,11,6/11/2001,0.2779,6.0,2001-06-11,0.2783,0.2787,0.278,0.2775,0.277,0.2767,0.2764,0.2737
2001,6,12,6/12/2001,0.2773,6.0,2001-06-12,0.2779,0.2783,0.2787,0.278,0.2775,0.277,0.2767,0.2745
2001,6,13,6/13/2001,0.2773,6.0,2001-06-13,0.2773,0.2779,0.2783,0.2787,0.278,0.2775,0.277,0.2749
2001,6,14,6/14/2001,0.2782,6.0,2001-06-14,0.2773,0.2773,0.2779,0.2783,0.2787,0.278,0.2775,0.2755
2001,6,16,6/16/2001,0.2793,6.0,2001-06-16,0.2782,0.2773,0.2773,0.2779,0.2783,0.2787,0.278,0.2756
2001,6,17,6/17/2001,0.2796,6.0,2001-06-17,0.2793,0.2782,0.2773,0.2773,0.2779,0.2783,0.2787,0.2767
2001,6,18,6/18/2001,0.2807,6.0,2001-06-18,0.2796,0.2793,0.2782,0.2773,0.2773,0.2779,0.2783,0.2775
2001,6,19,6/19/2001,0.2812,6.0,2001-06-19,0.2807,0.2796,0.2793,0.2782,0.2773,0.2773,0.2779,0.2777
2001,6,20,6/20/2001,0.2814,6.0,2001-06-20,0.2812,0.2807,0.2796,0.2793,0.2782,0.2773,0.2773,0.2782
2001,6,21,6/21/2001,0.2812,6.0,2001-06-21,0.2814,0.2812,0.2807,0.2796,0.2793,0.2782,0.2773,0.2781
2001,6,22,6/22/2001,0.2808,6.0,2001-06-22,0.2812,0.2814,0.2812,0.2807,0.2796,0.2793,0.2782,0.2779
2001,6,23,6/23/2001,0.2808,6.0,2001-06-23,0.2808,0.2812,0.2814,0.2812,0.2807,0.2796,0.2793,0.2779
2001,6,24,6/24/2001,0.2806,6.0,2001-06-24,0.2808,0.2808,0.2812,0.2814,0.2812,0.2807,0.2796,0.2776
2001,6,25,6/25/2001,0.2799,6.0,2001-06-25,0.2806,0.2808,0.2808,0.2812,0.2814,0.2812,0.2807,0.2774
2001,6,26,6/26/2001,0.2794,6.0,2001-06-26,0.2799,0.2806,0.2808,0.2808,0.2812,0.2814,0.2812,0.2772
2001,6,27,6/27/2001,0.2784,6.0,2001-06-27,0.2794,0.2799,0.2806,0.2808,0.2808,0.2812,0.2814,0.2767
2001,6,29,6/29/2001,0.2777,6.0,2001-06-29,0.2784,0.2794,0.2799,0.2806,0.2808,0.2808,0.2812,0.2762
2001,6,30,6/30/2001,0.2773,6.0,2001-06-30,0.2777,0.2784,0.2794,0.2799,0.2806,0.2808,0.2808,0.2754
2001,7,1,7/01/2001,0.2773,6.0,2001-07-01,0.2773,0.2777,0.2784,0.2794,0.2799,0.2806,0.2808,0.2755
2001,7,2,7/02/2001,0.2775,6.0,2001-07-02,0.2773,0.2773,0.2777,0.2784,0.2794,0.2799,0.2806,0.2756
2001,7,3,7/03/2001,0.2771,6.0,2001-07-03,0.2775,0.2773,0.2773,0.2777,0.2784,0.2794,0.2799,0.2764
2001,7,4,7/04/2001,0.2774,6.0,2001-07-04,0.2771,0.2775,0.2773,0.2773,0.2777,0.2784,0.2794,0.2767
2001,7,5,7/05/2001,0.2767,6.0,2001-07-05,0.2774,0.2771,0.2775,0.2773,0.2773,0.2777,0.2784,0.277
2001,7,7,7/07/2001,0.2754,6.0,2001-07-07,0.2767,0.2774,0.2771,0.2775,0.2773,0.2773,0.2777,0.2775
2001,7,8,7/08/2001,0.275,6.0,2001-07-08,0.2754,0.2767,0.2774,0.2771,0.2775,0.2773,0.2773,0.278
2001,7,10,7/10/2001,0.2749,6.0,2001-07-10,0.275,0.2754,0.2767,0.2774,0.2771,0.2775,0.2773,0.2787
2001,7,11,7/11/2001,0.2751,6.0,2001-07-11,0.2749,0.275,0.2754,0.2767,0.2774,0.2771,0.2775,0.2783
2001,7,12,7/12/2001,0.2759,6.0,2001-07-12,0.2751,0.2749,0.275,0.2754,0.2767,0.2774,0.2771,0.2779
2001,7,13,7/13/2001,0.2766,6.0,2001-07-13,0.2759,0.2751,0.2749,0.275,0.2754,0.2767,0.2774,0.2773
2001,7,14,7/14/2001,0.2772,6.0,2001-07-14,0.2766,0.2759,0.2751,0.2749,0.275,0.2754,0.2767,0.2773
2001,7,15,7/15/2001,0.2776,6.0,2001-07-15,0.2772,0.2766,0.2759,0.2751,0.2749,0.275,0.2754,0.2782
2001,7,16,7/16/2001,0.2773,6.0,2001-07-16,0.2776,0.2772,0.2766,0.2759,0.2751,0.2749,0.275,0.2793
2001,7,17,7/17/2001,0.2786,6.0,2001-07-17,0.2773,0.2776,0.2772,0.2766,0.2759,0.2751,0.2749,0.2796
2001,7,18,7/18/2001,0.2787,6.0,2001-07-18,0.2786,0.2773,0.2776,0.2772,0.2766,0.2759,0.2751,0.2807
2001,7,19,7/19/2001,0.2786,6.0,2001-07-19,0.2787,0.2786,0.2773,0.2776,0.2772,0.2766,0.2759,0.2812
2001,7,20,7/20/2001,0.2784,6.0,2001-07-20,0.2786,0.2787,0.2786,0.2773,0.2776,0.2772,0.2766,0.2814
2001,7,21,7/21/2001,0.278,6.0,2001-07-21,0.2784,0.2786,0.2787,0.2786,0.2773,0.2776,0.2772,0.2812
2001,7,22,7/22/2001,0.2771,6.0,2001-07-22,0.278,0.2784,0.2786,0.2787,0.2786,0.2773,0.2776,0.2808
2001,7,23,7/23/2001,0.2763,6.0,2001-07-23,0.2771,0.278,0.2784,0.2786,0.2787,0.2786,0.2773,0.2808
2001,7,24,7/24/2001,0.2751,6.0,2001-07-24,0.2763,0.2771,0.278,0.2784,0.2786,0.2787,0.2786,0.2806
2001,7,25,7/25/2001,0.2747,6.0,2001-07-25,0.2751,0.2763,0.2771,0.278,0.2784,0.2786,0.2787,0.2799
2001,7,26,7/26/2001,0.2741,6.0,2001-07-26,0.2747,0.2751,0.2763,0.2771,0.278,0.2784,0.2786,0.2794
2001,7,28,7/28/2001,0.274,6.0,2001-07-28,0.2741,0.2747,0.2751,0.2763,0.2771,0.278,0.2784,0.2784
2001,7,29,7/29/2001,0.2739,6.0,2001-07-29,0.274,0.2741,0.2747,0.2751,0.2763,0.2771,0.278,0.2777
2001,7,30,7/30/2001,0.2738,6.0,2001-07-30,0.2739,0.274,0.2741,0.2747,0.2751,0.2763,0.2771,0.2773
2001,8,1,8/01/2001,0.2738,6.0,2001-08-01,0.2738,0.2739,0.274,0.2741,0.2747,0.2751,0.2763,0.2773
2001,8,3,8/03/2001,0.2746,6.0,2001-08-03,0.2738,0.2738,0.2739,0.274,0.2741,0.2747,0.2751,0.2775
2001,8,4,8/04/2001,0.2748,6.0,2001-08-04,0.2746,0.2738,0.2738,0.2739,0.274,0.2741,0.2747,0.2771
2001,8,6,8/06/2001,0.2757,6.0,2001-08-06,0.2748,0.2746,0.2738,0.2738,0.2739,0.274,0.2741,0.2774
2001,8,7,8/07/2001,0.2764,6.0,2001-08-07,0.2757,0.2748,0.2746,0.2738,0.2738,0.2739,0.274,0.2767
2001,8,8,8/08/2001,0.277,6.0,2001-08-08,0.2764,0.2757,0.2748,0.2746,0.2738,0.2738,0.2739,0.2754
2001,8,14,8/14/2001,0.277,6.0,2001-08-14,0.277,0.2764,0.2757,0.2748,0.2746,0.2738,0.2738,0.275
2001,8,15,8/15/2001,0.2771,6.0,2001-08-15,0.277,0.277,0.2764,0.2757,0.2748,0.2746,0.2738,0.2749
2001,8,16,8/16/2001,0.2769,6.0,2001-08-16,0.2771,0.277,0.277,0.2764,0.2757,0.2748,0.2746,0.2751
2001,8,18,8/18/2001,0.2766,6.0,2001-08-18,0.2769,0.2771,0.277,0.277,0.2764,0.2757,0.2748,0.2759
2001,8,19,8/19/2001,0.2766,6.0,2001-08-19,0.2766,0.2769,0.2771,0.277,0.277,0.2764,0.2757,0.2766
2001,8,21,8/21/2001,0.2753,6.0,2001-08-21,0.2766,0.2766,0.2769,0.2771,0.277,0.277,0.2764,0.2772
2001,8,22,8/22/2001,0.2758,6.0,2001-08-22,0.2753,0.2766,0.2766,0.2769,0.2771,0.277,0.277,0.2776
2001,8,23,8/23/2001,0.2765,6.0,2001-08-23,0.2758,0.2753,0.2766,0.2766,0.2769,0.2771,0.277,0.2773
2001,8,24,8/24/2001,0.2773,6.0,2001-08-24,0.2765,0.2758,0.2753,0.2766,0.2766,0.2769,0.2771,0.2786
2001,8,25,8/25/2001,0.2781,6.0,2001-08-25,0.2773,0.2765,0.2758,0.2753,0.2766,0.2766,0.2769,0.2787
2001,8,26,8/26/2001,0.2788,6.0,2001-08-26,0.2781,0.2773,0.2765,0.2758,0.2753,0.2766,0.2766,0.2786
2001,8,27,8/27/2001,0.2786,6.0,2001-08-27,0.2788,0.2781,0.2773,0.2765,0.2758,0.2753,0.2766,0.2784
2001,8,28,8/28/2001,0.2798,6.0,2001-08-28,0.2786,0.2788,0.2781,0.2773,0.2765,0.2758,0.2753,0.278
2001,8,29,8/29/2001,0.2796,6.0,2001-08-29,0.2798,0.2786,0.2788,0.2781,0.2773,0.2765,0.2758,0.2771
2001,8,30,8/30/2001,0.28,6.0,2001-08-30,0.2796,0.2798,0.2786,0.2788,0.2781,0.2773,0.2765,0.2763
2001,8,31,8/31/2001,0.2799,6.0,2001-08-31,0.28,0.2796,0.2798,0.2786,0.2788,0.2781,0.2773,0.2751
2001,9,1,9/01/2001,0.28,6.0,2001-09-01,0.2799,0.28,0.2796,0.2798,0.2786,0.2788,0.2781,0.2747
2001,9,2,9/02/2001,0.28,6.0,2001-09-02,0.28,0.2799,0.28,0.2796,0.2798,0.2786,0.2788,0.2741
2001,9,3,9/03/2001,0.2797,6.0,2001-09-03,0.28,0.28,0.2799,0.28,0.2796,0.2798,0.2786,0.274
2001,9,4,9/04/2001,0.2788,6.0,2001-09-04,0.2797,0.28,0.28,0.2799,0.28,0.2796,0.2798,0.2739
2001,9,5,9/05/2001,0.2794,6.0,2001-09-05,0.2788,0.2797,0.28,0.28,0.2799,0.28,0.2796,0.2738
2001,9,6,9/06/2001,0.28,6.0,2001-09-06,0.2794,0.2788,0.2797,0.28,0.28,0.2799,0.28,0.2738
2001,9,7,9/07/2001,0.2808,6.0,2001-09-07,0.28,0.2794,0.2788,0.2797,0.28,0.28,0.2799,0.2746
2001,9,8,9/08/2001,0.2815,6.0,2001-09-08,0.2808,0.28,0.2794,0.2788,0.2797,0.28,0.28,0.2748
2001,9,9,9/09/2001,0.2837,6.0,2001-09-09,0.2815,0.2808,0.28,0.2794,0.2788,0.2797,0.28,0.2757
2001,9,10,9/10/2001,0.2814,6.0,2001-09-10,0.2837,0.2815,0.2808,0.28,0.2794,0.2788,0.2797,0.2764
2001,9,11,9/11/2001,0.2815,6.0,2001-09-11,0.2814,0.2837,0.2815,0.2808,0.28,0.2794,0.2788,0.277
2001,9,12,9/12/2001,0.2817,6.0,2001-09-12,0.2815,0.2814,0.2837,0.2815,0.2808,0.28,0.2794,0.277
2001,9,13,9/13/2001,0.2817,6.0,2001-09-13,0.2817,0.2815,0.2814,0.2837,0.2815,0.2808,0.28,0.2771
2001,9,14,9/14/2001,0.2816,6.0,2001-09-14,0.2817,0.2817,0.2815,0.2814,0.2837,0.2815,0.2808,0.2769
2001,9,15,9/15/2001,0.281,6.0,2001-09-15,0.2816,0.2817,0.2817,0.2815,0.2814,0.2837,0.2815,0.2766
2001,9,16,9/16/2001,0.2797,6.0,2001-09-16,0.281,0.2816,0.2817,0.2817,0.2815,0.2814,0.2837,0.2766
2001,9,17,9/17/2001,0.2792,6.0,2001-09-17,0.2797,0.281,0.2816,0.2817,0.2817,0.2815,0.2814,0.2753
2001,9,18,9/18/2001,0.279,6.0,2001-09-18,0.2792,0.2797,0.281,0.2816,0.2817,0.2817,0.2815,0.2758
2001,9,19,9/19/2001,0.2791,6.0,2001-09-19,0.279,0.2792,0.2797,0.281,0.2816,0.2817,0.2817,0.2765
2001,9,20,9/20/2001,0.2798,6.0,2001-09-20,0.2791,0.279,0.2792,0.2797,0.281,0.2816,0.2817,0.2773
2001,9,21,9/21/2001,0.2816,6.0,2001-09-21,0.2798,0.2791,0.279,0.2792,0.2797,0.281,0.2816,0.2781
2001,9,22,9/22/2001,0.283,6.0,2001-09-22,0.2816,0.2798,0.2791,0.279,0.2792,0.2797,0.281,0.2788
2001,9,23,9/23/2001,0.2836,6.0,2001-09-23,0.283,0.2816,0.2798,0.2791,0.279,0.2792,0.2797,0.2786
2001,9,24,9/24/2001,0.2841,6.0,2001-09-24,0.2836,0.283,0.2816,0.2798,0.2791,0.279,0.2792,0.2798
2001,9,25,9/25/2001,0.2844,6.0,2001-09-25,0.2841,0.2836,0.283,0.2816,0.2798,0.2791,0.279,0.2796
2001,9,26,9/26/2001,0.2851,6.0,2001-09-26,0.2844,0.2841,0.2836,0.283,0.2816,0.2798,0.2791,0.28
2001,9,27,9/27/2001,0.2853,6.0,2001-09-27,0.2851,0.2844,0.2841,0.2836,0.283,0.2816,0.2798,0.2799
2001,9,28,9/28/2001,0.2853,6.0,2001-09-28,0.2853,0.2851,0.2844,0.2841,0.2836,0.283,0.2816,0.28
2001,9,29,9/29/2001,0.2853,6.0,2001-09-29,0.2853,0.2853,0.2851,0.2844,0.2841,0.2836,0.283,0.28
2001,9,30,9/30/2001,0.2842,6.0,2001-09-30,0.2853,0.2853,0.2853,0.2851,0.2844,0.2841,0.2836,0.2797
2001,10,1,10/01/2001,0.2831,6.0,2001-10-01,0.2842,0.2853,0.2853,0.2853,0.2851,0.2844,0.2841,0.2788
2001,10,2,10/02/2001,0.2822,6.0,2001-10-02,0.2831,0.2842,0.2853,0.2853,0.2853,0.2851,0.2844,0.2794
2001,10,3,10/03/2001,0.2814,6.0,2001-10-03,0.2822,0.2831,0.2842,0.2853,0.2853,0.2853,0.2851,0.28
2001,10,4,10/04/2001,0.2815,6.0,2001-10-04,0.2814,0.2822,0.2831,0.2842,0.2853,0.2853,0.2853,0.2808
2001,10,5,10/05/2001,0.2813,6.0,2001-10-05,0.2815,0.2814,0.2822,0.2831,0.2842,0.2853,0.2853,0.2815
2001,10,6,10/06/2001,0.2805,6.0,2001-10-06,0.2813,0.2815,0.2814,0.2822,0.2831,0.2842,0.2853,0.2837
2001,10,7,10/07/2001,0.2798,6.0,2001-10-07,0.2805,0.2813,0.2815,0.2814,0.2822,0.2831,0.2842,0.2814
2001,10,8,10/08/2001,0.2794,6.0,2001-10-08,0.2798,0.2805,0.2813,0.2815,0.2814,0.2822,0.2831,0.2815
2001,10,9,10/09/2001,0.2795,6.0,2001-10-09,0.2794,0.2798,0.2805,0.2813,0.2815,0.2814,0.2822,0.2817
2001,10,10,10/10/2001,0.2804,6.0,2001-10-10,0.2795,0.2794,0.2798,0.2805,0.2813,0.2815,0.2814,0.2817
2001,10,11,10/11/2001,0.281,6.0,2001-10-11,0.2804,0.2795,0.2794,0.2798,0.2805,0.2813,0.2815,0.2816
2001,10,12,10/12/2001,0.2815,6.0,2001-10-12,0.281,0.2804,0.2795,0.2794,0.2798,0.2805,0.2813,0.281
2001,10,13,10/13/2001,0.2818,6.0,2001-10-13,0.2815,0.281,0.2804,0.2795,0.2794,0.2798,0.2805,0.2797
2001,10,14,10/14/2001,0.2814,6.0,2001-10-14,0.2818,0.2815,0.281,0.2804,0.2795,0.2794,0.2798,0.2792
2001,10,15,10/15/2001,0.2815,6.0,2001-10-15,0.2814,0.2818,0.2815,0.281,0.2804,0.2795,0.2794,0.279
2001,10,16,10/16/2001,0.2818,6.0,2001-10-16,0.2815,0.2814,0.2818,0.2815,0.281,0.2804,0.2795,0.2791
2001,10,17,10/17/2001,0.2823,6.0,2001-10-17,0.2818,0.2815,0.2814,0.2818,0.2815,0.281,0.2804,0.2798
2001,10,18,10/18/2001,0.283,6.0,2001-10-18,0.2823,0.2818,0.2815,0.2814,0.2818,0.2815,0.281,0.2816
2001,10,19,10/19/2001,0.2836,6.0,2001-10-19,0.283,0.2823,0.2818,0.2815,0.2814,0.2818,0.2815,0.283
2001,10,20,10/20/2001,0.2845,6.0,2001-10-20,0.2836,0.283,0.2823,0.2818,0.2815,0.2814,0.2818,0.2836
2001,10,21,10/21/2001,0.2846,6.0,2001-10-21,0.2845,0.2836,0.283,0.2823,0.2818,0.2815,0.2814,0.2841
2001,10,22,10/22/2001,0.2851,6.0,2001-10-22,0.2846,0.2845,0.2836,0.283,0.2823,0.2818,0.2815,0.2844
2001,10,23,10/23/2001,0.2862,6.0,2001-10-23,0.2851,0.2846,0.2845,0.2836,0.283,0.2823,0.2818,0.2851
2001,10,24,10/24/2001,0.2863,6.0,2001-10-24,0.2862,0.2851,0.2846,0.2845,0.2836,0.283,0.2823,0.2853
2001,10,25,10/25/2001,0.2868,6.0,2001-10-25,0.2863,0.2862,0.2851,0.2846,0.2845,0.2836,0.283,0.2853
2001,10,26,10/26/2001,0.2868,6.0,2001-10-26,0.2868,0.2863,0.2862,0.2851,0.2846,0.2845,0.2836,0.2853
2001,10,27,10/27/2001,0.2859,6.0,2001-10-27,0.2868,0.2868,0.2863,0.2862,0.2851,0.2846,0.2845,0.2842
2001,10,28,10/28/2001,0.2844,6.0,2001-10-28,0.2859,0.2868,0.2868,0.2863,0.2862,0.2851,0.2846,0.2831
2001,10,29,10/29/2001,0.2829,6.0,2001-10-29,0.2844,0.2859,0.2868,0.2868,0.2863,0.2862,0.2851,0.2822
2001,10,30,10/30/2001,0.2819,6.0,2001-10-30,0.2829,0.2844,0.2859,0.2868,0.2868,0.2863,0.2862,0.2814
2001,10,31,10/31/2001,0.2813,6.0,2001-10-31,0.2819,0.2829,0.2844,0.2859,0.2868,0.2868,0.2863,0.2815
2001,11,1,11/01/2001,0.2809,6.0,2001-11-01,0.2813,0.2819,0.2829,0.2844,0.2859,0.2868,0.2868,0.2813
2001,11,2,11/02/2001,0.2807,6.0,2001-11-02,0.2809,0.2813,0.2819,0.2829,0.2844,0.2859,0.2868,0.2805
2001,11,3,11/03/2001,0.2805,6.0,2001-11-03,0.2807,0.2809,0.2813,0.2819,0.2829,0.2844,0.2859,0.2798
2001,11,4,11/04/2001,0.2806,6.0,2001-11-04,0.2805,0.2807,0.2809,0.2813,0.2819,0.2829,0.2844,0.2794
2001,11,5,11/05/2001,0.2817,6.0,2001-11-05,0.2806,0.2805,0.2807,0.2809,0.2813,0.2819,0.2829,0.2795
2001,11,6,11/06/2001,0.2817,6.0,2001-11-06,0.2817,0.2806,0.2805,0.2807,0.2809,0.2813,0.2819,0.2804
2001,11,7,11/07/2001,0.2821,6.0,2001-11-07,0.2817,0.2817,0.2806,0.2805,0.2807,0.2809,0.2813,0.281
2001,11,8,11/08/2001,0.2832,6.0,2001-11-08,0.2821,0.2817,0.2817,0.2806,0.2805,0.2807,0.2809,0.2815
2001,11,9,11/09/2001,0.2834,6.0,2001-11-09,0.2832,0.2821,0.2817,0.2817,0.2806,0.2805,0.2807,0.2818
2001,11,10,11/10/2001,0.2831,6.0,2001-11-10,0.2834,0.2832,0.2821,0.2817,0.2817,0.2806,0.2805,0.2814
2001,11,11,11/11/2001,0.283,6.0,2001-11-11,0.2831,0.2834,0.2832,0.2821,0.2817,0.2817,0.2806,0.2815
2001,11,12,11/12/2001,0.2827,6.0,2001-11-12,0.283,0.2831,0.2834,0.2832,0.2821,0.2817,0.2817,0.2818
2001,11,13,11/13/2001,0.2822,6.0,2001-11-13,0.2827,0.283,0.2831,0.2834,0.2832,0.2821,0.2817,0.2823
2001,11,14,11/14/2001,0.2823,6.0,2001-11-14,0.2822,0.2827,0.283,0.2831,0.2834,0.2832,0.2821,0.283
2001,11,15,11/15/2001,0.2823,6.0,2001-11-15,0.2823,0.2822,0.2827,0.283,0.2831,0.2834,0.2832,0.2836
2001,11,16,11/16/2001,0.2822,6.0,2001-11-16,0.2823,0.2823,0.2822,0.2827,0.283,0.2831,0.2834,0.2845
2001,11,17,11/17/2001,0.2822,6.0,2001-11-17,0.2822,0.2823,0.2823,0.2822,0.2827,0.283,0.2831,0.2846
2001,11,18,11/18/2001,0.2819,6.0,2001-11-18,0.2822,0.2822,0.2823,0.2823,0.2822,0.2827,0.283,0.2851
2001,11,19,11/19/2001,0.282,6.0,2001-11-19,0.2819,0.2822,0.2822,0.2823,0.2823,0.2822,0.2827,0.2862
2001,11,20,11/20/2001,0.2821,6.0,2001-11-20,0.282,0.2819,0.2822,0.2822,0.2823,0.2823,0.2822,0.2863
2001,11,21,11/21/2001,0.2822,6.0,2001-11-21,0.2821,0.282,0.2819,0.2822,0.2822,0.2823,0.2823,0.2868
2001,11,22,11/22/2001,0.2821,6.0,2001-11-22,0.2822,0.2821,0.282,0.2819,0.2822,0.2822,0.2823,0.2868
2001,11,23,11/23/2001,0.2823,6.0,2001-11-23,0.2821,0.2822,0.2821,0.282,0.2819,0.2822,0.2822,0.2859
2001,11,24,11/24/2001,0.2808,6.0,2001-11-24,0.2823,0.2821,0.2822,0.2821,0.282,0.2819,0.2822,0.2844
2001,11,25,11/25/2001,0.2802,6.0,2001-11-25,0.2808,0.2823,0.2821,0.2822,0.2821,0.282,0.2819,0.2829
2001,11,26,11/26/2001,0.2793,6.0,2001-11-26,0.2802,0.2808,0.2823,0.2821,0.2822,0.2821,0.282,0.2819
2001,11,27,11/27/2001,0.2785,6.0,2001-11-27,0.2793,0.2802,0.2808,0.2823,0.2821,0.2822,0.2821,0.2813
2001,11,28,11/28/2001,0.2791,6.0,2001-11-28,0.2785,0.2793,0.2802,0.2808,0.2823,0.2821,0.2822,0.2809
2001,11,29,11/29/2001,0.2803,6.0,2001-11-29,0.2791,0.2785,0.2793,0.2802,0.2808,0.2823,0.2821,0.2807
2001,11,30,11/30/2001,0.281,6.0,2001-11-30,0.2803,0.2791,0.2785,0.2793,0.2802,0.2808,0.2823,0.2805
2001,12,1,12/01/2001,0.2821,6.0,2001-12-01,0.281,0.2803,0.2791,0.2785,0.2793,0.2802,0.2808,0.2806
2001,12,2,12/02/2001,0.2828,6.0,2001-12-02,0.2821,0.281,0.2803,0.2791,0.2785,0.2793,0.2802,0.2817
2001,12,3,12/03/2001,0.2841,6.0,2001-12-03,0.2828,0.2821,0.281,0.2803,0.2791,0.2785,0.2793,0.2817
2001,12,4,12/04/2001,0.285,6.0,2001-12-04,0.2841,0.2828,0.2821,0.281,0.2803,0.2791,0.2785,0.2821
2001,12,5,12/05/2001,0.2857,6.0,2001-12-05,0.285,0.2841,0.2828,0.2821,0.281,0.2803,0.2791,0.2832
2001,12,6,12/06/2001,0.2857,6.0,2001-12-06,0.2857,0.285,0.2841,0.2828,0.2821,0.281,0.2803,0.2834
2001,12,7,12/07/2001,0.2851,6.0,2001-12-07,0.2857,0.2857,0.285,0.2841,0.2828,0.2821,0.281,0.2831
2001,12,8,12/08/2001,0.2844,6.0,2001-12-08,0.2851,0.2857,0.2857,0.285,0.2841,0.2828,0.2821,0.283
2001,12,9,12/09/2001,0.2839,6.0,2001-12-09,0.2844,0.2851,0.2857,0.2857,0.285,0.2841,0.2828,0.2827
2001,12,10,12/10/2001,0.2832,6.0,2001-12-10,0.2839,0.2844,0.2851,0.2857,0.2857,0.285,0.2841,0.2822
2001,12,11,12/11/2001,0.2825,6.0,2001-12-11,0.2832,0.2839,0.2844,0.2851,0.2857,0.2857,0.285,0.2823
2001,12,12,12/12/2001,0.2821,6.0,2001-12-12,0.2825,0.2832,0.2839,0.2844,0.2851,0.2857,0.2857,0.2823
2001,12,13,12/13/2001,0.2828,6.0,2001-12-13,0.2821,0.2825,0.2832,0.2839,0.2844,0.2851,0.2857,0.2822
2001,12,14,12/14/2001,0.2824,6.0,2001-12-14,0.2828,0.2821,0.2825,0.2832,0.2839,0.2844,0.2851,0.2822
2001,12,15,12/15/2001,0.2826,6.0,2001-12-15,0.2824,0.2828,0.2821,0.2825,0.2832,0.2839,0.2844,0.2819
2001,12,16,12/16/2001,0.2828,6.0,2001-12-16,0.2826,0.2824,0.2828,0.2821,0.2825,0.2832,0.2839,0.282
2001,12,17,12/17/2001,0.2829,6.0,2001-12-17,0.2828,0.2826,0.2824,0.2828,0.2821,0.2825,0.2832,0.2821
2001,12,18,12/18/2001,0.2833,6.0,2001-12-18,0.2829,0.2828,0.2826,0.2824,0.2828,0.2821,0.2825,0.2822
2001,12,19,12/19/2001,0.2833,6.0,2001-12-19,0.2833,0.2829,0.2828,0.2826,0.2824,0.2828,0.2821,0.2821
2001,12,20,12/20/2001,0.2835,6.0,2001-12-20,0.2833,0.2833,0.2829,0.2828,0.2826,0.2824,0.2828,0.2823
2001,12,21,12/21/2001,0.2835,6.0,2001-12-21,0.2835,0.2833,0.2833,0.2829,0.2828,0.2826,0.2824,0.2808
2001,12,22,12/22/2001,0.2842,6.0,2001-12-22,0.2835,0.2835,0.2833,0.2833,0.2829,0.2828,0.2826,0.2802
2001,12,23,12/23/2001,0.2846,6.0,2001-12-23,0.2842,0.2835,0.2835,0.2833,0.2833,0.2829,0.2828,0.2793
2001,12,24,12/24/2001,0.2848,6.0,2001-12-24,0.2846,0.2842,0.2835,0.2835,0.2833,0.2833,0.2829,0.2785
2001,12,25,12/25/2001,0.2849,6.0,2001-12-25,0.2848,0.2846,0.2842,0.2835,0.2835,0.2833,0.2833,0.2791
2001,12,26,12/26/2001,0.2853,6.0,2001-12-26,0.2849,0.2848,0.2846,0.2842,0.2835,0.2835,0.2833,0.2803
2001,12,27,12/27/2001,0.2859,6.0,2001-12-27,0.2853,0.2849,0.2848,0.2846,0.2842,0.2835,0.2835,0.281
2001,12,28,12/28/2001,0.2851,6.0,2001-12-28,0.2859,0.2853,0.2849,0.2848,0.2846,0.2842,0.2835,0.2821
2001,12,29,12/29/2001,0.2852,6.0,2001-12-29,0.2851,0.2859,0.2853,0.2849,0.2848,0.2846,0.2842,0.2828
2001,12,30,12/30/2001,0.2861,6.0,2001-12-30,0.2852,0.2851,0.2859,0.2853,0.2849,0.2848,0.2846,0.2841
2001,12,31,12/31/2001,0.2867,6.0,2001-12-31,0.2861,0.2852,0.2851,0.2859,0.2853,0.2849,0.2848,0.285
2002,1,1,1/01/2002,0.2868,6.0,2002-01-01,0.2867,0.2861,0.2852,0.2851,0.2859,0.2853,0.2849,0.2857
2002,1,2,1/02/2002,0.2865,6.0,2002-01-02,0.2868,0.2867,0.2861,0.2852,0.2851,0.2859,0.2853,0.2857
2002,1,3,1/03/2002,0.2855,6.0,2002-01-03,0.2865,0.2868,0.2867,0.2861,0.2852,0.2851,0.2859,0.2851
2002,1,4,1/04/2002,0.2849,6.0,2002-01-04,0.2855,0.2865,0.2868,0.2867,0.2861,0.2852,0.2851,0.2844
2002,1,5,1/05/2002,0.2841,6.0,2002-01-05,0.2849,0.2855,0.2865,0.2868,0.2867,0.2861,0.2852,0.2839
2002,1,6,1/06/2002,0.2833,6.0,2002-01-06,0.2841,0.2849,0.2855,0.2865,0.2868,0.2867,0.2861,0.2832
2002,1,7,1/07/2002,0.2824,6.0,2002-01-07,0.2833,0.2841,0.2849,0.2855,0.2865,0.2868,0.2867,0.2825
2002,1,8,1/08/2002,0.282,6.0,2002-01-08,0.2824,0.2833,0.2841,0.2849,0.2855,0.2865,0.2868,0.2821
2002,1,9,1/09/2002,0.283,6.0,2002-01-09,0.282,0.2824,0.2833,0.2841,0.2849,0.2855,0.2865,0.2828
2002,1,10,1/10/2002,0.2828,6.0,2002-01-10,0.283,0.282,0.2824,0.2833,0.2841,0.2849,0.2855,0.2824
2002,1,11,1/11/2002,0.2823,6.0,2002-01-11,0.2828,0.283,0.282,0.2824,0.2833,0.2841,0.2849,0.2826
2002,1,12,1/12/2002,0.2828,6.0,2002-01-12,0.2823,0.2828,0.283,0.282,0.2824,0.2833,0.2841,0.2828
2002,1,13,1/13/2002,0.2832,6.0,2002-01-13,0.2828,0.2823,0.2828,0.283,0.282,0.2824,0.2833,0.2829
2002,1,14,1/14/2002,0.2836,6.0,2002-01-14,0.2832,0.2828,0.2823,0.2828,0.283,0.282,0.2824,0.2833
2002,1,15,1/15/2002,0.2841,6.0,2002-01-15,0.2836,0.2832,0.2828,0.2823,0.2828,0.283,0.282,0.2833
2002,1,16,1/16/2002,0.2839,6.0,2002-01-16,0.2841,0.2836,0.2832,0.2828,0.2823,0.2828,0.283,0.2835
2002,1,17,1/17/2002,0.2834,6.0,2002-01-17,0.2839,0.2841,0.2836,0.2832,0.2828,0.2823,0.2828,0.2835
2002,1,18,1/18/2002,0.2838,6.0,2002-01-18,0.2834,0.2839,0.2841,0.2836,0.2832,0.2828,0.2823,0.2842
2002,1,19,1/19/2002,0.285,6.0,2002-01-19,0.2838,0.2834,0.2839,0.2841,0.2836,0.2832,0.2828,0.2846
2002,1,20,1/20/2002,0.2856,6.0,2002-01-20,0.285,0.2838,0.2834,0.2839,0.2841,0.2836,0.2832,0.2848
2002,1,21,1/21/2002,0.2867,6.0,2002-01-21,0.2856,0.285,0.2838,0.2834,0.2839,0.2841,0.2836,0.2849
2002,1,22,1/22/2002,0.2879,6.0,2002-01-22,0.2867,0.2856,0.285,0.2838,0.2834,0.2839,0.2841,0.2853
2002,1,23,1/23/2002,0.2882,6.0,2002-01-23,0.2879,0.2867,0.2856,0.285,0.2838,0.2834,0.2839,0.2859
2002,1,24,1/24/2002,0.2879,6.0,2002-01-24,0.2882,0.2879,0.2867,0.2856,0.285,0.2838,0.2834,0.2851
2002,1,25,1/25/2002,0.287,6.0,2002-01-25,0.2879,0.2882,0.2879,0.2867,0.2856,0.285,0.2838,0.2852
2002,1,26,1/26/2002,0.2867,6.0,2002-01-26,0.287,0.2879,0.2882,0.2879,0.2867,0.2856,0.285,0.2861
2002,1,27,1/27/2002,0.2875,6.0,2002-01-27,0.2867,0.287,0.2879,0.2882,0.2879,0.2867,0.2856,0.2867
2002,1,28,1/28/2002,0.2879,6.0,2002-01-28,0.2875,0.2867,0.287,0.2879,0.2882,0.2879,0.2867,0.2868
2002,1,29,1/29/2002,0.2869,6.0,2002-01-29,0.2879,0.2875,0.2867,0.287,0.2879,0.2882,0.2879,0.2865
2002,1,30,1/30/2002,0.2868,6.0,2002-01-30,0.2869,0.2879,0.2875,0.2867,0.287,0.2879,0.2882,0.2855
2002,1,31,1/31/2002,0.2866,6.0,2002-01-31,0.2868,0.2869,0.2879,0.2875,0.2867,0.287,0.2879,0.2849
2002,2,1,2/01/2002,0.2865,6.0,2002-02-01,0.2866,0.2868,0.2869,0.2879,0.2875,0.2867,0.287,0.2841
2002,2,2,2/02/2002,0.2865,6.0,2002-02-02,0.2865,0.2866,0.2868,0.2869,0.2879,0.2875,0.2867,0.2833
2002,2,3,2/03/2002,0.2863,6.0,2002-02-03,0.2865,0.2865,0.2866,0.2868,0.2869,0.2879,0.2875,0.2824
2002,2,4,2/04/2002,0.2863,6.0,2002-02-04,0.2863,0.2865,0.2865,0.2866,0.2868,0.2869,0.2879,0.282
2002,2,5,2/05/2002,0.2861,6.0,2002-02-05,0.2863,0.2863,0.2865,0.2865,0.2866,0.2868,0.2869,0.283
2002,2,6,2/06/2002,0.2849,6.0,2002-02-06,0.2861,0.2863,0.2863,0.2865,0.2865,0.2866,0.2868,0.2828
2002,2,7,2/07/2002,0.2828,6.0,2002-02-07,0.2849,0.2861,0.2863,0.2863,0.2865,0.2865,0.2866,0.2823
2002,2,8,2/08/2002,0.2817,6.0,2002-02-08,0.2828,0.2849,0.2861,0.2863,0.2863,0.2865,0.2865,0.2828
2002,2,9,2/09/2002,0.2817,6.0,2002-02-09,0.2817,0.2828,0.2849,0.2861,0.2863,0.2863,0.2865,0.2832
2002,2,10,2/10/2002,0.2823,6.0,2002-02-10,0.2817,0.2817,0.2828,0.2849,0.2861,0.2863,0.2863,0.2836
2002,2,11,2/11/2002,0.2825,6.0,2002-02-11,0.2823,0.2817,0.2817,0.2828,0.2849,0.2861,0.2863,0.2841
2002,2,12,2/12/2002,0.2824,6.0,2002-02-12,0.2825,0.2823,0.2817,0.2817,0.2828,0.2849,0.2861,0.2839
2002,2,13,2/13/2002,0.2826,6.0,2002-02-13,0.2824,0.2825,0.2823,0.2817,0.2817,0.2828,0.2849,0.2834
2002,2,14,2/14/2002,0.283,6.0,2002-02-14,0.2826,0.2824,0.2825,0.2823,0.2817,0.2817,0.2828,0.2838
2002,2,15,2/15/2002,0.2835,6.0,2002-02-15,0.283,0.2826,0.2824,0.2825,0.2823,0.2817,0.2817,0.285
2002,2,16,2/16/2002,0.2842,6.0,2002-02-16,0.2835,0.283,0.2826,0.2824,0.2825,0.2823,0.2817,0.2856
2002,2,17,2/17/2002,0.2844,6.0,2002-02-17,0.2842,0.2835,0.283,0.2826,0.2824,0.2825,0.2823,0.2867
2002,2,18,2/18/2002,0.2847,6.0,2002-02-18,0.2844,0.2842,0.2835,0.283,0.2826,0.2824,0.2825,0.2879
2002,2,19,2/19/2002,0.284,6.0,2002-02-19,0.2847,0.2844,0.2842,0.2835,0.283,0.2826,0.2824,0.2882
2002,2,20,2/20/2002,0.283,6.0,2002-02-20,0.284,0.2847,0.2844,0.2842,0.2835,0.283,0.2826,0.2879
2002,2,21,2/21/2002,0.2826,6.0,2002-02-21,0.283,0.284,0.2847,0.2844,0.2842,0.2835,0.283,0.287
2002,2,22,2/22/2002,0.2835,6.0,2002-02-22,0.2826,0.283,0.284,0.2847,0.2844,0.2842,0.2835,0.2867
2002,2,23,2/23/2002,0.2826,6.0,2002-02-23,0.2835,0.2826,0.283,0.284,0.2847,0.2844,0.2842,0.2875
2002,2,24,2/24/2002,0.2829,6.0,2002-02-24,0.2826,0.2835,0.2826,0.283,0.284,0.2847,0.2844,0.2879
2002,2,25,2/25/2002,0.2831,6.0,2002-02-25,0.2829,0.2826,0.2835,0.2826,0.283,0.284,0.2847,0.2869
2002,2,26,2/26/2002,0.2827,6.0,2002-02-26,0.2831,0.2829,0.2826,0.2835,0.2826,0.283,0.284,0.2868
2002,2,27,2/27/2002,0.2823,6.0,2002-02-27,0.2827,0.2831,0.2829,0.2826,0.2835,0.2826,0.283,0.2866
2002,2,28,2/28/2002,0.2825,6.0,2002-02-28,0.2823,0.2827,0.2831,0.2829,0.2826,0.2835,0.2826,0.2865
2002,3,1,3/01/2002,0.2824,6.0,2002-03-01,0.2825,0.2823,0.2827,0.2831,0.2829,0.2826,0.2835,0.2865
2002,3,2,3/02/2002,0.2819,6.0,2002-03-02,0.2824,0.2825,0.2823,0.2827,0.2831,0.2829,0.2826,0.2863
2002,3,3,3/03/2002,0.2826,6.0,2002-03-03,0.2819,0.2824,0.2825,0.2823,0.2827,0.2831,0.2829,0.2863
2002,3,4,3/04/2002,0.2826,6.0,2002-03-04,0.2826,0.2819,0.2824,0.2825,0.2823,0.2827,0.2831,0.2861
2002,3,5,3/05/2002,0.2822,6.0,2002-03-05,0.2826,0.2826,0.2819,0.2824,0.2825,0.2823,0.2827,0.2849
2002,3,6,3/06/2002,0.2817,6.0,2002-03-06,0.2822,0.2826,0.2826,0.2819,0.2824,0.2825,0.2823,0.2828
2002,3,7,3/07/2002,0.281,6.0,2002-03-07,0.2817,0.2822,0.2826,0.2826,0.2819,0.2824,0.2825,0.2817
2002,3,8,3/08/2002,0.281,6.0,2002-03-08,0.281,0.2817,0.2822,0.2826,0.2826,0.2819,0.2824,0.2817
2002,3,9,3/09/2002,0.2806,6.0,2002-03-09,0.281,0.281,0.2817,0.2822,0.2826,0.2826,0.2819,0.2823
2002,3,10,3/10/2002,0.2808,6.0,2002-03-10,0.2806,0.281,0.281,0.2817,0.2822,0.2826,0.2826,0.2825
2002,3,11,3/11/2002,0.2803,6.0,2002-03-11,0.2808,0.2806,0.281,0.281,0.2817,0.2822,0.2826,0.2824
2002,3,12,3/12/2002,0.2801,6.0,2002-03-12,0.2803,0.2808,0.2806,0.281,0.281,0.2817,0.2822,0.2826
2002,3,13,3/13/2002,0.2807,6.0,2002-03-13,0.2801,0.2803,0.2808,0.2806,0.281,0.281,0.2817,0.283
2002,3,14,3/14/2002,0.2812,6.0,2002-03-14,0.2807,0.2801,0.2803,0.2808,0.2806,0.281,0.281,0.2835
2002,3,15,3/15/2002,0.2817,6.0,2002-03-15,0.2812,0.2807,0.2801,0.2803,0.2808,0.2806,0.281,0.2842
2002,3,16,3/16/2002,0.2826,6.0,2002-03-16,0.2817,0.2812,0.2807,0.2801,0.2803,0.2808,0.2806,0.2844
2002,3,17,3/17/2002,0.2831,6.0,2002-03-17,0.2826,0.2817,0.2812,0.2807,0.2801,0.2803,0.2808,0.2847
2002,3,18,3/18/2002,0.2827,6.0,2002-03-18,0.2831,0.2826,0.2817,0.2812,0.2807,0.2801,0.2803,0.284
2002,3,19,3/19/2002,0.2818,6.0,2002-03-19,0.2827,0.2831,0.2826,0.2817,0.2812,0.2807,0.2801,0.283
2002,3,20,3/20/2002,0.2809,6.0,2002-03-20,0.2818,0.2827,0.2831,0.2826,0.2817,0.2812,0.2807,0.2826
2002,3,21,3/21/2002,0.281,6.0,2002-03-21,0.2809,0.2818,0.2827,0.2831,0.2826,0.2817,0.2812,0.2835
2002,3,22,3/22/2002,0.2807,6.0,2002-03-22,0.281,0.2809,0.2818,0.2827,0.2831,0.2826,0.2817,0.2826
2002,3,23,3/23/2002,0.2802,6.0,2002-03-23,0.2807,0.281,0.2809,0.2818,0.2827,0.2831,0.2826,0.2829
2002,3,24,3/24/2002,0.2801,6.0,2002-03-24,0.2802,0.2807,0.281,0.2809,0.2818,0.2827,0.2831,0.2831
2002,3,25,3/25/2002,0.2798,6.0,2002-03-25,0.2801,0.2802,0.2807,0.281,0.2809,0.2818,0.2827,0.2827
2002,3,26,3/26/2002,0.2797,6.0,2002-03-26,0.2798,0.2801,0.2802,0.2807,0.281,0.2809,0.2818,0.2823
2002,3,27,3/27/2002,0.2802,6.0,2002-03-27,0.2797,0.2798,0.2801,0.2802,0.2807,0.281,0.2809,0.2825
2002,3,28,3/28/2002,0.2805,6.0,2002-03-28,0.2802,0.2797,0.2798,0.2801,0.2802,0.2807,0.281,0.2824
2002,3,29,3/29/2002,0.2807,6.0,2002-03-29,0.2805,0.2802,0.2797,0.2798,0.2801,0.2802,0.2807,0.2819
2002,3,30,3/30/2002,0.2811,6.0,2002-03-30,0.2807,0.2805,0.2802,0.2797,0.2798,0.2801,0.2802,0.2826
2002,3,31,3/31/2002,0.2813,6.0,2002-03-31,0.2811,0.2807,0.2805,0.2802,0.2797,0.2798,0.2801,0.2826
2002,4,1,4/01/2002,0.2811,6.0,2002-04-01,0.2813,0.2811,0.2807,0.2805,0.2802,0.2797,0.2798,0.2822
2002,4,2,4/02/2002,0.2806,6.0,2002-04-02,0.2811,0.2813,0.2811,0.2807,0.2805,0.2802,0.2797,0.2817
2002,4,3,4/03/2002,0.2807,6.0,2002-04-03,0.2806,0.2811,0.2813,0.2811,0.2807,0.2805,0.2802,0.281
2002,4,6,4/06/2002,0.2816,6.0,2002-04-06,0.2807,0.2806,0.2811,0.2813,0.2811,0.2807,0.2805,0.281
2002,4,7,4/07/2002,0.2816,6.0,2002-04-07,0.2816,0.2807,0.2806,0.2811,0.2813,0.2811,0.2807,0.2806
2002,4,8,4/08/2002,0.2822,6.0,2002-04-08,0.2816,0.2816,0.2807,0.2806,0.2811,0.2813,0.2811,0.2808
2002,4,9,4/09/2002,0.2824,6.0,2002-04-09,0.2822,0.2816,0.2816,0.2807,0.2806,0.2811,0.2813,0.2803
2002,4,10,4/10/2002,0.2829,6.0,2002-04-10,0.2824,0.2822,0.2816,0.2816,0.2807,0.2806,0.2811,0.2801
2002,4,11,4/11/2002,0.2831,6.0,2002-04-11,0.2829,0.2824,0.2822,0.2816,0.2816,0.2807,0.2806,0.2807
2002,4,12,4/12/2002,0.2835,6.0,2002-04-12,0.2831,0.2829,0.2824,0.2822,0.2816,0.2816,0.2807,0.2812
2002,4,13,4/13/2002,0.2842,6.0,2002-04-13,0.2835,0.2831,0.2829,0.2824,0.2822,0.2816,0.2816,0.2817
2002,4,14,4/14/2002,0.2844,6.0,2002-04-14,0.2842,0.2835,0.2831,0.2829,0.2824,0.2822,0.2816,0.2826
2002,4,15,4/15/2002,0.2834,6.0,2002-04-15,0.2844,0.2842,0.2835,0.2831,0.2829,0.2824,0.2822,0.2831
2002,4,16,4/16/2002,0.2831,6.0,2002-04-16,0.2834,0.2844,0.2842,0.2835,0.2831,0.2829,0.2824,0.2827
2002,4,17,4/17/2002,0.2819,6.0,2002-04-17,0.2831,0.2834,0.2844,0.2842,0.2835,0.2831,0.2829,0.2818
2002,4,18,4/18/2002,0.2817,6.0,2002-04-18,0.2819,0.2831,0.2834,0.2844,0.2842,0.2835,0.2831,0.2809
2002,4,19,4/19/2002,0.2814,6.0,2002-04-19,0.2817,0.2819,0.2831,0.2834,0.2844,0.2842,0.2835,0.281
2002,4,20,4/20/2002,0.2803,6.0,2002-04-20,0.2814,0.2817,0.2819,0.2831,0.2834,0.2844,0.2842,0.2807
2002,4,21,4/21/2002,0.2803,6.0,2002-04-21,0.2803,0.2814,0.2817,0.2819,0.2831,0.2834,0.2844,0.2802
2002,4,22,4/22/2002,0.2795,6.0,2002-04-22,0.2803,0.2803,0.2814,0.2817,0.2819,0.2831,0.2834,0.2801
2002,4,23,4/23/2002,0.2793,6.0,2002-04-23,0.2795,0.2803,0.2803,0.2814,0.2817,0.2819,0.2831,0.2798
2002,4,24,4/24/2002,0.2801,6.0,2002-04-24,0.2793,0.2795,0.2803,0.2803,0.2814,0.2817,0.2819,0.2797
2002,4,25,4/25/2002,0.2803,6.0,2002-04-25,0.2801,0.2793,0.2795,0.2803,0.2803,0.2814,0.2817,0.2802
2002,4,26,4/26/2002,0.2803,6.0,2002-04-26,0.2803,0.2801,0.2793,0.2795,0.2803,0.2803,0.2814,0.2805
2002,4,27,4/27/2002,0.2807,6.0,2002-04-27,0.2803,0.2803,0.2801,0.2793,0.2795,0.2803,0.2803,0.2807
2002,4,28,4/28/2002,0.2801,6.0,2002-04-28,0.2807,0.2803,0.2803,0.2801,0.2793,0.2795,0.2803,0.2811
2002,4,29,4/29/2002,0.279,6.0,2002-04-29,0.2801,0.2807,0.2803,0.2803,0.2801,0.2793,0.2795,0.2813
2002,4,30,4/30/2002,0.2786,6.0,2002-04-30,0.279,0.2801,0.2807,0.2803,0.2803,0.2801,0.2793,0.2811
2002,5,1,5/01/2002,0.2787,6.0,2002-05-01,0.2786,0.279,0.2801,0.2807,0.2803,0.2803,0.2801,0.2806
2002,5,2,5/02/2002,0.2795,6.0,2002-05-02,0.2787,0.2786,0.279,0.2801,0.2807,0.2803,0.2803,0.2807
2002,5,3,5/03/2002,0.2806,6.0,2002-05-03,0.2795,0.2787,0.2786,0.279,0.2801,0.2807,0.2803,0.2816
2002,5,4,5/04/2002,0.2812,6.0,2002-05-04,0.2806,0.2795,0.2787,0.2786,0.279,0.2801,0.2807,0.2816
2002,5,5,5/05/2002,0.2823,6.0,2002-05-05,0.2812,0.2806,0.2795,0.2787,0.2786,0.279,0.2801,0.2822
2002,5,6,5/06/2002,0.2829,6.0,2002-05-06,0.2823,0.2812,0.2806,0.2795,0.2787,0.2786,0.279,0.2824
2002,5,7,5/07/2002,0.2836,6.0,2002-05-07,0.2829,0.2823,0.2812,0.2806,0.2795,0.2787,0.2786,0.2829
2002,5,8,5/08/2002,0.2842,6.0,2002-05-08,0.2836,0.2829,0.2823,0.2812,0.2806,0.2795,0.2787,0.2831
2002,5,9,5/09/2002,0.2839,6.0,2002-05-09,0.2842,0.2836,0.2829,0.2823,0.2812,0.2806,0.2795,0.2835
2002,5,10,5/10/2002,0.2841,6.0,2002-05-10,0.2839,0.2842,0.2836,0.2829,0.2823,0.2812,0.2806,0.2842
2002,5,11,5/11/2002,0.2834,6.0,2002-05-11,0.2841,0.2839,0.2842,0.2836,0.2829,0.2823,0.2812,0.2844
2002,5,12,5/12/2002,0.2824,6.0,2002-05-12,0.2834,0.2841,0.2839,0.2842,0.2836,0.2829,0.2823,0.2834
2002,5,13,5/13/2002,0.2813,6.0,2002-05-13,0.2824,0.2834,0.2841,0.2839,0.2842,0.2836,0.2829,0.2831
2002,5,14,5/14/2002,0.2801,6.0,2002-05-14,0.2813,0.2824,0.2834,0.2841,0.2839,0.2842,0.2836,0.2819
2002,5,15,5/15/2002,0.2785,6.0,2002-05-15,0.2801,0.2813,0.2824,0.2834,0.2841,0.2839,0.2842,0.2817
2002,5,16,5/16/2002,0.2786,6.0,2002-05-16,0.2785,0.2801,0.2813,0.2824,0.2834,0.2841,0.2839,0.2814
2002,5,17,5/17/2002,0.2774,6.0,2002-05-17,0.2786,0.2785,0.2801,0.2813,0.2824,0.2834,0.2841,0.2803
2002,5,18,5/18/2002,0.2776,6.0,2002-05-18,0.2774,0.2786,0.2785,0.2801,0.2813,0.2824,0.2834,0.2803
2002,5,19,5/19/2002,0.278,6.0,2002-05-19,0.2776,0.2774,0.2786,0.2785,0.2801,0.2813,0.2824,0.2795
2002,5,20,5/20/2002,0.2786,6.0,2002-05-20,0.278,0.2776,0.2774,0.2786,0.2785,0.2801,0.2813,0.2793
2002,5,21,5/21/2002,0.2793,6.0,2002-05-21,0.2786,0.278,0.2776,0.2774,0.2786,0.2785,0.2801,0.2801
2002,5,22,5/22/2002,0.2806,6.0,2002-05-22,0.2793,0.2786,0.278,0.2776,0.2774,0.2786,0.2785,0.2803
2002,5,23,5/23/2002,0.2808,6.0,2002-05-23,0.2806,0.2793,0.2786,0.278,0.2776,0.2774,0.2786,0.2803
2002,5,24,5/24/2002,0.2813,6.0,2002-05-24,0.2808,0.2806,0.2793,0.2786,0.278,0.2776,0.2774,0.2807
2002,5,26,5/26/2002,0.2812,6.0,2002-05-26,0.2813,0.2808,0.2806,0.2793,0.2786,0.278,0.2776,0.2801
2002,5,27,5/27/2002,0.2807,6.0,2002-05-27,0.2812,0.2813,0.2808,0.2806,0.2793,0.2786,0.278,0.279
2002,5,28,5/28/2002,0.2806,6.0,2002-05-28,0.2807,0.2812,0.2813,0.2808,0.2806,0.2793,0.2786,0.2786
2002,5,29,5/29/2002,0.2808,6.0,2002-05-29,0.2806,0.2807,0.2812,0.2813,0.2808,0.2806,0.2793,0.2787
2002,5,30,5/30/2002,0.2807,6.0,2002-05-30,0.2808,0.2806,0.2807,0.2812,0.2813,0.2808,0.2806,0.2795
2002,5,31,5/31/2002,0.2815,6.0,2002-05-31,0.2807,0.2808,0.2806,0.2807,0.2812,0.2813,0.2808,0.2806
2002,6,1,6/01/2002,0.2816,6.0,2002-06-01,0.2815,0.2807,0.2808,0.2806,0.2807,0.2812,0.2813,0.2812
2002,6,2,6/02/2002,0.2813,6.0,2002-06-02,0.2816,0.2815,0.2807,0.2808,0.2806,0.2807,0.2812,0.2823
2002,6,3,6/03/2002,0.2817,6.0,2002-06-03,0.2813,0.2816,0.2815,0.2807,0.2808,0.2806,0.2807,0.2829
2002,6,4,6/04/2002,0.2814,6.0,2002-06-04,0.2817,0.2813,0.2816,0.2815,0.2807,0.2808,0.2806,0.2836
2002,6,5,6/05/2002,0.2814,6.0,2002-06-05,0.2814,0.2817,0.2813,0.2816,0.2815,0.2807,0.2808,0.2842
2002,6,6,6/06/2002,0.2809,6.0,2002-06-06,0.2814,0.2814,0.2817,0.2813,0.2816,0.2815,0.2807,0.2839
2002,6,7,6/07/2002,0.2806,6.0,2002-06-07,0.2809,0.2814,0.2814,0.2817,0.2813,0.2816,0.2815,0.2841
2002,6,8,6/08/2002,0.2799,6.0,2002-06-08,0.2806,0.2809,0.2814,0.2814,0.2817,0.2813,0.2816,0.2834
2002,6,9,6/09/2002,0.2786,6.0,2002-06-09,0.2799,0.2806,0.2809,0.2814,0.2814,0.2817,0.2813,0.2824
2002,6,10,6/10/2002,0.2776,6.0,2002-06-10,0.2786,0.2799,0.2806,0.2809,0.2814,0.2814,0.2817,0.2813
2002,6,11,6/11/2002,0.2764,6.0,2002-06-11,0.2776,0.2786,0.2799,0.2806,0.2809,0.2814,0.2814,0.2801
2002,6,12,6/12/2002,0.276,6.0,2002-06-12,0.2764,0.2776,0.2786,0.2799,0.2806,0.2809,0.2814,0.2785
2002,6,13,6/13/2002,0.2759,6.0,2002-06-13,0.276,0.2764,0.2776,0.2786,0.2799,0.2806,0.2809,0.2786
2002,6,14,6/14/2002,0.2757,6.0,2002-06-14,0.2759,0.276,0.2764,0.2776,0.2786,0.2799,0.2806,0.2774
2002,6,15,6/15/2002,0.2758,6.0,2002-06-15,0.2757,0.2759,0.276,0.2764,0.2776,0.2786,0.2799,0.2776
2002,6,16,6/16/2002,0.2763,6.0,2002-06-16,0.2758,0.2757,0.2759,0.276,0.2764,0.2776,0.2786,0.278
2002,6,17,6/17/2002,0.2773,6.0,2002-06-17,0.2763,0.2758,0.2757,0.2759,0.276,0.2764,0.2776,0.2786
2002,6,18,6/18/2002,0.2788,6.0,2002-06-18,0.2773,0.2763,0.2758,0.2757,0.2759,0.276,0.2764,0.2793
2002,6,19,6/19/2002,0.2797,6.0,2002-06-19,0.2788,0.2773,0.2763,0.2758,0.2757,0.2759,0.276,0.2806
2002,6,20,6/20/2002,0.2799,6.0,2002-06-20,0.2797,0.2788,0.2773,0.2763,0.2758,0.2757,0.2759,0.2808
2002,6,21,6/21/2002,0.2798,6.0,2002-06-21,0.2799,0.2797,0.2788,0.2773,0.2763,0.2758,0.2757,0.2813
2002,6,22,6/22/2002,0.2791,6.0,2002-06-22,0.2798,0.2799,0.2797,0.2788,0.2773,0.2763,0.2758,0.2812
2002,6,23,6/23/2002,0.2792,6.0,2002-06-23,0.2791,0.2798,0.2799,0.2797,0.2788,0.2773,0.2763,0.2807
2002,6,24,6/24/2002,0.2787,6.0,2002-06-24,0.2792,0.2791,0.2798,0.2799,0.2797,0.2788,0.2773,0.2806
2002,6,25,6/25/2002,0.2782,6.0,2002-06-25,0.2787,0.2792,0.2791,0.2798,0.2799,0.2797,0.2788,0.2808
2002,6,26,6/26/2002,0.2782,6.0,2002-06-26,0.2782,0.2787,0.2792,0.2791,0.2798,0.2799,0.2797,0.2807
2002,6,27,6/27/2002,0.2781,6.0,2002-06-27,0.2782,0.2782,0.2787,0.2792,0.2791,0.2798,0.2799,0.2815
2002,6,28,6/28/2002,0.2778,6.0,2002-06-28,0.2781,0.2782,0.2782,0.2787,0.2792,0.2791,0.2798,0.2816
2002,6,29,6/29/2002,0.2777,6.0,2002-06-29,0.2778,0.2781,0.2782,0.2782,0.2787,0.2792,0.2791,0.2813
2002,6,30,6/30/2002,0.2779,6.0,2002-06-30,0.2777,0.2778,0.2781,0.2782,0.2782,0.2787,0.2792,0.2817
2002,7,1,7/01/2002,0.278,6.0,2002-07-01,0.2779,0.2777,0.2778,0.2781,0.2782,0.2782,0.2787,0.2814
2002,7,2,7/02/2002,0.278,6.0,2002-07-02,0.278,0.2779,0.2777,0.2778,0.2781,0.2782,0.2782,0.2814
2002,7,3,7/03/2002,0.2783,6.0,2002-07-03,0.278,0.278,0.2779,0.2777,0.2778,0.2781,0.2782,0.2809
2002,7,4,7/04/2002,0.2781,6.0,2002-07-04,0.2783,0.278,0.278,0.2779,0.2777,0.2778,0.2781,0.2806
2002,7,5,7/05/2002,0.2773,6.0,2002-07-05,0.2781,0.2783,0.278,0.278,0.2779,0.2777,0.2778,0.2799
2002,7,6,7/06/2002,0.2767,6.0,2002-07-06,0.2773,0.2781,0.2783,0.278,0.278,0.2779,0.2777,0.2786
2002,7,7,7/07/2002,0.2759,6.0,2002-07-07,0.2767,0.2773,0.2781,0.2783,0.278,0.278,0.2779,0.2776
2002,7,8,7/08/2002,0.2752,6.0,2002-07-08,0.2759,0.2767,0.2773,0.2781,0.2783,0.278,0.278,0.2764
2002,7,9,7/09/2002,0.276,6.0,2002-07-09,0.2752,0.2759,0.2767,0.2773,0.2781,0.2783,0.278,0.276
2002,7,10,7/10/2002,0.2758,6.0,2002-07-10,0.276,0.2752,0.2759,0.2767,0.2773,0.2781,0.2783,0.2759
2002,7,11,7/11/2002,0.2761,6.0,2002-07-11,0.2758,0.276,0.2752,0.2759,0.2767,0.2773,0.2781,0.2757
2002,7,12,7/12/2002,0.276,6.0,2002-07-12,0.2761,0.2758,0.276,0.2752,0.2759,0.2767,0.2773,0.2758
2002,7,13,7/13/2002,0.2761,6.0,2002-07-13,0.276,0.2761,0.2758,0.276,0.2752,0.2759,0.2767,0.2763
2002,7,14,7/14/2002,0.2763,6.0,2002-07-14,0.2761,0.276,0.2761,0.2758,0.276,0.2752,0.2759,0.2773
2002,7,15,7/15/2002,0.2771,6.0,2002-07-15,0.2763,0.2761,0.276,0.2761,0.2758,0.276,0.2752,0.2788
2002,7,16,7/16/2002,0.2771,6.0,2002-07-16,0.2771,0.2763,0.2761,0.276,0.2761,0.2758,0.276,0.2797
2002,7,17,7/17/2002,0.278,6.0,2002-07-17,0.2771,0.2771,0.2763,0.2761,0.276,0.2761,0.2758,0.2799
2002,7,18,7/18/2002,0.278,6.0,2002-07-18,0.278,0.2771,0.2771,0.2763,0.2761,0.276,0.2761,0.2798
2002,7,19,7/19/2002,0.2786,6.0,2002-07-19,0.278,0.278,0.2771,0.2771,0.2763,0.2761,0.276,0.2791
2002,7,20,7/20/2002,0.2783,6.0,2002-07-20,0.2786,0.278,0.278,0.2771,0.2771,0.2763,0.2761,0.2792
2002,7,21,7/21/2002,0.2782,6.0,2002-07-21,0.2783,0.2786,0.278,0.278,0.2771,0.2771,0.2763,0.2787
2002,7,22,7/22/2002,0.2782,6.0,2002-07-22,0.2782,0.2783,0.2786,0.278,0.278,0.2771,0.2771,0.2782
2002,7,23,7/23/2002,0.2789,6.0,2002-07-23,0.2782,0.2782,0.2783,0.2786,0.278,0.278,0.2771,0.2782
2002,7,24,7/24/2002,0.2796,6.0,2002-07-24,0.2789,0.2782,0.2782,0.2783,0.2786,0.278,0.278,0.2781
2002,7,25,7/25/2002,0.2807,6.0,2002-07-25,0.2796,0.2789,0.2782,0.2782,0.2783,0.2786,0.278,0.2778
2002,7,26,7/26/2002,0.278,6.0,2002-07-26,0.2807,0.2796,0.2789,0.2782,0.2782,0.2783,0.2786,0.2777
2002,7,27,7/27/2002,0.2824,6.0,2002-07-27,0.278,0.2807,0.2796,0.2789,0.2782,0.2782,0.2783,0.2779
2002,7,28,7/28/2002,0.2827,6.0,2002-07-28,0.2824,0.278,0.2807,0.2796,0.2789,0.2782,0.2782,0.278
2002,7,29,7/29/2002,0.2829,6.0,2002-07-29,0.2827,0.2824,0.278,0.2807,0.2796,0.2789,0.2782,0.278
2002,7,31,7/31/2002,0.2826,6.0,2002-07-31,0.2829,0.2827,0.2824,0.278,0.2807,0.2796,0.2789,0.2783
2002,8,1,8/01/2002,0.2808,6.0,2002-08-01,0.2826,0.2829,0.2827,0.2824,0.278,0.2807,0.2796,0.2781
2002,8,2,8/02/2002,0.2789,6.0,2002-08-02,0.2808,0.2826,0.2829,0.2827,0.2824,0.278,0.2807,0.2773
2002,8,5,8/05/2002,0.2749,6.0,2002-08-05,0.2789,0.2808,0.2826,0.2829,0.2827,0.2824,0.278,0.2767
2002,8,6,8/06/2002,0.2746,6.0,2002-08-06,0.2749,0.2789,0.2808,0.2826,0.2829,0.2827,0.2824,0.2759
2002,8,7,8/07/2002,0.2752,6.0,2002-08-07,0.2746,0.2749,0.2789,0.2808,0.2826,0.2829,0.2827,0.2752
2002,8,8,8/08/2002,0.2753,6.0,2002-08-08,0.2752,0.2746,0.2749,0.2789,0.2808,0.2826,0.2829,0.276
2002,8,9,8/09/2002,0.2756,6.0,2002-08-09,0.2753,0.2752,0.2746,0.2749,0.2789,0.2808,0.2826,0.2758
2002,8,10,8/10/2002,0.2764,6.0,2002-08-10,0.2756,0.2753,0.2752,0.2746,0.2749,0.2789,0.2808,0.2761
2002,8,11,8/11/2002,0.2774,6.0,2002-08-11,0.2764,0.2756,0.2753,0.2752,0.2746,0.2749,0.2789,0.276
2002,8,12,8/12/2002,0.2791,6.0,2002-08-12,0.2774,0.2764,0.2756,0.2753,0.2752,0.2746,0.2749,0.2761
2002,8,13,8/13/2002,0.2802,6.0,2002-08-13,0.2791,0.2774,0.2764,0.2756,0.2753,0.2752,0.2746,0.2763
2002,8,14,8/14/2002,0.2817,6.0,2002-08-14,0.2802,0.2791,0.2774,0.2764,0.2756,0.2753,0.2752,0.2771
2002,8,15,8/15/2002,0.2826,6.0,2002-08-15,0.2817,0.2802,0.2791,0.2774,0.2764,0.2756,0.2753,0.2771
2002,8,16,8/16/2002,0.2833,6.0,2002-08-16,0.2826,0.2817,0.2802,0.2791,0.2774,0.2764,0.2756,0.278
2002,8,17,8/17/2002,0.2833,6.0,2002-08-17,0.2833,0.2826,0.2817,0.2802,0.2791,0.2774,0.2764,0.278
2002,8,18,8/18/2002,0.2839,6.0,2002-08-18,0.2833,0.2833,0.2826,0.2817,0.2802,0.2791,0.2774,0.2786
2002,8,19,8/19/2002,0.284,6.0,2002-08-19,0.2839,0.2833,0.2833,0.2826,0.2817,0.2802,0.2791,0.2783
2002,8,20,8/20/2002,0.2848,6.0,2002-08-20,0.284,0.2839,0.2833,0.2833,0.2826,0.2817,0.2802,0.2782
2002,8,21,8/21/2002,0.2847,6.0,2002-08-21,0.2848,0.284,0.2839,0.2833,0.2833,0.2826,0.2817,0.2782
2002,8,22,8/22/2002,0.2842,6.0,2002-08-22,0.2847,0.2848,0.284,0.2839,0.2833,0.2833,0.2826,0.2789
2002,8,23,8/23/2002,0.2832,6.0,2002-08-23,0.2842,0.2847,0.2848,0.284,0.2839,0.2833,0.2833,0.2796
2002,8,24,8/24/2002,0.2822,6.0,2002-08-24,0.2832,0.2842,0.2847,0.2848,0.284,0.2839,0.2833,0.2807
2002,8,25,8/25/2002,0.2812,6.0,2002-08-25,0.2822,0.2832,0.2842,0.2847,0.2848,0.284,0.2839,0.278
2002,8,26,8/26/2002,0.281,6.0,2002-08-26,0.2812,0.2822,0.2832,0.2842,0.2847,0.2848,0.284,0.2824
2002,8,27,8/27/2002,0.2791,6.0,2002-08-27,0.281,0.2812,0.2822,0.2832,0.2842,0.2847,0.2848,0.2827
2002,8,28,8/28/2002,0.2784,6.0,2002-08-28,0.2791,0.281,0.2812,0.2822,0.2832,0.2842,0.2847,0.2829
2002,8,29,8/29/2002,0.2772,6.0,2002-08-29,0.2784,0.2791,0.281,0.2812,0.2822,0.2832,0.2842,0.2826
2002,8,30,8/30/2002,0.2768,6.0,2002-08-30,0.2772,0.2784,0.2791,0.281,0.2812,0.2822,0.2832,0.2808
2002,8,31,8/31/2002,0.2767,6.0,2002-08-31,0.2768,0.2772,0.2784,0.2791,0.281,0.2812,0.2822,0.2789
2002,9,1,9/01/2002,0.2768,6.0,2002-09-01,0.2767,0.2768,0.2772,0.2784,0.2791,0.281,0.2812,0.2749
2002,9,2,9/02/2002,0.2778,6.0,2002-09-02,0.2768,0.2767,0.2768,0.2772,0.2784,0.2791,0.281,0.2746
2002,9,3,9/03/2002,0.2785,6.0,2002-09-03,0.2778,0.2768,0.2767,0.2768,0.2772,0.2784,0.2791,0.2752
2002,9,4,9/04/2002,0.2795,6.0,2002-09-04,0.2785,0.2778,0.2768,0.2767,0.2768,0.2772,0.2784,0.2753
2002,9,5,9/05/2002,0.2796,6.0,2002-09-05,0.2795,0.2785,0.2778,0.2768,0.2767,0.2768,0.2772,0.2756
2002,9,6,9/06/2002,0.2801,6.0,2002-09-06,0.2796,0.2795,0.2785,0.2778,0.2768,0.2767,0.2768,0.2764
2002,9,7,9/07/2002,0.2805,6.0,2002-09-07,0.2801,0.2796,0.2795,0.2785,0.2778,0.2768,0.2767,0.2774
2002,9,8,9/08/2002,0.2817,6.0,2002-09-08,0.2805,0.2801,0.2796,0.2795,0.2785,0.2778,0.2768,0.2791
2002,9,9,9/09/2002,0.2825,6.0,2002-09-09,0.2817,0.2805,0.2801,0.2796,0.2795,0.2785,0.2778,0.2802
2002,9,10,9/10/2002,0.2837,6.0,2002-09-10,0.2825,0.2817,0.2805,0.2801,0.2796,0.2795,0.2785,0.2817
2002,9,11,9/11/2002,0.2838,6.0,2002-09-11,0.2837,0.2825,0.2817,0.2805,0.2801,0.2796,0.2795,0.2826
2002,9,12,9/12/2002,0.2838,6.0,2002-09-12,0.2838,0.2837,0.2825,0.2817,0.2805,0.2801,0.2796,0.2833
2002,9,13,9/13/2002,0.2839,6.0,2002-09-13,0.2838,0.2838,0.2837,0.2825,0.2817,0.2805,0.2801,0.2833
2002,9,14,9/14/2002,0.2836,6.0,2002-09-14,0.2839,0.2838,0.2838,0.2837,0.2825,0.2817,0.2805,0.2839
2002,9,15,9/15/2002,0.283,6.0,2002-09-15,0.2836,0.2839,0.2838,0.2838,0.2837,0.2825,0.2817,0.284
2002,9,16,9/16/2002,0.2823,6.0,2002-09-16,0.283,0.2836,0.2839,0.2838,0.2838,0.2837,0.2825,0.2848
2002,9,17,9/17/2002,0.2816,6.0,2002-09-17,0.2823,0.283,0.2836,0.2839,0.2838,0.2838,0.2837,0.2847
2002,9,18,9/18/2002,0.2813,6.0,2002-09-18,0.2816,0.2823,0.283,0.2836,0.2839,0.2838,0.2838,0.2842
2002,9,19,9/19/2002,0.2804,6.0,2002-09-19,0.2813,0.2816,0.2823,0.283,0.2836,0.2839,0.2838,0.2832
2002,9,20,9/20/2002,0.2801,6.0,2002-09-20,0.2804,0.2813,0.2816,0.2823,0.283,0.2836,0.2839,0.2822
2002,9,21,9/21/2002,0.2796,6.0,2002-09-21,0.2801,0.2804,0.2813,0.2816,0.2823,0.283,0.2836,0.2812
2002,9,22,9/22/2002,0.2795,6.0,2002-09-22,0.2796,0.2801,0.2804,0.2813,0.2816,0.2823,0.283,0.281
2002,9,23,9/23/2002,0.2792,6.0,2002-09-23,0.2795,0.2796,0.2801,0.2804,0.2813,0.2816,0.2823,0.2791
2002,9,24,9/24/2002,0.2784,6.0,2002-09-24,0.2792,0.2795,0.2796,0.2801,0.2804,0.2813,0.2816,0.2784
2002,9,25,9/25/2002,0.2777,6.0,2002-09-25,0.2784,0.2792,0.2795,0.2796,0.2801,0.2804,0.2813,0.2772
2002,9,26,9/26/2002,0.2773,6.0,2002-09-26,0.2777,0.2784,0.2792,0.2795,0.2796,0.2801,0.2804,0.2768
2002,9,27,9/27/2002,0.2765,6.0,2002-09-27,0.2773,0.2777,0.2784,0.2792,0.2795,0.2796,0.2801,0.2767
2002,9,28,9/28/2002,0.2764,6.0,2002-09-28,0.2765,0.2773,0.2777,0.2784,0.2792,0.2795,0.2796,0.2768
2002,9,29,9/29/2002,0.2759,6.0,2002-09-29,0.2764,0.2765,0.2773,0.2777,0.2784,0.2792,0.2795,0.2778
2002,9,30,9/30/2002,0.2759,6.0,2002-09-30,0.2759,0.2764,0.2765,0.2773,0.2777,0.2784,0.2792,0.2785
2002,10,1,10/01/2002,0.276,6.0,2002-10-01,0.2759,0.2759,0.2764,0.2765,0.2773,0.2777,0.2784,0.2795
2002,10,2,10/02/2002,0.2762,6.0,2002-10-02,0.276,0.2759,0.2759,0.2764,0.2765,0.2773,0.2777,0.2796
2002,10,3,10/03/2002,0.2767,6.0,2002-10-03,0.2762,0.276,0.2759,0.2759,0.2764,0.2765,0.2773,0.2801
2002,10,4,10/04/2002,0.2775,6.0,2002-10-04,0.2767,0.2762,0.276,0.2759,0.2759,0.2764,0.2765,0.2805
2002,10,5,10/05/2002,0.2785,6.0,2002-10-05,0.2775,0.2767,0.2762,0.276,0.2759,0.2759,0.2764,0.2817
2002,10,6,10/06/2002,0.2796,6.0,2002-10-06,0.2785,0.2775,0.2767,0.2762,0.276,0.2759,0.2759,0.2825
2002,10,7,10/07/2002,0.2802,6.0,2002-10-07,0.2796,0.2785,0.2775,0.2767,0.2762,0.276,0.2759,0.2837
2002,10,8,10/08/2002,0.2804,6.0,2002-10-08,0.2802,0.2796,0.2785,0.2775,0.2767,0.2762,0.276,0.2838
2002,10,9,10/09/2002,0.281,6.0,2002-10-09,0.2804,0.2802,0.2796,0.2785,0.2775,0.2767,0.2762,0.2838
2002,10,10,10/10/2002,0.2812,6.0,2002-10-10,0.281,0.2804,0.2802,0.2796,0.2785,0.2775,0.2767,0.2839
2002,10,11,10/11/2002,0.2814,6.0,2002-10-11,0.2812,0.281,0.2804,0.2802,0.2796,0.2785,0.2775,0.2836
2002,10,12,10/12/2002,0.2817,6.0,2002-10-12,0.2814,0.2812,0.281,0.2804,0.2802,0.2796,0.2785,0.283
2002,10,13,10/13/2002,0.2815,6.0,2002-10-13,0.2817,0.2814,0.2812,0.281,0.2804,0.2802,0.2796,0.2823
2002,10,14,10/14/2002,0.2813,6.0,2002-10-14,0.2815,0.2817,0.2814,0.2812,0.281,0.2804,0.2802,0.2816
2002,10,15,10/15/2002,0.2804,6.0,2002-10-15,0.2813,0.2815,0.2817,0.2814,0.2812,0.281,0.2804,0.2813
2002,10,16,10/16/2002,0.2802,6.0,2002-10-16,0.2804,0.2813,0.2815,0.2817,0.2814,0.2812,0.281,0.2804
2002,10,17,10/17/2002,0.2803,6.0,2002-10-17,0.2802,0.2804,0.2813,0.2815,0.2817,0.2814,0.2812,0.2801
2002,10,18,10/18/2002,0.2804,6.0,2002-10-18,0.2803,0.2802,0.2804,0.2813,0.2815,0.2817,0.2814,0.2796
2002,10,19,10/19/2002,0.2802,6.0,2002-10-19,0.2804,0.2803,0.2802,0.2804,0.2813,0.2815,0.2817,0.2795
2002,10,20,10/20/2002,0.2799,6.0,2002-10-20,0.2802,0.2804,0.2803,0.2802,0.2804,0.2813,0.2815,0.2792
2002,10,21,10/21/2002,0.2796,6.0,2002-10-21,0.2799,0.2802,0.2804,0.2803,0.2802,0.2804,0.2813,0.2784
2002,10,22,10/22/2002,0.2787,6.0,2002-10-22,0.2796,0.2799,0.2802,0.2804,0.2803,0.2802,0.2804,0.2777
2002,10,23,10/23/2002,0.2781,6.0,2002-10-23,0.2787,0.2796,0.2799,0.2802,0.2804,0.2803,0.2802,0.2773
2002,10,24,10/24/2002,0.2773,6.0,2002-10-24,0.2781,0.2787,0.2796,0.2799,0.2802,0.2804,0.2803,0.2765
2002,10,25,10/25/2002,0.2767,6.0,2002-10-25,0.2773,0.2781,0.2787,0.2796,0.2799,0.2802,0.2804,0.2764
2002,10,26,10/26/2002,0.2768,6.0,2002-10-26,0.2767,0.2773,0.2781,0.2787,0.2796,0.2799,0.2802,0.2759
2002,10,27,10/27/2002,0.2764,6.0,2002-10-27,0.2768,0.2767,0.2773,0.2781,0.2787,0.2796,0.2799,0.2759
2002,10,28,10/28/2002,0.2772,6.0,2002-10-28,0.2764,0.2768,0.2767,0.2773,0.2781,0.2787,0.2796,0.276
2002,10,29,10/29/2002,0.2776,6.0,2002-10-29,0.2772,0.2764,0.2768,0.2767,0.2773,0.2781,0.2787,0.2762
2002,10,30,10/30/2002,0.2778,6.0,2002-10-30,0.2776,0.2772,0.2764,0.2768,0.2767,0.2773,0.2781,0.2767
2002,10,31,10/31/2002,0.2782,6.0,2002-10-31,0.2778,0.2776,0.2772,0.2764,0.2768,0.2767,0.2773,0.2775
2002,11,1,11/01/2002,0.2783,6.0,2002-11-01,0.2782,0.2778,0.2776,0.2772,0.2764,0.2768,0.2767,0.2785
2002,11,2,11/02/2002,0.2785,6.0,2002-11-02,0.2783,0.2782,0.2778,0.2776,0.2772,0.2764,0.2768,0.2796
2002,11,3,11/03/2002,0.2789,6.0,2002-11-03,0.2785,0.2783,0.2782,0.2778,0.2776,0.2772,0.2764,0.2802
2002,11,4,11/04/2002,0.2796,6.0,2002-11-04,0.2789,0.2785,0.2783,0.2782,0.2778,0.2776,0.2772,0.2804
2002,11,5,11/05/2002,0.2802,6.0,2002-11-05,0.2796,0.2789,0.2785,0.2783,0.2782,0.2778,0.2776,0.281
2002,11,6,11/06/2002,0.2805,6.0,2002-11-06,0.2802,0.2796,0.2789,0.2785,0.2783,0.2782,0.2778,0.2812
2002,11,7,11/07/2002,0.281,6.0,2002-11-07,0.2805,0.2802,0.2796,0.2789,0.2785,0.2783,0.2782,0.2814
2002,11,8,11/08/2002,0.2806,6.0,2002-11-08,0.281,0.2805,0.2802,0.2796,0.2789,0.2785,0.2783,0.2817
2002,11,9,11/09/2002,0.2811,6.0,2002-11-09,0.2806,0.281,0.2805,0.2802,0.2796,0.2789,0.2785,0.2815
2002,11,10,11/10/2002,0.2807,6.0,2002-11-10,0.2811,0.2806,0.281,0.2805,0.2802,0.2796,0.2789,0.2813
2002,11,11,11/11/2002,0.2806,6.0,2002-11-11,0.2807,0.2811,0.2806,0.281,0.2805,0.2802,0.2796,0.2804
2002,11,12,11/12/2002,0.2797,6.0,2002-11-12,0.2806,0.2807,0.2811,0.2806,0.281,0.2805,0.2802,0.2802
2002,11,13,11/13/2002,0.2786,6.0,2002-11-13,0.2797,0.2806,0.2807,0.2811,0.2806,0.281,0.2805,0.2803
2002,11,14,11/14/2002,0.2782,6.0,2002-11-14,0.2786,0.2797,0.2806,0.2807,0.2811,0.2806,0.281,0.2804
2002,11,15,11/15/2002,0.2783,6.0,2002-11-15,0.2782,0.2786,0.2797,0.2806,0.2807,0.2811,0.2806,0.2802
2002,11,16,11/16/2002,0.2785,6.0,2002-11-16,0.2783,0.2782,0.2786,0.2797,0.2806,0.2807,0.2811,0.2799
2002,11,17,11/17/2002,0.279,6.0,2002-11-17,0.2785,0.2783,0.2782,0.2786,0.2797,0.2806,0.2807,0.2796
2002,11,18,11/18/2002,0.2789,6.0,2002-11-18,0.279,0.2785,0.2783,0.2782,0.2786,0.2797,0.2806,0.2787
2002,11,19,11/19/2002,0.2785,6.0,2002-11-19,0.2789,0.279,0.2785,0.2783,0.2782,0.2786,0.2797,0.2781
2002,11,20,11/20/2002,0.2781,6.0,2002-11-20,0.2785,0.2789,0.279,0.2785,0.2783,0.2782,0.2786,0.2773
2002,11,21,11/21/2002,0.2775,6.0,2002-11-21,0.2781,0.2785,0.2789,0.279,0.2785,0.2783,0.2782,0.2767
2002,11,22,11/22/2002,0.2768,6.0,2002-11-22,0.2775,0.2781,0.2785,0.2789,0.279,0.2785,0.2783,0.2768
2002,11,23,11/23/2002,0.2766,6.0,2002-11-23,0.2768,0.2775,0.2781,0.2785,0.2789,0.279,0.2785,0.2764
2002,11,24,11/24/2002,0.2766,6.0,2002-11-24,0.2766,0.2768,0.2775,0.2781,0.2785,0.2789,0.279,0.2772
2002,11,25,11/25/2002,0.2762,6.0,2002-11-25,0.2766,0.2766,0.2768,0.2775,0.2781,0.2785,0.2789,0.2776
2002,11,26,11/26/2002,0.2759,6.0,2002-11-26,0.2762,0.2766,0.2766,0.2768,0.2775,0.2781,0.2785,0.2778
2002,11,27,11/27/2002,0.2755,6.0,2002-11-27,0.2759,0.2762,0.2766,0.2766,0.2768,0.2775,0.2781,0.2782
2002,11,28,11/28/2002,0.2755,6.0,2002-11-28,0.2755,0.2759,0.2762,0.2766,0.2766,0.2768,0.2775,0.2783
2002,11,29,11/29/2002,0.2754,6.0,2002-11-29,0.2755,0.2755,0.2759,0.2762,0.2766,0.2766,0.2768,0.2785
2002,11,30,11/30/2002,0.2757,6.0,2002-11-30,0.2754,0.2755,0.2755,0.2759,0.2762,0.2766,0.2766,0.2789
2002,12,1,12/01/2002,0.2767,6.0,2002-12-01,0.2757,0.2754,0.2755,0.2755,0.2759,0.2762,0.2766,0.2796
2002,12,2,12/02/2002,0.2774,6.0,2002-12-02,0.2767,0.2757,0.2754,0.2755,0.2755,0.2759,0.2762,0.2802
2002,12,3,12/03/2002,0.2782,6.0,2002-12-03,0.2774,0.2767,0.2757,0.2754,0.2755,0.2755,0.2759,0.2805
2002,12,4,12/04/2002,0.2788,6.0,2002-12-04,0.2782,0.2774,0.2767,0.2757,0.2754,0.2755,0.2755,0.281
2002,12,5,12/05/2002,0.2786,6.0,2002-12-05,0.2788,0.2782,0.2774,0.2767,0.2757,0.2754,0.2755,0.2806
2002,12,6,12/06/2002,0.279,6.0,2002-12-06,0.2786,0.2788,0.2782,0.2774,0.2767,0.2757,0.2754,0.2811
2002,12,7,12/07/2002,0.2792,6.0,2002-12-07,0.279,0.2786,0.2788,0.2782,0.2774,0.2767,0.2757,0.2807
2002,12,8,12/08/2002,0.2795,6.0,2002-12-08,0.2792,0.279,0.2786,0.2788,0.2782,0.2774,0.2767,0.2806
2002,12,9,12/09/2002,0.28,6.0,2002-12-09,0.2795,0.2792,0.279,0.2786,0.2788,0.2782,0.2774,0.2797
2002,12,12,12/12/2002,0.2785,6.0,2002-12-12,0.28,0.2795,0.2792,0.279,0.2786,0.2788,0.2782,0.2786
2002,12,14,12/14/2002,0.2799,6.0,2002-12-14,0.2785,0.28,0.2795,0.2792,0.279,0.2786,0.2788,0.2782
2002,12,15,12/15/2002,0.2807,6.0,2002-12-15,0.2799,0.2785,0.28,0.2795,0.2792,0.279,0.2786,0.2783
2002,12,17,12/17/2002,0.282,6.0,2002-12-17,0.2807,0.2799,0.2785,0.28,0.2795,0.2792,0.279,0.2785
2002,12,18,12/18/2002,0.2822,6.0,2002-12-18,0.282,0.2807,0.2799,0.2785,0.28,0.2795,0.2792,0.279
2002,12,19,12/19/2002,0.2817,6.0,2002-12-19,0.2822,0.282,0.2807,0.2799,0.2785,0.28,0.2795,0.2789
2002,12,20,12/20/2002,0.2814,6.0,2002-12-20,0.2817,0.2822,0.282,0.2807,0.2799,0.2785,0.28,0.2785
2002,12,21,12/21/2002,0.281,6.0,2002-12-21,0.2814,0.2817,0.2822,0.282,0.2807,0.2799,0.2785,0.2781
2002,12,22,12/22/2002,0.2804,6.0,2002-12-22,0.281,0.2814,0.2817,0.2822,0.282,0.2807,0.2799,0.2775
2002,12,23,12/23/2002,0.2789,6.0,2002-12-23,0.2804,0.281,0.2814,0.2817,0.2822,0.282,0.2807,0.2768
2002,12,24,12/24/2002,0.2774,6.0,2002-12-24,0.2789,0.2804,0.281,0.2814,0.2817,0.2822,0.282,0.2766
2002,12,25,12/25/2002,0.2758,6.0,2002-12-25,0.2774,0.2789,0.2804,0.281,0.2814,0.2817,0.2822,0.2766
2002,12,26,12/26/2002,0.2743,6.0,2002-12-26,0.2758,0.2774,0.2789,0.2804,0.281,0.2814,0.2817,0.2762
2002,12,27,12/27/2002,0.2742,6.0,2002-12-27,0.2743,0.2758,0.2774,0.2789,0.2804,0.281,0.2814,0.2759
2002,12,28,12/28/2002,0.2742,6.0,2002-12-28,0.2742,0.2743,0.2758,0.2774,0.2789,0.2804,0.281,0.2755
2002,12,29,12/29/2002,0.2745,6.0,2002-12-29,0.2742,0.2742,0.2743,0.2758,0.2774,0.2789,0.2804,0.2755
2002,12,30,12/30/2002,0.2749,6.0,2002-12-30,0.2745,0.2742,0.2742,0.2743,0.2758,0.2774,0.2789,0.2754
2003,1,1,1/01/2003,0.2761,6.0,2003-01-01,0.2749,0.2745,0.2742,0.2742,0.2743,0.2758,0.2774,0.2757
2003,1,2,1/02/2003,0.276,6.0,2003-01-02,0.2761,0.2749,0.2745,0.2742,0.2742,0.2743,0.2758,0.2767
2003,1,3,1/03/2003,0.276,6.0,2003-01-03,0.276,0.2761,0.2749,0.2745,0.2742,0.2742,0.2743,0.2774
2003,1,4,1/04/2003,0.2762,6.0,2003-01-04,0.276,0.276,0.2761,0.2749,0.2745,0.2742,0.2742,0.2782
2003,1,5,1/05/2003,0.2764,6.0,2003-01-05,0.2762,0.276,0.276,0.2761,0.2749,0.2745,0.2742,0.2788
2003,1,6,1/06/2003,0.2762,6.0,2003-01-06,0.2764,0.2762,0.276,0.276,0.2761,0.2749,0.2745,0.2786
2003,1,7,1/07/2003,0.2761,6.0,2003-01-07,0.2762,0.2764,0.2762,0.276,0.276,0.2761,0.2749,0.279
2003,1,8,1/08/2003,0.2762,6.0,2003-01-08,0.2761,0.2762,0.2764,0.2762,0.276,0.276,0.2761,0.2792
2003,1,9,1/09/2003,0.2775,6.0,2003-01-09,0.2762,0.2761,0.2762,0.2764,0.2762,0.276,0.276,0.2795
2003,1,10,1/10/2003,0.2784,6.0,2003-01-10,0.2775,0.2762,0.2761,0.2762,0.2764,0.2762,0.276,0.28
2003,1,11,1/11/2003,0.2797,6.0,2003-01-11,0.2784,0.2775,0.2762,0.2761,0.2762,0.2764,0.2762,0.2785
2003,1,12,1/12/2003,0.2805,6.0,2003-01-12,0.2797,0.2784,0.2775,0.2762,0.2761,0.2762,0.2764,0.2799
2003,1,13,1/13/2003,0.2808,6.0,2003-01-13,0.2805,0.2797,0.2784,0.2775,0.2762,0.2761,0.2762,0.2807
2003,1,14,1/14/2003,0.2802,6.0,2003-01-14,0.2808,0.2805,0.2797,0.2784,0.2775,0.2762,0.2761,0.282
2003,1,15,1/15/2003,0.28,6.0,2003-01-15,0.2802,0.2808,0.2805,0.2797,0.2784,0.2775,0.2762,0.2822
2003,1,16,1/16/2003,0.2796,6.0,2003-01-16,0.28,0.2802,0.2808,0.2805,0.2797,0.2784,0.2775,0.2817
2003,1,17,1/17/2003,0.2788,6.0,2003-01-17,0.2796,0.28,0.2802,0.2808,0.2805,0.2797,0.2784,0.2814
2003,1,18,1/18/2003,0.2782,6.0,2003-01-18,0.2788,0.2796,0.28,0.2802,0.2808,0.2805,0.2797,0.281
2003,1,19,1/19/2003,0.2771,6.0,2003-01-19,0.2782,0.2788,0.2796,0.28,0.2802,0.2808,0.2805,0.2804
2003,1,20,1/20/2003,0.2755,6.0,2003-01-20,0.2771,0.2782,0.2788,0.2796,0.28,0.2802,0.2808,0.2789
2003,1,22,1/22/2003,0.2744,6.0,2003-01-22,0.2755,0.2771,0.2782,0.2788,0.2796,0.28,0.2802,0.2774
2003,1,23,1/23/2003,0.2741,6.0,2003-01-23,0.2744,0.2755,0.2771,0.2782,0.2788,0.2796,0.28,0.2758
2003,1,26,1/26/2003,0.2742,6.0,2003-01-26,0.2741,0.2744,0.2755,0.2771,0.2782,0.2788,0.2796,0.2743
2003,1,27,1/27/2003,0.2745,6.0,2003-01-27,0.2742,0.2741,0.2744,0.2755,0.2771,0.2782,0.2788,0.2742
2003,1,28,1/28/2003,0.2748,6.0,2003-01-28,0.2745,0.2742,0.2741,0.2744,0.2755,0.2771,0.2782,0.2742
2003,1,29,1/29/2003,0.2753,6.0,2003-01-29,0.2748,0.2745,0.2742,0.2741,0.2744,0.2755,0.2771,0.2745
2003,1,30,1/30/2003,0.2748,6.0,2003-01-30,0.2753,0.2748,0.2745,0.2742,0.2741,0.2744,0.2755,0.2749
2003,1,31,1/31/2003,0.2745,6.0,2003-01-31,0.2748,0.2753,0.2748,0.2745,0.2742,0.2741,0.2744,0.2761
2003,2,1,2/01/2003,0.2738,6.0,2003-02-01,0.2745,0.2748,0.2753,0.2748,0.2745,0.2742,0.2741,0.276
2003,2,2,2/02/2003,0.2732,6.0,2003-02-02,0.2738,0.2745,0.2748,0.2753,0.2748,0.2745,0.2742,0.276
2003,2,3,2/03/2003,0.273,6.0,2003-02-03,0.2732,0.2738,0.2745,0.2748,0.2753,0.2748,0.2745,0.2762
2003,2,4,2/04/2003,0.2732,6.0,2003-02-04,0.273,0.2732,0.2738,0.2745,0.2748,0.2753,0.2748,0.2764
2003,2,5,2/05/2003,0.2745,6.0,2003-02-05,0.2732,0.273,0.2732,0.2738,0.2745,0.2748,0.2753,0.2762
2003,2,6,2/06/2003,0.2761,6.0,2003-02-06,0.2745,0.2732,0.273,0.2732,0.2738,0.2745,0.2748,0.2761
2003,2,7,2/07/2003,0.2769,6.0,2003-02-07,0.2761,0.2745,0.2732,0.273,0.2732,0.2738,0.2745,0.2762
2003,2,8,2/08/2003,0.2772,6.0,2003-02-08,0.2769,0.2761,0.2745,0.2732,0.273,0.2732,0.2738,0.2775
2003,2,9,2/09/2003,0.2777,6.0,2003-02-09,0.2772,0.2769,0.2761,0.2745,0.2732,0.273,0.2732,0.2784
2003,2,10,2/10/2003,0.2781,6.0,2003-02-10,0.2777,0.2772,0.2769,0.2761,0.2745,0.2732,0.273,0.2797
2003,2,11,2/11/2003,0.2784,6.0,2003-02-11,0.2781,0.2777,0.2772,0.2769,0.2761,0.2745,0.2732,0.2805
2003,2,12,2/12/2003,0.278,6.0,2003-02-12,0.2784,0.2781,0.2777,0.2772,0.2769,0.2761,0.2745,0.2808
2003,2,13,2/13/2003,0.2775,6.0,2003-02-13,0.278,0.2784,0.2781,0.2777,0.2772,0.2769,0.2761,0.2802
2003,2,14,2/14/2003,0.2765,6.0,2003-02-14,0.2775,0.278,0.2784,0.2781,0.2777,0.2772,0.2769,0.28
2003,2,15,2/15/2003,0.2749,6.0,2003-02-15,0.2765,0.2775,0.278,0.2784,0.2781,0.2777,0.2772,0.2796
2003,2,16,2/16/2003,0.274,6.0,2003-02-16,0.2749,0.2765,0.2775,0.278,0.2784,0.2781,0.2777,0.2788
2003,2,17,2/17/2003,0.2729,6.0,2003-02-17,0.274,0.2749,0.2765,0.2775,0.278,0.2784,0.2781,0.2782
2003,2,18,2/18/2003,0.272,6.0,2003-02-18,0.2729,0.274,0.2749,0.2765,0.2775,0.278,0.2784,0.2771
2003,2,19,2/19/2003,0.2724,6.0,2003-02-19,0.272,0.2729,0.274,0.2749,0.2765,0.2775,0.278,0.2755
2003,2,20,2/20/2003,0.2724,6.0,2003-02-20,0.2724,0.272,0.2729,0.274,0.2749,0.2765,0.2775,0.2744
2003,2,21,2/21/2003,0.2723,6.0,2003-02-21,0.2724,0.2724,0.272,0.2729,0.274,0.2749,0.2765,0.2741
2003,2,22,2/22/2003,0.2716,6.0,2003-02-22,0.2723,0.2724,0.2724,0.272,0.2729,0.274,0.2749,0.2742
2003,2,23,2/23/2003,0.2715,6.0,2003-02-23,0.2716,0.2723,0.2724,0.2724,0.272,0.2729,0.274,0.2745
2003,2,24,2/24/2003,0.2716,6.0,2003-02-24,0.2715,0.2716,0.2723,0.2724,0.2724,0.272,0.2729,0.2748
2003,2,25,2/25/2003,0.2721,6.0,2003-02-25,0.2716,0.2715,0.2716,0.2723,0.2724,0.2724,0.272,0.2753
2003,2,26,2/26/2003,0.2721,6.0,2003-02-26,0.2721,0.2716,0.2715,0.2716,0.2723,0.2724,0.2724,0.2748
2003,2,27,2/27/2003,0.2718,6.0,2003-02-27,0.2721,0.2721,0.2716,0.2715,0.2716,0.2723,0.2724,0.2745
2003,2,28,2/28/2003,0.2721,6.0,2003-02-28,0.2718,0.2721,0.2721,0.2716,0.2715,0.2716,0.2723,0.2738
2003,3,1,3/01/2003,0.2728,6.0,2003-03-01,0.2721,0.2718,0.2721,0.2721,0.2716,0.2715,0.2716,0.2732
2003,3,2,3/02/2003,0.2743,6.0,2003-03-02,0.2728,0.2721,0.2718,0.2721,0.2721,0.2716,0.2715,0.273
2003,3,3,3/03/2003,0.2754,6.0,2003-03-03,0.2743,0.2728,0.2721,0.2718,0.2721,0.2721,0.2716,0.2732
2003,3,4,3/04/2003,0.2769,6.0,2003-03-04,0.2754,0.2743,0.2728,0.2721,0.2718,0.2721,0.2721,0.2745
2003,3,5,3/05/2003,0.2781,6.0,2003-03-05,0.2769,0.2754,0.2743,0.2728,0.2721,0.2718,0.2721,0.2761
2003,3,6,3/06/2003,0.2789,6.0,2003-03-06,0.2781,0.2769,0.2754,0.2743,0.2728,0.2721,0.2718,0.2769
2003,3,7,3/07/2003,0.2793,6.0,2003-03-07,0.2789,0.2781,0.2769,0.2754,0.2743,0.2728,0.2721,0.2772
2003,3,8,3/08/2003,0.2796,6.0,2003-03-08,0.2793,0.2789,0.2781,0.2769,0.2754,0.2743,0.2728,0.2777
2003,3,9,3/09/2003,0.2788,6.0,2003-03-09,0.2796,0.2793,0.2789,0.2781,0.2769,0.2754,0.2743,0.2781
2003,3,10,3/10/2003,0.2784,6.0,2003-03-10,0.2788,0.2796,0.2793,0.2789,0.2781,0.2769,0.2754,0.2784
2003,3,11,3/11/2003,0.2776,6.0,2003-03-11,0.2784,0.2788,0.2796,0.2793,0.2789,0.2781,0.2769,0.278
2003,3,12,3/12/2003,0.2763,6.0,2003-03-12,0.2776,0.2784,0.2788,0.2796,0.2793,0.2789,0.2781,0.2775
2003,3,13,3/13/2003,0.2746,6.0,2003-03-13,0.2763,0.2776,0.2784,0.2788,0.2796,0.2793,0.2789,0.2765
2003,3,14,3/14/2003,0.2734,6.0,2003-03-14,0.2746,0.2763,0.2776,0.2784,0.2788,0.2796,0.2793,0.2749
2003,3,15,3/15/2003,0.2728,6.0,2003-03-15,0.2734,0.2746,0.2763,0.2776,0.2784,0.2788,0.2796,0.274
2003,3,16,3/16/2003,0.2724,6.0,2003-03-16,0.2728,0.2734,0.2746,0.2763,0.2776,0.2784,0.2788,0.2729
2003,3,17,3/17/2003,0.272,6.0,2003-03-17,0.2724,0.2728,0.2734,0.2746,0.2763,0.2776,0.2784,0.272
2003,3,18,3/18/2003,0.2719,6.0,2003-03-18,0.272,0.2724,0.2728,0.2734,0.2746,0.2763,0.2776,0.2724
2003,3,19,3/19/2003,0.2714,6.0,2003-03-19,0.2719,0.272,0.2724,0.2728,0.2734,0.2746,0.2763,0.2724
2003,3,20,3/20/2003,0.2705,6.0,2003-03-20,0.2714,0.2719,0.272,0.2724,0.2728,0.2734,0.2746,0.2723
2003,3,21,3/21/2003,0.2699,6.0,2003-03-21,0.2705,0.2714,0.2719,0.272,0.2724,0.2728,0.2734,0.2716
2003,3,22,3/22/2003,0.2696,6.0,2003-03-22,0.2699,0.2705,0.2714,0.2719,0.272,0.2724,0.2728,0.2715
2003,3,23,3/23/2003,0.2699,6.0,2003-03-23,0.2696,0.2699,0.2705,0.2714,0.2719,0.272,0.2724,0.2716
2003,3,24,3/24/2003,0.2705,6.0,2003-03-24,0.2699,0.2696,0.2699,0.2705,0.2714,0.2719,0.272,0.2721
2003,3,25,3/25/2003,0.2712,6.0,2003-03-25,0.2705,0.2699,0.2696,0.2699,0.2705,0.2714,0.2719,0.2721
2003,3,26,3/26/2003,0.2721,6.0,2003-03-26,0.2712,0.2705,0.2699,0.2696,0.2699,0.2705,0.2714,0.2718
2003,3,27,3/27/2003,0.273,6.0,2003-03-27,0.2721,0.2712,0.2705,0.2699,0.2696,0.2699,0.2705,0.2721
2003,3,28,3/28/2003,0.2736,6.0,2003-03-28,0.273,0.2721,0.2712,0.2705,0.2699,0.2696,0.2699,0.2728
2003,3,29,3/29/2003,0.2754,6.0,2003-03-29,0.2736,0.273,0.2721,0.2712,0.2705,0.2699,0.2696,0.2743
2003,3,30,3/30/2003,0.2764,6.0,2003-03-30,0.2754,0.2736,0.273,0.2721,0.2712,0.2705,0.2699,0.2754
2003,3,31,3/31/2003,0.277,6.0,2003-03-31,0.2764,0.2754,0.2736,0.273,0.2721,0.2712,0.2705,0.2769
2003,4,1,4/01/2003,0.2778,6.0,2003-04-01,0.277,0.2764,0.2754,0.2736,0.273,0.2721,0.2712,0.2781
2003,4,2,4/02/2003,0.2776,6.0,2003-04-02,0.2778,0.277,0.2764,0.2754,0.2736,0.273,0.2721,0.2789
2003,4,3,4/03/2003,0.2772,6.0,2003-04-03,0.2776,0.2778,0.277,0.2764,0.2754,0.2736,0.273,0.2793
2003,4,5,4/05/2003,0.2761,6.0,2003-04-05,0.2772,0.2776,0.2778,0.277,0.2764,0.2754,0.2736,0.2796
2003,4,6,4/06/2003,0.2747,6.0,2003-04-06,0.2761,0.2772,0.2776,0.2778,0.277,0.2764,0.2754,0.2788
2003,4,7,4/07/2003,0.2738,6.0,2003-04-07,0.2747,0.2761,0.2772,0.2776,0.2778,0.277,0.2764,0.2784
2003,4,8,4/08/2003,0.273,6.0,2003-04-08,0.2738,0.2747,0.2761,0.2772,0.2776,0.2778,0.277,0.2776
2003,4,9,4/09/2003,0.2724,6.0,2003-04-09,0.273,0.2738,0.2747,0.2761,0.2772,0.2776,0.2778,0.2763
2003,4,10,4/10/2003,0.2716,6.0,2003-04-10,0.2724,0.273,0.2738,0.2747,0.2761,0.2772,0.2776,0.2746
2003,4,11,4/11/2003,0.2713,6.0,2003-04-11,0.2716,0.2724,0.273,0.2738,0.2747,0.2761,0.2772,0.2734
2003,4,12,4/12/2003,0.2713,6.0,2003-04-12,0.2713,0.2716,0.2724,0.273,0.2738,0.2747,0.2761,0.2728
2003,4,13,4/13/2003,0.2715,6.0,2003-04-13,0.2713,0.2713,0.2716,0.2724,0.273,0.2738,0.2747,0.2724
2003,4,14,4/14/2003,0.2717,6.0,2003-04-14,0.2715,0.2713,0.2713,0.2716,0.2724,0.273,0.2738,0.272
2003,4,15,4/15/2003,0.2715,6.0,2003-04-15,0.2717,0.2715,0.2713,0.2713,0.2716,0.2724,0.273,0.2719
2003,4,16,4/16/2003,0.2714,6.0,2003-04-16,0.2715,0.2717,0.2715,0.2713,0.2713,0.2716,0.2724,0.2714
2003,4,17,4/17/2003,0.2712,6.0,2003-04-17,0.2714,0.2715,0.2717,0.2715,0.2713,0.2713,0.2716,0.2705
2003,4,18,4/18/2003,0.2714,6.0,2003-04-18,0.2712,0.2714,0.2715,0.2717,0.2715,0.2713,0.2713,0.2699
2003,4,19,4/19/2003,0.272,6.0,2003-04-19,0.2714,0.2712,0.2714,0.2715,0.2717,0.2715,0.2713,0.2696
2003,4,20,4/20/2003,0.2726,6.0,2003-04-20,0.272,0.2714,0.2712,0.2714,0.2715,0.2717,0.2715,0.2699
2003,4,21,4/21/2003,0.2738,6.0,2003-04-21,0.2726,0.272,0.2714,0.2712,0.2714,0.2715,0.2717,0.2705
2003,4,22,4/22/2003,0.2748,6.0,2003-04-22,0.2738,0.2726,0.272,0.2714,0.2712,0.2714,0.2715,0.2712
2003,4,23,4/23/2003,0.2753,6.0,2003-04-23,0.2748,0.2738,0.2726,0.272,0.2714,0.2712,0.2714,0.2721
2003,4,24,4/24/2003,0.2756,6.0,2003-04-24,0.2753,0.2748,0.2738,0.2726,0.272,0.2714,0.2712,0.273
2003,4,25,4/25/2003,0.2762,6.0,2003-04-25,0.2756,0.2753,0.2748,0.2738,0.2726,0.272,0.2714,0.2736
2003,4,26,4/26/2003,0.2767,6.0,2003-04-26,0.2762,0.2756,0.2753,0.2748,0.2738,0.2726,0.272,0.2754
2003,4,27,4/27/2003,0.2775,6.0,2003-04-27,0.2767,0.2762,0.2756,0.2753,0.2748,0.2738,0.2726,0.2764
2003,4,28,4/28/2003,0.277,6.0,2003-04-28,0.2775,0.2767,0.2762,0.2756,0.2753,0.2748,0.2738,0.277
2003,4,29,4/29/2003,0.2766,6.0,2003-04-29,0.277,0.2775,0.2767,0.2762,0.2756,0.2753,0.2748,0.2778
2003,4,30,4/30/2003,0.2762,6.0,2003-04-30,0.2766,0.277,0.2775,0.2767,0.2762,0.2756,0.2753,0.2776
2003,5,1,5/01/2003,0.2749,6.0,2003-05-01,0.2762,0.2766,0.277,0.2775,0.2767,0.2762,0.2756,0.2772
2003,5,2,5/02/2003,0.2741,6.0,2003-05-02,0.2749,0.2762,0.2766,0.277,0.2775,0.2767,0.2762,0.2761
2003,5,3,5/03/2003,0.2736,6.0,2003-05-03,0.2741,0.2749,0.2762,0.2766,0.277,0.2775,0.2767,0.2747
2003,5,4,5/04/2003,0.2733,6.0,2003-05-04,0.2736,0.2741,0.2749,0.2762,0.2766,0.277,0.2775,0.2738
2003,5,5,5/05/2003,0.2728,6.0,2003-05-05,0.2733,0.2736,0.2741,0.2749,0.2762,0.2766,0.277,0.273
2003,5,6,5/06/2003,0.2722,6.0,2003-05-06,0.2728,0.2733,0.2736,0.2741,0.2749,0.2762,0.2766,0.2724
2003,5,7,5/07/2003,0.2713,6.0,2003-05-07,0.2722,0.2728,0.2733,0.2736,0.2741,0.2749,0.2762,0.2716
2003,5,8,5/08/2003,0.2701,6.0,2003-05-08,0.2713,0.2722,0.2728,0.2733,0.2736,0.2741,0.2749,0.2713
2003,5,9,5/09/2003,0.2697,6.0,2003-05-09,0.2701,0.2713,0.2722,0.2728,0.2733,0.2736,0.2741,0.2713
2003,5,10,5/10/2003,0.2698,6.0,2003-05-10,0.2697,0.2701,0.2713,0.2722,0.2728,0.2733,0.2736,0.2715
2003,5,11,5/11/2003,0.27,6.0,2003-05-11,0.2698,0.2697,0.2701,0.2713,0.2722,0.2728,0.2733,0.2717
2003,5,12,5/12/2003,0.2705,6.0,2003-05-12,0.27,0.2698,0.2697,0.2701,0.2713,0.2722,0.2728,0.2715
2003,5,13,5/13/2003,0.2706,6.0,2003-05-13,0.2705,0.27,0.2698,0.2697,0.2701,0.2713,0.2722,0.2714
2003,5,14,5/14/2003,0.271,6.0,2003-05-14,0.2706,0.2705,0.27,0.2698,0.2697,0.2701,0.2713,0.2712
2003,5,15,5/15/2003,0.2714,6.0,2003-05-15,0.271,0.2706,0.2705,0.27,0.2698,0.2697,0.2701,0.2714
2003,5,16,5/16/2003,0.2718,6.0,2003-05-16,0.2714,0.271,0.2706,0.2705,0.27,0.2698,0.2697,0.272
2003,5,17,5/17/2003,0.2725,6.0,2003-05-17,0.2718,0.2714,0.271,0.2706,0.2705,0.27,0.2698,0.2726
2003,5,18,5/18/2003,0.2731,6.0,2003-05-18,0.2725,0.2718,0.2714,0.271,0.2706,0.2705,0.27,0.2738
2003,5,19,5/19/2003,0.2738,6.0,2003-05-19,0.2731,0.2725,0.2718,0.2714,0.271,0.2706,0.2705,0.2748
2003,5,20,5/20/2003,0.2746,6.0,2003-05-20,0.2738,0.2731,0.2725,0.2718,0.2714,0.271,0.2706,0.2753
2003,5,21,5/21/2003,0.2747,6.0,2003-05-21,0.2746,0.2738,0.2731,0.2725,0.2718,0.2714,0.271,0.2756
2003,5,22,5/22/2003,0.2754,6.0,2003-05-22,0.2747,0.2746,0.2738,0.2731,0.2725,0.2718,0.2714,0.2762
2003,5,23,5/23/2003,0.2756,6.0,2003-05-23,0.2754,0.2747,0.2746,0.2738,0.2731,0.2725,0.2718,0.2767
2003,5,24,5/24/2003,0.2755,6.0,2003-05-24,0.2756,0.2754,0.2747,0.2746,0.2738,0.2731,0.2725,0.2775
2003,5,25,5/25/2003,0.2755,6.0,2003-05-25,0.2755,0.2756,0.2754,0.2747,0.2746,0.2738,0.2731,0.277
2003,5,26,5/26/2003,0.2757,6.0,2003-05-26,0.2755,0.2755,0.2756,0.2754,0.2747,0.2746,0.2738,0.2766
2003,5,27,5/27/2003,0.2758,6.0,2003-05-27,0.2757,0.2755,0.2755,0.2756,0.2754,0.2747,0.2746,0.2762
2003,5,28,5/28/2003,0.2764,6.0,2003-05-28,0.2758,0.2757,0.2755,0.2755,0.2756,0.2754,0.2747,0.2749
2003,5,29,5/29/2003,0.2752,6.0,2003-05-29,0.2764,0.2758,0.2757,0.2755,0.2755,0.2756,0.2754,0.2741
2003,5,30,5/30/2003,0.2745,6.0,2003-05-30,0.2752,0.2764,0.2758,0.2757,0.2755,0.2755,0.2756,0.2736
2003,5,31,5/31/2003,0.2736,6.0,2003-05-31,0.2745,0.2752,0.2764,0.2758,0.2757,0.2755,0.2755,0.2733
2003,6,1,6/01/2003,0.2729,6.0,2003-06-01,0.2736,0.2745,0.2752,0.2764,0.2758,0.2757,0.2755,0.2728
2003,6,2,6/02/2003,0.2718,6.0,2003-06-02,0.2729,0.2736,0.2745,0.2752,0.2764,0.2758,0.2757,0.2722
2003,6,3,6/03/2003,0.2718,6.0,2003-06-03,0.2718,0.2729,0.2736,0.2745,0.2752,0.2764,0.2758,0.2713
2003,6,4,6/04/2003,0.271,6.0,2003-06-04,0.2718,0.2718,0.2729,0.2736,0.2745,0.2752,0.2764,0.2701
2003,6,5,6/05/2003,0.2709,6.0,2003-06-05,0.271,0.2718,0.2718,0.2729,0.2736,0.2745,0.2752,0.2697
2003,6,6,6/06/2003,0.2717,6.0,2003-06-06,0.2709,0.271,0.2718,0.2718,0.2729,0.2736,0.2745,0.2698
2003,6,7,6/07/2003,0.2728,6.0,2003-06-07,0.2717,0.2709,0.271,0.2718,0.2718,0.2729,0.2736,0.27
2003,6,8,6/08/2003,0.2735,6.0,2003-06-08,0.2728,0.2717,0.2709,0.271,0.2718,0.2718,0.2729,0.2705
2003,6,9,6/09/2003,0.2743,6.0,2003-06-09,0.2735,0.2728,0.2717,0.2709,0.271,0.2718,0.2718,0.2706
2003,6,10,6/10/2003,0.2756,6.0,2003-06-10,0.2743,0.2735,0.2728,0.2717,0.2709,0.271,0.2718,0.271
2003,6,11,6/11/2003,0.2759,6.0,2003-06-11,0.2756,0.2743,0.2735,0.2728,0.2717,0.2709,0.271,0.2714
2003,6,12,6/12/2003,0.277,6.0,2003-06-12,0.2759,0.2756,0.2743,0.2735,0.2728,0.2717,0.2709,0.2718
2003,6,15,6/15/2003,0.2748,6.0,2003-06-15,0.277,0.2759,0.2756,0.2743,0.2735,0.2728,0.2717,0.2725
2003,6,16,6/16/2003,0.2745,6.0,2003-06-16,0.2748,0.277,0.2759,0.2756,0.2743,0.2735,0.2728,0.2731
2003,6,17,6/17/2003,0.2739,6.0,2003-06-17,0.2745,0.2748,0.277,0.2759,0.2756,0.2743,0.2735,0.2738
2003,6,18,6/18/2003,0.2737,6.0,2003-06-18,0.2739,0.2745,0.2748,0.277,0.2759,0.2756,0.2743,0.2746
2003,6,19,6/19/2003,0.2738,6.0,2003-06-19,0.2737,0.2739,0.2745,0.2748,0.277,0.2759,0.2756,0.2747
2003,6,20,6/20/2003,0.2737,6.0,2003-06-20,0.2738,0.2737,0.2739,0.2745,0.2748,0.277,0.2759,0.2754
2003,6,21,6/21/2003,0.2736,6.0,2003-06-21,0.2737,0.2738,0.2737,0.2739,0.2745,0.2748,0.277,0.2756
2003,6,22,6/22/2003,0.2736,6.0,2003-06-22,0.2736,0.2737,0.2738,0.2737,0.2739,0.2745,0.2748,0.2755
2003,6,23,6/23/2003,0.2735,6.0,2003-06-23,0.2736,0.2736,0.2737,0.2738,0.2737,0.2739,0.2745,0.2755
2003,6,24,6/24/2003,0.2737,6.0,2003-06-24,0.2735,0.2736,0.2736,0.2737,0.2738,0.2737,0.2739,0.2757
2003,6,25,6/25/2003,0.2734,6.0,2003-06-25,0.2737,0.2735,0.2736,0.2736,0.2737,0.2738,0.2737,0.2758
2003,6,26,6/26/2003,0.2732,6.0,2003-06-26,0.2734,0.2737,0.2735,0.2736,0.2736,0.2737,0.2738,0.2764
2003,6,27,6/27/2003,0.2732,6.0,2003-06-27,0.2732,0.2734,0.2737,0.2735,0.2736,0.2736,0.2737,0.2752
2003,6,28,6/28/2003,0.2736,6.0,2003-06-28,0.2732,0.2732,0.2734,0.2737,0.2735,0.2736,0.2736,0.2745
2003,6,29,6/29/2003,0.2738,6.0,2003-06-29,0.2736,0.2732,0.2732,0.2734,0.2737,0.2735,0.2736,0.2736
2003,6,30,6/30/2003,0.2744,6.0,2003-06-30,0.2738,0.2736,0.2732,0.2732,0.2734,0.2737,0.2735,0.2729
2003,7,1,7/01/2003,0.2743,6.0,2003-07-01,0.2744,0.2738,0.2736,0.2732,0.2732,0.2734,0.2737,0.2718
2003,7,2,7/02/2003,0.2751,6.0,2003-07-02,0.2743,0.2744,0.2738,0.2736,0.2732,0.2732,0.2734,0.2718
2003,7,3,7/03/2003,0.2756,6.0,2003-07-03,0.2751,0.2743,0.2744,0.2738,0.2736,0.2732,0.2732,0.271
2003,7,4,7/04/2003,0.2761,6.0,2003-07-04,0.2756,0.2751,0.2743,0.2744,0.2738,0.2736,0.2732,0.2709
2003,7,5,7/05/2003,0.2758,6.0,2003-07-05,0.2761,0.2756,0.2751,0.2743,0.2744,0.2738,0.2736,0.2717
2003,7,6,7/06/2003,0.276,6.0,2003-07-06,0.2758,0.2761,0.2756,0.2751,0.2743,0.2744,0.2738,0.2728
2003,7,7,7/07/2003,0.2757,6.0,2003-07-07,0.276,0.2758,0.2761,0.2756,0.2751,0.2743,0.2744,0.2735
2003,7,8,7/08/2003,0.27578,6.0,2003-07-08,0.2757,0.276,0.2758,0.2761,0.2756,0.2751,0.2743,0.2743
2003,7,9,7/09/2003,0.27577,6.0,2003-07-09,0.27578,0.2757,0.276,0.2758,0.2761,0.2756,0.2751,0.2756
2003,7,10,7/10/2003,0.27491,6.0,2003-07-10,0.27577,0.27578,0.2757,0.276,0.2758,0.2761,0.2756,0.2759
2003,7,11,7/11/2003,0.27422,6.0,2003-07-11,0.27491,0.27577,0.27578,0.2757,0.276,0.2758,0.2761,0.277
2003,7,12,7/12/2003,0.27376,6.0,2003-07-12,0.27422,0.27491,0.27577,0.27578,0.2757,0.276,0.2758,0.2748
2003,7,13,7/13/2003,0.27397,6.0,2003-07-13,0.27376,0.27422,0.27491,0.27577,0.27578,0.2757,0.276,0.2745
2003,7,14,7/14/2003,0.2743,6.0,2003-07-14,0.27397,0.27376,0.27422,0.27491,0.27577,0.27578,0.2757,0.2739
2003,7,15,7/15/2003,0.27499,6.0,2003-07-15,0.2743,0.27397,0.27376,0.27422,0.27491,0.27577,0.27578,0.2737
2003,7,16,7/16/2003,0.27474,6.0,2003-07-16,0.27499,0.2743,0.27397,0.27376,0.27422,0.27491,0.27577,0.2738
2003,7,17,7/17/2003,0.27482,6.0,2003-07-17,0.27474,0.27499,0.2743,0.27397,0.27376,0.27422,0.27491,0.2737
2003,7,18,7/18/2003,0.27562,6.0,2003-07-18,0.27482,0.27474,0.27499,0.2743,0.27397,0.27376,0.27422,0.2736
2003,7,19,7/19/2003,0.27602,6.0,2003-07-19,0.27562,0.27482,0.27474,0.27499,0.2743,0.27397,0.27376,0.2736
2003,7,20,7/20/2003,0.27672,6.0,2003-07-20,0.27602,0.27562,0.27482,0.27474,0.27499,0.2743,0.27397,0.2735
2003,7,21,7/21/2003,0.27679,6.0,2003-07-21,0.27672,0.27602,0.27562,0.27482,0.27474,0.27499,0.2743,0.2737
2003,7,22,7/22/2003,0.27647,6.0,2003-07-22,0.27679,0.27672,0.27602,0.27562,0.27482,0.27474,0.27499,0.2734
2003,7,23,7/23/2003,0.27566,6.0,2003-07-23,0.27647,0.27679,0.27672,0.27602,0.27562,0.27482,0.27474,0.2732
2003,7,24,7/24/2003,0.27433,6.0,2003-07-24,0.27566,0.27647,0.27679,0.27672,0.27602,0.27562,0.27482,0.2732
2003,7,25,7/25/2003,0.27294,6.0,2003-07-25,0.27433,0.27566,0.27647,0.27679,0.27672,0.27602,0.27562,0.2736
2003,7,26,7/26/2003,0.27225,6.0,2003-07-26,0.27294,0.27433,0.27566,0.27647,0.27679,0.27672,0.27602,0.2738
2003,7,27,7/27/2003,0.27212,6.0,2003-07-27,0.27225,0.27294,0.27433,0.27566,0.27647,0.27679,0.27672,0.2744
2003,7,28,7/28/2003,0.27323,6.0,2003-07-28,0.27212,0.27225,0.27294,0.27433,0.27566,0.27647,0.27679,0.2743
2003,7,29,7/29/2003,0.27316,6.0,2003-07-29,0.27323,0.27212,0.27225,0.27294,0.27433,0.27566,0.27647,0.2751
2003,7,30,7/30/2003,0.27323,6.0,2003-07-30,0.27316,0.27323,0.27212,0.27225,0.27294,0.27433,0.27566,0.2756
2003,7,31,7/31/2003,0.27354,6.0,2003-07-31,0.27323,0.27316,0.27323,0.27212,0.27225,0.27294,0.27433,0.2761
2003,8,1,8/01/2003,0.27361,6.0,2003-08-01,0.27354,0.27323,0.27316,0.27323,0.27212,0.27225,0.27294,0.2758
2003,8,2,8/02/2003,0.27387,6.0,2003-08-02,0.27361,0.27354,0.27323,0.27316,0.27323,0.27212,0.27225,0.276
2003,8,3,8/03/2003,0.27468,6.0,2003-08-03,0.27387,0.27361,0.27354,0.27323,0.27316,0.27323,0.27212,0.2757
2003,8,4,8/04/2003,0.27463,6.0,2003-08-04,0.27468,0.27387,0.27361,0.27354,0.27323,0.27316,0.27323,0.27578
2003,8,5,8/05/2003,0.27438,6.0,2003-08-05,0.27463,0.27468,0.27387,0.27361,0.27354,0.27323,0.27316,0.27577
2003,8,6,8/06/2003,0.27407,6.0,2003-08-06,0.27438,0.27463,0.27468,0.27387,0.27361,0.27354,0.27323,0.27491
2003,8,7,8/07/2003,0.27364,6.0,2003-08-07,0.27407,0.27438,0.27463,0.27468,0.27387,0.27361,0.27354,0.27422
2003,8,8,8/08/2003,0.27324,6.0,2003-08-08,0.27364,0.27407,0.27438,0.27463,0.27468,0.27387,0.27361,0.27376
2003,8,9,8/09/2003,0.27297,6.0,2003-08-09,0.27324,0.27364,0.27407,0.27438,0.27463,0.27468,0.27387,0.27397
2003,8,10,8/10/2003,0.27372,6.0,2003-08-10,0.27297,0.27324,0.27364,0.27407,0.27438,0.27463,0.27468,0.2743
2003,8,11,8/11/2003,0.27412,6.0,2003-08-11,0.27372,0.27297,0.27324,0.27364,0.27407,0.27438,0.27463,0.27499
2003,8,12,8/12/2003,0.2745,6.0,2003-08-12,0.27412,0.27372,0.27297,0.27324,0.27364,0.27407,0.27438,0.27474
2003,8,13,8/13/2003,0.27458,6.0,2003-08-13,0.2745,0.27412,0.27372,0.27297,0.27324,0.27364,0.27407,0.27482
2003,8,14,8/14/2003,0.27435,6.0,2003-08-14,0.27458,0.2745,0.27412,0.27372,0.27297,0.27324,0.27364,0.27562
2003,8,15,8/15/2003,0.27388,6.0,2003-08-15,0.27435,0.27458,0.2745,0.27412,0.27372,0.27297,0.27324,0.27602
2003,8,16,8/16/2003,0.27375,6.0,2003-08-16,0.27388,0.27435,0.27458,0.2745,0.27412,0.27372,0.27297,0.27672
2003,8,17,8/17/2003,0.27396,6.0,2003-08-17,0.27375,0.27388,0.27435,0.27458,0.2745,0.27412,0.27372,0.27679
2003,8,18,8/18/2003,0.27379,6.0,2003-08-18,0.27396,0.27375,0.27388,0.27435,0.27458,0.2745,0.27412,0.27647
2003,8,19,8/19/2003,0.27372,6.0,2003-08-19,0.27379,0.27396,0.27375,0.27388,0.27435,0.27458,0.2745,0.27566
2003,8,20,8/20/2003,0.27311,6.0,2003-08-20,0.27372,0.27379,0.27396,0.27375,0.27388,0.27435,0.27458,0.27433
2003,8,21,8/21/2003,0.27285,6.0,2003-08-21,0.27311,0.27372,0.27379,0.27396,0.27375,0.27388,0.27435,0.27294
2003,8,22,8/22/2003,0.27281,6.0,2003-08-22,0.27285,0.27311,0.27372,0.27379,0.27396,0.27375,0.27388,0.27225
2003,8,23,8/23/2003,0.27372,6.0,2003-08-23,0.27281,0.27285,0.27311,0.27372,0.27379,0.27396,0.27375,0.27212
2003,8,24,8/24/2003,0.27431,6.0,2003-08-24,0.27372,0.27281,0.27285,0.27311,0.27372,0.27379,0.27396,0.27323
2003,8,25,8/25/2003,0.27486,6.0,2003-08-25,0.27431,0.27372,0.27281,0.27285,0.27311,0.27372,0.27379,0.27316
2003,8,26,8/26/2003,0.27513,6.0,2003-08-26,0.27486,0.27431,0.27372,0.27281,0.27285,0.27311,0.27372,0.27323
2003,8,27,8/27/2003,0.27535,6.0,2003-08-27,0.27513,0.27486,0.27431,0.27372,0.27281,0.27285,0.27311,0.27354
2003,8,28,8/28/2003,0.27564,6.0,2003-08-28,0.27535,0.27513,0.27486,0.27431,0.27372,0.27281,0.27285,0.27361
2003,8,29,8/29/2003,0.27574,6.0,2003-08-29,0.27564,0.27535,0.27513,0.27486,0.27431,0.27372,0.27281,0.27387
2003,8,30,8/30/2003,0.27519,6.0,2003-08-30,0.27574,0.27564,0.27535,0.27513,0.27486,0.27431,0.27372,0.27468
2003,8,31,8/31/2003,0.27538,6.0,2003-08-31,0.27519,0.27574,0.27564,0.27535,0.27513,0.27486,0.27431,0.27463
2003,9,1,9/01/2003,0.27489,6.0,2003-09-01,0.27538,0.27519,0.27574,0.27564,0.27535,0.27513,0.27486,0.27438
2003,9,2,9/02/2003,0.27438,6.0,2003-09-02,0.27489,0.27538,0.27519,0.27574,0.27564,0.27535,0.27513,0.27407
2003,9,3,9/03/2003,0.27362,6.0,2003-09-03,0.27438,0.27489,0.27538,0.27519,0.27574,0.27564,0.27535,0.27364
2003,9,4,9/04/2003,0.27309,6.0,2003-09-04,0.27362,0.27438,0.27489,0.27538,0.27519,0.27574,0.27564,0.27324
2003,9,5,9/05/2003,0.27365,6.0,2003-09-05,0.27309,0.27362,0.27438,0.27489,0.27538,0.27519,0.27574,0.27297
2003,9,6,9/06/2003,0.27356,6.0,2003-09-06,0.27365,0.27309,0.27362,0.27438,0.27489,0.27538,0.27519,0.27372
2003,9,7,9/07/2003,0.27344,6.0,2003-09-07,0.27356,0.27365,0.27309,0.27362,0.27438,0.27489,0.27538,0.27412
2003,9,8,9/08/2003,0.27304,6.0,2003-09-08,0.27344,0.27356,0.27365,0.27309,0.27362,0.27438,0.27489,0.2745
2003,9,9,9/09/2003,0.27278,6.0,2003-09-09,0.27304,0.27344,0.27356,0.27365,0.27309,0.27362,0.27438,0.27458
2003,9,10,9/10/2003,0.27197,6.0,2003-09-10,0.27278,0.27304,0.27344,0.27356,0.27365,0.27309,0.27362,0.27435
2003,9,11,9/11/2003,0.27192,6.0,2003-09-11,0.27197,0.27278,0.27304,0.27344,0.27356,0.27365,0.27309,0.27388
2003,9,12,9/12/2003,0.27168,6.0,2003-09-12,0.27192,0.27197,0.27278,0.27304,0.27344,0.27356,0.27365,0.27375
2003,9,13,9/13/2003,0.27152,6.0,2003-09-13,0.27168,0.27192,0.27197,0.27278,0.27304,0.27344,0.27356,0.27396
2003,9,14,9/14/2003,0.27161,6.0,2003-09-14,0.27152,0.27168,0.27192,0.27197,0.27278,0.27304,0.27344,0.27379
2003,9,15,9/15/2003,0.27149,6.0,2003-09-15,0.27161,0.27152,0.27168,0.27192,0.27197,0.27278,0.27304,0.27372
2003,9,16,9/16/2003,0.27126,6.0,2003-09-16,0.27149,0.27161,0.27152,0.27168,0.27192,0.27197,0.27278,0.27311
2003,9,17,9/17/2003,0.27137,6.0,2003-09-17,0.27126,0.27149,0.27161,0.27152,0.27168,0.27192,0.27197,0.27285
2003,9,18,9/18/2003,0.27168,6.0,2003-09-18,0.27137,0.27126,0.27149,0.27161,0.27152,0.27168,0.27192,0.27281
2003,9,19,9/19/2003,0.27246,6.0,2003-09-19,0.27168,0.27137,0.27126,0.27149,0.27161,0.27152,0.27168,0.27372
2003,9,20,9/20/2003,0.27307,6.0,2003-09-20,0.27246,0.27168,0.27137,0.27126,0.27149,0.27161,0.27152,0.27431
2003,9,21,9/21/2003,0.27352,6.0,2003-09-21,0.27307,0.27246,0.27168,0.27137,0.27126,0.27149,0.27161,0.27486
2003,9,22,9/22/2003,0.27374,6.0,2003-09-22,0.27352,0.27307,0.27246,0.27168,0.27137,0.27126,0.27149,0.27513
2003,9,23,9/23/2003,0.27425,6.0,2003-09-23,0.27374,0.27352,0.27307,0.27246,0.27168,0.27137,0.27126,0.27535
2003,9,24,9/24/2003,-999.0,6.0,2003-09-24,0.27425,0.27374,0.27352,0.27307,0.27246,0.27168,0.27137,0.27564
2003,9,25,9/25/2003,0.27532,6.0,2003-09-25,-999.0,0.27425,0.27374,0.27352,0.27307,0.27246,0.27168,0.27574
2003,9,26,9/26/2003,0.27587,6.0,2003-09-26,0.27532,-999.0,0.27425,0.27374,0.27352,0.27307,0.27246,0.27519
2003,9,27,9/27/2003,0.27618,6.0,2003-09-27,0.27587,0.27532,-999.0,0.27425,0.27374,0.27352,0.27307,0.27538
2003,9,28,9/28/2003,0.27627,6.0,2003-09-28,0.27618,0.27587,0.27532,-999.0,0.27425,0.27374,0.27352,0.27489
2003,9,29,9/29/2003,0.27565,6.0,2003-09-29,0.27627,0.27618,0.27587,0.27532,-999.0,0.27425,0.27374,0.27438
2003,9,30,9/30/2003,0.27534,6.0,2003-09-30,0.27565,0.27627,0.27618,0.27587,0.27532,-999.0,0.27425,0.27362
2003,10,1,10/01/2003,0.2751,6.0,2003-10-01,0.27534,0.27565,0.27627,0.27618,0.27587,0.27532,-999.0,0.27309
2003,10,2,10/02/2003,0.27463,6.0,2003-10-02,0.2751,0.27534,0.27565,0.27627,0.27618,0.27587,0.27532,0.27365
2003,10,3,10/03/2003,0.2743,6.0,2003-10-03,0.27463,0.2751,0.27534,0.27565,0.27627,0.27618,0.27587,0.27356
2003,10,4,10/04/2003,0.27426,6.0,2003-10-04,0.2743,0.27463,0.2751,0.27534,0.27565,0.27627,0.27618,0.27344
2003,10,5,10/05/2003,0.27409,6.0,2003-10-05,0.27426,0.2743,0.27463,0.2751,0.27534,0.27565,0.27627,0.27304
2003,10,6,10/06/2003,0.27412,6.0,2003-10-06,0.27409,0.27426,0.2743,0.27463,0.2751,0.27534,0.27565,0.27278
2003,10,7,10/07/2003,0.27416,6.0,2003-10-07,0.27412,0.27409,0.27426,0.2743,0.27463,0.2751,0.27534,0.27197
2003,10,8,10/08/2003,0.27371,6.0,2003-10-08,0.27416,0.27412,0.27409,0.27426,0.2743,0.27463,0.2751,0.27192
2003,10,9,10/09/2003,0.27367,6.0,2003-10-09,0.27371,0.27416,0.27412,0.27409,0.27426,0.2743,0.27463,0.27168
2003,10,10,10/10/2003,0.27378,6.0,2003-10-10,0.27367,0.27371,0.27416,0.27412,0.27409,0.27426,0.2743,0.27152
2003,10,11,10/11/2003,0.27378,6.0,2003-10-11,0.27378,0.27367,0.27371,0.27416,0.27412,0.27409,0.27426,0.27161
2003,10,12,10/12/2003,0.2728,6.0,2003-10-12,0.27378,0.27378,0.27367,0.27371,0.27416,0.27412,0.27409,0.27149
2003,10,13,10/13/2003,0.27167,6.0,2003-10-13,0.2728,0.27378,0.27378,0.27367,0.27371,0.27416,0.27412,0.27126
2003,10,14,10/14/2003,0.27115,6.0,2003-10-14,0.27167,0.2728,0.27378,0.27378,0.27367,0.27371,0.27416,0.27137
2003,10,15,10/15/2003,0.2708,6.0,2003-10-15,0.27115,0.27167,0.2728,0.27378,0.27378,0.27367,0.27371,0.27168
2003,10,16,10/16/2003,0.27098,6.0,2003-10-16,0.2708,0.27115,0.27167,0.2728,0.27378,0.27378,0.27367,0.27246
2003,10,17,10/17/2003,0.27143,6.0,2003-10-17,0.27098,0.2708,0.27115,0.27167,0.2728,0.27378,0.27378,0.27307
2003,10,18,10/18/2003,0.2723,6.0,2003-10-18,0.27143,0.27098,0.2708,0.27115,0.27167,0.2728,0.27378,0.27352
2003,10,19,10/19/2003,0.27317,6.0,2003-10-19,0.2723,0.27143,0.27098,0.2708,0.27115,0.27167,0.2728,0.27374
2003,10,20,10/20/2003,0.27382,6.0,2003-10-20,0.27317,0.2723,0.27143,0.27098,0.2708,0.27115,0.27167,0.27425
2003,10,21,10/21/2003,0.27404,6.0,2003-10-21,0.27382,0.27317,0.2723,0.27143,0.27098,0.2708,0.27115,-999.0
2003,10,22,10/22/2003,0.27456,6.0,2003-10-22,0.27404,0.27382,0.27317,0.2723,0.27143,0.27098,0.2708,0.27532
2003,10,23,10/23/2003,0.27519,6.0,2003-10-23,0.27456,0.27404,0.27382,0.27317,0.2723,0.27143,0.27098,0.27587
2003,10,24,10/24/2003,0.2758,6.0,2003-10-24,0.27519,0.27456,0.27404,0.27382,0.27317,0.2723,0.27143,0.27618
2003,10,25,10/25/2003,0.27622,6.0,2003-10-25,0.2758,0.27519,0.27456,0.27404,0.27382,0.27317,0.2723,0.27627
2003,10,26,10/26/2003,0.27701,6.0,2003-10-26,0.27622,0.2758,0.27519,0.27456,0.27404,0.27382,0.27317,0.27565
2003,10,27,10/27/2003,0.27863,6.0,2003-10-27,0.27701,0.27622,0.2758,0.27519,0.27456,0.27404,0.27382,0.27534
2003,10,28,10/28/2003,0.28022,6.0,2003-10-28,0.27863,0.27701,0.27622,0.2758,0.27519,0.27456,0.27404,0.2751
2003,10,29,10/29/2003,0.28112,6.0,2003-10-29,0.28022,0.27863,0.27701,0.27622,0.2758,0.27519,0.27456,0.27463
2003,10,30,10/30/2003,0.28167,6.0,2003-10-30,0.28112,0.28022,0.27863,0.27701,0.27622,0.2758,0.27519,0.2743
2003,10,31,10/31/2003,0.28103,6.0,2003-10-31,0.28167,0.28112,0.28022,0.27863,0.27701,0.27622,0.2758,0.27426
2003,11,1,11/01/2003,0.2801,6.0,2003-11-01,0.28103,0.28167,0.28112,0.28022,0.27863,0.27701,0.27622,0.27409
2003,11,2,11/02/2003,0.27918,6.0,2003-11-02,0.2801,0.28103,0.28167,0.28112,0.28022,0.27863,0.27701,0.27412
2003,11,3,11/03/2003,0.27743,6.0,2003-11-03,0.27918,0.2801,0.28103,0.28167,0.28112,0.28022,0.27863,0.27416
2003,11,4,11/04/2003,0.27522,6.0,2003-11-04,0.27743,0.27918,0.2801,0.28103,0.28167,0.28112,0.28022,0.27371
2003,11,5,11/05/2003,0.27383,6.0,2003-11-05,0.27522,0.27743,0.27918,0.2801,0.28103,0.28167,0.28112,0.27367
2003,11,6,11/06/2003,0.27271,6.0,2003-11-06,0.27383,0.27522,0.27743,0.27918,0.2801,0.28103,0.28167,0.27378
2003,11,7,11/07/2003,0.27185,6.0,2003-11-07,0.27271,0.27383,0.27522,0.27743,0.27918,0.2801,0.28103,0.27378
2003,11,8,11/08/2003,0.27056,6.0,2003-11-08,0.27185,0.27271,0.27383,0.27522,0.27743,0.27918,0.2801,0.2728
2003,11,9,11/09/2003,0.27018,6.0,2003-11-09,0.27056,0.27185,0.27271,0.27383,0.27522,0.27743,0.27918,0.27167
2003,11,10,11/10/2003,0.26999,6.0,2003-11-10,0.27018,0.27056,0.27185,0.27271,0.27383,0.27522,0.27743,0.27115
2003,11,11,11/11/2003,0.26998,6.0,2003-11-11,0.26999,0.27018,0.27056,0.27185,0.27271,0.27383,0.27522,0.2708
2003,11,12,11/12/2003,0.26958,6.0,2003-11-12,0.26998,0.26999,0.27018,0.27056,0.27185,0.27271,0.27383,0.27098
2003,11,13,11/13/2003,0.26975,6.0,2003-11-13,0.26958,0.26998,0.26999,0.27018,0.27056,0.27185,0.27271,0.27143
2003,11,14,11/14/2003,0.27017,6.0,2003-11-14,0.26975,0.26958,0.26998,0.26999,0.27018,0.27056,0.27185,0.2723
2003,11,15,11/15/2003,0.27068,6.0,2003-11-15,0.27017,0.26975,0.26958,0.26998,0.26999,0.27018,0.27056,0.27317
2003,11,16,11/16/2003,0.27119,6.0,2003-11-16,0.27068,0.27017,0.26975,0.26958,0.26998,0.26999,0.27018,0.27382
2003,11,17,11/17/2003,0.27172,6.0,2003-11-17,0.27119,0.27068,0.27017,0.26975,0.26958,0.26998,0.26999,0.27404
2003,11,18,11/18/2003,0.27239,6.0,2003-11-18,0.27172,0.27119,0.27068,0.27017,0.26975,0.26958,0.26998,0.27456
2003,11,19,11/19/2003,0.27368,6.0,2003-11-19,0.27239,0.27172,0.27119,0.27068,0.27017,0.26975,0.26958,0.27519
2003,11,20,11/20/2003,0.27541,6.0,2003-11-20,0.27368,0.27239,0.27172,0.27119,0.27068,0.27017,0.26975,0.2758
2003,11,21,11/21/2003,0.27728,6.0,2003-11-21,0.27541,0.27368,0.27239,0.27172,0.27119,0.27068,0.27017,0.27622
2003,11,22,11/22/2003,0.278,6.0,2003-11-22,0.27728,0.27541,0.27368,0.27239,0.27172,0.27119,0.27068,0.27701
2003,11,23,11/23/2003,0.27893,6.0,2003-11-23,0.278,0.27728,0.27541,0.27368,0.27239,0.27172,0.27119,0.27863
2003,11,24,11/24/2003,0.2795,6.0,2003-11-24,0.27893,0.278,0.27728,0.27541,0.27368,0.27239,0.27172,0.28022
2003,11,25,11/25/2003,0.28006,6.0,2003-11-25,0.2795,0.27893,0.278,0.27728,0.27541,0.27368,0.27239,0.28112
2003,11,26,11/26/2003,0.27987,6.0,2003-11-26,0.28006,0.2795,0.27893,0.278,0.27728,0.27541,0.27368,0.28167
2003,11,27,11/27/2003,0.27954,6.0,2003-11-27,0.27987,0.28006,0.2795,0.27893,0.278,0.27728,0.27541,0.28103
2003,11,28,11/28/2003,0.27967,6.0,2003-11-28,0.27954,0.27987,0.28006,0.2795,0.27893,0.278,0.27728,0.2801
2003,11,29,11/29/2003,0.2796,6.0,2003-11-29,0.27967,0.27954,0.27987,0.28006,0.2795,0.27893,0.278,0.27918
2003,11,30,11/30/2003,0.27863,6.0,2003-11-30,0.2796,0.27967,0.27954,0.27987,0.28006,0.2795,0.27893,0.27743
2003,12,1,12/01/2003,0.27773,6.0,2003-12-01,0.27863,0.2796,0.27967,0.27954,0.27987,0.28006,0.2795,0.27522
2003,12,2,12/02/2003,0.27643,6.0,2003-12-02,0.27773,0.27863,0.2796,0.27967,0.27954,0.27987,0.28006,0.27383
2003,12,3,12/03/2003,0.27502,6.0,2003-12-03,0.27643,0.27773,0.27863,0.2796,0.27967,0.27954,0.27987,0.27271
2003,12,4,12/04/2003,0.27402,6.0,2003-12-04,0.27502,0.27643,0.27773,0.27863,0.2796,0.27967,0.27954,0.27185
2003,12,5,12/05/2003,0.27296,6.0,2003-12-05,0.27402,0.27502,0.27643,0.27773,0.27863,0.2796,0.27967,0.27056
2003,12,6,12/06/2003,0.27168,6.0,2003-12-06,0.27296,0.27402,0.27502,0.27643,0.27773,0.27863,0.2796,0.27018
2003,12,7,12/07/2003,0.27044,6.0,2003-12-07,0.27168,0.27296,0.27402,0.27502,0.27643,0.27773,0.27863,0.26999
2003,12,8,12/08/2003,0.26994,6.0,2003-12-08,0.27044,0.27168,0.27296,0.27402,0.27502,0.27643,0.27773,0.26998
2003,12,9,12/09/2003,0.26913,6.0,2003-12-09,0.26994,0.27044,0.27168,0.27296,0.27402,0.27502,0.27643,0.26958
2003,12,10,12/10/2003,0.26876,6.0,2003-12-10,0.26913,0.26994,0.27044,0.27168,0.27296,0.27402,0.27502,0.26975
2003,12,11,12/11/2003,0.26863,6.0,2003-12-11,0.26876,0.26913,0.26994,0.27044,0.27168,0.27296,0.27402,0.27017
2003,12,12,12/12/2003,0.26867,6.0,2003-12-12,0.26863,0.26876,0.26913,0.26994,0.27044,0.27168,0.27296,0.27068
2003,12,13,12/13/2003,0.2688,6.0,2003-12-13,0.26867,0.26863,0.26876,0.26913,0.26994,0.27044,0.27168,0.27119
2003,12,14,12/14/2003,0.26907,6.0,2003-12-14,0.2688,0.26867,0.26863,0.26876,0.26913,0.26994,0.27044,0.27172
2003,12,15,12/15/2003,0.26941,6.0,2003-12-15,0.26907,0.2688,0.26867,0.26863,0.26876,0.26913,0.26994,0.27239
2003,12,16,12/16/2003,0.27063,6.0,2003-12-16,0.26941,0.26907,0.2688,0.26867,0.26863,0.26876,0.26913,0.27368
2003,12,17,12/17/2003,0.27155,6.0,2003-12-17,0.27063,0.26941,0.26907,0.2688,0.26867,0.26863,0.26876,0.27541
2003,12,18,12/18/2003,0.27297,6.0,2003-12-18,0.27155,0.27063,0.26941,0.26907,0.2688,0.26867,0.26863,0.27728
2003,12,19,12/19/2003,0.27458,6.0,2003-12-19,0.27297,0.27155,0.27063,0.26941,0.26907,0.2688,0.26867,0.278
2003,12,20,12/20/2003,0.27509,6.0,2003-12-20,0.27458,0.27297,0.27155,0.27063,0.26941,0.26907,0.2688,0.27893
2003,12,21,12/21/2003,0.27637,6.0,2003-12-21,0.27509,0.27458,0.27297,0.27155,0.27063,0.26941,0.26907,0.2795
2003,12,22,12/22/2003,0.2771,6.0,2003-12-22,0.27637,0.27509,0.27458,0.27297,0.27155,0.27063,0.26941,0.28006
2003,12,23,12/23/2003,-999.0,0.0,2003-12-23,0.2771,0.27637,0.27509,0.27458,0.27297,0.27155,0.27063,0.27987
2003,12,24,12/24/2003,-999.0,0.0,2003-12-24,-999.0,0.2771,0.27637,0.27509,0.27458,0.27297,0.27155,0.27954
2003,12,25,12/25/2003,0.27812,6.0,2003-12-25,-999.0,-999.0,0.2771,0.27637,0.27509,0.27458,0.27297,0.27967
2003,12,26,12/26/2003,-999.0,0.0,2003-12-26,0.27812,-999.0,-999.0,0.2771,0.27637,0.27509,0.27458,0.2796
2003,12,27,12/27/2003,0.27705,6.0,2003-12-27,-999.0,0.27812,-999.0,-999.0,0.2771,0.27637,0.27509,0.27863
2003,12,28,12/28/2003,0.27558,6.0,2003-12-28,0.27705,-999.0,0.27812,-999.0,-999.0,0.2771,0.27637,0.27773
2003,12,29,12/29/2003,0.27408,6.0,2003-12-29,0.27558,0.27705,-999.0,0.27812,-999.0,-999.0,0.2771,0.27643
2003,12,30,12/30/2003,0.27285,6.0,2003-12-30,0.27408,0.27558,0.27705,-999.0,0.27812,-999.0,-999.0,0.27502
2003,12,31,12/31/2003,0.27174,6.0,2003-12-31,0.27285,0.27408,0.27558,0.27705,-999.0,0.27812,-999.0,0.27402
2004,1,1,1/01/2004,0.27105,6.0,2004-01-01,0.27174,0.27285,0.27408,0.27558,0.27705,-999.0,0.27812,0.27296
2004,1,2,1/02/2004,0.27048,6.0,2004-01-02,0.27105,0.27174,0.27285,0.27408,0.27558,0.27705,-999.0,0.27168
2004,1,3,1/03/2004,0.27043,6.0,2004-01-03,0.27048,0.27105,0.27174,0.27285,0.27408,0.27558,0.27705,0.27044
2004,1,4,1/04/2004,0.27043,6.0,2004-01-04,0.27043,0.27048,0.27105,0.27174,0.27285,0.27408,0.27558,0.26994
2004,1,5,1/05/2004,-999.0,0.0,2004-01-05,0.27043,0.27043,0.27048,0.27105,0.27174,0.27285,0.27408,0.26913
2004,1,6,1/06/2004,0.27028,6.0,2004-01-06,-999.0,0.27043,0.27043,0.27048,0.27105,0.27174,0.27285,0.26876
2004,1,7,1/07/2004,0.27046,6.0,2004-01-07,0.27028,-999.0,0.27043,0.27043,0.27048,0.27105,0.27174,0.26863
2004,1,8,1/08/2004,-999.0,0.0,2004-01-08,0.27046,0.27028,-999.0,0.27043,0.27043,0.27048,0.27105,0.26867
2004,1,9,1/09/2004,0.2711,6.0,2004-01-09,-999.0,0.27046,0.27028,-999.0,0.27043,0.27043,0.27048,0.2688
2004,1,10,1/10/2004,0.27033,6.0,2004-01-10,0.2711,-999.0,0.27046,0.27028,-999.0,0.27043,0.27043,0.26907
2004,1,11,1/11/2004,0.27011,6.0,2004-01-11,0.27033,0.2711,-999.0,0.27046,0.27028,-999.0,0.27043,0.26941
2004,1,12,1/12/2004,0.27012,6.0,2004-01-12,0.27011,0.27033,0.2711,-999.0,0.27046,0.27028,-999.0,0.27063
2004,1,13,1/13/2004,-999.0,0.0,2004-01-13,0.27012,0.27011,0.27033,0.2711,-999.0,0.27046,0.27028,0.27155
2004,1,14,1/14/2004,0.27161,6.0,2004-01-14,-999.0,0.27012,0.27011,0.27033,0.2711,-999.0,0.27046,0.27297
2004,1,15,1/15/2004,0.2725,6.0,2004-01-15,0.27161,-999.0,0.27012,0.27011,0.27033,0.2711,-999.0,0.27458
2004,1,16,1/16/2004,-999.0,0.0,2004-01-16,0.2725,0.27161,-999.0,0.27012,0.27011,0.27033,0.2711,0.27509
2004,1,17,1/17/2004,0.27496,6.0,2004-01-17,-999.0,0.2725,0.27161,-999.0,0.27012,0.27011,0.27033,0.27637
2004,1,18,1/18/2004,0.2756,6.0,2004-01-18,0.27496,-999.0,0.2725,0.27161,-999.0,0.27012,0.27011,0.2771
2004,1,19,1/19/2004,0.27619,6.0,2004-01-19,0.2756,0.27496,-999.0,0.2725,0.27161,-999.0,0.27012,-999.0
2004,1,20,1/20/2004,0.27698,6.0,2004-01-20,0.27619,0.2756,0.27496,-999.0,0.2725,0.27161,-999.0,-999.0
2004,1,21,1/21/2004,0.27715,6.0,2004-01-21,0.27698,0.27619,0.2756,0.27496,-999.0,0.2725,0.27161,0.27812
2004,1,22,1/22/2004,0.27669,6.0,2004-01-22,0.27715,0.27698,0.27619,0.2756,0.27496,-999.0,0.2725,-999.0
2004,1,23,1/23/2004,0.2757,6.0,2004-01-23,0.27669,0.27715,0.27698,0.27619,0.2756,0.27496,-999.0,0.27705
2004,1,24,1/24/2004,0.27488,6.0,2004-01-24,0.2757,0.27669,0.27715,0.27698,0.27619,0.2756,0.27496,0.27558
2004,1,25,1/25/2004,0.27323,6.0,2004-01-25,0.27488,0.2757,0.27669,0.27715,0.27698,0.27619,0.2756,0.27408
2004,1,26,1/26/2004,0.27182,6.0,2004-01-26,0.27323,0.27488,0.2757,0.27669,0.27715,0.27698,0.27619,0.27285
2004,1,27,1/27/2004,0.27023,6.0,2004-01-27,0.27182,0.27323,0.27488,0.2757,0.27669,0.27715,0.27698,0.27174
2004,1,28,1/28/2004,0.26939,6.0,2004-01-28,0.27023,0.27182,0.27323,0.27488,0.2757,0.27669,0.27715,0.27105
2004,1,29,1/29/2004,0.26908,6.0,2004-01-29,0.26939,0.27023,0.27182,0.27323,0.27488,0.2757,0.27669,0.27048
2004,1,30,1/30/2004,0.26914,6.0,2004-01-30,0.26908,0.26939,0.27023,0.27182,0.27323,0.27488,0.2757,0.27043
2004,1,31,1/31/2004,0.2695,6.0,2004-01-31,0.26914,0.26908,0.26939,0.27023,0.27182,0.27323,0.27488,0.27043
2004,2,1,2/01/2004,0.26949,6.0,2004-02-01,0.2695,0.26914,0.26908,0.26939,0.27023,0.27182,0.27323,-999.0
2004,2,2,2/02/2004,0.26992,6.0,2004-02-02,0.26949,0.2695,0.26914,0.26908,0.26939,0.27023,0.27182,0.27028
2004,2,3,2/03/2004,0.27054,6.0,2004-02-03,0.26992,0.26949,0.2695,0.26914,0.26908,0.26939,0.27023,0.27046
2004,2,4,2/04/2004,0.27089,6.0,2004-02-04,0.27054,0.26992,0.26949,0.2695,0.26914,0.26908,0.26939,-999.0
2004,2,5,2/05/2004,0.27105,6.0,2004-02-05,0.27089,0.27054,0.26992,0.26949,0.2695,0.26914,0.26908,0.2711
2004,2,6,2/06/2004,0.27125,6.0,2004-02-06,0.27105,0.27089,0.27054,0.26992,0.26949,0.2695,0.26914,0.27033
2004,2,7,2/07/2004,0.27098,6.0,2004-02-07,0.27125,0.27105,0.27089,0.27054,0.26992,0.26949,0.2695,0.27011
2004,2,8,2/08/2004,0.27127,6.0,2004-02-08,0.27098,0.27125,0.27105,0.27089,0.27054,0.26992,0.26949,0.27012
2004,2,9,2/09/2004,0.27153,6.0,2004-02-09,0.27127,0.27098,0.27125,0.27105,0.27089,0.27054,0.26992,-999.0
2004,2,10,2/10/2004,0.27186,6.0,2004-02-10,0.27153,0.27127,0.27098,0.27125,0.27105,0.27089,0.27054,0.27161
2004,2,11,2/11/2004,0.27253,6.0,2004-02-11,0.27186,0.27153,0.27127,0.27098,0.27125,0.27105,0.27089,0.2725
2004,2,12,2/12/2004,0.27296,6.0,2004-02-12,0.27253,0.27186,0.27153,0.27127,0.27098,0.27125,0.27105,-999.0
2004,2,13,2/13/2004,0.2734,6.0,2004-02-13,0.27296,0.27253,0.27186,0.27153,0.27127,0.27098,0.27125,0.27496
2004,2,14,2/14/2004,0.27349,6.0,2004-02-14,0.2734,0.27296,0.27253,0.27186,0.27153,0.27127,0.27098,0.2756
2004,2,15,2/15/2004,0.27402,6.0,2004-02-15,0.27349,0.2734,0.27296,0.27253,0.27186,0.27153,0.27127,0.27619
2004,2,16,2/16/2004,0.27407,6.0,2004-02-16,0.27402,0.27349,0.2734,0.27296,0.27253,0.27186,0.27153,0.27698
2004,2,17,2/17/2004,0.2738,6.0,2004-02-17,0.27407,0.27402,0.27349,0.2734,0.27296,0.27253,0.27186,0.27715
2004,2,18,2/18/2004,0.2733,6.0,2004-02-18,0.2738,0.27407,0.27402,0.27349,0.2734,0.27296,0.27253,0.27669
2004,2,19,2/19/2004,0.27266,6.0,2004-02-19,0.2733,0.2738,0.27407,0.27402,0.27349,0.2734,0.27296,0.2757
2004,2,20,2/20/2004,0.27216,6.0,2004-02-20,0.27266,0.2733,0.2738,0.27407,0.27402,0.27349,0.2734,0.27488
2004,2,21,2/21/2004,0.27155,6.0,2004-02-21,0.27216,0.27266,0.2733,0.2738,0.27407,0.27402,0.27349,0.27323
2004,2,22,2/22/2004,0.27111,6.0,2004-02-22,0.27155,0.27216,0.27266,0.2733,0.2738,0.27407,0.27402,0.27182
2004,2,23,2/23/2004,0.27084,6.0,2004-02-23,0.27111,0.27155,0.27216,0.27266,0.2733,0.2738,0.27407,0.27023
2004,2,24,2/24/2004,0.27061,6.0,2004-02-24,0.27084,0.27111,0.27155,0.27216,0.27266,0.2733,0.2738,0.26939
2004,2,25,2/25/2004,0.27081,6.0,2004-02-25,0.27061,0.27084,0.27111,0.27155,0.27216,0.27266,0.2733,0.26908
2004,2,26,2/26/2004,0.27059,6.0,2004-02-26,0.27081,0.27061,0.27084,0.27111,0.27155,0.27216,0.27266,0.26914
2004,2,27,2/27/2004,0.27076,6.0,2004-02-27,0.27059,0.27081,0.27061,0.27084,0.27111,0.27155,0.27216,0.2695
2004,2,28,2/28/2004,0.27099,6.0,2004-02-28,0.27076,0.27059,0.27081,0.27061,0.27084,0.27111,0.27155,0.26949
2004,2,29,2/29/2004,0.27114,6.0,2004-02-29,0.27099,0.27076,0.27059,0.27081,0.27061,0.27084,0.27111,0.26992
2004,3,1,3/01/2004,0.27121,6.0,2004-03-01,0.27114,0.27099,0.27076,0.27059,0.27081,0.27061,0.27084,0.27054
2004,3,2,3/02/2004,0.2707,6.0,2004-03-02,0.27121,0.27114,0.27099,0.27076,0.27059,0.27081,0.27061,0.27089
2004,3,3,3/03/2004,0.26961,6.0,2004-03-03,0.2707,0.27121,0.27114,0.27099,0.27076,0.27059,0.27081,0.27105
2004,3,4,3/04/2004,0.26939,6.0,2004-03-04,0.26961,0.2707,0.27121,0.27114,0.27099,0.27076,0.27059,0.27125
2004,3,5,3/05/2004,0.26949,6.0,2004-03-05,0.26939,0.26961,0.2707,0.27121,0.27114,0.27099,0.27076,0.27098
2004,3,6,3/06/2004,0.2698,6.0,2004-03-06,0.26949,0.26939,0.26961,0.2707,0.27121,0.27114,0.27099,0.27127
2004,3,7,3/07/2004,0.27025,6.0,2004-03-07,0.2698,0.26949,0.26939,0.26961,0.2707,0.27121,0.27114,0.27153
2004,3,8,3/08/2004,0.27067,6.0,2004-03-08,0.27025,0.2698,0.26949,0.26939,0.26961,0.2707,0.27121,0.27186
2004,3,9,3/09/2004,0.27095,6.0,2004-03-09,0.27067,0.27025,0.2698,0.26949,0.26939,0.26961,0.2707,0.27253
2004,3,10,3/10/2004,0.27121,6.0,2004-03-10,0.27095,0.27067,0.27025,0.2698,0.26949,0.26939,0.26961,0.27296
2004,3,11,3/11/2004,0.27149,6.0,2004-03-11,0.27121,0.27095,0.27067,0.27025,0.2698,0.26949,0.26939,0.2734
2004,3,12,3/12/2004,0.27214,6.0,2004-03-12,0.27149,0.27121,0.27095,0.27067,0.27025,0.2698,0.26949,0.27349
2004,3,13,3/13/2004,0.2727,6.0,2004-03-13,0.27214,0.27149,0.27121,0.27095,0.27067,0.27025,0.2698,0.27402
2004,3,14,3/14/2004,0.273,6.0,2004-03-14,0.2727,0.27214,0.27149,0.27121,0.27095,0.27067,0.27025,0.27407
2004,3,15,3/15/2004,0.27274,6.0,2004-03-15,0.273,0.2727,0.27214,0.27149,0.27121,0.27095,0.27067,0.2738
2004,3,16,3/16/2004,0.27251,6.0,2004-03-16,0.27274,0.273,0.2727,0.27214,0.27149,0.27121,0.27095,0.2733
2004,3,17,3/17/2004,0.2723,6.0,2004-03-17,0.27251,0.27274,0.273,0.2727,0.27214,0.27149,0.27121,0.27266
2004,3,18,3/18/2004,0.27231,6.0,2004-03-18,0.2723,0.27251,0.27274,0.273,0.2727,0.27214,0.27149,0.27216
2004,3,19,3/19/2004,0.27217,6.0,2004-03-19,0.27231,0.2723,0.27251,0.27274,0.273,0.2727,0.27214,0.27155
2004,3,20,3/20/2004,0.27213,6.0,2004-03-20,0.27217,0.27231,0.2723,0.27251,0.27274,0.273,0.2727,0.27111
2004,3,21,3/21/2004,0.27271,6.0,2004-03-21,0.27213,0.27217,0.27231,0.2723,0.27251,0.27274,0.273,0.27084
2004,3,22,3/22/2004,0.27279,6.0,2004-03-22,0.27271,0.27213,0.27217,0.27231,0.2723,0.27251,0.27274,0.27061
2004,3,23,3/23/2004,0.27288,6.0,2004-03-23,0.27279,0.27271,0.27213,0.27217,0.27231,0.2723,0.27251,0.27081
2004,3,24,3/24/2004,0.27306,6.0,2004-03-24,0.27288,0.27279,0.27271,0.27213,0.27217,0.27231,0.2723,0.27059
2004,3,25,3/25/2004,0.27362,6.0,2004-03-25,0.27306,0.27288,0.27279,0.27271,0.27213,0.27217,0.27231,0.27076
2004,3,26,3/26/2004,0.27376,6.0,2004-03-26,0.27362,0.27306,0.27288,0.27279,0.27271,0.27213,0.27217,0.27099
2004,3,27,3/27/2004,0.27405,6.0,2004-03-27,0.27376,0.27362,0.27306,0.27288,0.27279,0.27271,0.27213,0.27114
2004,3,28,3/28/2004,0.27375,6.0,2004-03-28,0.27405,0.27376,0.27362,0.27306,0.27288,0.27279,0.27271,0.27121
2004,3,29,3/29/2004,0.27323,6.0,2004-03-29,0.27375,0.27405,0.27376,0.27362,0.27306,0.27288,0.27279,0.2707
2004,3,30,3/30/2004,0.27274,6.0,2004-03-30,0.27323,0.27375,0.27405,0.27376,0.27362,0.27306,0.27288,0.26961
2004,3,31,3/31/2004,0.27234,6.0,2004-03-31,0.27274,0.27323,0.27375,0.27405,0.27376,0.27362,0.27306,0.26939
2004,4,1,4/01/2004,0.27173,6.0,2004-04-01,0.27234,0.27274,0.27323,0.27375,0.27405,0.27376,0.27362,0.26949
2004,4,2,4/02/2004,0.27157,6.0,2004-04-02,0.27173,0.27234,0.27274,0.27323,0.27375,0.27405,0.27376,0.2698
2004,4,3,4/03/2004,0.27158,6.0,2004-04-03,0.27157,0.27173,0.27234,0.27274,0.27323,0.27375,0.27405,0.27025
2004,4,4,4/04/2004,0.27178,6.0,2004-04-04,0.27158,0.27157,0.27173,0.27234,0.27274,0.27323,0.27375,0.27067
2004,4,5,4/05/2004,0.27225,6.0,2004-04-05,0.27178,0.27158,0.27157,0.27173,0.27234,0.27274,0.27323,0.27095
2004,4,6,4/06/2004,0.27214,6.0,2004-04-06,0.27225,0.27178,0.27158,0.27157,0.27173,0.27234,0.27274,0.27121
2004,4,7,4/07/2004,0.27192,6.0,2004-04-07,0.27214,0.27225,0.27178,0.27158,0.27157,0.27173,0.27234,0.27149
2004,4,8,4/08/2004,0.27187,6.0,2004-04-08,0.27192,0.27214,0.27225,0.27178,0.27158,0.27157,0.27173,0.27214
2004,4,9,4/09/2004,0.27141,6.0,2004-04-09,0.27187,0.27192,0.27214,0.27225,0.27178,0.27158,0.27157,0.2727
2004,4,10,4/10/2004,0.27071,6.0,2004-04-10,0.27141,0.27187,0.27192,0.27214,0.27225,0.27178,0.27158,0.273
2004,4,11,4/11/2004,0.27053,6.0,2004-04-11,0.27071,0.27141,0.27187,0.27192,0.27214,0.27225,0.27178,0.27274
2004,4,12,4/12/2004,0.27083,6.0,2004-04-12,0.27053,0.27071,0.27141,0.27187,0.27192,0.27214,0.27225,0.27251
2004,4,13,4/13/2004,0.27101,6.0,2004-04-13,0.27083,0.27053,0.27071,0.27141,0.27187,0.27192,0.27214,0.2723
2004,4,14,4/14/2004,0.27088,6.0,2004-04-14,0.27101,0.27083,0.27053,0.27071,0.27141,0.27187,0.27192,0.27231
2004,4,15,4/15/2004,0.27103,6.0,2004-04-15,0.27088,0.27101,0.27083,0.27053,0.27071,0.27141,0.27187,0.27217
2004,4,16,4/16/2004,0.27124,6.0,2004-04-16,0.27103,0.27088,0.27101,0.27083,0.27053,0.27071,0.27141,0.27213
2004,4,17,4/17/2004,0.27153,6.0,2004-04-17,0.27124,0.27103,0.27088,0.27101,0.27083,0.27053,0.27071,0.27271
2004,4,18,4/18/2004,0.27214,6.0,2004-04-18,0.27153,0.27124,0.27103,0.27088,0.27101,0.27083,0.27053,0.27279
2004,4,19,4/19/2004,0.27271,6.0,2004-04-19,0.27214,0.27153,0.27124,0.27103,0.27088,0.27101,0.27083,0.27288
2004,4,20,4/20/2004,0.2732,6.0,2004-04-20,0.27271,0.27214,0.27153,0.27124,0.27103,0.27088,0.27101,0.27306
2004,4,21,4/21/2004,0.27331,6.0,2004-04-21,0.2732,0.27271,0.27214,0.27153,0.27124,0.27103,0.27088,0.27362
2004,4,22,4/22/2004,0.27336,6.0,2004-04-22,0.27331,0.2732,0.27271,0.27214,0.27153,0.27124,0.27103,0.27376
2004,4,23,4/23/2004,0.27348,6.0,2004-04-23,0.27336,0.27331,0.2732,0.27271,0.27214,0.27153,0.27124,0.27405
2004,4,24,4/24/2004,0.27257,6.0,2004-04-24,0.27348,0.27336,0.27331,0.2732,0.27271,0.27214,0.27153,0.27375
2004,4,25,4/25/2004,0.27219,6.0,2004-04-25,0.27257,0.27348,0.27336,0.27331,0.2732,0.27271,0.27214,0.27323
2004,4,26,4/26/2004,0.27163,6.0,2004-04-26,0.27219,0.27257,0.27348,0.27336,0.27331,0.2732,0.27271,0.27274
2004,4,27,4/27/2004,0.27119,6.0,2004-04-27,0.27163,0.27219,0.27257,0.27348,0.27336,0.27331,0.2732,0.27234
2004,4,28,4/28/2004,0.27069,6.0,2004-04-28,0.27119,0.27163,0.27219,0.27257,0.27348,0.27336,0.27331,0.27173
2004,4,29,4/29/2004,0.27005,6.0,2004-04-29,0.27069,0.27119,0.27163,0.27219,0.27257,0.27348,0.27336,0.27157
2004,4,30,4/30/2004,0.27017,6.0,2004-04-30,0.27005,0.27069,0.27119,0.27163,0.27219,0.27257,0.27348,0.27158
2004,5,1,5/01/2004,0.27057,6.0,2004-05-01,0.27017,0.27005,0.27069,0.27119,0.27163,0.27219,0.27257,0.27178
2004,5,2,5/02/2004,0.2708,6.0,2004-05-02,0.27057,0.27017,0.27005,0.27069,0.27119,0.27163,0.27219,0.27225
2004,5,3,5/03/2004,0.27088,6.0,2004-05-03,0.2708,0.27057,0.27017,0.27005,0.27069,0.27119,0.27163,0.27214
2004,5,4,5/04/2004,0.27074,6.0,2004-05-04,0.27088,0.2708,0.27057,0.27017,0.27005,0.27069,0.27119,0.27192
2004,5,5,5/05/2004,0.27049,6.0,2004-05-05,0.27074,0.27088,0.2708,0.27057,0.27017,0.27005,0.27069,0.27187
2004,5,6,5/06/2004,0.27006,6.0,2004-05-06,0.27049,0.27074,0.27088,0.2708,0.27057,0.27017,0.27005,0.27141
2004,5,7,5/07/2004,0.26999,6.0,2004-05-07,0.27006,0.27049,0.27074,0.27088,0.2708,0.27057,0.27017,0.27071
2004,5,8,5/08/2004,0.26995,6.0,2004-05-08,0.26999,0.27006,0.27049,0.27074,0.27088,0.2708,0.27057,0.27053
2004,5,9,5/09/2004,0.27019,6.0,2004-05-09,0.26995,0.26999,0.27006,0.27049,0.27074,0.27088,0.2708,0.27083
2004,5,10,5/10/2004,0.27058,6.0,2004-05-10,0.27019,0.26995,0.26999,0.27006,0.27049,0.27074,0.27088,0.27101
2004,5,11,5/11/2004,0.27087,6.0,2004-05-11,0.27058,0.27019,0.26995,0.26999,0.27006,0.27049,0.27074,0.27088
2004,5,12,5/12/2004,0.27077,6.0,2004-05-12,0.27087,0.27058,0.27019,0.26995,0.26999,0.27006,0.27049,0.27103
2004,5,13,5/13/2004,0.27138,6.0,2004-05-13,0.27077,0.27087,0.27058,0.27019,0.26995,0.26999,0.27006,0.27124
2004,5,14,5/14/2004,0.27151,6.0,2004-05-14,0.27138,0.27077,0.27087,0.27058,0.27019,0.26995,0.26999,0.27153
2004,5,15,5/15/2004,0.27203,6.0,2004-05-15,0.27151,0.27138,0.27077,0.27087,0.27058,0.27019,0.26995,0.27214
2004,5,16,5/16/2004,0.27214,6.0,2004-05-16,0.27203,0.27151,0.27138,0.27077,0.27087,0.27058,0.27019,0.27271
2004,5,17,5/17/2004,0.27226,6.0,2004-05-17,0.27214,0.27203,0.27151,0.27138,0.27077,0.27087,0.27058,0.2732
2004,5,18,5/18/2004,0.27217,6.0,2004-05-18,0.27226,0.27214,0.27203,0.27151,0.27138,0.27077,0.27087,0.27331
2004,5,19,5/19/2004,0.27215,6.0,2004-05-19,0.27217,0.27226,0.27214,0.27203,0.27151,0.27138,0.27077,0.27336
2004,5,20,5/20/2004,0.27191,6.0,2004-05-20,0.27215,0.27217,0.27226,0.27214,0.27203,0.27151,0.27138,0.27348
2004,5,21,5/21/2004,0.27173,6.0,2004-05-21,0.27191,0.27215,0.27217,0.27226,0.27214,0.27203,0.27151,0.27257
2004,5,22,5/22/2004,0.27177,6.0,2004-05-22,0.27173,0.27191,0.27215,0.27217,0.27226,0.27214,0.27203,0.27219
2004,5,23,5/23/2004,0.27158,6.0,2004-05-23,0.27177,0.27173,0.27191,0.27215,0.27217,0.27226,0.27214,0.27163
2004,5,24,5/24/2004,0.27177,6.0,2004-05-24,0.27158,0.27177,0.27173,0.27191,0.27215,0.27217,0.27226,0.27119
2004,5,25,5/25/2004,0.27176,6.0,2004-05-25,0.27177,0.27158,0.27177,0.27173,0.27191,0.27215,0.27217,0.27069
2004,5,26,5/26/2004,0.2713,6.0,2004-05-26,0.27176,0.27177,0.27158,0.27177,0.27173,0.27191,0.27215,0.27005
2004,5,27,5/27/2004,0.27132,6.0,2004-05-27,0.2713,0.27176,0.27177,0.27158,0.27177,0.27173,0.27191,0.27017
2004,5,28,5/28/2004,0.27082,6.0,2004-05-28,0.27132,0.2713,0.27176,0.27177,0.27158,0.27177,0.27173,0.27057
2004,5,29,5/29/2004,0.27067,6.0,2004-05-29,0.27082,0.27132,0.2713,0.27176,0.27177,0.27158,0.27177,0.2708
2004,5,30,5/30/2004,0.27058,6.0,2004-05-30,0.27067,0.27082,0.27132,0.2713,0.27176,0.27177,0.27158,0.27088
2004,5,31,5/31/2004,0.27046,6.0,2004-05-31,0.27058,0.27067,0.27082,0.27132,0.2713,0.27176,0.27177,0.27074
2004,6,1,6/01/2004,0.27011,6.0,2004-06-01,0.27046,0.27058,0.27067,0.27082,0.27132,0.2713,0.27176,0.27049
2004,6,2,6/02/2004,0.2704,6.0,2004-06-02,0.27011,0.27046,0.27058,0.27067,0.27082,0.27132,0.2713,0.27006
2004,6,3,6/03/2004,0.27046,6.0,2004-06-03,0.2704,0.27011,0.27046,0.27058,0.27067,0.27082,0.27132,0.26999
2004,6,4,6/04/2004,0.27056,6.0,2004-06-04,0.27046,0.2704,0.27011,0.27046,0.27058,0.27067,0.27082,0.26995
2004,6,5,6/05/2004,0.27089,6.0,2004-06-05,0.27056,0.27046,0.2704,0.27011,0.27046,0.27058,0.27067,0.27019
2004,6,6,6/06/2004,0.2708,6.0,2004-06-06,0.27089,0.27056,0.27046,0.2704,0.27011,0.27046,0.27058,0.27058
2004,6,7,6/07/2004,0.27097,6.0,2004-06-07,0.2708,0.27089,0.27056,0.27046,0.2704,0.27011,0.27046,0.27087
2004,6,8,6/08/2004,0.27072,6.0,2004-06-08,0.27097,0.2708,0.27089,0.27056,0.27046,0.2704,0.27011,0.27077
2004,6,9,6/09/2004,0.26999,6.0,2004-06-09,0.27072,0.27097,0.2708,0.27089,0.27056,0.27046,0.2704,0.27138
2004,6,10,6/10/2004,0.26978,6.0,2004-06-10,0.26999,0.27072,0.27097,0.2708,0.27089,0.27056,0.27046,0.27151
2004,6,11,6/11/2004,0.26947,6.0,2004-06-11,0.26978,0.26999,0.27072,0.27097,0.2708,0.27089,0.27056,0.27203
2004,6,12,6/12/2004,0.26908,6.0,2004-06-12,0.26947,0.26978,0.26999,0.27072,0.27097,0.2708,0.27089,0.27214
2004,6,13,6/13/2004,0.26905,6.0,2004-06-13,0.26908,0.26947,0.26978,0.26999,0.27072,0.27097,0.2708,0.27226
2004,6,14,6/14/2004,0.26957,6.0,2004-06-14,0.26905,0.26908,0.26947,0.26978,0.26999,0.27072,0.27097,0.27217
2004,6,15,6/15/2004,0.2701,6.0,2004-06-15,0.26957,0.26905,0.26908,0.26947,0.26978,0.26999,0.27072,0.27215
2004,6,16,6/16/2004,0.27114,6.0,2004-06-16,0.2701,0.26957,0.26905,0.26908,0.26947,0.26978,0.26999,0.27191
2004,6,17,6/17/2004,0.27176,6.0,2004-06-17,0.27114,0.2701,0.26957,0.26905,0.26908,0.26947,0.26978,0.27173
2004,6,18,6/18/2004,0.27208,6.0,2004-06-18,0.27176,0.27114,0.2701,0.26957,0.26905,0.26908,0.26947,0.27177
2004,6,19,6/19/2004,0.27196,6.0,2004-06-19,0.27208,0.27176,0.27114,0.2701,0.26957,0.26905,0.26908,0.27158
2004,6,20,6/20/2004,0.27242,6.0,2004-06-20,0.27196,0.27208,0.27176,0.27114,0.2701,0.26957,0.26905,0.27177
2004,6,21,6/21/2004,0.27282,6.0,2004-06-21,0.27242,0.27196,0.27208,0.27176,0.27114,0.2701,0.26957,0.27176
2004,6,22,6/22/2004,0.27252,6.0,2004-06-22,0.27282,0.27242,0.27196,0.27208,0.27176,0.27114,0.2701,0.2713
2004,6,23,6/23/2004,0.2728,6.0,2004-06-23,0.27252,0.27282,0.27242,0.27196,0.27208,0.27176,0.27114,0.27132
2004,6,24,6/24/2004,0.27258,6.0,2004-06-24,0.2728,0.27252,0.27282,0.27242,0.27196,0.27208,0.27176,0.27082
2004,6,25,6/25/2004,0.27198,6.0,2004-06-25,0.27258,0.2728,0.27252,0.27282,0.27242,0.27196,0.27208,0.27067
2004,6,26,6/26/2004,0.27135,6.0,2004-06-26,0.27198,0.27258,0.2728,0.27252,0.27282,0.27242,0.27196,0.27058
2004,6,27,6/27/2004,0.27049,6.0,2004-06-27,0.27135,0.27198,0.27258,0.2728,0.27252,0.27282,0.27242,0.27046
2004,6,28,6/28/2004,0.2703,6.0,2004-06-28,0.27049,0.27135,0.27198,0.27258,0.2728,0.27252,0.27282,0.27011
2004,6,29,6/29/2004,0.26998,6.0,2004-06-29,0.2703,0.27049,0.27135,0.27198,0.27258,0.2728,0.27252,0.2704
2004,6,30,6/30/2004,0.26997,6.0,2004-06-30,0.26998,0.2703,0.27049,0.27135,0.27198,0.27258,0.2728,0.27046
2004,7,1,7/01/2004,0.26974,6.0,2004-07-01,0.26997,0.26998,0.2703,0.27049,0.27135,0.27198,0.27258,0.27056
2004,7,2,7/02/2004,0.26965,6.0,2004-07-02,0.26974,0.26997,0.26998,0.2703,0.27049,0.27135,0.27198,0.27089
2004,7,3,7/03/2004,0.26945,6.0,2004-07-03,0.26965,0.26974,0.26997,0.26998,0.2703,0.27049,0.27135,0.2708
2004,7,4,7/04/2004,0.26963,6.0,2004-07-04,0.26945,0.26965,0.26974,0.26997,0.26998,0.2703,0.27049,0.27097
2004,7,5,7/05/2004,0.26947,6.0,2004-07-05,0.26963,0.26945,0.26965,0.26974,0.26997,0.26998,0.2703,0.27072
2004,7,6,7/06/2004,0.26885,6.0,2004-07-06,0.26947,0.26963,0.26945,0.26965,0.26974,0.26997,0.26998,0.26999
2004,7,7,7/07/2004,0.26857,6.0,2004-07-07,0.26885,0.26947,0.26963,0.26945,0.26965,0.26974,0.26997,0.26978
2004,7,8,7/08/2004,0.26841,6.0,2004-07-08,0.26857,0.26885,0.26947,0.26963,0.26945,0.26965,0.26974,0.26947
2004,7,9,7/09/2004,0.2686,6.0,2004-07-09,0.26841,0.26857,0.26885,0.26947,0.26963,0.26945,0.26965,0.26908
2004,7,10,7/10/2004,0.26832,6.0,2004-07-10,0.2686,0.26841,0.26857,0.26885,0.26947,0.26963,0.26945,0.26905
2004,7,11,7/11/2004,0.26903,6.0,2004-07-11,0.26832,0.2686,0.26841,0.26857,0.26885,0.26947,0.26963,0.26957
2004,7,12,7/12/2004,0.27062,6.0,2004-07-12,0.26903,0.26832,0.2686,0.26841,0.26857,0.26885,0.26947,0.2701
2004,7,13,7/13/2004,0.27259,6.0,2004-07-13,0.27062,0.26903,0.26832,0.2686,0.26841,0.26857,0.26885,0.27114
2004,7,14,7/14/2004,0.27362,6.0,2004-07-14,0.27259,0.27062,0.26903,0.26832,0.2686,0.26841,0.26857,0.27176
2004,7,15,7/15/2004,0.27446,6.0,2004-07-15,0.27362,0.27259,0.27062,0.26903,0.26832,0.2686,0.26841,0.27208
2004,7,16,7/16/2004,0.27449,6.0,2004-07-16,0.27446,0.27362,0.27259,0.27062,0.26903,0.26832,0.2686,0.27196
2004,7,17,7/17/2004,0.2746,6.0,2004-07-17,0.27449,0.27446,0.27362,0.27259,0.27062,0.26903,0.26832,0.27242
2004,7,18,7/18/2004,0.2752,6.0,2004-07-18,0.2746,0.27449,0.27446,0.27362,0.27259,0.27062,0.26903,0.27282
2004,7,19,7/19/2004,0.2761,6.0,2004-07-19,0.2752,0.2746,0.27449,0.27446,0.27362,0.27259,0.27062,0.27252
2004,7,20,7/20/2004,0.27613,6.0,2004-07-20,0.2761,0.2752,0.2746,0.27449,0.27446,0.27362,0.27259,0.2728
2004,7,21,7/21/2004,0.276,6.0,2004-07-21,0.27613,0.2761,0.2752,0.2746,0.27449,0.27446,0.27362,0.27258
2004,7,22,7/22/2004,0.27557,6.0,2004-07-22,0.276,0.27613,0.2761,0.2752,0.2746,0.27449,0.27446,0.27198
2004,7,23,7/23/2004,0.27468,6.0,2004-07-23,0.27557,0.276,0.27613,0.2761,0.2752,0.2746,0.27449,0.27135
2004,7,24,7/24/2004,0.27327,6.0,2004-07-24,0.27468,0.27557,0.276,0.27613,0.2761,0.2752,0.2746,0.27049
2004,7,25,7/25/2004,0.27265,6.0,2004-07-25,0.27327,0.27468,0.27557,0.276,0.27613,0.2761,0.2752,0.2703
2004,7,26,7/26/2004,0.27193,6.0,2004-07-26,0.27265,0.27327,0.27468,0.27557,0.276,0.27613,0.2761,0.26998
2004,7,27,7/27/2004,0.27121,6.0,2004-07-27,0.27193,0.27265,0.27327,0.27468,0.27557,0.276,0.27613,0.26997
2004,7,28,7/28/2004,0.27006,6.0,2004-07-28,0.27121,0.27193,0.27265,0.27327,0.27468,0.27557,0.276,0.26974
2004,7,29,7/29/2004,0.26922,6.0,2004-07-29,0.27006,0.27121,0.27193,0.27265,0.27327,0.27468,0.27557,0.26965
2004,7,30,7/30/2004,0.26813,6.0,2004-07-30,0.26922,0.27006,0.27121,0.27193,0.27265,0.27327,0.27468,0.26945
2004,7,31,7/31/2004,0.26811,6.0,2004-07-31,0.26813,0.26922,0.27006,0.27121,0.27193,0.27265,0.27327,0.26963
2004,8,1,8/01/2004,0.26864,6.0,2004-08-01,0.26811,0.26813,0.26922,0.27006,0.27121,0.27193,0.27265,0.26947
2004,8,2,8/02/2004,0.26877,6.0,2004-08-02,0.26864,0.26811,0.26813,0.26922,0.27006,0.27121,0.27193,0.26885
2004,8,3,8/03/2004,0.26889,6.0,2004-08-03,0.26877,0.26864,0.26811,0.26813,0.26922,0.27006,0.27121,0.26857
2004,8,4,8/04/2004,0.26927,6.0,2004-08-04,0.26889,0.26877,0.26864,0.26811,0.26813,0.26922,0.27006,0.26841
2004,8,5,8/05/2004,0.26909,6.0,2004-08-05,0.26927,0.26889,0.26877,0.26864,0.26811,0.26813,0.26922,0.2686
2004,8,6,8/06/2004,0.26923,6.0,2004-08-06,0.26909,0.26927,0.26889,0.26877,0.26864,0.26811,0.26813,0.26832
2004,8,7,8/07/2004,0.27013,6.0,2004-08-07,0.26923,0.26909,0.26927,0.26889,0.26877,0.26864,0.26811,0.26903
2004,8,8,8/08/2004,0.27027,6.0,2004-08-08,0.27013,0.26923,0.26909,0.26927,0.26889,0.26877,0.26864,0.27062
2004,8,9,8/09/2004,0.27112,6.0,2004-08-09,0.27027,0.27013,0.26923,0.26909,0.26927,0.26889,0.26877,0.27259
2004,8,10,8/10/2004,0.27176,6.0,2004-08-10,0.27112,0.27027,0.27013,0.26923,0.26909,0.26927,0.26889,0.27362
2004,8,11,8/11/2004,0.27241,6.0,2004-08-11,0.27176,0.27112,0.27027,0.27013,0.26923,0.26909,0.26927,0.27446
2004,8,12,8/12/2004,0.27299,6.0,2004-08-12,0.27241,0.27176,0.27112,0.27027,0.27013,0.26923,0.26909,0.27449
2004,8,13,8/13/2004,0.27394,6.0,2004-08-13,0.27299,0.27241,0.27176,0.27112,0.27027,0.27013,0.26923,0.2746
2004,8,14,8/14/2004,0.27463,6.0,2004-08-14,0.27394,0.27299,0.27241,0.27176,0.27112,0.27027,0.27013,0.2752
2004,8,15,8/15/2004,0.27516,6.0,2004-08-15,0.27463,0.27394,0.27299,0.27241,0.27176,0.27112,0.27027,0.2761
2004,8,16,8/16/2004,0.27499,6.0,2004-08-16,0.27516,0.27463,0.27394,0.27299,0.27241,0.27176,0.27112,0.27613
2004,8,17,8/17/2004,0.27472,6.0,2004-08-17,0.27499,0.27516,0.27463,0.27394,0.27299,0.27241,0.27176,0.276
2004,8,18,8/18/2004,0.27369,6.0,2004-08-18,0.27472,0.27499,0.27516,0.27463,0.27394,0.27299,0.27241,0.27557
2004,8,19,8/19/2004,0.27283,6.0,2004-08-19,0.27369,0.27472,0.27499,0.27516,0.27463,0.27394,0.27299,0.27468
2004,8,20,8/20/2004,0.27261,6.0,2004-08-20,0.27283,0.27369,0.27472,0.27499,0.27516,0.27463,0.27394,0.27327
2004,8,21,8/21/2004,0.27256,6.0,2004-08-21,0.27261,0.27283,0.27369,0.27472,0.27499,0.27516,0.27463,0.27265
2004,8,22,8/22/2004,0.27255,6.0,2004-08-22,0.27256,0.27261,0.27283,0.27369,0.27472,0.27499,0.27516,0.27193
2004,8,23,8/23/2004,0.27223,6.0,2004-08-23,0.27255,0.27256,0.27261,0.27283,0.27369,0.27472,0.27499,0.27121
2004,8,24,8/24/2004,0.27171,6.0,2004-08-24,0.27223,0.27255,0.27256,0.27261,0.27283,0.27369,0.27472,0.27006
2004,8,25,8/25/2004,0.27102,6.0,2004-08-25,0.27171,0.27223,0.27255,0.27256,0.27261,0.27283,0.27369,0.26922
2004,8,26,8/26/2004,0.27059,6.0,2004-08-26,0.27102,0.27171,0.27223,0.27255,0.27256,0.27261,0.27283,0.26813
2004,8,27,8/27/2004,0.27048,6.0,2004-08-27,0.27059,0.27102,0.27171,0.27223,0.27255,0.27256,0.27261,0.26811
2004,8,28,8/28/2004,0.27035,6.0,2004-08-28,0.27048,0.27059,0.27102,0.27171,0.27223,0.27255,0.27256,0.26864
2004,8,29,8/29/2004,0.27015,6.0,2004-08-29,0.27035,0.27048,0.27059,0.27102,0.27171,0.27223,0.27255,0.26877
2004,8,30,8/30/2004,0.27006,6.0,2004-08-30,0.27015,0.27035,0.27048,0.27059,0.27102,0.27171,0.27223,0.26889
2004,8,31,8/31/2004,0.26937,6.0,2004-08-31,0.27006,0.27015,0.27035,0.27048,0.27059,0.27102,0.27171,0.26927
2004,9,1,9/01/2004,0.26887,6.0,2004-09-01,0.26937,0.27006,0.27015,0.27035,0.27048,0.27059,0.27102,0.26909
2004,9,2,9/02/2004,0.269,6.0,2004-09-02,0.26887,0.26937,0.27006,0.27015,0.27035,0.27048,0.27059,0.26923
2004,9,3,9/03/2004,0.27007,6.0,2004-09-03,0.269,0.26887,0.26937,0.27006,0.27015,0.27035,0.27048,0.27013
2004,9,4,9/04/2004,0.27093,6.0,2004-09-04,0.27007,0.269,0.26887,0.26937,0.27006,0.27015,0.27035,0.27027
2004,9,5,9/05/2004,0.27173,6.0,2004-09-05,0.27093,0.27007,0.269,0.26887,0.26937,0.27006,0.27015,0.27112
2004,9,6,9/06/2004,0.27236,6.0,2004-09-06,0.27173,0.27093,0.27007,0.269,0.26887,0.26937,0.27006,0.27176
2004,9,7,9/07/2004,0.27284,6.0,2004-09-07,0.27236,0.27173,0.27093,0.27007,0.269,0.26887,0.26937,0.27241
2004,9,8,9/08/2004,0.27321,6.0,2004-09-08,0.27284,0.27236,0.27173,0.27093,0.27007,0.269,0.26887,0.27299
2004,9,9,9/09/2004,0.27347,6.0,2004-09-09,0.27321,0.27284,0.27236,0.27173,0.27093,0.27007,0.269,0.27394
2004,9,10,9/10/2004,0.27422,6.0,2004-09-10,0.27347,0.27321,0.27284,0.27236,0.27173,0.27093,0.27007,0.27463
2004,9,11,9/11/2004,0.27434,6.0,2004-09-11,0.27422,0.27347,0.27321,0.27284,0.27236,0.27173,0.27093,0.27516
2004,9,12,9/12/2004,0.27475,6.0,2004-09-12,0.27434,0.27422,0.27347,0.27321,0.27284,0.27236,0.27173,0.27499
2004,9,13,9/13/2004,0.27374,6.0,2004-09-13,0.27475,0.27434,0.27422,0.27347,0.27321,0.27284,0.27236,0.27472
2004,9,14,9/14/2004,0.27294,6.0,2004-09-14,0.27374,0.27475,0.27434,0.27422,0.27347,0.27321,0.27284,0.27369
2004,9,15,9/15/2004,0.27213,6.0,2004-09-15,0.27294,0.27374,0.27475,0.27434,0.27422,0.27347,0.27321,0.27283
2004,9,16,9/16/2004,0.27253,6.0,2004-09-16,0.27213,0.27294,0.27374,0.27475,0.27434,0.27422,0.27347,0.27261
2004,9,17,9/17/2004,0.27265,6.0,2004-09-17,0.27253,0.27213,0.27294,0.27374,0.27475,0.27434,0.27422,0.27256
2004,9,18,9/18/2004,0.27264,6.0,2004-09-18,0.27265,0.27253,0.27213,0.27294,0.27374,0.27475,0.27434,0.27255
2004,9,19,9/19/2004,0.27194,6.0,2004-09-19,0.27264,0.27265,0.27253,0.27213,0.27294,0.27374,0.27475,0.27223
2004,9,20,9/20/2004,0.27165,6.0,2004-09-20,0.27194,0.27264,0.27265,0.27253,0.27213,0.27294,0.27374,0.27171
2004,9,21,9/21/2004,-999.0,0.0,2004-09-21,0.27165,0.27194,0.27264,0.27265,0.27253,0.27213,0.27294,0.27102
2004,9,22,9/22/2004,-999.0,0.0,2004-09-22,-999.0,0.27165,0.27194,0.27264,0.27265,0.27253,0.27213,0.27059
2004,9,23,9/23/2004,0.26954,6.0,2004-09-23,-999.0,-999.0,0.27165,0.27194,0.27264,0.27265,0.27253,0.27048
2004,9,24,9/24/2004,0.26927,6.0,2004-09-24,0.26954,-999.0,-999.0,0.27165,0.27194,0.27264,0.27265,0.27035
2004,9,25,9/25/2004,0.2694,6.0,2004-09-25,0.26927,0.26954,-999.0,-999.0,0.27165,0.27194,0.27264,0.27015
2004,9,26,9/26/2004,0.26923,6.0,2004-09-26,0.2694,0.26927,0.26954,-999.0,-999.0,0.27165,0.27194,0.27006
2004,9,27,9/27/2004,0.2692,6.0,2004-09-27,0.26923,0.2694,0.26927,0.26954,-999.0,-999.0,0.27165,0.26937
2004,9,28,9/28/2004,0.26902,6.0,2004-09-28,0.2692,0.26923,0.2694,0.26927,0.26954,-999.0,-999.0,0.26887
2004,9,29,9/29/2004,0.26925,6.0,2004-09-29,0.26902,0.2692,0.26923,0.2694,0.26927,0.26954,-999.0,0.269
2004,9,30,9/30/2004,0.26985,6.0,2004-09-30,0.26925,0.26902,0.2692,0.26923,0.2694,0.26927,0.26954,0.27007
2004,10,1,10/01/2004,0.2707,6.0,2004-10-01,0.26985,0.26925,0.26902,0.2692,0.26923,0.2694,0.26927,0.27093
2004,10,2,10/02/2004,0.27107,6.0,2004-10-02,0.2707,0.26985,0.26925,0.26902,0.2692,0.26923,0.2694,0.27173
2004,10,3,10/03/2004,0.27132,6.0,2004-10-03,0.27107,0.2707,0.26985,0.26925,0.26902,0.2692,0.26923,0.27236
2004,10,4,10/04/2004,0.27145,6.0,2004-10-04,0.27132,0.27107,0.2707,0.26985,0.26925,0.26902,0.2692,0.27284
2004,10,5,10/05/2004,0.27144,6.0,2004-10-05,0.27145,0.27132,0.27107,0.2707,0.26985,0.26925,0.26902,0.27321
2004,10,6,10/06/2004,0.27123,6.0,2004-10-06,0.27144,0.27145,0.27132,0.27107,0.2707,0.26985,0.26925,0.27347
2004,10,7,10/07/2004,0.27165,6.0,2004-10-07,0.27123,0.27144,0.27145,0.27132,0.27107,0.2707,0.26985,0.27422
2004,10,8,10/08/2004,0.27175,6.0,2004-10-08,0.27165,0.27123,0.27144,0.27145,0.27132,0.27107,0.2707,0.27434
2004,10,9,10/09/2004,0.27131,6.0,2004-10-09,0.27175,0.27165,0.27123,0.27144,0.27145,0.27132,0.27107,0.27475
2004,10,10,10/10/2004,0.27094,6.0,2004-10-10,0.27131,0.27175,0.27165,0.27123,0.27144,0.27145,0.27132,0.27374
2004,10,11,10/11/2004,0.27043,6.0,2004-10-11,0.27094,0.27131,0.27175,0.27165,0.27123,0.27144,0.27145,0.27294
2004,10,12,10/12/2004,0.27021,6.0,2004-10-12,0.27043,0.27094,0.27131,0.27175,0.27165,0.27123,0.27144,0.27213
2004,10,13,10/13/2004,0.27031,6.0,2004-10-13,0.27021,0.27043,0.27094,0.27131,0.27175,0.27165,0.27123,0.27253
2004,10,14,10/14/2004,0.26996,6.0,2004-10-14,0.27031,0.27021,0.27043,0.27094,0.27131,0.27175,0.27165,0.27265
2004,10,15,10/15/2004,0.27046,6.0,2004-10-15,0.26996,0.27031,0.27021,0.27043,0.27094,0.27131,0.27175,0.27264
2004,10,16,10/16/2004,0.27061,6.0,2004-10-16,0.27046,0.26996,0.27031,0.27021,0.27043,0.27094,0.27131,0.27194
2004,10,17,10/17/2004,0.27067,6.0,2004-10-17,0.27061,0.27046,0.26996,0.27031,0.27021,0.27043,0.27094,0.27165
2004,10,18,10/18/2004,0.27075,6.0,2004-10-18,0.27067,0.27061,0.27046,0.26996,0.27031,0.27021,0.27043,-999.0
2004,10,19,10/19/2004,0.27089,6.0,2004-10-19,0.27075,0.27067,0.27061,0.27046,0.26996,0.27031,0.27021,-999.0
2004,10,20,10/20/2004,0.27147,6.0,2004-10-20,0.27089,0.27075,0.27067,0.27061,0.27046,0.26996,0.27031,0.26954
2004,10,21,10/21/2004,0.2719,6.0,2004-10-21,0.27147,0.27089,0.27075,0.27067,0.27061,0.27046,0.26996,0.26927
2004,10,22,10/22/2004,0.27218,6.0,2004-10-22,0.2719,0.27147,0.27089,0.27075,0.27067,0.27061,0.27046,0.2694
2004,10,23,10/23/2004,0.27272,6.0,2004-10-23,0.27218,0.2719,0.27147,0.27089,0.27075,0.27067,0.27061,0.26923
2004,10,24,10/24/2004,0.27324,6.0,2004-10-24,0.27272,0.27218,0.2719,0.27147,0.27089,0.27075,0.27067,0.2692
2004,10,25,10/25/2004,0.27356,6.0,2004-10-25,0.27324,0.27272,0.27218,0.2719,0.27147,0.27089,0.27075,0.26902
2004,10,26,10/26/2004,0.27392,6.0,2004-10-26,0.27356,0.27324,0.27272,0.27218,0.2719,0.27147,0.27089,0.26925
2004,10,27,10/27/2004,0.27433,6.0,2004-10-27,0.27392,0.27356,0.27324,0.27272,0.27218,0.2719,0.27147,0.26985
2004,10,28,10/28/2004,0.27425,6.0,2004-10-28,0.27433,0.27392,0.27356,0.27324,0.27272,0.27218,0.2719,0.2707
2004,10,29,10/29/2004,0.27458,6.0,2004-10-29,0.27425,0.27433,0.27392,0.27356,0.27324,0.27272,0.27218,0.27107
2004,10,30,10/30/2004,0.27438,6.0,2004-10-30,0.27458,0.27425,0.27433,0.27392,0.27356,0.27324,0.27272,0.27132
2004,10,31,10/31/2004,0.27468,6.0,2004-10-31,0.27438,0.27458,0.27425,0.27433,0.27392,0.27356,0.27324,0.27145
2004,11,1,11/01/2004,0.27393,6.0,2004-11-01,0.27468,0.27438,0.27458,0.27425,0.27433,0.27392,0.27356,0.27144
2004,11,2,11/02/2004,0.27312,6.0,2004-11-02,0.27393,0.27468,0.27438,0.27458,0.27425,0.27433,0.27392,0.27123
2004,11,3,11/03/2004,0.27286,6.0,2004-11-03,0.27312,0.27393,0.27468,0.27438,0.27458,0.27425,0.27433,0.27165
2004,11,4,11/04/2004,0.27249,6.0,2004-11-04,0.27286,0.27312,0.27393,0.27468,0.27438,0.27458,0.27425,0.27175
2004,11,5,11/05/2004,0.27224,6.0,2004-11-05,0.27249,0.27286,0.27312,0.27393,0.27468,0.27438,0.27458,0.27131
2004,11,6,11/06/2004,0.27277,6.0,2004-11-06,0.27224,0.27249,0.27286,0.27312,0.27393,0.27468,0.27438,0.27094
2004,11,7,11/07/2004,0.27213,6.0,2004-11-07,0.27277,0.27224,0.27249,0.27286,0.27312,0.27393,0.27468,0.27043
2004,11,8,11/08/2004,0.27214,6.0,2004-11-08,0.27213,0.27277,0.27224,0.27249,0.27286,0.27312,0.27393,0.27021
2004,11,9,11/09/2004,0.27173,6.0,2004-11-09,0.27214,0.27213,0.27277,0.27224,0.27249,0.27286,0.27312,0.27031
2004,11,10,11/10/2004,0.27115,6.0,2004-11-10,0.27173,0.27214,0.27213,0.27277,0.27224,0.27249,0.27286,0.26996
2004,11,11,11/11/2004,0.27066,6.0,2004-11-11,0.27115,0.27173,0.27214,0.27213,0.27277,0.27224,0.27249,0.27046
2004,11,12,11/12/2004,0.27084,6.0,2004-11-12,0.27066,0.27115,0.27173,0.27214,0.27213,0.27277,0.27224,0.27061
2004,11,13,11/13/2004,0.2708,6.0,2004-11-13,0.27084,0.27066,0.27115,0.27173,0.27214,0.27213,0.27277,0.27067
2004,11,14,11/14/2004,0.2712,6.0,2004-11-14,0.2708,0.27084,0.27066,0.27115,0.27173,0.27214,0.27213,0.27075
2004,11,15,11/15/2004,0.2713,6.0,2004-11-15,0.2712,0.2708,0.27084,0.27066,0.27115,0.27173,0.27214,0.27089
2004,11,16,11/16/2004,0.27122,6.0,2004-11-16,0.2713,0.2712,0.2708,0.27084,0.27066,0.27115,0.27173,0.27147
2004,11,17,11/17/2004,0.27153,6.0,2004-11-17,0.27122,0.2713,0.2712,0.2708,0.27084,0.27066,0.27115,0.2719
2004,11,18,11/18/2004,0.27124,6.0,2004-11-18,0.27153,0.27122,0.2713,0.2712,0.2708,0.27084,0.27066,0.27218
2004,11,19,11/19/2004,0.27156,6.0,2004-11-19,0.27124,0.27153,0.27122,0.2713,0.2712,0.2708,0.27084,0.27272
2004,11,20,11/20/2004,0.27187,6.0,2004-11-20,0.27156,0.27124,0.27153,0.27122,0.2713,0.2712,0.2708,0.27324
2004,11,21,11/21/2004,0.2721,6.0,2004-11-21,0.27187,0.27156,0.27124,0.27153,0.27122,0.2713,0.2712,0.27356
2004,11,22,11/22/2004,0.27249,6.0,2004-11-22,0.2721,0.27187,0.27156,0.27124,0.27153,0.27122,0.2713,0.27392
2004,11,23,11/23/2004,0.27241,6.0,2004-11-23,0.27249,0.2721,0.27187,0.27156,0.27124,0.27153,0.27122,0.27433
2004,11,24,11/24/2004,-999.0,0.0,2004-11-24,0.27241,0.27249,0.2721,0.27187,0.27156,0.27124,0.27153,0.27425
2004,11,25,11/25/2004,0.27352,6.0,2004-11-25,-999.0,0.27241,0.27249,0.2721,0.27187,0.27156,0.27124,0.27458
2004,11,26,11/26/2004,0.27367,6.0,2004-11-26,0.27352,-999.0,0.27241,0.27249,0.2721,0.27187,0.27156,0.27438
2004,11,27,11/27/2004,0.27441,6.0,2004-11-27,0.27367,0.27352,-999.0,0.27241,0.27249,0.2721,0.27187,0.27468
2004,11,28,11/28/2004,0.27445,6.0,2004-11-28,0.27441,0.27367,0.27352,-999.0,0.27241,0.27249,0.2721,0.27393
2004,11,29,11/29/2004,0.27407,6.0,2004-11-29,0.27445,0.27441,0.27367,0.27352,-999.0,0.27241,0.27249,0.27312
2004,11,30,11/30/2004,0.27359,6.0,2004-11-30,0.27407,0.27445,0.27441,0.27367,0.27352,-999.0,0.27241,0.27286
2004,12,1,12/01/2004,0.27288,6.0,2004-12-01,0.27359,0.27407,0.27445,0.27441,0.27367,0.27352,-999.0,0.27249
2004,12,2,12/02/2004,0.27227,6.0,2004-12-02,0.27288,0.27359,0.27407,0.27445,0.27441,0.27367,0.27352,0.27224
2004,12,3,12/03/2004,0.27235,6.0,2004-12-03,0.27227,0.27288,0.27359,0.27407,0.27445,0.27441,0.27367,0.27277
2004,12,4,12/04/2004,0.272,6.0,2004-12-04,0.27235,0.27227,0.27288,0.27359,0.27407,0.27445,0.27441,0.27213
2004,12,5,12/05/2004,0.27141,6.0,2004-12-05,0.272,0.27235,0.27227,0.27288,0.27359,0.27407,0.27445,0.27214
2004,12,6,12/06/2004,0.27087,6.0,2004-12-06,0.27141,0.272,0.27235,0.27227,0.27288,0.27359,0.27407,0.27173
2004,12,7,12/07/2004,0.27051,6.0,2004-12-07,0.27087,0.27141,0.272,0.27235,0.27227,0.27288,0.27359,0.27115
2004,12,8,12/08/2004,0.27021,6.0,2004-12-08,0.27051,0.27087,0.27141,0.272,0.27235,0.27227,0.27288,0.27066
2004,12,9,12/09/2004,0.27043,6.0,2004-12-09,0.27021,0.27051,0.27087,0.27141,0.272,0.27235,0.27227,0.27084
2004,12,10,12/10/2004,0.27024,6.0,2004-12-10,0.27043,0.27021,0.27051,0.27087,0.27141,0.272,0.27235,0.2708
2004,12,11,12/11/2004,0.27022,6.0,2004-12-11,0.27024,0.27043,0.27021,0.27051,0.27087,0.27141,0.272,0.2712
2004,12,12,12/12/2004,0.27018,6.0,2004-12-12,0.27022,0.27024,0.27043,0.27021,0.27051,0.27087,0.27141,0.2713
2004,12,13,12/13/2004,0.27011,6.0,2004-12-13,0.27018,0.27022,0.27024,0.27043,0.27021,0.27051,0.27087,0.27122
2004,12,14,12/14/2004,-999.0,0.0,2004-12-14,0.27011,0.27018,0.27022,0.27024,0.27043,0.27021,0.27051,0.27153
2004,12,15,12/15/2004,0.26931,6.0,2004-12-15,-999.0,0.27011,0.27018,0.27022,0.27024,0.27043,0.27021,0.27124
2004,12,16,12/16/2004,0.26918,6.0,2004-12-16,0.26931,-999.0,0.27011,0.27018,0.27022,0.27024,0.27043,0.27156
2004,12,18,12/18/2004,0.26984,6.0,2004-12-18,0.26918,0.26931,-999.0,0.27011,0.27018,0.27022,0.27024,0.27187
2004,12,19,12/19/2004,0.27004,6.0,2004-12-19,0.26984,0.26918,0.26931,-999.0,0.27011,0.27018,0.27022,0.2721
2004,12,20,12/20/2004,0.27042,6.0,2004-12-20,0.27004,0.26984,0.26918,0.26931,-999.0,0.27011,0.27018,0.27249
2004,12,21,12/21/2004,0.27067,6.0,2004-12-21,0.27042,0.27004,0.26984,0.26918,0.26931,-999.0,0.27011,0.27241
2004,12,22,12/22/2004,0.27137,6.0,2004-12-22,0.27067,0.27042,0.27004,0.26984,0.26918,0.26931,-999.0,-999.0
2004,12,23,12/23/2004,0.27204,6.0,2004-12-23,0.27137,0.27067,0.27042,0.27004,0.26984,0.26918,0.26931,0.27352
2004,12,24,12/24/2004,0.27272,6.0,2004-12-24,0.27204,0.27137,0.27067,0.27042,0.27004,0.26984,0.26918,0.27367
2004,12,25,12/25/2004,0.27292,6.0,2004-12-25,0.27272,0.27204,0.27137,0.27067,0.27042,0.27004,0.26984,0.27441
2004,12,26,12/26/2004,0.27259,6.0,2004-12-26,0.27292,0.27272,0.27204,0.27137,0.27067,0.27042,0.27004,0.27445
2004,12,27,12/27/2004,0.27238,6.0,2004-12-27,0.27259,0.27292,0.27272,0.27204,0.27137,0.27067,0.27042,0.27407
2004,12,28,12/28/2004,0.27226,6.0,2004-12-28,0.27238,0.27259,0.27292,0.27272,0.27204,0.27137,0.27067,0.27359
2004,12,29,12/29/2004,0.27173,6.0,2004-12-29,0.27226,0.27238,0.27259,0.27292,0.27272,0.27204,0.27137,0.27288
2004,12,30,12/30/2004,0.27163,6.0,2004-12-30,0.27173,0.27226,0.27238,0.27259,0.27292,0.27272,0.27204,0.27227
2004,12,31,12/31/2004,0.27162,6.0,2004-12-31,0.27163,0.27173,0.27226,0.27238,0.27259,0.27292,0.27272,0.27235
2005,1,1,1/01/2005,0.27244,6.0,2005-01-01,0.27162,0.27163,0.27173,0.27226,0.27238,0.27259,0.27292,0.272
2005,1,3,1/03/2005,0.27065,6.0,2005-01-03,0.27244,0.27162,0.27163,0.27173,0.27226,0.27238,0.27259,0.27141
2005,1,4,1/04/2005,0.27023,6.0,2005-01-04,0.27065,0.27244,0.27162,0.27163,0.27173,0.27226,0.27238,0.27087
2005,1,5,1/05/2005,0.26972,6.0,2005-01-05,0.27023,0.27065,0.27244,0.27162,0.27163,0.27173,0.27226,0.27051
2005,1,6,1/06/2005,0.2694,6.0,2005-01-06,0.26972,0.27023,0.27065,0.27244,0.27162,0.27163,0.27173,0.27021
2005,1,7,1/07/2005,0.26925,6.0,2005-01-07,0.2694,0.26972,0.27023,0.27065,0.27244,0.27162,0.27163,0.27043
2005,1,8,1/08/2005,0.26907,6.0,2005-01-08,0.26925,0.2694,0.26972,0.27023,0.27065,0.27244,0.27162,0.27024
2005,1,9,1/09/2005,0.26872,6.0,2005-01-09,0.26907,0.26925,0.2694,0.26972,0.27023,0.27065,0.27244,0.27022
2005,1,10,1/10/2005,0.26885,6.0,2005-01-10,0.26872,0.26907,0.26925,0.2694,0.26972,0.27023,0.27065,0.27018
2005,1,11,1/11/2005,0.26873,6.0,2005-01-11,0.26885,0.26872,0.26907,0.26925,0.2694,0.26972,0.27023,0.27011
2005,1,12,1/12/2005,0.26921,6.0,2005-01-12,0.26873,0.26885,0.26872,0.26907,0.26925,0.2694,0.26972,-999.0
2005,1,13,1/13/2005,0.2698,6.0,2005-01-13,0.26921,0.26873,0.26885,0.26872,0.26907,0.26925,0.2694,0.26931
2005,1,14,1/14/2005,0.27069,6.0,2005-01-14,0.2698,0.26921,0.26873,0.26885,0.26872,0.26907,0.26925,0.26918
2005,1,15,1/15/2005,0.27161,6.0,2005-01-15,0.27069,0.2698,0.26921,0.26873,0.26885,0.26872,0.26907,0.26984
2005,1,16,1/16/2005,0.27216,6.0,2005-01-16,0.27161,0.27069,0.2698,0.26921,0.26873,0.26885,0.26872,0.27004
2005,1,17,1/17/2005,0.27257,6.0,2005-01-17,0.27216,0.27161,0.27069,0.2698,0.26921,0.26873,0.26885,0.27042
2005,1,18,1/18/2005,0.27284,6.0,2005-01-18,0.27257,0.27216,0.27161,0.27069,0.2698,0.26921,0.26873,0.27067
2005,1,19,1/19/2005,0.27307,6.0,2005-01-19,0.27284,0.27257,0.27216,0.27161,0.27069,0.2698,0.26921,0.27137
2005,1,20,1/20/2005,0.27287,6.0,2005-01-20,0.27307,0.27284,0.27257,0.27216,0.27161,0.27069,0.2698,0.27204
2005,1,21,1/21/2005,0.27293,6.0,2005-01-21,0.27287,0.27307,0.27284,0.27257,0.27216,0.27161,0.27069,0.27272
2005,1,22,1/22/2005,0.2723,6.0,2005-01-22,0.27293,0.27287,0.27307,0.27284,0.27257,0.27216,0.27161,0.27292
2005,1,23,1/23/2005,0.27181,6.0,2005-01-23,0.2723,0.27293,0.27287,0.27307,0.27284,0.27257,0.27216,0.27259
2005,1,24,1/24/2005,0.27162,6.0,2005-01-24,0.27181,0.2723,0.27293,0.27287,0.27307,0.27284,0.27257,0.27238
2005,1,25,1/25/2005,0.27095,6.0,2005-01-25,0.27162,0.27181,0.2723,0.27293,0.27287,0.27307,0.27284,0.27226
2005,1,26,1/26/2005,0.27074,6.0,2005-01-26,0.27095,0.27162,0.27181,0.2723,0.27293,0.27287,0.27307,0.27173
2005,1,27,1/27/2005,0.27054,6.0,2005-01-27,0.27074,0.27095,0.27162,0.27181,0.2723,0.27293,0.27287,0.27163
2005,1,28,1/28/2005,0.26967,6.0,2005-01-28,0.27054,0.27074,0.27095,0.27162,0.27181,0.2723,0.27293,0.27162
2005,1,29,1/29/2005,0.26954,6.0,2005-01-29,0.26967,0.27054,0.27074,0.27095,0.27162,0.27181,0.2723,0.27244
2005,1,30,1/30/2005,0.2691,6.0,2005-01-30,0.26954,0.26967,0.27054,0.27074,0.27095,0.27162,0.27181,0.27065
2005,1,31,1/31/2005,0.26885,6.0,2005-01-31,0.2691,0.26954,0.26967,0.27054,0.27074,0.27095,0.27162,0.27023
2005,2,1,2/01/2005,0.26872,6.0,2005-02-01,0.26885,0.2691,0.26954,0.26967,0.27054,0.27074,0.27095,0.26972
2005,2,2,2/02/2005,0.26853,6.0,2005-02-02,0.26872,0.26885,0.2691,0.26954,0.26967,0.27054,0.27074,0.2694
2005,2,3,2/03/2005,0.26831,6.0,2005-02-03,0.26853,0.26872,0.26885,0.2691,0.26954,0.26967,0.27054,0.26925
2005,2,4,2/04/2005,0.26818,6.0,2005-02-04,0.26831,0.26853,0.26872,0.26885,0.2691,0.26954,0.26967,0.26907
2005,2,5,2/05/2005,0.26826,6.0,2005-02-05,0.26818,0.26831,0.26853,0.26872,0.26885,0.2691,0.26954,0.26872
2005,2,6,2/06/2005,0.26914,6.0,2005-02-06,0.26826,0.26818,0.26831,0.26853,0.26872,0.26885,0.2691,0.26885
2005,2,7,2/07/2005,0.27012,6.0,2005-02-07,0.26914,0.26826,0.26818,0.26831,0.26853,0.26872,0.26885,0.26873
2005,2,8,2/08/2005,0.27092,6.0,2005-02-08,0.27012,0.26914,0.26826,0.26818,0.26831,0.26853,0.26872,0.26921
2005,2,9,2/09/2005,0.27191,6.0,2005-02-09,0.27092,0.27012,0.26914,0.26826,0.26818,0.26831,0.26853,0.2698
2005,2,10,2/10/2005,0.27236,6.0,2005-02-10,0.27191,0.27092,0.27012,0.26914,0.26826,0.26818,0.26831,0.27069
2005,2,11,2/11/2005,0.27245,6.0,2005-02-11,0.27236,0.27191,0.27092,0.27012,0.26914,0.26826,0.26818,0.27161
2005,2,12,2/12/2005,0.27316,6.0,2005-02-12,0.27245,0.27236,0.27191,0.27092,0.27012,0.26914,0.26826,0.27216
2005,2,13,2/13/2005,0.27344,6.0,2005-02-13,0.27316,0.27245,0.27236,0.27191,0.27092,0.27012,0.26914,0.27257
2005,2,14,2/14/2005,0.27357,6.0,2005-02-14,0.27344,0.27316,0.27245,0.27236,0.27191,0.27092,0.27012,0.27284
2005,2,15,2/15/2005,0.27355,6.0,2005-02-15,0.27357,0.27344,0.27316,0.27245,0.27236,0.27191,0.27092,0.27307
2005,2,16,2/16/2005,0.27324,6.0,2005-02-16,0.27355,0.27357,0.27344,0.27316,0.27245,0.27236,0.27191,0.27287
2005,2,17,2/17/2005,0.27281,6.0,2005-02-17,0.27324,0.27355,0.27357,0.27344,0.27316,0.27245,0.27236,0.27293
2005,2,18,2/18/2005,0.27171,6.0,2005-02-18,0.27281,0.27324,0.27355,0.27357,0.27344,0.27316,0.27245,0.2723
2005,2,19,2/19/2005,0.27115,6.0,2005-02-19,0.27171,0.27281,0.27324,0.27355,0.27357,0.27344,0.27316,0.27181
2005,2,20,2/20/2005,0.27061,6.0,2005-02-20,0.27115,0.27171,0.27281,0.27324,0.27355,0.27357,0.27344,0.27162
2005,2,21,2/21/2005,0.27005,6.0,2005-02-21,0.27061,0.27115,0.27171,0.27281,0.27324,0.27355,0.27357,0.27095
2005,2,22,2/22/2005,0.2698,6.0,2005-02-22,0.27005,0.27061,0.27115,0.27171,0.27281,0.27324,0.27355,0.27074
2005,2,23,2/23/2005,0.26929,6.0,2005-02-23,0.2698,0.27005,0.27061,0.27115,0.27171,0.27281,0.27324,0.27054
2005,2,24,2/24/2005,0.26889,6.0,2005-02-24,0.26929,0.2698,0.27005,0.27061,0.27115,0.27171,0.27281,0.26967
2005,2,25,2/25/2005,0.26862,6.0,2005-02-25,0.26889,0.26929,0.2698,0.27005,0.27061,0.27115,0.27171,0.26954
2005,2,26,2/26/2005,0.26837,6.0,2005-02-26,0.26862,0.26889,0.26929,0.2698,0.27005,0.27061,0.27115,0.2691
2005,2,27,2/27/2005,0.26769,6.0,2005-02-27,0.26837,0.26862,0.26889,0.26929,0.2698,0.27005,0.27061,0.26885
2005,2,28,2/28/2005,0.26761,6.0,2005-02-28,0.26769,0.26837,0.26862,0.26889,0.26929,0.2698,0.27005,0.26872
2005,3,1,3/01/2005,0.26752,6.0,2005-03-01,0.26761,0.26769,0.26837,0.26862,0.26889,0.26929,0.2698,0.26853
2005,3,2,3/02/2005,0.26733,6.0,2005-03-02,0.26752,0.26761,0.26769,0.26837,0.26862,0.26889,0.26929,0.26831
2005,3,3,3/03/2005,0.26731,6.0,2005-03-03,0.26733,0.26752,0.26761,0.26769,0.26837,0.26862,0.26889,0.26818
2005,3,4,3/04/2005,0.26744,6.0,2005-03-04,0.26731,0.26733,0.26752,0.26761,0.26769,0.26837,0.26862,0.26826
2005,3,5,3/05/2005,0.26768,6.0,2005-03-05,0.26744,0.26731,0.26733,0.26752,0.26761,0.26769,0.26837,0.26914
2005,3,6,3/06/2005,0.2681,6.0,2005-03-06,0.26768,0.26744,0.26731,0.26733,0.26752,0.26761,0.26769,0.27012
2005,3,7,3/07/2005,0.26868,6.0,2005-03-07,0.2681,0.26768,0.26744,0.26731,0.26733,0.26752,0.26761,0.27092
2005,3,8,3/08/2005,0.26926,6.0,2005-03-08,0.26868,0.2681,0.26768,0.26744,0.26731,0.26733,0.26752,0.27191
2005,3,9,3/09/2005,0.26984,6.0,2005-03-09,0.26926,0.26868,0.2681,0.26768,0.26744,0.26731,0.26733,0.27236
2005,3,10,3/10/2005,0.27084,6.0,2005-03-10,0.26984,0.26926,0.26868,0.2681,0.26768,0.26744,0.26731,0.27245
2005,3,11,3/11/2005,0.27175,6.0,2005-03-11,0.27084,0.26984,0.26926,0.26868,0.2681,0.26768,0.26744,0.27316
2005,3,12,3/12/2005,0.2722,6.0,2005-03-12,0.27175,0.27084,0.26984,0.26926,0.26868,0.2681,0.26768,0.27344
2005,3,13,3/13/2005,0.27248,6.0,2005-03-13,0.2722,0.27175,0.27084,0.26984,0.26926,0.26868,0.2681,0.27357
2005,3,14,3/14/2005,0.27262,6.0,2005-03-14,0.27248,0.2722,0.27175,0.27084,0.26984,0.26926,0.26868,0.27355
2005,3,15,3/15/2005,0.27252,6.0,2005-03-15,0.27262,0.27248,0.2722,0.27175,0.27084,0.26984,0.26926,0.27324
2005,3,16,3/16/2005,0.27232,6.0,2005-03-16,0.27252,0.27262,0.27248,0.2722,0.27175,0.27084,0.26984,0.27281
2005,3,17,3/17/2005,0.2721,6.0,2005-03-17,0.27232,0.27252,0.27262,0.27248,0.2722,0.27175,0.27084,0.27171
2005,3,18,3/18/2005,0.27119,6.0,2005-03-18,0.2721,0.27232,0.27252,0.27262,0.27248,0.2722,0.27175,0.27115
2005,3,19,3/19/2005,0.27077,6.0,2005-03-19,0.27119,0.2721,0.27232,0.27252,0.27262,0.27248,0.2722,0.27061
2005,3,20,3/20/2005,0.27009,6.0,2005-03-20,0.27077,0.27119,0.2721,0.27232,0.27252,0.27262,0.27248,0.27005
2005,3,21,3/21/2005,0.2699,6.0,2005-03-21,0.27009,0.27077,0.27119,0.2721,0.27232,0.27252,0.27262,0.2698
2005,3,22,3/22/2005,0.26968,6.0,2005-03-22,0.2699,0.27009,0.27077,0.27119,0.2721,0.27232,0.27252,0.26929
2005,3,23,3/23/2005,0.26918,6.0,2005-03-23,0.26968,0.2699,0.27009,0.27077,0.27119,0.2721,0.27232,0.26889
2005,3,24,3/24/2005,0.26943,6.0,2005-03-24,0.26918,0.26968,0.2699,0.27009,0.27077,0.27119,0.2721,0.26862
2005,3,25,3/25/2005,0.26926,6.0,2005-03-25,0.26943,0.26918,0.26968,0.2699,0.27009,0.27077,0.27119,0.26837
2005,3,26,3/26/2005,0.26901,6.0,2005-03-26,0.26926,0.26943,0.26918,0.26968,0.2699,0.27009,0.27077,0.26769
2005,3,27,3/27/2005,0.26869,6.0,2005-03-27,0.26901,0.26926,0.26943,0.26918,0.26968,0.2699,0.27009,0.26761
2005,3,28,3/28/2005,0.26839,6.0,2005-03-28,0.26869,0.26901,0.26926,0.26943,0.26918,0.26968,0.2699,0.26752
2005,3,29,3/29/2005,0.26819,6.0,2005-03-29,0.26839,0.26869,0.26901,0.26926,0.26943,0.26918,0.26968,0.26733
2005,3,30,3/30/2005,0.26803,6.0,2005-03-30,0.26819,0.26839,0.26869,0.26901,0.26926,0.26943,0.26918,0.26731
2005,3,31,3/31/2005,0.26782,6.0,2005-03-31,0.26803,0.26819,0.26839,0.26869,0.26901,0.26926,0.26943,0.26744
2005,4,1,4/01/2005,0.26774,6.0,2005-04-01,0.26782,0.26803,0.26819,0.26839,0.26869,0.26901,0.26926,0.26768
2005,4,2,4/02/2005,0.26777,6.0,2005-04-02,0.26774,0.26782,0.26803,0.26819,0.26839,0.26869,0.26901,0.2681
2005,4,3,4/03/2005,0.26849,6.0,2005-04-03,0.26777,0.26774,0.26782,0.26803,0.26819,0.26839,0.26869,0.26868
2005,4,4,4/04/2005,0.26887,6.0,2005-04-04,0.26849,0.26777,0.26774,0.26782,0.26803,0.26819,0.26839,0.26926
2005,4,6,4/06/2005,0.26986,6.0,2005-04-06,0.26887,0.26849,0.26777,0.26774,0.26782,0.26803,0.26819,0.26984
2005,4,7,4/07/2005,0.27057,6.0,2005-04-07,0.26986,0.26887,0.26849,0.26777,0.26774,0.26782,0.26803,0.27084
2005,4,8,4/08/2005,0.27062,6.0,2005-04-08,0.27057,0.26986,0.26887,0.26849,0.26777,0.26774,0.26782,0.27175
2005,4,9,4/09/2005,0.2709,6.0,2005-04-09,0.27062,0.27057,0.26986,0.26887,0.26849,0.26777,0.26774,0.2722
2005,4,10,4/10/2005,0.27115,6.0,2005-04-10,0.2709,0.27062,0.27057,0.26986,0.26887,0.26849,0.26777,0.27248
2005,4,11,4/11/2005,0.27075,6.0,2005-04-11,0.27115,0.2709,0.27062,0.27057,0.26986,0.26887,0.26849,0.27262
2005,4,12,4/12/2005,0.27061,6.0,2005-04-12,0.27075,0.27115,0.2709,0.27062,0.27057,0.26986,0.26887,0.27252
2005,4,13,4/13/2005,0.27029,6.0,2005-04-13,0.27061,0.27075,0.27115,0.2709,0.27062,0.27057,0.26986,0.27232
2005,4,14,4/14/2005,0.27028,6.0,2005-04-14,0.27029,0.27061,0.27075,0.27115,0.2709,0.27062,0.27057,0.2721
2005,4,15,4/15/2005,0.27032,6.0,2005-04-15,0.27028,0.27029,0.27061,0.27075,0.27115,0.2709,0.27062,0.27119
2005,4,16,4/16/2005,0.26996,6.0,2005-04-16,0.27032,0.27028,0.27029,0.27061,0.27075,0.27115,0.2709,0.27077
2005,4,17,4/17/2005,0.26987,6.0,2005-04-17,0.26996,0.27032,0.27028,0.27029,0.27061,0.27075,0.27115,0.27009
2005,4,18,4/18/2005,0.26972,6.0,2005-04-18,0.26987,0.26996,0.27032,0.27028,0.27029,0.27061,0.27075,0.2699
2005,4,19,4/19/2005,0.26918,6.0,2005-04-19,0.26972,0.26987,0.26996,0.27032,0.27028,0.27029,0.27061,0.26968
2005,4,20,4/20/2005,0.2689,6.0,2005-04-20,0.26918,0.26972,0.26987,0.26996,0.27032,0.27028,0.27029,0.26918
2005,4,21,4/21/2005,0.26885,6.0,2005-04-21,0.2689,0.26918,0.26972,0.26987,0.26996,0.27032,0.27028,0.26943
2005,4,22,4/22/2005,0.2685,6.0,2005-04-22,0.26885,0.2689,0.26918,0.26972,0.26987,0.26996,0.27032,0.26926
2005,4,23,4/23/2005,0.26802,6.0,2005-04-23,0.2685,0.26885,0.2689,0.26918,0.26972,0.26987,0.26996,0.26901
2005,4,24,4/24/2005,0.26809,6.0,2005-04-24,0.26802,0.2685,0.26885,0.2689,0.26918,0.26972,0.26987,0.26869
2005,4,25,4/25/2005,0.26769,6.0,2005-04-25,0.26809,0.26802,0.2685,0.26885,0.2689,0.26918,0.26972,0.26839
2005,4,26,4/26/2005,0.26854,6.0,2005-04-26,0.26769,0.26809,0.26802,0.2685,0.26885,0.2689,0.26918,0.26819
2005,4,27,4/27/2005,0.26888,6.0,2005-04-27,0.26854,0.26769,0.26809,0.26802,0.2685,0.26885,0.2689,0.26803
2005,4,28,4/28/2005,0.26951,6.0,2005-04-28,0.26888,0.26854,0.26769,0.26809,0.26802,0.2685,0.26885,0.26782
2005,4,29,4/29/2005,0.26974,6.0,2005-04-29,0.26951,0.26888,0.26854,0.26769,0.26809,0.26802,0.2685,0.26774
2005,4,30,4/30/2005,0.27003,6.0,2005-04-30,0.26974,0.26951,0.26888,0.26854,0.26769,0.26809,0.26802,0.26777
2005,5,1,5/01/2005,0.2706,6.0,2005-05-01,0.27003,0.26974,0.26951,0.26888,0.26854,0.26769,0.26809,0.26849
2005,5,2,5/02/2005,0.27073,6.0,2005-05-02,0.2706,0.27003,0.26974,0.26951,0.26888,0.26854,0.26769,0.26887
2005,5,3,5/03/2005,0.27176,6.0,2005-05-03,0.27073,0.2706,0.27003,0.26974,0.26951,0.26888,0.26854,0.26986
2005,5,4,5/04/2005,0.272,6.0,2005-05-04,0.27176,0.27073,0.2706,0.27003,0.26974,0.26951,0.26888,0.27057
2005,5,5,5/05/2005,0.27186,6.0,2005-05-05,0.272,0.27176,0.27073,0.2706,0.27003,0.26974,0.26951,0.27062
2005,5,6,5/06/2005,0.27207,6.0,2005-05-06,0.27186,0.272,0.27176,0.27073,0.2706,0.27003,0.26974,0.2709
2005,5,7,5/07/2005,0.27154,6.0,2005-05-07,0.27207,0.27186,0.272,0.27176,0.27073,0.2706,0.27003,0.27115
2005,5,8,5/08/2005,-999.0,0.0,2005-05-08,0.27154,0.27207,0.27186,0.272,0.27176,0.27073,0.2706,0.27075
2005,5,9,5/09/2005,-999.0,0.0,2005-05-09,-999.0,0.27154,0.27207,0.27186,0.272,0.27176,0.27073,0.27061
2005,5,10,5/10/2005,-999.0,0.0,2005-05-10,-999.0,-999.0,0.27154,0.27207,0.27186,0.272,0.27176,0.27029
2005,5,11,5/11/2005,-999.0,0.0,2005-05-11,-999.0,-999.0,-999.0,0.27154,0.27207,0.27186,0.272,0.27028
2005,5,12,5/12/2005,-999.0,0.0,2005-05-12,-999.0,-999.0,-999.0,-999.0,0.27154,0.27207,0.27186,0.27032
2005,5,13,5/13/2005,-999.0,0.0,2005-05-13,-999.0,-999.0,-999.0,-999.0,-999.0,0.27154,0.27207,0.26996
2005,5,14,5/14/2005,-999.0,0.0,2005-05-14,-999.0,-999.0,-999.0,-999.0,-999.0,-999.0,0.27154,0.26987
2005,5,15,5/15/2005,-999.0,0.0,2005-05-15,-999.0,-999.0,-999.0,-999.0,-999.0,-999.0,-999.0,0.26972
2005,5,16,5/16/2005,-999.0,0.0,2005-05-16,-999.0,-999.0,-999.0,-999.0,-999.0,-999.0,-999.0,0.26918
2005,5,17,5/17/2005,-999.0,0.0,2005-05-17,-999.0,-999.0,-999.0,-999.0,-999.0,-999.0,-999.0,0.2689
2005,5,18,5/18/2005,-999.0,0.0,2005-05-18,-999.0,-999.0,-999.0,-999.0,-999.0,-999.0,-999.0,0.26885
2005,5,19,5/19/2005,-999.0,0.0,2005-05-19,-999.0,-999.0,-999.0,-999.0,-999.0,-999.0,-999.0,0.2685
2005,5,20,5/20/2005,-999.0,0.0,2005-05-20,-999.0,-999.0,-999.0,-999.0,-999.0,-999.0,-999.0,0.26802
2005,5,21,5/21/2005,-999.0,0.0,2005-05-21,-999.0,-999.0,-999.0,-999.0,-999.0,-999.0,-999.0,0.26809
2005,5,22,5/22/2005,-999.0,0.0,2005-05-22,-999.0,-999.0,-999.0,-999.0,-999.0,-999.0,-999.0,0.26769
2005,5,23,5/23/2005,-999.0,0.0,2005-05-23,-999.0,-999.0,-999.0,-999.0,-999.0,-999.0,-999.0,0.26854
2005,5,24,5/24/2005,-999.0,0.0,2005-05-24,-999.0,-999.0,-999.0,-999.0,-999.0,-999.0,-999.0,0.26888
2005,5,25,5/25/2005,-999.0,0.0,2005-05-25,-999.0,-999.0,-999.0,-999.0,-999.0,-999.0,-999.0,0.26951
2005,5,26,5/26/2005,-999.0,0.0,2005-05-26,-999.0,-999.0,-999.0,-999.0,-999.0,-999.0,-999.0,0.26974
2005,5,27,5/27/2005,-999.0,0.0,2005-05-27,-999.0,-999.0,-999.0,-999.0,-999.0,-999.0,-999.0,0.27003
2005,5,28,5/28/2005,0.27018,6.0,2005-05-28,-999.0,-999.0,-999.0,-999.0,-999.0,-999.0,-999.0,0.2706
2005,5,29,5/29/2005,0.27061,6.0,2005-05-29,0.27018,-999.0,-999.0,-999.0,-999.0,-999.0,-999.0,0.27073
2005,5,30,5/30/2005,0.27102,6.0,2005-05-30,0.27061,0.27018,-999.0,-999.0,-999.0,-999.0,-999.0,0.27176
2005,5,31,5/31/2005,0.27147,6.0,2005-05-31,0.27102,0.27061,0.27018,-999.0,-999.0,-999.0,-999.0,0.272
2005,6,1,6/01/2005,0.2718,6.0,2005-06-01,0.27147,0.27102,0.27061,0.27018,-999.0,-999.0,-999.0,0.27186
2005,6,2,6/02/2005,0.27163,6.0,2005-06-02,0.2718,0.27147,0.27102,0.27061,0.27018,-999.0,-999.0,0.27207
2005,6,3,6/03/2005,0.27101,6.0,2005-06-03,0.27163,0.2718,0.27147,0.27102,0.27061,0.27018,-999.0,0.27154
2005,6,4,6/04/2005,0.27079,6.0,2005-06-04,0.27101,0.27163,0.2718,0.27147,0.27102,0.27061,0.27018,-999.0
2005,6,5,6/05/2005,0.27116,6.0,2005-06-05,0.27079,0.27101,0.27163,0.2718,0.27147,0.27102,0.27061,-999.0
2005,6,6,6/06/2005,0.27146,6.0,2005-06-06,0.27116,0.27079,0.27101,0.27163,0.2718,0.27147,0.27102,-999.0
2005,6,7,6/07/2005,0.2717,6.0,2005-06-07,0.27146,0.27116,0.27079,0.27101,0.27163,0.2718,0.27147,-999.0
2005,6,8,6/08/2005,0.27178,6.0,2005-06-08,0.2717,0.27146,0.27116,0.27079,0.27101,0.27163,0.2718,-999.0
2005,6,9,6/09/2005,0.27159,6.0,2005-06-09,0.27178,0.2717,0.27146,0.27116,0.27079,0.27101,0.27163,-999.0
2005,6,10,6/10/2005,-999.0,0.0,2005-06-10,0.27159,0.27178,0.2717,0.27146,0.27116,0.27079,0.27101,-999.0
2005,6,11,6/11/2005,0.27079,6.0,2005-06-11,-999.0,0.27159,0.27178,0.2717,0.27146,0.27116,0.27079,-999.0
2005,6,12,6/12/2005,0.27066,6.0,2005-06-12,0.27079,-999.0,0.27159,0.27178,0.2717,0.27146,0.27116,-999.0
2005,6,13,6/13/2005,0.26987,6.0,2005-06-13,0.27066,0.27079,-999.0,0.27159,0.27178,0.2717,0.27146,-999.0
2005,6,14,6/14/2005,0.26904,6.0,2005-06-14,0.26987,0.27066,0.27079,-999.0,0.27159,0.27178,0.2717,-999.0
2005,6,15,6/15/2005,0.26902,6.0,2005-06-15,0.26904,0.26987,0.27066,0.27079,-999.0,0.27159,0.27178,-999.0
2005,6,16,6/16/2005,0.26856,6.0,2005-06-16,0.26902,0.26904,0.26987,0.27066,0.27079,-999.0,0.27159,-999.0
2005,6,17,6/17/2005,0.26826,6.0,2005-06-17,0.26856,0.26902,0.26904,0.26987,0.27066,0.27079,-999.0,-999.0
2005,6,18,6/18/2005,0.26848,6.0,2005-06-18,0.26826,0.26856,0.26902,0.26904,0.26987,0.27066,0.27079,-999.0
2005,6,19,6/19/2005,0.26852,6.0,2005-06-19,0.26848,0.26826,0.26856,0.26902,0.26904,0.26987,0.27066,-999.0
2005,6,20,6/20/2005,0.2687,6.0,2005-06-20,0.26852,0.26848,0.26826,0.26856,0.26902,0.26904,0.26987,-999.0
2005,6,21,6/21/2005,0.26876,6.0,2005-06-21,0.2687,0.26852,0.26848,0.26826,0.26856,0.26902,0.26904,-999.0
2005,6,22,6/22/2005,0.2691,6.0,2005-06-22,0.26876,0.2687,0.26852,0.26848,0.26826,0.26856,0.26902,-999.0
2005,6,23,6/23/2005,-999.0,0.0,2005-06-23,0.2691,0.26876,0.2687,0.26852,0.26848,0.26826,0.26856,-999.0
2005,6,24,6/24/2005,0.2688,6.0,2005-06-24,-999.0,0.2691,0.26876,0.2687,0.26852,0.26848,0.26826,0.27018
2005,6,25,6/25/2005,0.26895,6.0,2005-06-25,0.2688,-999.0,0.2691,0.26876,0.2687,0.26852,0.26848,0.27061
2005,6,26,6/26/2005,0.26921,6.0,2005-06-26,0.26895,0.2688,-999.0,0.2691,0.26876,0.2687,0.26852,0.27102
2005,6,27,6/27/2005,0.26943,6.0,2005-06-27,0.26921,0.26895,0.2688,-999.0,0.2691,0.26876,0.2687,0.27147
2005,6,28,6/28/2005,0.26978,6.0,2005-06-28,0.26943,0.26921,0.26895,0.2688,-999.0,0.2691,0.26876,0.2718
2005,6,29,6/29/2005,0.27022,6.0,2005-06-29,0.26978,0.26943,0.26921,0.26895,0.2688,-999.0,0.2691,0.27163
2005,6,30,6/30/2005,0.27092,6.0,2005-06-30,0.27022,0.26978,0.26943,0.26921,0.26895,0.2688,-999.0,0.27101
2005,7,1,7/01/2005,0.27154,6.0,2005-07-01,0.27092,0.27022,0.26978,0.26943,0.26921,0.26895,0.2688,0.27079
2005,7,2,7/02/2005,0.27262,6.0,2005-07-02,0.27154,0.27092,0.27022,0.26978,0.26943,0.26921,0.26895,0.27116
2005,7,3,7/03/2005,0.27319,6.0,2005-07-03,0.27262,0.27154,0.27092,0.27022,0.26978,0.26943,0.26921,0.27146
2005,7,4,7/04/2005,0.27377,6.0,2005-07-04,0.27319,0.27262,0.27154,0.27092,0.27022,0.26978,0.26943,0.2717
2005,7,5,7/05/2005,0.2739,6.0,2005-07-05,0.27377,0.27319,0.27262,0.27154,0.27092,0.27022,0.26978,0.27178
2005,7,6,7/06/2005,0.27372,6.0,2005-07-06,0.2739,0.27377,0.27319,0.27262,0.27154,0.27092,0.27022,0.27159
2005,7,7,7/07/2005,0.27301,6.0,2005-07-07,0.27372,0.2739,0.27377,0.27319,0.27262,0.27154,0.27092,-999.0
2005,7,8,7/08/2005,0.27256,6.0,2005-07-08,0.27301,0.27372,0.2739,0.27377,0.27319,0.27262,0.27154,0.27079
2005,7,9,7/09/2005,0.27178,6.0,2005-07-09,0.27256,0.27301,0.27372,0.2739,0.27377,0.27319,0.27262,0.27066
2005,7,10,7/10/2005,0.2708,6.0,2005-07-10,0.27178,0.27256,0.27301,0.27372,0.2739,0.27377,0.27319,0.26987
2005,7,11,7/11/2005,0.27018,6.0,2005-07-11,0.2708,0.27178,0.27256,0.27301,0.27372,0.2739,0.27377,0.26904
2005,7,12,7/12/2005,0.26936,6.0,2005-07-12,0.27018,0.2708,0.27178,0.27256,0.27301,0.27372,0.2739,0.26902
2005,7,13,7/13/2005,0.26907,6.0,2005-07-13,0.26936,0.27018,0.2708,0.27178,0.27256,0.27301,0.27372,0.26856
2005,7,14,7/14/2005,-999.0,0.0,2005-07-14,0.26907,0.26936,0.27018,0.2708,0.27178,0.27256,0.27301,0.26826
2005,7,15,7/15/2005,0.26845,6.0,2005-07-15,-999.0,0.26907,0.26936,0.27018,0.2708,0.27178,0.27256,0.26848
2005,7,16,7/16/2005,0.26811,6.0,2005-07-16,0.26845,-999.0,0.26907,0.26936,0.27018,0.2708,0.27178,0.26852
2005,7,17,7/17/2005,0.26788,6.0,2005-07-17,0.26811,0.26845,-999.0,0.26907,0.26936,0.27018,0.2708,0.2687
2005,7,18,7/18/2005,0.26743,6.0,2005-07-18,0.26788,0.26811,0.26845,-999.0,0.26907,0.26936,0.27018,0.26876
2005,7,19,7/19/2005,0.2672,6.0,2005-07-19,0.26743,0.26788,0.26811,0.26845,-999.0,0.26907,0.26936,0.2691
2005,7,20,7/20/2005,0.26735,6.0,2005-07-20,0.2672,0.26743,0.26788,0.26811,0.26845,-999.0,0.26907,-999.0
2005,7,21,7/21/2005,0.26758,6.0,2005-07-21,0.26735,0.2672,0.26743,0.26788,0.26811,0.26845,-999.0,0.2688
2005,7,22,7/22/2005,0.26773,6.0,2005-07-22,0.26758,0.26735,0.2672,0.26743,0.26788,0.26811,0.26845,0.26895
2005,7,23,7/23/2005,0.26817,6.0,2005-07-23,0.26773,0.26758,0.26735,0.2672,0.26743,0.26788,0.26811,0.26921
2005,7,24,7/24/2005,0.26877,6.0,2005-07-24,0.26817,0.26773,0.26758,0.26735,0.2672,0.26743,0.26788,0.26943
2005,7,25,7/25/2005,0.26937,6.0,2005-07-25,0.26877,0.26817,0.26773,0.26758,0.26735,0.2672,0.26743,0.26978
2005,7,26,7/26/2005,0.27009,6.0,2005-07-26,0.26937,0.26877,0.26817,0.26773,0.26758,0.26735,0.2672,0.27022
2005,7,27,7/27/2005,0.27023,6.0,2005-07-27,0.27009,0.26937,0.26877,0.26817,0.26773,0.26758,0.26735,0.27092
2005,7,28,7/28/2005,0.2707,6.0,2005-07-28,0.27023,0.27009,0.26937,0.26877,0.26817,0.26773,0.26758,0.27154
2005,7,29,7/29/2005,0.27135,6.0,2005-07-29,0.2707,0.27023,0.27009,0.26937,0.26877,0.26817,0.26773,0.27262
2005,7,30,7/30/2005,0.27197,6.0,2005-07-30,0.27135,0.2707,0.27023,0.27009,0.26937,0.26877,0.26817,0.27319
2005,7,31,7/31/2005,0.27236,6.0,2005-07-31,0.27197,0.27135,0.2707,0.27023,0.27009,0.26937,0.26877,0.27377
2005,8,1,8/01/2005,0.27293,6.0,2005-08-01,0.27236,0.27197,0.27135,0.2707,0.27023,0.27009,0.26937,0.2739
2005,8,2,8/02/2005,0.27333,6.0,2005-08-02,0.27293,0.27236,0.27197,0.27135,0.2707,0.27023,0.27009,0.27372
2005,8,3,8/03/2005,0.2729,6.0,2005-08-03,0.27333,0.27293,0.27236,0.27197,0.27135,0.2707,0.27023,0.27301
2005,8,4,8/04/2005,0.27254,6.0,2005-08-04,0.2729,0.27333,0.27293,0.27236,0.27197,0.27135,0.2707,0.27256
2005,8,5,8/05/2005,0.27174,6.0,2005-08-05,0.27254,0.2729,0.27333,0.27293,0.27236,0.27197,0.27135,0.27178
2005,8,6,8/06/2005,0.27063,6.0,2005-08-06,0.27174,0.27254,0.2729,0.27333,0.27293,0.27236,0.27197,0.2708
2005,8,7,8/07/2005,0.27,6.0,2005-08-07,0.27063,0.27174,0.27254,0.2729,0.27333,0.27293,0.27236,0.27018
2005,8,8,8/08/2005,0.26976,6.0,2005-08-08,0.27,0.27063,0.27174,0.27254,0.2729,0.27333,0.27293,0.26936
2005,8,9,8/09/2005,0.26911,6.0,2005-08-09,0.26976,0.27,0.27063,0.27174,0.27254,0.2729,0.27333,0.26907
2005,8,10,8/10/2005,0.26835,6.0,2005-08-10,0.26911,0.26976,0.27,0.27063,0.27174,0.27254,0.2729,-999.0
2005,8,11,8/11/2005,-999.0,0.0,2005-08-11,0.26835,0.26911,0.26976,0.27,0.27063,0.27174,0.27254,0.26845
2005,8,12,8/12/2005,0.26777,6.0,2005-08-12,-999.0,0.26835,0.26911,0.26976,0.27,0.27063,0.27174,0.26811
2005,8,13,8/13/2005,0.26757,6.0,2005-08-13,0.26777,-999.0,0.26835,0.26911,0.26976,0.27,0.27063,0.26788
2005,8,14,8/14/2005,0.26747,6.0,2005-08-14,0.26757,0.26777,-999.0,0.26835,0.26911,0.26976,0.27,0.26743
2005,8,15,8/15/2005,0.26743,6.0,2005-08-15,0.26747,0.26757,0.26777,-999.0,0.26835,0.26911,0.26976,0.2672
2005,8,16,8/16/2005,0.2675,6.0,2005-08-16,0.26743,0.26747,0.26757,0.26777,-999.0,0.26835,0.26911,0.26735
2005,8,17,8/17/2005,0.26777,6.0,2005-08-17,0.2675,0.26743,0.26747,0.26757,0.26777,-999.0,0.26835,0.26758
2005,8,18,8/18/2005,0.26811,6.0,2005-08-18,0.26777,0.2675,0.26743,0.26747,0.26757,0.26777,-999.0,0.26773
2005,8,19,8/19/2005,0.26891,6.0,2005-08-19,0.26811,0.26777,0.2675,0.26743,0.26747,0.26757,0.26777,0.26817
2005,8,20,8/20/2005,0.26972,6.0,2005-08-20,0.26891,0.26811,0.26777,0.2675,0.26743,0.26747,0.26757,0.26877
2005,8,21,8/21/2005,0.27018,6.0,2005-08-21,0.26972,0.26891,0.26811,0.26777,0.2675,0.26743,0.26747,0.26937
2005,8,22,8/22/2005,0.27097,6.0,2005-08-22,0.27018,0.26972,0.26891,0.26811,0.26777,0.2675,0.26743,0.27009
2005,8,23,8/23/2005,0.27073,6.0,2005-08-23,0.27097,0.27018,0.26972,0.26891,0.26811,0.26777,0.2675,0.27023
2005,8,24,8/24/2005,0.27136,6.0,2005-08-24,0.27073,0.27097,0.27018,0.26972,0.26891,0.26811,0.26777,0.2707
2005,8,25,8/25/2005,-999.0,0.0,2005-08-25,0.27136,0.27073,0.27097,0.27018,0.26972,0.26891,0.26811,0.27135
2005,8,26,8/26/2005,0.27197,6.0,2005-08-26,-999.0,0.27136,0.27073,0.27097,0.27018,0.26972,0.26891,0.27197
2005,8,27,8/27/2005,0.2722,6.0,2005-08-27,0.27197,-999.0,0.27136,0.27073,0.27097,0.27018,0.26972,0.27236
2005,8,28,8/28/2005,0.27225,6.0,2005-08-28,0.2722,0.27197,-999.0,0.27136,0.27073,0.27097,0.27018,0.27293
2005,8,29,8/29/2005,0.27198,6.0,2005-08-29,0.27225,0.2722,0.27197,-999.0,0.27136,0.27073,0.27097,0.27333
2005,8,30,8/30/2005,0.27168,6.0,2005-08-30,0.27198,0.27225,0.2722,0.27197,-999.0,0.27136,0.27073,0.2729
2005,8,31,8/31/2005,0.27077,6.0,2005-08-31,0.27168,0.27198,0.27225,0.2722,0.27197,-999.0,0.27136,0.27254
2005,9,1,9/01/2005,0.27044,6.0,2005-09-01,0.27077,0.27168,0.27198,0.27225,0.2722,0.27197,-999.0,0.27174
2005,9,2,9/02/2005,0.26986,6.0,2005-09-02,0.27044,0.27077,0.27168,0.27198,0.27225,0.2722,0.27197,0.27063
2005,9,3,9/03/2005,0.26893,6.0,2005-09-03,0.26986,0.27044,0.27077,0.27168,0.27198,0.27225,0.2722,0.27
2005,9,4,9/04/2005,-999.0,0.0,2005-09-04,0.26893,0.26986,0.27044,0.27077,0.27168,0.27198,0.27225,0.26976
2005,9,5,9/05/2005,-999.0,0.0,2005-09-05,-999.0,0.26893,0.26986,0.27044,0.27077,0.27168,0.27198,0.26911
2005,9,6,9/06/2005,0.26761,6.0,2005-09-06,-999.0,-999.0,0.26893,0.26986,0.27044,0.27077,0.27168,0.26835
2005,9,7,9/07/2005,0.26739,6.0,2005-09-07,0.26761,-999.0,-999.0,0.26893,0.26986,0.27044,0.27077,-999.0
2005,9,8,9/08/2005,0.2678,6.0,2005-09-08,0.26739,0.26761,-999.0,-999.0,0.26893,0.26986,0.27044,0.26777
2005,9,9,9/09/2005,0.26839,6.0,2005-09-09,0.2678,0.26739,0.26761,-999.0,-999.0,0.26893,0.26986,0.26757
2005,9,10,9/10/2005,0.26902,6.0,2005-09-10,0.26839,0.2678,0.26739,0.26761,-999.0,-999.0,0.26893,0.26747
2005,9,11,9/11/2005,0.26966,6.0,2005-09-11,0.26902,0.26839,0.2678,0.26739,0.26761,-999.0,-999.0,0.26743
2005,9,12,9/12/2005,0.27019,6.0,2005-09-12,0.26966,0.26902,0.26839,0.2678,0.26739,0.26761,-999.0,0.2675
2005,9,13,9/13/2005,0.27087,6.0,2005-09-13,0.27019,0.26966,0.26902,0.26839,0.2678,0.26739,0.26761,0.26777
2005,9,14,9/14/2005,0.27136,6.0,2005-09-14,0.27087,0.27019,0.26966,0.26902,0.26839,0.2678,0.26739,0.26811
2005,9,15,9/15/2005,0.2715,6.0,2005-09-15,0.27136,0.27087,0.27019,0.26966,0.26902,0.26839,0.2678,0.26891
2005,9,16,9/16/2005,0.27161,6.0,2005-09-16,0.2715,0.27136,0.27087,0.27019,0.26966,0.26902,0.26839,0.26972
2005,9,17,9/17/2005,0.2715,6.0,2005-09-17,0.27161,0.2715,0.27136,0.27087,0.27019,0.26966,0.26902,0.27018
2005,9,18,9/18/2005,0.27151,6.0,2005-09-18,0.2715,0.27161,0.2715,0.27136,0.27087,0.27019,0.26966,0.27097
2005,9,19,9/19/2005,-999.0,0.0,2005-09-19,0.27151,0.2715,0.27161,0.2715,0.27136,0.27087,0.27019,0.27073
2005,9,20,9/20/2005,0.27076,6.0,2005-09-20,-999.0,0.27151,0.2715,0.27161,0.2715,0.27136,0.27087,0.27136
2005,9,21,9/21/2005,0.27027,6.0,2005-09-21,0.27076,-999.0,0.27151,0.2715,0.27161,0.2715,0.27136,-999.0
2005,9,22,9/22/2005,0.27054,6.0,2005-09-22,0.27027,0.27076,-999.0,0.27151,0.2715,0.27161,0.2715,0.27197
2005,9,23,9/23/2005,0.27039,6.0,2005-09-23,0.27054,0.27027,0.27076,-999.0,0.27151,0.2715,0.27161,0.2722
2005,9,24,9/24/2005,0.27016,6.0,2005-09-24,0.27039,0.27054,0.27027,0.27076,-999.0,0.27151,0.2715,0.27225
2005,9,25,9/25/2005,0.27011,6.0,2005-09-25,0.27016,0.27039,0.27054,0.27027,0.27076,-999.0,0.27151,0.27198
2005,9,26,9/26/2005,0.26993,6.0,2005-09-26,0.27011,0.27016,0.27039,0.27054,0.27027,0.27076,-999.0,0.27168
2005,9,27,9/27/2005,0.26922,6.0,2005-09-27,0.26993,0.27011,0.27016,0.27039,0.27054,0.27027,0.27076,0.27077
2005,9,28,9/28/2005,0.26863,6.0,2005-09-28,0.26922,0.26993,0.27011,0.27016,0.27039,0.27054,0.27027,0.27044
2005,9,29,9/29/2005,0.26818,6.0,2005-09-29,0.26863,0.26922,0.26993,0.27011,0.27016,0.27039,0.27054,0.26986
2005,9,30,9/30/2005,0.26785,6.0,2005-09-30,0.26818,0.26863,0.26922,0.26993,0.27011,0.27016,0.27039,0.26893
2005,10,1,10/01/2005,0.26765,6.0,2005-10-01,0.26785,0.26818,0.26863,0.26922,0.26993,0.27011,0.27016,-999.0
2005,10,2,10/02/2005,0.26735,6.0,2005-10-02,0.26765,0.26785,0.26818,0.26863,0.26922,0.26993,0.27011,-999.0
2005,10,3,10/03/2005,0.26729,6.0,2005-10-03,0.26735,0.26765,0.26785,0.26818,0.26863,0.26922,0.26993,0.26761
2005,10,4,10/04/2005,0.26773,6.0,2005-10-04,0.26729,0.26735,0.26765,0.26785,0.26818,0.26863,0.26922,0.26739
2005,10,5,10/05/2005,0.26825,6.0,2005-10-05,0.26773,0.26729,0.26735,0.26765,0.26785,0.26818,0.26863,0.2678
2005,10,6,10/06/2005,0.26855,6.0,2005-10-06,0.26825,0.26773,0.26729,0.26735,0.26765,0.26785,0.26818,0.26839
2005,10,7,10/07/2005,0.26939,6.0,2005-10-07,0.26855,0.26825,0.26773,0.26729,0.26735,0.26765,0.26785,0.26902
2005,10,8,10/08/2005,0.26944,6.0,2005-10-08,0.26939,0.26855,0.26825,0.26773,0.26729,0.26735,0.26765,0.26966
2005,10,9,10/09/2005,0.26964,6.0,2005-10-09,0.26944,0.26939,0.26855,0.26825,0.26773,0.26729,0.26735,0.27019
2005,10,10,10/10/2005,0.26972,6.0,2005-10-10,0.26964,0.26944,0.26939,0.26855,0.26825,0.26773,0.26729,0.27087
2005,10,11,10/11/2005,0.26992,6.0,2005-10-11,0.26972,0.26964,0.26944,0.26939,0.26855,0.26825,0.26773,0.27136
2005,10,12,10/12/2005,0.27008,6.0,2005-10-12,0.26992,0.26972,0.26964,0.26944,0.26939,0.26855,0.26825,0.2715
2005,10,13,10/13/2005,0.26991,6.0,2005-10-13,0.27008,0.26992,0.26972,0.26964,0.26944,0.26939,0.26855,0.27161
2005,10,14,10/14/2005,0.26934,6.0,2005-10-14,0.26991,0.27008,0.26992,0.26972,0.26964,0.26944,0.26939,0.2715
2005,10,15,10/15/2005,0.26927,6.0,2005-10-15,0.26934,0.26991,0.27008,0.26992,0.26972,0.26964,0.26944,0.27151
2005,10,16,10/16/2005,0.26914,6.0,2005-10-16,0.26927,0.26934,0.26991,0.27008,0.26992,0.26972,0.26964,-999.0
2005,10,17,10/17/2005,0.26873,6.0,2005-10-17,0.26914,0.26927,0.26934,0.26991,0.27008,0.26992,0.26972,0.27076
2005,10,18,10/18/2005,0.26878,6.0,2005-10-18,0.26873,0.26914,0.26927,0.26934,0.26991,0.27008,0.26992,0.27027
2005,10,19,10/19/2005,0.26904,6.0,2005-10-19,0.26878,0.26873,0.26914,0.26927,0.26934,0.26991,0.27008,0.27054
2005,10,20,10/20/2005,0.26882,6.0,2005-10-20,0.26904,0.26878,0.26873,0.26914,0.26927,0.26934,0.26991,0.27039
2005,10,21,10/21/2005,0.26883,6.0,2005-10-21,0.26882,0.26904,0.26878,0.26873,0.26914,0.26927,0.26934,0.27016
2005,10,22,10/22/2005,0.26872,6.0,2005-10-22,0.26883,0.26882,0.26904,0.26878,0.26873,0.26914,0.26927,0.27011
2005,10,23,10/23/2005,0.26861,6.0,2005-10-23,0.26872,0.26883,0.26882,0.26904,0.26878,0.26873,0.26914,0.26993
2005,10,24,10/24/2005,0.26834,6.0,2005-10-24,0.26861,0.26872,0.26883,0.26882,0.26904,0.26878,0.26873,0.26922
2005,10,25,10/25/2005,0.26822,6.0,2005-10-25,0.26834,0.26861,0.26872,0.26883,0.26882,0.26904,0.26878,0.26863
2005,10,26,10/26/2005,0.26785,6.0,2005-10-26,0.26822,0.26834,0.26861,0.26872,0.26883,0.26882,0.26904,0.26818
2005,10,27,10/27/2005,0.26774,6.0,2005-10-27,0.26785,0.26822,0.26834,0.26861,0.26872,0.26883,0.26882,0.26785
2005,10,28,10/28/2005,0.26756,6.0,2005-10-28,0.26774,0.26785,0.26822,0.26834,0.26861,0.26872,0.26883,0.26765
2005,10,29,10/29/2005,0.26742,6.0,2005-10-29,0.26756,0.26774,0.26785,0.26822,0.26834,0.26861,0.26872,0.26735
2005,10,30,10/30/2005,0.26728,6.0,2005-10-30,0.26742,0.26756,0.26774,0.26785,0.26822,0.26834,0.26861,0.26729
2005,10,31,10/31/2005,0.26774,6.0,2005-10-31,0.26728,0.26742,0.26756,0.26774,0.26785,0.26822,0.26834,0.26773
2005,11,1,11/01/2005,0.26803,6.0,2005-11-01,0.26774,0.26728,0.26742,0.26756,0.26774,0.26785,0.26822,0.26825
2005,11,2,11/02/2005,0.26842,6.0,2005-11-02,0.26803,0.26774,0.26728,0.26742,0.26756,0.26774,0.26785,0.26855
2005,11,3,11/03/2005,0.26887,6.0,2005-11-03,0.26842,0.26803,0.26774,0.26728,0.26742,0.26756,0.26774,0.26939
2005,11,4,11/04/2005,0.26935,6.0,2005-11-04,0.26887,0.26842,0.26803,0.26774,0.26728,0.26742,0.26756,0.26944
2005,11,5,11/05/2005,0.26921,6.0,2005-11-05,0.26935,0.26887,0.26842,0.26803,0.26774,0.26728,0.26742,0.26964
2005,11,6,11/06/2005,0.26986,6.0,2005-11-06,0.26921,0.26935,0.26887,0.26842,0.26803,0.26774,0.26728,0.26972
2005,11,7,11/07/2005,0.26987,6.0,2005-11-07,0.26986,0.26921,0.26935,0.26887,0.26842,0.26803,0.26774,0.26992
2005,11,8,11/08/2005,0.26973,6.0,2005-11-08,0.26987,0.26986,0.26921,0.26935,0.26887,0.26842,0.26803,0.27008
2005,11,9,11/09/2005,0.26954,6.0,2005-11-09,0.26973,0.26987,0.26986,0.26921,0.26935,0.26887,0.26842,0.26991
2005,11,10,11/10/2005,0.26934,6.0,2005-11-10,0.26954,0.26973,0.26987,0.26986,0.26921,0.26935,0.26887,0.26934
2005,11,11,11/11/2005,0.26877,6.0,2005-11-11,0.26934,0.26954,0.26973,0.26987,0.26986,0.26921,0.26935,0.26927
2005,11,12,11/12/2005,0.26836,6.0,2005-11-12,0.26877,0.26934,0.26954,0.26973,0.26987,0.26986,0.26921,0.26914
2005,11,13,11/13/2005,0.2686,6.0,2005-11-13,0.26836,0.26877,0.26934,0.26954,0.26973,0.26987,0.26986,0.26873
2005,11,14,11/14/2005,0.26831,6.0,2005-11-14,0.2686,0.26836,0.26877,0.26934,0.26954,0.26973,0.26987,0.26878
2005,11,15,11/15/2005,0.26845,6.0,2005-11-15,0.26831,0.2686,0.26836,0.26877,0.26934,0.26954,0.26973,0.26904
2005,11,16,11/16/2005,0.26882,6.0,2005-11-16,0.26845,0.26831,0.2686,0.26836,0.26877,0.26934,0.26954,0.26882
2005,11,17,11/17/2005,0.26889,6.0,2005-11-17,0.26882,0.26845,0.26831,0.2686,0.26836,0.26877,0.26934,0.26883
2005,11,18,11/18/2005,-999.0,0.0,2005-11-18,0.26889,0.26882,0.26845,0.26831,0.2686,0.26836,0.26877,0.26872
2005,11,19,11/19/2005,0.26923,6.0,2005-11-19,-999.0,0.26889,0.26882,0.26845,0.26831,0.2686,0.26836,0.26861
2005,11,20,11/20/2005,0.2692,6.0,2005-11-20,0.26923,-999.0,0.26889,0.26882,0.26845,0.26831,0.2686,0.26834
2005,11,21,11/21/2005,0.26944,6.0,2005-11-21,0.2692,0.26923,-999.0,0.26889,0.26882,0.26845,0.26831,0.26822
2005,11,22,11/22/2005,0.2692,6.0,2005-11-22,0.26944,0.2692,0.26923,-999.0,0.26889,0.26882,0.26845,0.26785
2005,11,23,11/23/2005,0.26907,6.0,2005-11-23,0.2692,0.26944,0.2692,0.26923,-999.0,0.26889,0.26882,0.26774
2005,11,24,11/24/2005,0.26889,6.0,2005-11-24,0.26907,0.2692,0.26944,0.2692,0.26923,-999.0,0.26889,0.26756
2005,11,25,11/25/2005,0.26854,6.0,2005-11-25,0.26889,0.26907,0.2692,0.26944,0.2692,0.26923,-999.0,0.26742
2005,11,26,11/26/2005,0.26839,6.0,2005-11-26,0.26854,0.26889,0.26907,0.2692,0.26944,0.2692,0.26923,0.26728
2005,11,27,11/27/2005,0.26827,6.0,2005-11-27,0.26839,0.26854,0.26889,0.26907,0.2692,0.26944,0.2692,0.26774
2005,11,28,11/28/2005,-999.0,0.0,2005-11-28,0.26827,0.26839,0.26854,0.26889,0.26907,0.2692,0.26944,0.26803
2005,11,29,11/29/2005,0.26928,6.0,2005-11-29,-999.0,0.26827,0.26839,0.26854,0.26889,0.26907,0.2692,0.26842
2005,11,30,11/30/2005,0.26966,6.0,2005-11-30,0.26928,-999.0,0.26827,0.26839,0.26854,0.26889,0.26907,0.26887
2005,12,1,12/01/2005,0.27039,6.0,2005-12-01,0.26966,0.26928,-999.0,0.26827,0.26839,0.26854,0.26889,0.26935
2005,12,2,12/02/2005,-999.0,0.0,2005-12-02,0.27039,0.26966,0.26928,-999.0,0.26827,0.26839,0.26854,0.26921
2005,12,3,12/03/2005,0.27101,6.0,2005-12-03,-999.0,0.27039,0.26966,0.26928,-999.0,0.26827,0.26839,0.26986
2005,12,4,12/04/2005,0.27101,6.0,2005-12-04,0.27101,-999.0,0.27039,0.26966,0.26928,-999.0,0.26827,0.26987
2005,12,5,12/05/2005,0.27131,6.0,2005-12-05,0.27101,0.27101,-999.0,0.27039,0.26966,0.26928,-999.0,0.26973
2005,12,6,12/06/2005,0.2711,6.0,2005-12-06,0.27131,0.27101,0.27101,-999.0,0.27039,0.26966,0.26928,0.26954
2005,12,7,12/07/2005,0.27036,6.0,2005-12-07,0.2711,0.27131,0.27101,0.27101,-999.0,0.27039,0.26966,0.26934
2005,12,8,12/08/2005,0.26974,6.0,2005-12-08,0.27036,0.2711,0.27131,0.27101,0.27101,-999.0,0.27039,0.26877
2005,12,9,12/09/2005,0.26915,6.0,2005-12-09,0.26974,0.27036,0.2711,0.27131,0.27101,0.27101,-999.0,0.26836
2005,12,10,12/10/2005,0.26911,6.0,2005-12-10,0.26915,0.26974,0.27036,0.2711,0.27131,0.27101,0.27101,0.2686
2005,12,11,12/11/2005,0.26907,6.0,2005-12-11,0.26911,0.26915,0.26974,0.27036,0.2711,0.27131,0.27101,0.26831
2005,12,12,12/12/2005,0.26934,6.0,2005-12-12,0.26907,0.26911,0.26915,0.26974,0.27036,0.2711,0.27131,0.26845
2005,12,13,12/13/2005,0.26953,6.0,2005-12-13,0.26934,0.26907,0.26911,0.26915,0.26974,0.27036,0.2711,0.26882
2005,12,14,12/14/2005,0.26974,6.0,2005-12-14,0.26953,0.26934,0.26907,0.26911,0.26915,0.26974,0.27036,0.26889
2005,12,15,12/15/2005,0.26956,6.0,2005-12-15,0.26974,0.26953,0.26934,0.26907,0.26911,0.26915,0.26974,-999.0
2005,12,16,12/16/2005,0.26945,6.0,2005-12-16,0.26956,0.26974,0.26953,0.26934,0.26907,0.26911,0.26915,0.26923
2005,12,17,12/17/2005,0.26919,6.0,2005-12-17,0.26945,0.26956,0.26974,0.26953,0.26934,0.26907,0.26911,0.2692
2005,12,18,12/18/2005,0.26902,6.0,2005-12-18,0.26919,0.26945,0.26956,0.26974,0.26953,0.26934,0.26907,0.26944
2005,12,19,12/19/2005,0.26921,6.0,2005-12-19,0.26902,0.26919,0.26945,0.26956,0.26974,0.26953,0.26934,0.2692
2005,12,20,12/20/2005,0.26921,6.0,2005-12-20,0.26921,0.26902,0.26919,0.26945,0.26956,0.26974,0.26953,0.26907
2005,12,21,12/21/2005,0.26867,6.0,2005-12-21,0.26921,0.26921,0.26902,0.26919,0.26945,0.26956,0.26974,0.26889
2005,12,22,12/22/2005,0.26852,6.0,2005-12-22,0.26867,0.26921,0.26921,0.26902,0.26919,0.26945,0.26956,0.26854
2005,12,23,12/23/2005,0.26865,6.0,2005-12-23,0.26852,0.26867,0.26921,0.26921,0.26902,0.26919,0.26945,0.26839
2005,12,24,12/24/2005,0.26856,6.0,2005-12-24,0.26865,0.26852,0.26867,0.26921,0.26921,0.26902,0.26919,0.26827
2005,12,25,12/25/2005,0.26931,6.0,2005-12-25,0.26856,0.26865,0.26852,0.26867,0.26921,0.26921,0.26902,-999.0
2005,12,26,12/26/2005,0.27002,6.0,2005-12-26,0.26931,0.26856,0.26865,0.26852,0.26867,0.26921,0.26921,0.26928
2005,12,27,12/27/2005,0.27101,6.0,2005-12-27,0.27002,0.26931,0.26856,0.26865,0.26852,0.26867,0.26921,0.26966
2005,12,28,12/28/2005,0.27174,6.0,2005-12-28,0.27101,0.27002,0.26931,0.26856,0.26865,0.26852,0.26867,0.27039
2005,12,29,12/29/2005,0.2718,6.0,2005-12-29,0.27174,0.27101,0.27002,0.26931,0.26856,0.26865,0.26852,-999.0
2005,12,30,12/30/2005,0.27192,6.0,2005-12-30,0.2718,0.27174,0.27101,0.27002,0.26931,0.26856,0.26865,0.27101
2005,12,31,12/31/2005,0.27173,6.0,2005-12-31,0.27192,0.2718,0.27174,0.27101,0.27002,0.26931,0.26856,0.27101
2006,1,1,1/01/2006,0.27125,6.0,2006-01-01,0.27173,0.27192,0.2718,0.27174,0.27101,0.27002,0.26931,0.27131
2006,1,2,1/02/2006,0.27099,6.0,2006-01-02,0.27125,0.27173,0.27192,0.2718,0.27174,0.27101,0.27002,0.2711
2006,1,3,1/03/2006,0.27061,6.0,2006-01-03,0.27099,0.27125,0.27173,0.27192,0.2718,0.27174,0.27101,0.27036
2006,1,4,1/04/2006,0.27023,6.0,2006-01-04,0.27061,0.27099,0.27125,0.27173,0.27192,0.2718,0.27174,0.26974
2006,1,5,1/05/2006,0.26951,6.0,2006-01-05,0.27023,0.27061,0.27099,0.27125,0.27173,0.27192,0.2718,0.26915
2006,1,6,1/06/2006,0.26865,6.0,2006-01-06,0.26951,0.27023,0.27061,0.27099,0.27125,0.27173,0.27192,0.26911
2006,1,7,1/07/2006,0.2683,6.0,2006-01-07,0.26865,0.26951,0.27023,0.27061,0.27099,0.27125,0.27173,0.26907
2006,1,8,1/08/2006,0.26789,6.0,2006-01-08,0.2683,0.26865,0.26951,0.27023,0.27061,0.27099,0.27125,0.26934
2006,1,9,1/09/2006,0.26815,6.0,2006-01-09,0.26789,0.2683,0.26865,0.26951,0.27023,0.27061,0.27099,0.26953
2006,1,10,1/10/2006,0.26814,6.0,2006-01-10,0.26815,0.26789,0.2683,0.26865,0.26951,0.27023,0.27061,0.26974
2006,1,11,1/11/2006,0.26826,6.0,2006-01-11,0.26814,0.26815,0.26789,0.2683,0.26865,0.26951,0.27023,0.26956
2006,1,12,1/12/2006,0.26838,6.0,2006-01-12,0.26826,0.26814,0.26815,0.26789,0.2683,0.26865,0.26951,0.26945
2006,1,13,1/13/2006,0.26822,6.0,2006-01-13,0.26838,0.26826,0.26814,0.26815,0.26789,0.2683,0.26865,0.26919
2006,1,14,1/14/2006,0.26829,6.0,2006-01-14,0.26822,0.26838,0.26826,0.26814,0.26815,0.26789,0.2683,0.26902
2006,1,15,1/15/2006,0.26812,6.0,2006-01-15,0.26829,0.26822,0.26838,0.26826,0.26814,0.26815,0.26789,0.26921
2006,1,16,1/16/2006,0.26842,6.0,2006-01-16,0.26812,0.26829,0.26822,0.26838,0.26826,0.26814,0.26815,0.26921
2006,1,17,1/17/2006,0.26873,6.0,2006-01-17,0.26842,0.26812,0.26829,0.26822,0.26838,0.26826,0.26814,0.26867
2006,1,18,1/18/2006,0.26859,6.0,2006-01-18,0.26873,0.26842,0.26812,0.26829,0.26822,0.26838,0.26826,0.26852
2006,1,19,1/19/2006,0.26886,6.0,2006-01-19,0.26859,0.26873,0.26842,0.26812,0.26829,0.26822,0.26838,0.26865
2006,1,20,1/20/2006,0.26863,6.0,2006-01-20,0.26886,0.26859,0.26873,0.26842,0.26812,0.26829,0.26822,0.26856
2006,1,21,1/21/2006,0.26935,6.0,2006-01-21,0.26863,0.26886,0.26859,0.26873,0.26842,0.26812,0.26829,0.26931
2006,1,22,1/22/2006,-999.0,0.0,2006-01-22,0.26935,0.26863,0.26886,0.26859,0.26873,0.26842,0.26812,0.27002
2006,1,23,1/23/2006,0.27001,6.0,2006-01-23,-999.0,0.26935,0.26863,0.26886,0.26859,0.26873,0.26842,0.27101
2006,1,24,1/24/2006,0.2704,6.0,2006-01-24,0.27001,-999.0,0.26935,0.26863,0.26886,0.26859,0.26873,0.27174
2006,1,25,1/25/2006,0.27044,6.0,2006-01-25,0.2704,0.27001,-999.0,0.26935,0.26863,0.26886,0.26859,0.2718
2006,1,26,1/26/2006,0.27052,6.0,2006-01-26,0.27044,0.2704,0.27001,-999.0,0.26935,0.26863,0.26886,0.27192
2006,1,27,1/27/2006,0.27031,6.0,2006-01-27,0.27052,0.27044,0.2704,0.27001,-999.0,0.26935,0.26863,0.27173
2006,1,28,1/28/2006,0.27004,6.0,2006-01-28,0.27031,0.27052,0.27044,0.2704,0.27001,-999.0,0.26935,0.27125
2006,1,29,1/29/2006,0.26955,6.0,2006-01-29,0.27004,0.27031,0.27052,0.27044,0.2704,0.27001,-999.0,0.27099
2006,1,30,1/30/2006,0.26896,6.0,2006-01-30,0.26955,0.27004,0.27031,0.27052,0.27044,0.2704,0.27001,0.27061
2006,1,31,1/31/2006,0.26859,6.0,2006-01-31,0.26896,0.26955,0.27004,0.27031,0.27052,0.27044,0.2704,0.27023
2006,2,1,2/01/2006,0.26831,6.0,2006-02-01,0.26859,0.26896,0.26955,0.27004,0.27031,0.27052,0.27044,0.26951
2006,2,2,2/02/2006,0.26799,6.0,2006-02-02,0.26831,0.26859,0.26896,0.26955,0.27004,0.27031,0.27052,0.26865
2006,2,3,2/03/2006,0.26761,6.0,2006-02-03,0.26799,0.26831,0.26859,0.26896,0.26955,0.27004,0.27031,0.2683
2006,2,4,2/04/2006,0.26747,6.0,2006-02-04,0.26761,0.26799,0.26831,0.26859,0.26896,0.26955,0.27004,0.26789
2006,2,5,2/05/2006,0.26772,6.0,2006-02-05,0.26747,0.26761,0.26799,0.26831,0.26859,0.26896,0.26955,0.26815
2006,2,6,2/06/2006,0.26788,6.0,2006-02-06,0.26772,0.26747,0.26761,0.26799,0.26831,0.26859,0.26896,0.26814
2006,2,7,2/07/2006,0.26785,6.0,2006-02-07,0.26788,0.26772,0.26747,0.26761,0.26799,0.26831,0.26859,0.26826
2006,2,8,2/08/2006,0.26782,6.0,2006-02-08,0.26785,0.26788,0.26772,0.26747,0.26761,0.26799,0.26831,0.26838
2006,2,9,2/09/2006,0.26782,6.0,2006-02-09,0.26782,0.26785,0.26788,0.26772,0.26747,0.26761,0.26799,0.26822
2006,2,10,2/10/2006,0.26783,6.0,2006-02-10,0.26782,0.26782,0.26785,0.26788,0.26772,0.26747,0.26761,0.26829
2006,2,11,2/11/2006,0.26813,6.0,2006-02-11,0.26783,0.26782,0.26782,0.26785,0.26788,0.26772,0.26747,0.26812
2006,2,12,2/12/2006,0.26807,6.0,2006-02-12,0.26813,0.26783,0.26782,0.26782,0.26785,0.26788,0.26772,0.26842
2006,2,13,2/13/2006,0.26768,6.0,2006-02-13,0.26807,0.26813,0.26783,0.26782,0.26782,0.26785,0.26788,0.26873
2006,2,14,2/14/2006,0.26787,6.0,2006-02-14,0.26768,0.26807,0.26813,0.26783,0.26782,0.26782,0.26785,0.26859
2006,2,15,2/15/2006,0.26806,6.0,2006-02-15,0.26787,0.26768,0.26807,0.26813,0.26783,0.26782,0.26782,0.26886
2006,2,16,2/16/2006,0.2681,6.0,2006-02-16,0.26806,0.26787,0.26768,0.26807,0.26813,0.26783,0.26782,0.26863
2006,2,17,2/17/2006,0.26862,6.0,2006-02-17,0.2681,0.26806,0.26787,0.26768,0.26807,0.26813,0.26783,0.26935
2006,2,18,2/18/2006,0.26926,6.0,2006-02-18,0.26862,0.2681,0.26806,0.26787,0.26768,0.26807,0.26813,-999.0
2006,2,19,2/19/2006,0.26925,6.0,2006-02-19,0.26926,0.26862,0.2681,0.26806,0.26787,0.26768,0.26807,0.27001
2006,2,20,2/20/2006,0.26934,6.0,2006-02-20,0.26925,0.26926,0.26862,0.2681,0.26806,0.26787,0.26768,0.2704
2006,2,21,2/21/2006,0.26929,6.0,2006-02-21,0.26934,0.26925,0.26926,0.26862,0.2681,0.26806,0.26787,0.27044
2006,2,22,2/22/2006,0.26894,6.0,2006-02-22,0.26929,0.26934,0.26925,0.26926,0.26862,0.2681,0.26806,0.27052
2006,2,23,2/23/2006,0.26895,6.0,2006-02-23,0.26894,0.26929,0.26934,0.26925,0.26926,0.26862,0.2681,0.27031
2006,2,24,2/24/2006,0.26886,6.0,2006-02-24,0.26895,0.26894,0.26929,0.26934,0.26925,0.26926,0.26862,0.27004
2006,2,25,2/25/2006,0.26862,6.0,2006-02-25,0.26886,0.26895,0.26894,0.26929,0.26934,0.26925,0.26926,0.26955
2006,2,26,2/26/2006,0.26835,6.0,2006-02-26,0.26862,0.26886,0.26895,0.26894,0.26929,0.26934,0.26925,0.26896
2006,2,27,2/27/2006,0.26836,6.0,2006-02-27,0.26835,0.26862,0.26886,0.26895,0.26894,0.26929,0.26934,0.26859
2006,2,28,2/28/2006,0.26843,6.0,2006-02-28,0.26836,0.26835,0.26862,0.26886,0.26895,0.26894,0.26929,0.26831
2006,3,1,3/01/2006,0.26828,6.0,2006-03-01,0.26843,0.26836,0.26835,0.26862,0.26886,0.26895,0.26894,0.26799
2006,3,2,3/02/2006,0.26789,6.0,2006-03-02,0.26828,0.26843,0.26836,0.26835,0.26862,0.26886,0.26895,0.26761
2006,3,3,3/03/2006,0.26788,6.0,2006-03-03,0.26789,0.26828,0.26843,0.26836,0.26835,0.26862,0.26886,0.26747
2006,3,4,3/04/2006,0.26789,6.0,2006-03-04,0.26788,0.26789,0.26828,0.26843,0.26836,0.26835,0.26862,0.26772
2006,3,5,3/05/2006,0.26797,6.0,2006-03-05,0.26789,0.26788,0.26789,0.26828,0.26843,0.26836,0.26835,0.26788
2006,3,6,3/06/2006,0.26838,6.0,2006-03-06,0.26797,0.26789,0.26788,0.26789,0.26828,0.26843,0.26836,0.26785
2006,3,7,3/07/2006,0.26783,6.0,2006-03-07,0.26838,0.26797,0.26789,0.26788,0.26789,0.26828,0.26843,0.26782
2006,3,8,3/08/2006,0.26778,6.0,2006-03-08,0.26783,0.26838,0.26797,0.26789,0.26788,0.26789,0.26828,0.26782
2006,3,9,3/09/2006,0.26757,6.0,2006-03-09,0.26778,0.26783,0.26838,0.26797,0.26789,0.26788,0.26789,0.26783
2006,3,10,3/10/2006,0.2674,6.0,2006-03-10,0.26757,0.26778,0.26783,0.26838,0.26797,0.26789,0.26788,0.26813
2006,3,11,3/11/2006,0.26734,6.0,2006-03-11,0.2674,0.26757,0.26778,0.26783,0.26838,0.26797,0.26789,0.26807
2006,3,12,3/12/2006,0.26745,6.0,2006-03-12,0.26734,0.2674,0.26757,0.26778,0.26783,0.26838,0.26797,0.26768
2006,3,13,3/13/2006,0.26762,6.0,2006-03-13,0.26745,0.26734,0.2674,0.26757,0.26778,0.26783,0.26838,0.26787
2006,3,14,3/14/2006,0.2676,6.0,2006-03-14,0.26762,0.26745,0.26734,0.2674,0.26757,0.26778,0.26783,0.26806
2006,3,15,3/15/2006,0.26759,6.0,2006-03-15,0.2676,0.26762,0.26745,0.26734,0.2674,0.26757,0.26778,0.2681
2006,3,16,3/16/2006,0.26767,6.0,2006-03-16,0.26759,0.2676,0.26762,0.26745,0.26734,0.2674,0.26757,0.26862
2006,3,17,3/17/2006,0.26782,6.0,2006-03-17,0.26767,0.26759,0.2676,0.26762,0.26745,0.26734,0.2674,0.26926
2006,3,18,3/18/2006,0.26815,6.0,2006-03-18,0.26782,0.26767,0.26759,0.2676,0.26762,0.26745,0.26734,0.26925
2006,3,19,3/19/2006,0.26843,6.0,2006-03-19,0.26815,0.26782,0.26767,0.26759,0.2676,0.26762,0.26745,0.26934
2006,3,20,3/20/2006,0.26857,6.0,2006-03-20,0.26843,0.26815,0.26782,0.26767,0.26759,0.2676,0.26762,0.26929
2006,3,21,3/21/2006,0.26867,6.0,2006-03-21,0.26857,0.26843,0.26815,0.26782,0.26767,0.26759,0.2676,0.26894
2006,3,22,3/22/2006,0.26871,6.0,2006-03-22,0.26867,0.26857,0.26843,0.26815,0.26782,0.26767,0.26759,0.26895
2006,3,23,3/23/2006,0.26866,6.0,2006-03-23,0.26871,0.26867,0.26857,0.26843,0.26815,0.26782,0.26767,0.26886
2006,3,24,3/24/2006,0.26849,6.0,2006-03-24,0.26866,0.26871,0.26867,0.26857,0.26843,0.26815,0.26782,0.26862
2006,3,25,3/25/2006,0.26813,6.0,2006-03-25,0.26849,0.26866,0.26871,0.26867,0.26857,0.26843,0.26815,0.26835
2006,3,26,3/26/2006,0.26752,6.0,2006-03-26,0.26813,0.26849,0.26866,0.26871,0.26867,0.26857,0.26843,0.26836
2006,3,27,3/27/2006,0.2675,6.0,2006-03-27,0.26752,0.26813,0.26849,0.26866,0.26871,0.26867,0.26857,0.26843
2006,3,28,3/28/2006,0.26749,6.0,2006-03-28,0.2675,0.26752,0.26813,0.26849,0.26866,0.26871,0.26867,0.26828
2006,3,29,3/29/2006,0.26758,6.0,2006-03-29,0.26749,0.2675,0.26752,0.26813,0.26849,0.26866,0.26871,0.26789
2006,3,30,3/30/2006,0.26804,6.0,2006-03-30,0.26758,0.26749,0.2675,0.26752,0.26813,0.26849,0.26866,0.26788
2006,3,31,3/31/2006,0.26866,6.0,2006-03-31,0.26804,0.26758,0.26749,0.2675,0.26752,0.26813,0.26849,0.26789
2006,4,1,4/01/2006,0.26945,6.0,2006-04-01,0.26866,0.26804,0.26758,0.26749,0.2675,0.26752,0.26813,0.26797
2006,4,2,4/02/2006,0.26963,6.0,2006-04-02,0.26945,0.26866,0.26804,0.26758,0.26749,0.2675,0.26752,0.26838
2006,4,3,4/03/2006,0.2696,6.0,2006-04-03,0.26963,0.26945,0.26866,0.26804,0.26758,0.26749,0.2675,0.26783
2006,4,4,4/04/2006,0.26981,6.0,2006-04-04,0.2696,0.26963,0.26945,0.26866,0.26804,0.26758,0.26749,0.26778
2006,4,5,4/05/2006,0.26987,6.0,2006-04-05,0.26981,0.2696,0.26963,0.26945,0.26866,0.26804,0.26758,0.26757
2006,4,6,4/06/2006,0.26962,6.0,2006-04-06,0.26987,0.26981,0.2696,0.26963,0.26945,0.26866,0.26804,0.2674
2006,4,7,4/07/2006,0.26946,6.0,2006-04-07,0.26962,0.26987,0.26981,0.2696,0.26963,0.26945,0.26866,0.26734
2006,4,8,4/08/2006,0.26927,6.0,2006-04-08,0.26946,0.26962,0.26987,0.26981,0.2696,0.26963,0.26945,0.26745
2006,4,9,4/09/2006,0.26934,6.0,2006-04-09,0.26927,0.26946,0.26962,0.26987,0.26981,0.2696,0.26963,0.26762
2006,4,10,4/10/2006,0.26953,6.0,2006-04-10,0.26934,0.26927,0.26946,0.26962,0.26987,0.26981,0.2696,0.2676
2006,4,11,4/11/2006,0.26915,6.0,2006-04-11,0.26953,0.26934,0.26927,0.26946,0.26962,0.26987,0.26981,0.26759
2006,4,12,4/12/2006,0.26939,6.0,2006-04-12,0.26915,0.26953,0.26934,0.26927,0.26946,0.26962,0.26987,0.26767
2006,4,13,4/13/2006,0.26972,6.0,2006-04-13,0.26939,0.26915,0.26953,0.26934,0.26927,0.26946,0.26962,0.26782
2006,4,14,4/14/2006,0.26989,6.0,2006-04-14,0.26972,0.26939,0.26915,0.26953,0.26934,0.26927,0.26946,0.26815
2006,4,15,4/15/2006,0.26977,6.0,2006-04-15,0.26989,0.26972,0.26939,0.26915,0.26953,0.26934,0.26927,0.26843
2006,4,16,4/16/2006,0.26983,6.0,2006-04-16,0.26977,0.26989,0.26972,0.26939,0.26915,0.26953,0.26934,0.26857
2006,4,17,4/17/2006,0.2696,6.0,2006-04-17,0.26983,0.26977,0.26989,0.26972,0.26939,0.26915,0.26953,0.26867
2006,4,18,4/18/2006,0.26947,6.0,2006-04-18,0.2696,0.26983,0.26977,0.26989,0.26972,0.26939,0.26915,0.26871
2006,4,19,4/19/2006,0.26924,6.0,2006-04-19,0.26947,0.2696,0.26983,0.26977,0.26989,0.26972,0.26939,0.26866
2006,4,20,4/20/2006,0.26888,6.0,2006-04-20,0.26924,0.26947,0.2696,0.26983,0.26977,0.26989,0.26972,0.26849
2006,4,21,4/21/2006,0.2684,6.0,2006-04-21,0.26888,0.26924,0.26947,0.2696,0.26983,0.26977,0.26989,0.26813
2006,4,22,4/22/2006,0.26811,6.0,2006-04-22,0.2684,0.26888,0.26924,0.26947,0.2696,0.26983,0.26977,0.26752
2006,4,23,4/23/2006,0.26822,6.0,2006-04-23,0.26811,0.2684,0.26888,0.26924,0.26947,0.2696,0.26983,0.2675
2006,4,24,4/24/2006,0.26851,6.0,2006-04-24,0.26822,0.26811,0.2684,0.26888,0.26924,0.26947,0.2696,0.26749
2006,4,25,4/25/2006,0.26869,6.0,2006-04-25,0.26851,0.26822,0.26811,0.2684,0.26888,0.26924,0.26947,0.26758
2006,4,26,4/26/2006,0.26952,6.0,2006-04-26,0.26869,0.26851,0.26822,0.26811,0.2684,0.26888,0.26924,0.26804
2006,4,27,4/27/2006,0.27039,6.0,2006-04-27,0.26952,0.26869,0.26851,0.26822,0.26811,0.2684,0.26888,0.26866
2006,4,28,4/28/2006,0.27123,6.0,2006-04-28,0.27039,0.26952,0.26869,0.26851,0.26822,0.26811,0.2684,0.26945
2006,4,29,4/29/2006,0.27174,6.0,2006-04-29,0.27123,0.27039,0.26952,0.26869,0.26851,0.26822,0.26811,0.26963
2006,4,30,4/30/2006,0.27213,6.0,2006-04-30,0.27174,0.27123,0.27039,0.26952,0.26869,0.26851,0.26822,0.2696
2006,5,1,5/01/2006,0.27176,6.0,2006-05-01,0.27213,0.27174,0.27123,0.27039,0.26952,0.26869,0.26851,0.26981
2006,5,2,5/02/2006,0.2713,6.0,2006-05-02,0.27176,0.27213,0.27174,0.27123,0.27039,0.26952,0.26869,0.26987
2006,5,3,5/03/2006,0.27087,6.0,2006-05-03,0.2713,0.27176,0.27213,0.27174,0.27123,0.27039,0.26952,0.26962
2006,5,4,5/04/2006,0.27055,6.0,2006-05-04,0.27087,0.2713,0.27176,0.27213,0.27174,0.27123,0.27039,0.26946
2006,5,5,5/05/2006,0.27028,6.0,2006-05-05,0.27055,0.27087,0.2713,0.27176,0.27213,0.27174,0.27123,0.26927
2006,5,6,5/06/2006,0.26974,6.0,2006-05-06,0.27028,0.27055,0.27087,0.2713,0.27176,0.27213,0.27174,0.26934
2006,5,7,5/07/2006,0.26967,6.0,2006-05-07,0.26974,0.27028,0.27055,0.27087,0.2713,0.27176,0.27213,0.26953
2006,5,8,5/08/2006,0.2698,6.0,2006-05-08,0.26967,0.26974,0.27028,0.27055,0.27087,0.2713,0.27176,0.26915
2006,5,9,5/09/2006,0.26967,6.0,2006-05-09,0.2698,0.26967,0.26974,0.27028,0.27055,0.27087,0.2713,0.26939
2006,5,10,5/10/2006,0.26972,6.0,2006-05-10,0.26967,0.2698,0.26967,0.26974,0.27028,0.27055,0.27087,0.26972
2006,5,11,5/11/2006,0.2695,6.0,2006-05-11,0.26972,0.26967,0.2698,0.26967,0.26974,0.27028,0.27055,0.26989
2006,5,12,5/12/2006,0.26926,6.0,2006-05-12,0.2695,0.26972,0.26967,0.2698,0.26967,0.26974,0.27028,0.26977
2006,5,13,5/13/2006,0.26903,6.0,2006-05-13,0.26926,0.2695,0.26972,0.26967,0.2698,0.26967,0.26974,0.26983
2006,5,14,5/14/2006,0.2688,6.0,2006-05-14,0.26903,0.26926,0.2695,0.26972,0.26967,0.2698,0.26967,0.2696
2006,5,15,5/15/2006,0.26855,6.0,2006-05-15,0.2688,0.26903,0.26926,0.2695,0.26972,0.26967,0.2698,0.26947
2006,5,16,5/16/2006,0.26815,6.0,2006-05-16,0.26855,0.2688,0.26903,0.26926,0.2695,0.26972,0.26967,0.26924
2006,5,17,5/17/2006,0.26777,6.0,2006-05-17,0.26815,0.26855,0.2688,0.26903,0.26926,0.2695,0.26972,0.26888
2006,5,18,5/18/2006,0.26728,6.0,2006-05-18,0.26777,0.26815,0.26855,0.2688,0.26903,0.26926,0.2695,0.2684
2006,5,19,5/19/2006,0.26721,6.0,2006-05-19,0.26728,0.26777,0.26815,0.26855,0.2688,0.26903,0.26926,0.26811
2006,5,20,5/20/2006,0.2675,6.0,2006-05-20,0.26721,0.26728,0.26777,0.26815,0.26855,0.2688,0.26903,0.26822
2006,5,21,5/21/2006,0.26784,6.0,2006-05-21,0.2675,0.26721,0.26728,0.26777,0.26815,0.26855,0.2688,0.26851
2006,5,22,5/22/2006,0.26836,6.0,2006-05-22,0.26784,0.2675,0.26721,0.26728,0.26777,0.26815,0.26855,0.26869
2006,5,23,5/23/2006,0.26902,6.0,2006-05-23,0.26836,0.26784,0.2675,0.26721,0.26728,0.26777,0.26815,0.26952
2006,5,24,5/24/2006,0.26968,6.0,2006-05-24,0.26902,0.26836,0.26784,0.2675,0.26721,0.26728,0.26777,0.27039
2006,5,25,5/25/2006,0.26986,6.0,2006-05-25,0.26968,0.26902,0.26836,0.26784,0.2675,0.26721,0.26728,0.27123
2006,5,26,5/26/2006,0.27022,6.0,2006-05-26,0.26986,0.26968,0.26902,0.26836,0.26784,0.2675,0.26721,0.27174
2006,5,27,5/27/2006,0.27052,6.0,2006-05-27,0.27022,0.26986,0.26968,0.26902,0.26836,0.26784,0.2675,0.27213
2006,5,28,5/28/2006,0.27073,6.0,2006-05-28,0.27052,0.27022,0.26986,0.26968,0.26902,0.26836,0.26784,0.27176
2006,5,29,5/29/2006,0.2704,6.0,2006-05-29,0.27073,0.27052,0.27022,0.26986,0.26968,0.26902,0.26836,0.2713
2006,5,30,5/30/2006,0.27007,6.0,2006-05-30,0.2704,0.27073,0.27052,0.27022,0.26986,0.26968,0.26902,0.27087
2006,5,31,5/31/2006,0.26964,6.0,2006-05-31,0.27007,0.2704,0.27073,0.27052,0.27022,0.26986,0.26968,0.27055
2006,6,1,6/01/2006,0.26911,6.0,2006-06-01,0.26964,0.27007,0.2704,0.27073,0.27052,0.27022,0.26986,0.27028
2006,6,2,6/02/2006,0.2689,6.0,2006-06-02,0.26911,0.26964,0.27007,0.2704,0.27073,0.27052,0.27022,0.26974
2006,6,3,6/03/2006,0.26847,6.0,2006-06-03,0.2689,0.26911,0.26964,0.27007,0.2704,0.27073,0.27052,0.26967
2006,6,4,6/04/2006,0.26823,6.0,2006-06-04,0.26847,0.2689,0.26911,0.26964,0.27007,0.2704,0.27073,0.2698
2006,6,5,6/05/2006,0.2686,6.0,2006-06-05,0.26823,0.26847,0.2689,0.26911,0.26964,0.27007,0.2704,0.26967
2006,6,6,6/06/2006,0.26878,6.0,2006-06-06,0.2686,0.26823,0.26847,0.2689,0.26911,0.26964,0.27007,0.26972
2006,6,7,6/07/2006,0.26892,6.0,2006-06-07,0.26878,0.2686,0.26823,0.26847,0.2689,0.26911,0.26964,0.2695
2006,6,8,6/08/2006,0.26897,6.0,2006-06-08,0.26892,0.26878,0.2686,0.26823,0.26847,0.2689,0.26911,0.26926
2006,6,9,6/09/2006,0.26902,6.0,2006-06-09,0.26897,0.26892,0.26878,0.2686,0.26823,0.26847,0.2689,0.26903
2006,6,10,6/10/2006,0.26909,6.0,2006-06-10,0.26902,0.26897,0.26892,0.26878,0.2686,0.26823,0.26847,0.2688
2006,6,11,6/11/2006,0.26892,6.0,2006-06-11,0.26909,0.26902,0.26897,0.26892,0.26878,0.2686,0.26823,0.26855
2006,6,12,6/12/2006,0.26862,6.0,2006-06-12,0.26892,0.26909,0.26902,0.26897,0.26892,0.26878,0.2686,0.26815
2006,6,13,6/13/2006,0.2686,6.0,2006-06-13,0.26862,0.26892,0.26909,0.26902,0.26897,0.26892,0.26878,0.26777
2006,6,14,6/14/2006,0.26806,6.0,2006-06-14,0.2686,0.26862,0.26892,0.26909,0.26902,0.26897,0.26892,0.26728
2006,6,15,6/15/2006,0.26771,6.0,2006-06-15,0.26806,0.2686,0.26862,0.26892,0.26909,0.26902,0.26897,0.26721
2006,6,16,6/16/2006,0.26763,6.0,2006-06-16,0.26771,0.26806,0.2686,0.26862,0.26892,0.26909,0.26902,0.2675
2006,6,17,6/17/2006,0.26769,6.0,2006-06-17,0.26763,0.26771,0.26806,0.2686,0.26862,0.26892,0.26909,0.26784
2006,6,18,6/18/2006,0.26768,6.0,2006-06-18,0.26769,0.26763,0.26771,0.26806,0.2686,0.26862,0.26892,0.26836
2006,6,19,6/19/2006,0.26798,6.0,2006-06-19,0.26768,0.26769,0.26763,0.26771,0.26806,0.2686,0.26862,0.26902
2006,6,20,6/20/2006,0.26787,6.0,2006-06-20,0.26798,0.26768,0.26769,0.26763,0.26771,0.26806,0.2686,0.26968
2006,6,21,6/21/2006,0.26811,6.0,2006-06-21,0.26787,0.26798,0.26768,0.26769,0.26763,0.26771,0.26806,0.26986
2006,6,22,6/22/2006,0.26824,6.0,2006-06-22,0.26811,0.26787,0.26798,0.26768,0.26769,0.26763,0.26771,0.27022
2006,6,23,6/23/2006,0.2681,6.0,2006-06-23,0.26824,0.26811,0.26787,0.26798,0.26768,0.26769,0.26763,0.27052
2006,6,24,6/24/2006,0.2682,6.0,2006-06-24,0.2681,0.26824,0.26811,0.26787,0.26798,0.26768,0.26769,0.27073
2006,6,25,6/25/2006,0.26825,6.0,2006-06-25,0.2682,0.2681,0.26824,0.26811,0.26787,0.26798,0.26768,0.2704
2006,6,26,6/26/2006,0.26797,6.0,2006-06-26,0.26825,0.2682,0.2681,0.26824,0.26811,0.26787,0.26798,0.27007
2006,6,27,6/27/2006,0.26805,6.0,2006-06-27,0.26797,0.26825,0.2682,0.2681,0.26824,0.26811,0.26787,0.26964
2006,6,28,6/28/2006,0.2684,6.0,2006-06-28,0.26805,0.26797,0.26825,0.2682,0.2681,0.26824,0.26811,0.26911
2006,6,29,6/29/2006,0.26888,6.0,2006-06-29,0.2684,0.26805,0.26797,0.26825,0.2682,0.2681,0.26824,0.2689
2006,6,30,6/30/2006,0.26936,6.0,2006-06-30,0.26888,0.2684,0.26805,0.26797,0.26825,0.2682,0.2681,0.26847
2006,7,1,7/01/2006,0.26966,6.0,2006-07-01,0.26936,0.26888,0.2684,0.26805,0.26797,0.26825,0.2682,0.26823
2006,7,2,7/02/2006,0.26998,6.0,2006-07-02,0.26966,0.26936,0.26888,0.2684,0.26805,0.26797,0.26825,0.2686
2006,7,3,7/03/2006,0.27,6.0,2006-07-03,0.26998,0.26966,0.26936,0.26888,0.2684,0.26805,0.26797,0.26878
2006,7,4,7/04/2006,0.26996,6.0,2006-07-04,0.27,0.26998,0.26966,0.26936,0.26888,0.2684,0.26805,0.26892
2006,7,5,7/05/2006,0.26976,6.0,2006-07-05,0.26996,0.27,0.26998,0.26966,0.26936,0.26888,0.2684,0.26897
2006,7,6,7/06/2006,0.26941,6.0,2006-07-06,0.26976,0.26996,0.27,0.26998,0.26966,0.26936,0.26888,0.26902
2006,7,7,7/07/2006,0.26927,6.0,2006-07-07,0.26941,0.26976,0.26996,0.27,0.26998,0.26966,0.26936,0.26909
2006,7,8,7/08/2006,0.2688,6.0,2006-07-08,0.26927,0.26941,0.26976,0.26996,0.27,0.26998,0.26966,0.26892
2006,7,9,7/09/2006,0.26842,6.0,2006-07-09,0.2688,0.26927,0.26941,0.26976,0.26996,0.27,0.26998,0.26862
2006,7,10,7/10/2006,0.26815,6.0,2006-07-10,0.26842,0.2688,0.26927,0.26941,0.26976,0.26996,0.27,0.2686
2006,7,11,7/11/2006,0.26787,6.0,2006-07-11,0.26815,0.26842,0.2688,0.26927,0.26941,0.26976,0.26996,0.26806
2006,7,12,7/12/2006,0.26755,6.0,2006-07-12,0.26787,0.26815,0.26842,0.2688,0.26927,0.26941,0.26976,0.26771
2006,7,13,7/13/2006,0.2673,6.0,2006-07-13,0.26755,0.26787,0.26815,0.26842,0.2688,0.26927,0.26941,0.26763
2006,7,14,7/14/2006,0.26758,6.0,2006-07-14,0.2673,0.26755,0.26787,0.26815,0.26842,0.2688,0.26927,0.26769
2006,7,15,7/15/2006,0.26754,6.0,2006-07-15,0.26758,0.2673,0.26755,0.26787,0.26815,0.26842,0.2688,0.26768
2006,7,16,7/16/2006,0.26757,6.0,2006-07-16,0.26754,0.26758,0.2673,0.26755,0.26787,0.26815,0.26842,0.26798
2006,7,17,7/17/2006,0.26757,6.0,2006-07-17,0.26757,0.26754,0.26758,0.2673,0.26755,0.26787,0.26815,0.26787
2006,7,18,7/18/2006,0.26756,6.0,2006-07-18,0.26757,0.26757,0.26754,0.26758,0.2673,0.26755,0.26787,0.26811
2006,7,19,7/19/2006,0.26753,6.0,2006-07-19,0.26756,0.26757,0.26757,0.26754,0.26758,0.2673,0.26755,0.26824
2006,7,20,7/20/2006,0.26765,6.0,2006-07-20,0.26753,0.26756,0.26757,0.26757,0.26754,0.26758,0.2673,0.2681
2006,7,21,7/21/2006,0.26765,6.0,2006-07-21,0.26765,0.26753,0.26756,0.26757,0.26757,0.26754,0.26758,0.2682
2006,7,22,7/22/2006,0.26784,6.0,2006-07-22,0.26765,0.26765,0.26753,0.26756,0.26757,0.26757,0.26754,0.26825
2006,7,23,7/23/2006,0.26791,6.0,2006-07-23,0.26784,0.26765,0.26765,0.26753,0.26756,0.26757,0.26757,0.26797
2006,7,24,7/24/2006,0.26811,6.0,2006-07-24,0.26791,0.26784,0.26765,0.26765,0.26753,0.26756,0.26757,0.26805
2006,7,25,7/25/2006,0.2683,6.0,2006-07-25,0.26811,0.26791,0.26784,0.26765,0.26765,0.26753,0.26756,0.2684
2006,7,26,7/26/2006,0.26868,6.0,2006-07-26,0.2683,0.26811,0.26791,0.26784,0.26765,0.26765,0.26753,0.26888
2006,7,27,7/27/2006,-999.0,0.0,2006-07-27,0.26868,0.2683,0.26811,0.26791,0.26784,0.26765,0.26765,0.26936
2006,7,28,7/28/2006,0.26895,6.0,2006-07-28,-999.0,0.26868,0.2683,0.26811,0.26791,0.26784,0.26765,0.26966
2006,7,29,7/29/2006,0.2688,6.0,2006-07-29,0.26895,-999.0,0.26868,0.2683,0.26811,0.26791,0.26784,0.26998
2006,7,30,7/30/2006,0.26893,6.0,2006-07-30,0.2688,0.26895,-999.0,0.26868,0.2683,0.26811,0.26791,0.27
2006,7,31,7/31/2006,0.26891,6.0,2006-07-31,0.26893,0.2688,0.26895,-999.0,0.26868,0.2683,0.26811,0.26996
2006,8,1,8/01/2006,0.26889,6.0,2006-08-01,0.26891,0.26893,0.2688,0.26895,-999.0,0.26868,0.2683,0.26976
2006,8,2,8/02/2006,0.26874,6.0,2006-08-02,0.26889,0.26891,0.26893,0.2688,0.26895,-999.0,0.26868,0.26941
2006,8,3,8/03/2006,0.26824,6.0,2006-08-03,0.26874,0.26889,0.26891,0.26893,0.2688,0.26895,-999.0,0.26927
2006,8,4,8/04/2006,0.26779,6.0,2006-08-04,0.26824,0.26874,0.26889,0.26891,0.26893,0.2688,0.26895,0.2688
2006,8,5,8/05/2006,0.26767,6.0,2006-08-05,0.26779,0.26824,0.26874,0.26889,0.26891,0.26893,0.2688,0.26842
2006,8,6,8/06/2006,0.26694,6.0,2006-08-06,0.26767,0.26779,0.26824,0.26874,0.26889,0.26891,0.26893,0.26815
2006,8,8,8/08/2006,0.26709,6.0,2006-08-08,0.26694,0.26767,0.26779,0.26824,0.26874,0.26889,0.26891,0.26787
2006,8,9,8/09/2006,0.26736,6.0,2006-08-09,0.26709,0.26694,0.26767,0.26779,0.26824,0.26874,0.26889,0.26755
2006,8,10,8/10/2006,0.26762,6.0,2006-08-10,0.26736,0.26709,0.26694,0.26767,0.26779,0.26824,0.26874,0.2673
2006,8,11,8/11/2006,0.26794,6.0,2006-08-11,0.26762,0.26736,0.26709,0.26694,0.26767,0.26779,0.26824,0.26758
2006,8,12,8/12/2006,0.26792,6.0,2006-08-12,0.26794,0.26762,0.26736,0.26709,0.26694,0.26767,0.26779,0.26754
2006,8,13,8/13/2006,0.26815,6.0,2006-08-13,0.26792,0.26794,0.26762,0.26736,0.26709,0.26694,0.26767,0.26757
2006,8,14,8/14/2006,0.26834,6.0,2006-08-14,0.26815,0.26792,0.26794,0.26762,0.26736,0.26709,0.26694,0.26757
2006,8,15,8/15/2006,0.2685,6.0,2006-08-15,0.26834,0.26815,0.26792,0.26794,0.26762,0.26736,0.26709,0.26756
2006,8,16,8/16/2006,0.26879,6.0,2006-08-16,0.2685,0.26834,0.26815,0.26792,0.26794,0.26762,0.26736,0.26753
2006,8,17,8/17/2006,0.269,6.0,2006-08-17,0.26879,0.2685,0.26834,0.26815,0.26792,0.26794,0.26762,0.26765
2006,8,18,8/18/2006,0.26884,6.0,2006-08-18,0.269,0.26879,0.2685,0.26834,0.26815,0.26792,0.26794,0.26765
2006,8,19,8/19/2006,0.26875,6.0,2006-08-19,0.26884,0.269,0.26879,0.2685,0.26834,0.26815,0.26792,0.26784
2006,8,20,8/20/2006,0.2689,6.0,2006-08-20,0.26875,0.26884,0.269,0.26879,0.2685,0.26834,0.26815,0.26791
2006,8,21,8/21/2006,0.26861,6.0,2006-08-21,0.2689,0.26875,0.26884,0.269,0.26879,0.2685,0.26834,0.26811
2006,8,22,8/22/2006,0.26848,6.0,2006-08-22,0.26861,0.2689,0.26875,0.26884,0.269,0.26879,0.2685,0.2683
2006,8,23,8/23/2006,0.26851,6.0,2006-08-23,0.26848,0.26861,0.2689,0.26875,0.26884,0.269,0.26879,0.26868
2006,8,24,8/24/2006,0.26882,6.0,2006-08-24,0.26851,0.26848,0.26861,0.2689,0.26875,0.26884,0.269,-999.0
2006,8,25,8/25/2006,0.26864,6.0,2006-08-25,0.26882,0.26851,0.26848,0.26861,0.2689,0.26875,0.26884,0.26895
2006,8,26,8/26/2006,0.26874,6.0,2006-08-26,0.26864,0.26882,0.26851,0.26848,0.26861,0.2689,0.26875,0.2688
2006,8,27,8/27/2006,0.26898,6.0,2006-08-27,0.26874,0.26864,0.26882,0.26851,0.26848,0.26861,0.2689,0.26893
2006,8,28,8/28/2006,0.26863,6.0,2006-08-28,0.26898,0.26874,0.26864,0.26882,0.26851,0.26848,0.26861,0.26891
2006,8,29,8/29/2006,0.26841,6.0,2006-08-29,0.26863,0.26898,0.26874,0.26864,0.26882,0.26851,0.26848,0.26889
2006,8,30,8/30/2006,0.26839,6.0,2006-08-30,0.26841,0.26863,0.26898,0.26874,0.26864,0.26882,0.26851,0.26874
2006,8,31,8/31/2006,0.26781,6.0,2006-08-31,0.26839,0.26841,0.26863,0.26898,0.26874,0.26864,0.26882,0.26824
2006,9,1,9/01/2006,0.26763,6.0,2006-09-01,0.26781,0.26839,0.26841,0.26863,0.26898,0.26874,0.26864,0.26779
2006,9,2,9/02/2006,0.26713,6.0,2006-09-02,0.26763,0.26781,0.26839,0.26841,0.26863,0.26898,0.26874,0.26767
2006,9,3,9/03/2006,0.26687,6.0,2006-09-03,0.26713,0.26763,0.26781,0.26839,0.26841,0.26863,0.26898,0.26694
2006,9,4,9/04/2006,0.26726,6.0,2006-09-04,0.26687,0.26713,0.26763,0.26781,0.26839,0.26841,0.26863,0.26709
2006,9,5,9/05/2006,0.26759,6.0,2006-09-05,0.26726,0.26687,0.26713,0.26763,0.26781,0.26839,0.26841,0.26736
2006,9,6,9/06/2006,0.26847,6.0,2006-09-06,0.26759,0.26726,0.26687,0.26713,0.26763,0.26781,0.26839,0.26762
2006,9,7,9/07/2006,0.26939,6.0,2006-09-07,0.26847,0.26759,0.26726,0.26687,0.26713,0.26763,0.26781,0.26794
2006,9,8,9/08/2006,0.26999,6.0,2006-09-08,0.26939,0.26847,0.26759,0.26726,0.26687,0.26713,0.26763,0.26792
2006,9,10,9/10/2006,0.27009,6.0,2006-09-10,0.26999,0.26939,0.26847,0.26759,0.26726,0.26687,0.26713,0.26815
2006,9,11,9/11/2006,0.27012,6.0,2006-09-11,0.27009,0.26999,0.26939,0.26847,0.26759,0.26726,0.26687,0.26834
2006,9,12,9/12/2006,0.26987,6.0,2006-09-12,0.27012,0.27009,0.26999,0.26939,0.26847,0.26759,0.26726,0.2685
2006,9,13,9/13/2006,0.2697,6.0,2006-09-13,0.26987,0.27012,0.27009,0.26999,0.26939,0.26847,0.26759,0.26879
2006,9,14,9/14/2006,0.26928,6.0,2006-09-14,0.2697,0.26987,0.27012,0.27009,0.26999,0.26939,0.26847,0.269
2006,9,15,9/15/2006,0.26853,6.0,2006-09-15,0.26928,0.2697,0.26987,0.27012,0.27009,0.26999,0.26939,0.26884
2006,9,16,9/16/2006,0.26783,6.0,2006-09-16,0.26853,0.26928,0.2697,0.26987,0.27012,0.27009,0.26999,0.26875
2006,9,17,9/17/2006,0.26797,6.0,2006-09-17,0.26783,0.26853,0.26928,0.2697,0.26987,0.27012,0.27009,0.2689
2006,9,18,9/18/2006,0.26787,6.0,2006-09-18,0.26797,0.26783,0.26853,0.26928,0.2697,0.26987,0.27012,0.26861
2006,9,19,9/19/2006,0.26797,6.0,2006-09-19,0.26787,0.26797,0.26783,0.26853,0.26928,0.2697,0.26987,0.26848
2006,9,20,9/20/2006,0.26789,6.0,2006-09-20,0.26797,0.26787,0.26797,0.26783,0.26853,0.26928,0.2697,0.26851
2006,9,21,9/21/2006,0.26826,6.0,2006-09-21,0.26789,0.26797,0.26787,0.26797,0.26783,0.26853,0.26928,0.26882
2006,9,22,9/22/2006,0.26819,6.0,2006-09-22,0.26826,0.26789,0.26797,0.26787,0.26797,0.26783,0.26853,0.26864
2006,9,23,9/23/2006,-999.0,0.0,2006-09-23,0.26819,0.26826,0.26789,0.26797,0.26787,0.26797,0.26783,0.26874
2006,9,24,9/24/2006,0.26771,6.0,2006-09-24,-999.0,0.26819,0.26826,0.26789,0.26797,0.26787,0.26797,0.26898
2006,9,25,9/25/2006,-999.0,0.0,2006-09-25,0.26771,-999.0,0.26819,0.26826,0.26789,0.26797,0.26787,0.26863
2006,9,26,9/26/2006,0.26733,6.0,2006-09-26,-999.0,0.26771,-999.0,0.26819,0.26826,0.26789,0.26797,0.26841
2006,9,27,9/27/2006,0.26695,6.0,2006-09-27,0.26733,-999.0,0.26771,-999.0,0.26819,0.26826,0.26789,0.26839
2006,9,28,9/28/2006,0.26685,6.0,2006-09-28,0.26695,0.26733,-999.0,0.26771,-999.0,0.26819,0.26826,0.26781
2006,9,29,9/29/2006,0.26683,6.0,2006-09-29,0.26685,0.26695,0.26733,-999.0,0.26771,-999.0,0.26819,0.26763
2006,9,30,9/30/2006,0.26733,6.0,2006-09-30,0.26683,0.26685,0.26695,0.26733,-999.0,0.26771,-999.0,0.26713
2006,10,1,10/01/2006,0.2676,6.0,2006-10-01,0.26733,0.26683,0.26685,0.26695,0.26733,-999.0,0.26771,0.26687
2006,10,2,10/02/2006,0.26795,6.0,2006-10-02,0.2676,0.26733,0.26683,0.26685,0.26695,0.26733,-999.0,0.26726
2006,10,3,10/03/2006,0.26833,6.0,2006-10-03,0.26795,0.2676,0.26733,0.26683,0.26685,0.26695,0.26733,0.26759
2006,10,4,10/04/2006,-999.0,0.0,2006-10-04,0.26833,0.26795,0.2676,0.26733,0.26683,0.26685,0.26695,0.26847
2006,10,5,10/05/2006,0.269,6.0,2006-10-05,-999.0,0.26833,0.26795,0.2676,0.26733,0.26683,0.26685,0.26939
2006,10,6,10/06/2006,0.26892,6.0,2006-10-06,0.269,-999.0,0.26833,0.26795,0.2676,0.26733,0.26683,0.26999
2006,10,7,10/07/2006,0.26891,6.0,2006-10-07,0.26892,0.269,-999.0,0.26833,0.26795,0.2676,0.26733,0.27009
2006,10,8,10/08/2006,0.26869,6.0,2006-10-08,0.26891,0.26892,0.269,-999.0,0.26833,0.26795,0.2676,0.27012
2006,10,9,10/09/2006,0.26848,6.0,2006-10-09,0.26869,0.26891,0.26892,0.269,-999.0,0.26833,0.26795,0.26987
2006,10,10,10/10/2006,0.26828,6.0,2006-10-10,0.26848,0.26869,0.26891,0.26892,0.269,-999.0,0.26833,0.2697
2006,10,11,10/11/2006,0.26802,6.0,2006-10-11,0.26828,0.26848,0.26869,0.26891,0.26892,0.269,-999.0,0.26928
2006,10,12,10/12/2006,0.26747,6.0,2006-10-12,0.26802,0.26828,0.26848,0.26869,0.26891,0.26892,0.269,0.26853
2006,10,13,10/13/2006,0.26724,6.0,2006-10-13,0.26747,0.26802,0.26828,0.26848,0.26869,0.26891,0.26892,0.26783
2006,10,14,10/14/2006,-999.0,0.0,2006-10-14,0.26724,0.26747,0.26802,0.26828,0.26848,0.26869,0.26891,0.26797
2006,10,15,10/15/2006,0.2668,6.0,2006-10-15,-999.0,0.26724,0.26747,0.26802,0.26828,0.26848,0.26869,0.26787
2006,10,16,10/16/2006,0.26664,6.0,2006-10-16,0.2668,-999.0,0.26724,0.26747,0.26802,0.26828,0.26848,0.26797
2006,10,17,10/17/2006,0.26667,6.0,2006-10-17,0.26664,0.2668,-999.0,0.26724,0.26747,0.26802,0.26828,0.26789
2006,10,18,10/18/2006,0.26654,6.0,2006-10-18,0.26667,0.26664,0.2668,-999.0,0.26724,0.26747,0.26802,0.26826
2006,10,19,10/19/2006,0.26693,6.0,2006-10-19,0.26654,0.26667,0.26664,0.2668,-999.0,0.26724,0.26747,0.26819
2006,10,20,10/20/2006,0.26707,6.0,2006-10-20,0.26693,0.26654,0.26667,0.26664,0.2668,-999.0,0.26724,-999.0
2006,10,21,10/21/2006,0.26711,6.0,2006-10-21,0.26707,0.26693,0.26654,0.26667,0.26664,0.2668,-999.0,0.26771
2006,10,22,10/22/2006,0.26733,6.0,2006-10-22,0.26711,0.26707,0.26693,0.26654,0.26667,0.26664,0.2668,-999.0
2006,10,23,10/23/2006,0.26723,6.0,2006-10-23,0.26733,0.26711,0.26707,0.26693,0.26654,0.26667,0.26664,0.26733
2006,10,24,10/24/2006,0.26745,6.0,2006-10-24,0.26723,0.26733,0.26711,0.26707,0.26693,0.26654,0.26667,0.26695
2006,10,25,10/25/2006,0.26687,6.0,2006-10-25,0.26745,0.26723,0.26733,0.26711,0.26707,0.26693,0.26654,0.26685
2006,10,26,10/26/2006,0.26775,6.0,2006-10-26,0.26687,0.26745,0.26723,0.26733,0.26711,0.26707,0.26693,0.26683
2006,10,27,10/27/2006,-999.0,0.0,2006-10-27,0.26775,0.26687,0.26745,0.26723,0.26733,0.26711,0.26707,0.26733
2006,10,28,10/28/2006,0.26665,6.0,2006-10-28,-999.0,0.26775,0.26687,0.26745,0.26723,0.26733,0.26711,0.2676
2006,10,29,10/29/2006,0.26669,6.0,2006-10-29,0.26665,-999.0,0.26775,0.26687,0.26745,0.26723,0.26733,0.26795
2006,10,30,10/30/2006,-999.0,0.0,2006-10-30,0.26669,0.26665,-999.0,0.26775,0.26687,0.26745,0.26723,0.26833
2006,10,31,10/31/2006,0.26723,6.0,2006-10-31,-999.0,0.26669,0.26665,-999.0,0.26775,0.26687,0.26745,-999.0
2006,11,1,11/01/2006,0.26775,6.0,2006-11-01,0.26723,-999.0,0.26669,0.26665,-999.0,0.26775,0.26687,0.269
2006,11,2,11/02/2006,0.2692,6.0,2006-11-02,0.26775,0.26723,-999.0,0.26669,0.26665,-999.0,0.26775,0.26892
2006,11,3,11/03/2006,0.26849,6.0,2006-11-03,0.2692,0.26775,0.26723,-999.0,0.26669,0.26665,-999.0,0.26891
2006,11,4,11/04/2006,0.26868,6.0,2006-11-04,0.26849,0.2692,0.26775,0.26723,-999.0,0.26669,0.26665,0.26869
2006,11,5,11/05/2006,0.26875,6.0,2006-11-05,0.26868,0.26849,0.2692,0.26775,0.26723,-999.0,0.26669,0.26848
2006,11,6,11/06/2006,0.27012,6.0,2006-11-06,0.26875,0.26868,0.26849,0.2692,0.26775,0.26723,-999.0,0.26828
2006,11,7,11/07/2006,-999.0,0.0,2006-11-07,0.27012,0.26875,0.26868,0.26849,0.2692,0.26775,0.26723,0.26802
2006,11,8,11/08/2006,-999.0,0.0,2006-11-08,-999.0,0.27012,0.26875,0.26868,0.26849,0.2692,0.26775,0.26747
2006,11,9,11/09/2006,0.26795,6.0,2006-11-09,-999.0,-999.0,0.27012,0.26875,0.26868,0.26849,0.2692,0.26724
2006,11,10,11/10/2006,0.26836,6.0,2006-11-10,0.26795,-999.0,-999.0,0.27012,0.26875,0.26868,0.26849,-999.0
2006,11,11,11/11/2006,0.26852,6.0,2006-11-11,0.26836,0.26795,-999.0,-999.0,0.27012,0.26875,0.26868,0.2668
2006,11,12,11/12/2006,-999.0,0.0,2006-11-12,0.26852,0.26836,0.26795,-999.0,-999.0,0.27012,0.26875,0.26664
2006,11,13,11/13/2006,0.26817,6.0,2006-11-13,-999.0,0.26852,0.26836,0.26795,-999.0,-999.0,0.27012,0.26667
2006,11,14,11/14/2006,0.26933,6.0,2006-11-14,0.26817,-999.0,0.26852,0.26836,0.26795,-999.0,-999.0,0.26654
2006,11,15,11/15/2006,0.26935,6.0,2006-11-15,0.26933,0.26817,-999.0,0.26852,0.26836,0.26795,-999.0,0.26693
2006,11,16,11/16/2006,0.26936,6.0,2006-11-16,0.26935,0.26933,0.26817,-999.0,0.26852,0.26836,0.26795,0.26707
2006,11,17,11/17/2006,0.26925,6.0,2006-11-17,0.26936,0.26935,0.26933,0.26817,-999.0,0.26852,0.26836,0.26711
2006,11,18,11/18/2006,0.26914,6.0,2006-11-18,0.26925,0.26936,0.26935,0.26933,0.26817,-999.0,0.26852,0.26733
2006,11,19,11/19/2006,0.26884,6.0,2006-11-19,0.26914,0.26925,0.26936,0.26935,0.26933,0.26817,-999.0,0.26723
2006,11,20,11/20/2006,0.26851,6.0,2006-11-20,0.26884,0.26914,0.26925,0.26936,0.26935,0.26933,0.26817,0.26745
2006,11,21,11/21/2006,0.26744,6.0,2006-11-21,0.26851,0.26884,0.26914,0.26925,0.26936,0.26935,0.26933,0.26687
2006,11,22,11/22/2006,0.26703,6.0,2006-11-22,0.26744,0.26851,0.26884,0.26914,0.26925,0.26936,0.26935,0.26775
2006,11,23,11/23/2006,0.26662,6.0,2006-11-23,0.26703,0.26744,0.26851,0.26884,0.26914,0.26925,0.26936,-999.0
2006,11,24,11/24/2006,0.26653,6.0,2006-11-24,0.26662,0.26703,0.26744,0.26851,0.26884,0.26914,0.26925,0.26665
2006,11,25,11/25/2006,0.26688,6.0,2006-11-25,0.26653,0.26662,0.26703,0.26744,0.26851,0.26884,0.26914,0.26669
2006,11,26,11/26/2006,0.26692,6.0,2006-11-26,0.26688,0.26653,0.26662,0.26703,0.26744,0.26851,0.26884,-999.0
2006,11,27,11/27/2006,-999.0,0.0,2006-11-27,0.26692,0.26688,0.26653,0.26662,0.26703,0.26744,0.26851,0.26723
2006,11,28,11/28/2006,0.2683,6.0,2006-11-28,-999.0,0.26692,0.26688,0.26653,0.26662,0.26703,0.26744,0.26775
2006,11,29,11/29/2006,0.2684,6.0,2006-11-29,0.2683,-999.0,0.26692,0.26688,0.26653,0.26662,0.26703,0.2692
2006,11,30,11/30/2006,0.26885,6.0,2006-11-30,0.2684,0.2683,-999.0,0.26692,0.26688,0.26653,0.26662,0.26849
2006,12,1,12/01/2006,0.26854,6.0,2006-12-01,0.26885,0.2684,0.2683,-999.0,0.26692,0.26688,0.26653,0.26868
2006,12,2,12/02/2006,0.26874,6.0,2006-12-02,0.26854,0.26885,0.2684,0.2683,-999.0,0.26692,0.26688,0.26875
2006,12,3,12/03/2006,0.26831,6.0,2006-12-03,0.26874,0.26854,0.26885,0.2684,0.2683,-999.0,0.26692,0.27012
2006,12,4,12/04/2006,0.26842,6.0,2006-12-04,0.26831,0.26874,0.26854,0.26885,0.2684,0.2683,-999.0,-999.0
2006,12,5,12/05/2006,0.26838,6.0,2006-12-05,0.26842,0.26831,0.26874,0.26854,0.26885,0.2684,0.2683,-999.0
2006,12,6,12/06/2006,0.26888,6.0,2006-12-06,0.26838,0.26842,0.26831,0.26874,0.26854,0.26885,0.2684,0.26795
2006,12,7,12/07/2006,0.26926,6.0,2006-12-07,0.26888,0.26838,0.26842,0.26831,0.26874,0.26854,0.26885,0.26836
2006,12,8,12/08/2006,0.269,6.0,2006-12-08,0.26926,0.26888,0.26838,0.26842,0.26831,0.26874,0.26854,0.26852
2006,12,9,12/09/2006,0.26914,6.0,2006-12-09,0.269,0.26926,0.26888,0.26838,0.26842,0.26831,0.26874,-999.0
2006,12,10,12/10/2006,0.26932,6.0,2006-12-10,0.26914,0.269,0.26926,0.26888,0.26838,0.26842,0.26831,0.26817
2006,12,11,12/11/2006,0.26979,6.0,2006-12-11,0.26932,0.26914,0.269,0.26926,0.26888,0.26838,0.26842,0.26933
2006,12,12,12/12/2006,0.26944,6.0,2006-12-12,0.26979,0.26932,0.26914,0.269,0.26926,0.26888,0.26838,0.26935
2006,12,13,12/13/2006,0.26968,6.0,2006-12-13,0.26944,0.26979,0.26932,0.26914,0.269,0.26926,0.26888,0.26936
2006,12,14,12/14/2006,0.2691,6.0,2006-12-14,0.26968,0.26944,0.26979,0.26932,0.26914,0.269,0.26926,0.26925
2006,12,15,12/15/2006,0.26864,6.0,2006-12-15,0.2691,0.26968,0.26944,0.26979,0.26932,0.26914,0.269,0.26914
2006,12,16,12/16/2006,0.26791,6.0,2006-12-16,0.26864,0.2691,0.26968,0.26944,0.26979,0.26932,0.26914,0.26884
2006,12,17,12/17/2006,0.26762,6.0,2006-12-17,0.26791,0.26864,0.2691,0.26968,0.26944,0.26979,0.26932,0.26851
2006,12,18,12/18/2006,0.26705,6.0,2006-12-18,0.26762,0.26791,0.26864,0.2691,0.26968,0.26944,0.26979,0.26744
2006,12,19,12/19/2006,0.26656,6.0,2006-12-19,0.26705,0.26762,0.26791,0.26864,0.2691,0.26968,0.26944,0.26703
2006,12,20,12/20/2006,0.26639,6.0,2006-12-20,0.26656,0.26705,0.26762,0.26791,0.26864,0.2691,0.26968,0.26662
2006,12,21,12/21/2006,0.26643,6.0,2006-12-21,0.26639,0.26656,0.26705,0.26762,0.26791,0.26864,0.2691,0.26653
2006,12,22,12/22/2006,0.26668,6.0,2006-12-22,0.26643,0.26639,0.26656,0.26705,0.26762,0.26791,0.26864,0.26688
2006,12,23,12/23/2006,0.26692,6.0,2006-12-23,0.26668,0.26643,0.26639,0.26656,0.26705,0.26762,0.26791,0.26692
2006,12,24,12/24/2006,0.26718,6.0,2006-12-24,0.26692,0.26668,0.26643,0.26639,0.26656,0.26705,0.26762,-999.0
2006,12,24,12/24/2006,0.26732,6.0,2006-12-24,0.26718,0.26692,0.26668,0.26643,0.26639,0.26656,0.26705,0.2683
2006,12,25,12/25/2006,0.26764,6.0,2006-12-25,0.26732,0.26718,0.26692,0.26668,0.26643,0.26639,0.26656,0.2684
2006,12,26,12/26/2006,0.26781,6.0,2006-12-26,0.26764,0.26732,0.26718,0.26692,0.26668,0.26643,0.26639,0.26885
2006,12,27,12/27/2006,0.2678,6.0,2006-12-27,0.26781,0.26764,0.26732,0.26718,0.26692,0.26668,0.26643,0.26854
2006,12,28,12/28/2006,0.26773,6.0,2006-12-28,0.2678,0.26781,0.26764,0.26732,0.26718,0.26692,0.26668,0.26874
2006,12,29,12/29/2006,0.26775,6.0,2006-12-29,0.26773,0.2678,0.26781,0.26764,0.26732,0.26718,0.26692,0.26831
2006,12,30,12/30/2006,0.26772,6.0,2006-12-30,0.26775,0.26773,0.2678,0.26781,0.26764,0.26732,0.26718,0.26842
2006,12,31,12/31/2006,-999.0,0.0,2006-12-31,0.26772,0.26775,0.26773,0.2678,0.26781,0.26764,0.26732,0.26838
2007,1,1,1/01/2007,0.26847,6.0,2007-01-01,-999.0,0.26772,0.26775,0.26773,0.2678,0.26781,0.26764,0.26888
2007,1,1,1/01/2007,0.26801,6.0,2007-01-01,0.26847,-999.0,0.26772,0.26775,0.26773,0.2678,0.26781,0.26926
2007,1,2,1/02/2007,0.26886,6.0,2007-01-02,0.26801,0.26847,-999.0,0.26772,0.26775,0.26773,0.2678,0.269
2007,1,3,1/03/2007,0.26924,6.0,2007-01-03,0.26886,0.26801,0.26847,-999.0,0.26772,0.26775,0.26773,0.26914
2007,1,4,1/04/2007,0.26951,6.0,2007-01-04,0.26924,0.26886,0.26801,0.26847,-999.0,0.26772,0.26775,0.26932
2007,1,5,1/05/2007,-999.0,0.0,2007-01-05,0.26951,0.26924,0.26886,0.26801,0.26847,-999.0,0.26772,0.26979
2007,1,6,1/06/2007,0.26946,6.0,2007-01-06,-999.0,0.26951,0.26924,0.26886,0.26801,0.26847,-999.0,0.26944
2007,1,7,1/07/2007,0.26941,6.0,2007-01-07,0.26946,-999.0,0.26951,0.26924,0.26886,0.26801,0.26847,0.26968
2007,1,8,1/08/2007,0.26956,6.0,2007-01-08,0.26941,0.26946,-999.0,0.26951,0.26924,0.26886,0.26801,0.2691
2007,1,9,1/09/2007,0.26922,6.0,2007-01-09,0.26956,0.26941,0.26946,-999.0,0.26951,0.26924,0.26886,0.26864
2007,1,10,1/10/2007,0.26892,6.0,2007-01-10,0.26922,0.26956,0.26941,0.26946,-999.0,0.26951,0.26924,0.26791
2007,1,11,1/11/2007,-999.0,0.0,2007-01-11,0.26892,0.26922,0.26956,0.26941,0.26946,-999.0,0.26951,0.26762
2007,1,12,1/12/2007,0.26784,6.0,2007-01-12,-999.0,0.26892,0.26922,0.26956,0.26941,0.26946,-999.0,0.26705
2007,1,13,1/13/2007,0.26755,6.0,2007-01-13,0.26784,-999.0,0.26892,0.26922,0.26956,0.26941,0.26946,0.26656
2007,1,14,1/14/2007,0.26771,6.0,2007-01-14,0.26755,0.26784,-999.0,0.26892,0.26922,0.26956,0.26941,0.26639
2007,1,15,1/15/2007,0.26773,6.0,2007-01-15,0.26771,0.26755,0.26784,-999.0,0.26892,0.26922,0.26956,0.26643
2007,1,16,1/16/2007,0.26806,6.0,2007-01-16,0.26773,0.26771,0.26755,0.26784,-999.0,0.26892,0.26922,0.26668
2007,1,17,1/17/2007,0.26795,6.0,2007-01-17,0.26806,0.26773,0.26771,0.26755,0.26784,-999.0,0.26892,0.26692
2007,1,17,1/17/2007,0.26978,6.0,2007-01-17,0.26795,0.26806,0.26773,0.26771,0.26755,0.26784,-999.0,0.26718
2007,1,18,1/18/2007,0.26768,6.0,2007-01-18,0.26978,0.26795,0.26806,0.26773,0.26771,0.26755,0.26784,0.26732
2007,1,18,1/18/2007,0.26796,6.0,2007-01-18,0.26768,0.26978,0.26795,0.26806,0.26773,0.26771,0.26755,0.26764
2007,1,19,1/19/2007,0.26821,6.0,2007-01-19,0.26796,0.26768,0.26978,0.26795,0.26806,0.26773,0.26771,0.26781
2007,1,19,1/19/2007,0.26779,6.0,2007-01-19,0.26821,0.26796,0.26768,0.26978,0.26795,0.26806,0.26773,0.2678
2007,1,20,1/20/2007,0.26816,6.0,2007-01-20,0.26779,0.26821,0.26796,0.26768,0.26978,0.26795,0.26806,0.26773
2007,1,21,1/21/2007,0.268,6.0,2007-01-21,0.26816,0.26779,0.26821,0.26796,0.26768,0.26978,0.26795,0.26775
2007,1,22,1/22/2007,0.26833,6.0,2007-01-22,0.268,0.26816,0.26779,0.26821,0.26796,0.26768,0.26978,0.26772
2007,1,23,1/23/2007,0.26782,6.0,2007-01-23,0.26833,0.268,0.26816,0.26779,0.26821,0.26796,0.26768,-999.0
2007,1,24,1/24/2007,0.2674,6.0,2007-01-24,0.26782,0.26833,0.268,0.26816,0.26779,0.26821,0.26796,0.26847
2007,1,25,1/25/2007,0.2675,6.0,2007-01-25,0.2674,0.26782,0.26833,0.268,0.26816,0.26779,0.26821,0.26801
2007,1,26,1/26/2007,0.26695,6.0,2007-01-26,0.2675,0.2674,0.26782,0.26833,0.268,0.26816,0.26779,0.26886
2007,1,27,1/27/2007,0.26728,6.0,2007-01-27,0.26695,0.2675,0.2674,0.26782,0.26833,0.268,0.26816,0.26924
2007,1,28,1/28/2007,0.26762,6.0,2007-01-28,0.26728,0.26695,0.2675,0.2674,0.26782,0.26833,0.268,0.26951
2007,1,29,1/29/2007,0.26786,6.0,2007-01-29,0.26762,0.26728,0.26695,0.2675,0.2674,0.26782,0.26833,-999.0
2007,1,30,1/30/2007,0.26849,6.0,2007-01-30,0.26786,0.26762,0.26728,0.26695,0.2675,0.2674,0.26782,0.26946
2007,1,31,1/31/2007,0.2687,6.0,2007-01-31,0.26849,0.26786,0.26762,0.26728,0.26695,0.2675,0.2674,0.26941
2007,2,1,2/01/2007,0.26905,6.0,2007-02-01,0.2687,0.26849,0.26786,0.26762,0.26728,0.26695,0.2675,0.26956
2007,2,2,2/02/2007,0.26882,6.0,2007-02-02,0.26905,0.2687,0.26849,0.26786,0.26762,0.26728,0.26695,0.26922
2007,2,3,2/03/2007,0.26901,6.0,2007-02-03,0.26882,0.26905,0.2687,0.26849,0.26786,0.26762,0.26728,0.26892
2007,2,4,2/04/2007,0.26874,6.0,2007-02-04,0.26901,0.26882,0.26905,0.2687,0.26849,0.26786,0.26762,-999.0
2007,2,5,2/05/2007,0.26872,6.0,2007-02-05,0.26874,0.26901,0.26882,0.26905,0.2687,0.26849,0.26786,0.26784
2007,2,6,2/06/2007,0.26853,6.0,2007-02-06,0.26872,0.26874,0.26901,0.26882,0.26905,0.2687,0.26849,0.26755
2007,2,7,2/07/2007,0.26812,6.0,2007-02-07,0.26853,0.26872,0.26874,0.26901,0.26882,0.26905,0.2687,0.26771
2007,2,8,2/08/2007,0.26791,6.0,2007-02-08,0.26812,0.26853,0.26872,0.26874,0.26901,0.26882,0.26905,0.26773
2007,2,9,2/09/2007,0.2678,6.0,2007-02-09,0.26791,0.26812,0.26853,0.26872,0.26874,0.26901,0.26882,0.26806
2007,2,10,2/10/2007,0.26735,6.0,2007-02-10,0.2678,0.26791,0.26812,0.26853,0.26872,0.26874,0.26901,0.26795
2007,2,11,2/11/2007,0.26754,6.0,2007-02-11,0.26735,0.2678,0.26791,0.26812,0.26853,0.26872,0.26874,0.26978
2007,2,12,2/12/2007,0.2676,6.0,2007-02-12,0.26754,0.26735,0.2678,0.26791,0.26812,0.26853,0.26872,0.26768
2007,2,13,2/13/2007,0.2672,6.0,2007-02-13,0.2676,0.26754,0.26735,0.2678,0.26791,0.26812,0.26853,0.26796
2007,2,14,2/14/2007,0.26695,6.0,2007-02-14,0.2672,0.2676,0.26754,0.26735,0.2678,0.26791,0.26812,0.26821
2007,2,15,2/15/2007,0.26717,6.0,2007-02-15,0.26695,0.2672,0.2676,0.26754,0.26735,0.2678,0.26791,0.26779
2007,2,16,2/16/2007,0.26743,6.0,2007-02-16,0.26717,0.26695,0.2672,0.2676,0.26754,0.26735,0.2678,0.26816
2007,2,17,2/17/2007,0.26749,6.0,2007-02-17,0.26743,0.26717,0.26695,0.2672,0.2676,0.26754,0.26735,0.268
2007,2,18,2/18/2007,0.26773,6.0,2007-02-18,0.26749,0.26743,0.26717,0.26695,0.2672,0.2676,0.26754,0.26833
2007,2,19,2/19/2007,0.26787,6.0,2007-02-19,0.26773,0.26749,0.26743,0.26717,0.26695,0.2672,0.2676,0.26782
2007,2,20,2/20/2007,0.26785,6.0,2007-02-20,0.26787,0.26773,0.26749,0.26743,0.26717,0.26695,0.2672,0.2674
2007,2,21,2/21/2007,0.26769,6.0,2007-02-21,0.26785,0.26787,0.26773,0.26749,0.26743,0.26717,0.26695,0.2675
2007,2,22,2/22/2007,0.26719,6.0,2007-02-22,0.26769,0.26785,0.26787,0.26773,0.26749,0.26743,0.26717,0.26695
2007,2,23,2/23/2007,0.26736,6.0,2007-02-23,0.26719,0.26769,0.26785,0.26787,0.26773,0.26749,0.26743,0.26728
2007,2,24,2/24/2007,0.26758,6.0,2007-02-24,0.26736,0.26719,0.26769,0.26785,0.26787,0.26773,0.26749,0.26762
2007,2,25,2/25/2007,0.26778,6.0,2007-02-25,0.26758,0.26736,0.26719,0.26769,0.26785,0.26787,0.26773,0.26786
2007,2,26,2/26/2007,0.26791,6.0,2007-02-26,0.26778,0.26758,0.26736,0.26719,0.26769,0.26785,0.26787,0.26849
2007,2,27,2/27/2007,0.26784,6.0,2007-02-27,0.26791,0.26778,0.26758,0.26736,0.26719,0.26769,0.26785,0.2687
2007,2,28,2/28/2007,0.26782,6.0,2007-02-28,0.26784,0.26791,0.26778,0.26758,0.26736,0.26719,0.26769,0.26905
2007,3,1,3/01/2007,0.26753,6.0,2007-03-01,0.26782,0.26784,0.26791,0.26778,0.26758,0.26736,0.26719,0.26882
2007,3,2,3/02/2007,0.26753,6.0,2007-03-02,0.26753,0.26782,0.26784,0.26791,0.26778,0.26758,0.26736,0.26901
2007,3,3,3/03/2007,0.26773,6.0,2007-03-03,0.26753,0.26753,0.26782,0.26784,0.26791,0.26778,0.26758,0.26874
2007,3,4,3/04/2007,0.26731,6.0,2007-03-04,0.26773,0.26753,0.26753,0.26782,0.26784,0.26791,0.26778,0.26872
2007,3,5,3/05/2007,0.26726,6.0,2007-03-05,0.26731,0.26773,0.26753,0.26753,0.26782,0.26784,0.26791,0.26853
2007,3,6,3/06/2007,0.26721,6.0,2007-03-06,0.26726,0.26731,0.26773,0.26753,0.26753,0.26782,0.26784,0.26812
2007,3,7,3/07/2007,0.26685,6.0,2007-03-07,0.26721,0.26726,0.26731,0.26773,0.26753,0.26753,0.26782,0.26791
2007,3,8,3/08/2007,0.2667,6.0,2007-03-08,0.26685,0.26721,0.26726,0.26731,0.26773,0.26753,0.26753,0.2678
2007,3,9,3/09/2007,0.267,6.0,2007-03-09,0.2667,0.26685,0.26721,0.26726,0.26731,0.26773,0.26753,0.26735
2007,3,10,3/10/2007,0.2669,6.0,2007-03-10,0.267,0.2667,0.26685,0.26721,0.26726,0.26731,0.26773,0.26754
2007,3,11,3/11/2007,0.26677,6.0,2007-03-11,0.2669,0.267,0.2667,0.26685,0.26721,0.26726,0.26731,0.2676
2007,3,12,3/12/2007,0.26667,6.0,2007-03-12,0.26677,0.2669,0.267,0.2667,0.26685,0.26721,0.26726,0.2672
2007,3,13,3/13/2007,0.2666,6.0,2007-03-13,0.26667,0.26677,0.2669,0.267,0.2667,0.26685,0.26721,0.26695
2007,3,14,3/14/2007,0.26683,6.0,2007-03-14,0.2666,0.26667,0.26677,0.2669,0.267,0.2667,0.26685,0.26717
2007,3,15,3/15/2007,0.2666,6.0,2007-03-15,0.26683,0.2666,0.26667,0.26677,0.2669,0.267,0.2667,0.26743
2007,3,16,3/16/2007,0.26663,6.0,2007-03-16,0.2666,0.26683,0.2666,0.26667,0.26677,0.2669,0.267,0.26749
2007,3,17,3/17/2007,0.2666,6.0,2007-03-17,0.26663,0.2666,0.26683,0.2666,0.26667,0.26677,0.2669,0.26773
2007,3,18,3/18/2007,0.26661,6.0,2007-03-18,0.2666,0.26663,0.2666,0.26683,0.2666,0.26667,0.26677,0.26787
2007,3,19,3/19/2007,0.26692,6.0,2007-03-19,0.26661,0.2666,0.26663,0.2666,0.26683,0.2666,0.26667,0.26785
2007,3,20,3/20/2007,0.26691,6.0,2007-03-20,0.26692,0.26661,0.2666,0.26663,0.2666,0.26683,0.2666,0.26769
2007,3,21,3/21/2007,0.26721,6.0,2007-03-21,0.26691,0.26692,0.26661,0.2666,0.26663,0.2666,0.26683,0.26719
2007,3,22,3/22/2007,0.26693,6.0,2007-03-22,0.26721,0.26691,0.26692,0.26661,0.2666,0.26663,0.2666,0.26736
2007,3,23,3/23/2007,0.26745,6.0,2007-03-23,0.26693,0.26721,0.26691,0.26692,0.26661,0.2666,0.26663,0.26758
2007,3,24,3/24/2007,0.26764,6.0,2007-03-24,0.26745,0.26693,0.26721,0.26691,0.26692,0.26661,0.2666,0.26778
2007,3,25,3/25/2007,0.2674,6.0,2007-03-25,0.26764,0.26745,0.26693,0.26721,0.26691,0.26692,0.26661,0.26791
2007,3,26,3/26/2007,0.26765,6.0,2007-03-26,0.2674,0.26764,0.26745,0.26693,0.26721,0.26691,0.26692,0.26784
2007,3,27,3/27/2007,0.26774,6.0,2007-03-27,0.26765,0.2674,0.26764,0.26745,0.26693,0.26721,0.26691,0.26782
2007,3,28,3/28/2007,0.26781,6.0,2007-03-28,0.26774,0.26765,0.2674,0.26764,0.26745,0.26693,0.26721,0.26753
2007,3,29,3/29/2007,0.26784,6.0,2007-03-29,0.26781,0.26774,0.26765,0.2674,0.26764,0.26745,0.26693,0.26753
2007,3,30,3/30/2007,0.26789,6.0,2007-03-30,0.26784,0.26781,0.26774,0.26765,0.2674,0.26764,0.26745,0.26773
2007,3,31,3/31/2007,0.26787,6.0,2007-03-31,0.26789,0.26784,0.26781,0.26774,0.26765,0.2674,0.26764,0.26731
2007,4,1,4/01/2007,0.26768,6.0,2007-04-01,0.26787,0.26789,0.26784,0.26781,0.26774,0.26765,0.2674,0.26726
2007,4,2,4/02/2007,0.26764,6.0,2007-04-02,0.26768,0.26787,0.26789,0.26784,0.26781,0.26774,0.26765,0.26721
2007,4,3,4/03/2007,0.26723,6.0,2007-04-03,0.26764,0.26768,0.26787,0.26789,0.26784,0.26781,0.26774,0.26685
2007,4,4,4/04/2007,0.26713,6.0,2007-04-04,0.26723,0.26764,0.26768,0.26787,0.26789,0.26784,0.26781,0.2667
2007,4,5,4/05/2007,0.26725,6.0,2007-04-05,0.26713,0.26723,0.26764,0.26768,0.26787,0.26789,0.26784,0.267
2007,4,6,4/06/2007,0.2669,6.0,2007-04-06,0.26725,0.26713,0.26723,0.26764,0.26768,0.26787,0.26789,0.2669
2007,4,7,4/07/2007,0.26685,6.0,2007-04-07,0.2669,0.26725,0.26713,0.26723,0.26764,0.26768,0.26787,0.26677
2007,4,8,4/08/2007,0.26684,6.0,2007-04-08,0.26685,0.2669,0.26725,0.26713,0.26723,0.26764,0.26768,0.26667
2007,4,9,4/09/2007,0.26679,6.0,2007-04-09,0.26684,0.26685,0.2669,0.26725,0.26713,0.26723,0.26764,0.2666
2007,4,10,4/10/2007,0.26651,6.0,2007-04-10,0.26679,0.26684,0.26685,0.2669,0.26725,0.26713,0.26723,0.26683
2007,4,11,4/11/2007,0.26639,6.0,2007-04-11,0.26651,0.26679,0.26684,0.26685,0.2669,0.26725,0.26713,0.2666
2007,4,12,4/12/2007,0.26648,6.0,2007-04-12,0.26639,0.26651,0.26679,0.26684,0.26685,0.2669,0.26725,0.26663
2007,4,13,4/13/2007,0.26664,6.0,2007-04-13,0.26648,0.26639,0.26651,0.26679,0.26684,0.26685,0.2669,0.2666
2007,4,14,4/14/2007,0.2667,6.0,2007-04-14,0.26664,0.26648,0.26639,0.26651,0.26679,0.26684,0.26685,0.26661
2007,4,15,4/15/2007,0.26671,6.0,2007-04-15,0.2667,0.26664,0.26648,0.26639,0.26651,0.26679,0.26684,0.26692
2007,4,16,4/16/2007,0.26671,6.0,2007-04-16,0.26671,0.2667,0.26664,0.26648,0.26639,0.26651,0.26679,0.26691
2007,4,17,4/17/2007,0.26676,6.0,2007-04-17,0.26671,0.26671,0.2667,0.26664,0.26648,0.26639,0.26651,0.26721
2007,4,18,4/18/2007,0.26671,6.0,2007-04-18,0.26676,0.26671,0.26671,0.2667,0.26664,0.26648,0.26639,0.26693
2007,4,19,4/19/2007,0.2667,6.0,2007-04-19,0.26671,0.26676,0.26671,0.26671,0.2667,0.26664,0.26648,0.26745
2007,4,20,4/20/2007,0.26657,6.0,2007-04-20,0.2667,0.26671,0.26676,0.26671,0.26671,0.2667,0.26664,0.26764
2007,4,21,4/21/2007,0.26656,6.0,2007-04-21,0.26657,0.2667,0.26671,0.26676,0.26671,0.26671,0.2667,0.2674
2007,4,22,4/22/2007,0.26683,6.0,2007-04-22,0.26656,0.26657,0.2667,0.26671,0.26676,0.26671,0.26671,0.26765
2007,4,23,4/23/2007,0.2666,6.0,2007-04-23,0.26683,0.26656,0.26657,0.2667,0.26671,0.26676,0.26671,0.26774
2007,4,24,4/24/2007,0.26698,6.0,2007-04-24,0.2666,0.26683,0.26656,0.26657,0.2667,0.26671,0.26676,0.26781
2007,4,25,4/25/2007,0.26721,6.0,2007-04-25,0.26698,0.2666,0.26683,0.26656,0.26657,0.2667,0.26671,0.26784
2007,4,26,4/26/2007,0.2675,6.0,2007-04-26,0.26721,0.26698,0.2666,0.26683,0.26656,0.26657,0.2667,0.26789
2007,4,27,4/27/2007,0.26799,6.0,2007-04-27,0.2675,0.26721,0.26698,0.2666,0.26683,0.26656,0.26657,0.26787
2007,4,28,4/28/2007,0.26826,6.0,2007-04-28,0.26799,0.2675,0.26721,0.26698,0.2666,0.26683,0.26656,0.26768
2007,4,29,4/29/2007,0.26868,6.0,2007-04-29,0.26826,0.26799,0.2675,0.26721,0.26698,0.2666,0.26683,0.26764
2007,4,30,4/30/2007,0.26857,6.0,2007-04-30,0.26868,0.26826,0.26799,0.2675,0.26721,0.26698,0.2666,0.26723
2007,5,1,5/01/2007,0.26846,6.0,2007-05-01,0.26857,0.26868,0.26826,0.26799,0.2675,0.26721,0.26698,0.26713
2007,5,2,5/02/2007,0.26858,6.0,2007-05-02,0.26846,0.26857,0.26868,0.26826,0.26799,0.2675,0.26721,0.26725
2007,5,3,5/03/2007,0.26847,6.0,2007-05-03,0.26858,0.26846,0.26857,0.26868,0.26826,0.26799,0.2675,0.2669
2007,5,4,5/04/2007,0.26804,6.0,2007-05-04,0.26847,0.26858,0.26846,0.26857,0.26868,0.26826,0.26799,0.26685
2007,5,5,5/05/2007,0.26785,6.0,2007-05-05,0.26804,0.26847,0.26858,0.26846,0.26857,0.26868,0.26826,0.26684
2007,5,6,5/06/2007,0.26768,6.0,2007-05-06,0.26785,0.26804,0.26847,0.26858,0.26846,0.26857,0.26868,0.26679
2007,5,7,5/07/2007,0.2673,6.0,2007-05-07,0.26768,0.26785,0.26804,0.26847,0.26858,0.26846,0.26857,0.26651
2007,5,8,5/08/2007,0.26674,6.0,2007-05-08,0.2673,0.26768,0.26785,0.26804,0.26847,0.26858,0.26846,0.26639
2007,5,9,5/09/2007,0.26662,6.0,2007-05-09,0.26674,0.2673,0.26768,0.26785,0.26804,0.26847,0.26858,0.26648
2007,5,10,5/10/2007,0.26713,6.0,2007-05-10,0.26662,0.26674,0.2673,0.26768,0.26785,0.26804,0.26847,0.26664
2007,5,11,5/11/2007,0.2671,6.0,2007-05-11,0.26713,0.26662,0.26674,0.2673,0.26768,0.26785,0.26804,0.2667
2007,5,12,5/12/2007,0.26707,6.0,2007-05-12,0.2671,0.26713,0.26662,0.26674,0.2673,0.26768,0.26785,0.26671
2007,5,13,5/13/2007,0.26724,6.0,2007-05-13,0.26707,0.2671,0.26713,0.26662,0.26674,0.2673,0.26768,0.26671
2007,5,14,5/14/2007,0.26743,6.0,2007-05-14,0.26724,0.26707,0.2671,0.26713,0.26662,0.26674,0.2673,0.26676
2007,5,15,5/15/2007,0.26721,6.0,2007-05-15,0.26743,0.26724,0.26707,0.2671,0.26713,0.26662,0.26674,0.26671
2007,5,16,5/16/2007,0.26746,6.0,2007-05-16,0.26721,0.26743,0.26724,0.26707,0.2671,0.26713,0.26662,0.2667
2007,5,17,5/17/2007,0.26771,6.0,2007-05-17,0.26746,0.26721,0.26743,0.26724,0.26707,0.2671,0.26713,0.26657
2007,5,18,5/18/2007,0.26749,6.0,2007-05-18,0.26771,0.26746,0.26721,0.26743,0.26724,0.26707,0.2671,0.26656
2007,5,19,5/19/2007,0.26729,6.0,2007-05-19,0.26749,0.26771,0.26746,0.26721,0.26743,0.26724,0.26707,0.26683
2007,5,20,5/20/2007,0.26732,6.0,2007-05-20,0.26729,0.26749,0.26771,0.26746,0.26721,0.26743,0.26724,0.2666
2007,5,21,5/21/2007,0.2674,6.0,2007-05-21,0.26732,0.26729,0.26749,0.26771,0.26746,0.26721,0.26743,0.26698
2007,5,22,5/22/2007,0.26738,6.0,2007-05-22,0.2674,0.26732,0.26729,0.26749,0.26771,0.26746,0.26721,0.26721
2007,5,23,5/23/2007,0.26768,6.0,2007-05-23,0.26738,0.2674,0.26732,0.26729,0.26749,0.26771,0.26746,0.2675
2007,5,24,5/24/2007,0.26753,6.0,2007-05-24,0.26768,0.26738,0.2674,0.26732,0.26729,0.26749,0.26771,0.26799
2007,5,25,5/25/2007,0.26755,6.0,2007-05-25,0.26753,0.26768,0.26738,0.2674,0.26732,0.26729,0.26749,0.26826
2007,5,26,5/26/2007,0.26716,6.0,2007-05-26,0.26755,0.26753,0.26768,0.26738,0.2674,0.26732,0.26729,0.26868
2007,5,27,5/27/2007,0.26707,6.0,2007-05-27,0.26716,0.26755,0.26753,0.26768,0.26738,0.2674,0.26732,0.26857
2007,5,28,5/28/2007,0.26699,6.0,2007-05-28,0.26707,0.26716,0.26755,0.26753,0.26768,0.26738,0.2674,0.26846
2007,5,29,5/29/2007,0.26718,6.0,2007-05-29,0.26699,0.26707,0.26716,0.26755,0.26753,0.26768,0.26738,0.26858
2007,5,30,5/30/2007,0.2672,6.0,2007-05-30,0.26718,0.26699,0.26707,0.26716,0.26755,0.26753,0.26768,0.26847
2007,5,31,5/31/2007,0.26728,6.0,2007-05-31,0.2672,0.26718,0.26699,0.26707,0.26716,0.26755,0.26753,0.26804
2007,6,1,6/01/2007,0.26756,6.0,2007-06-01,0.26728,0.2672,0.26718,0.26699,0.26707,0.26716,0.26755,0.26785
2007,6,2,6/02/2007,0.26781,6.0,2007-06-02,0.26756,0.26728,0.2672,0.26718,0.26699,0.26707,0.26716,0.26768
2007,6,3,6/03/2007,0.26842,6.0,2007-06-03,0.26781,0.26756,0.26728,0.2672,0.26718,0.26699,0.26707,0.2673
2007,6,4,6/04/2007,0.2685,6.0,2007-06-04,0.26842,0.26781,0.26756,0.26728,0.2672,0.26718,0.26699,0.26674
2007,6,5,6/05/2007,0.26899,6.0,2007-06-05,0.2685,0.26842,0.26781,0.26756,0.26728,0.2672,0.26718,0.26662
2007,6,6,6/06/2007,0.26919,6.0,2007-06-06,0.26899,0.2685,0.26842,0.26781,0.26756,0.26728,0.2672,0.26713
2007,6,7,6/07/2007,0.26973,6.0,2007-06-07,0.26919,0.26899,0.2685,0.26842,0.26781,0.26756,0.26728,0.2671
2007,6,8,6/08/2007,0.26977,6.0,2007-06-08,0.26973,0.26919,0.26899,0.2685,0.26842,0.26781,0.26756,0.26707
2007,6,9,6/09/2007,0.26966,6.0,2007-06-09,0.26977,0.26973,0.26919,0.26899,0.2685,0.26842,0.26781,0.26724
2007,6,10,6/10/2007,0.2693,6.0,2007-06-10,0.26966,0.26977,0.26973,0.26919,0.26899,0.2685,0.26842,0.26743
2007,6,11,6/11/2007,0.26878,6.0,2007-06-11,0.2693,0.26966,0.26977,0.26973,0.26919,0.26899,0.2685,0.26721
2007,6,12,6/12/2007,0.2685,6.0,2007-06-12,0.26878,0.2693,0.26966,0.26977,0.26973,0.26919,0.26899,0.26746
2007,6,13,6/13/2007,0.26817,6.0,2007-06-13,0.2685,0.26878,0.2693,0.26966,0.26977,0.26973,0.26919,0.26771
2007,6,14,6/14/2007,0.26738,6.0,2007-06-14,0.26817,0.2685,0.26878,0.2693,0.26966,0.26977,0.26973,0.26749
2007,6,15,6/15/2007,0.26672,6.0,2007-06-15,0.26738,0.26817,0.2685,0.26878,0.2693,0.26966,0.26977,0.26729
2007,6,16,6/16/2007,0.26717,6.0,2007-06-16,0.26672,0.26738,0.26817,0.2685,0.26878,0.2693,0.26966,0.26732
2007,6,17,6/17/2007,0.26696,6.0,2007-06-17,0.26717,0.26672,0.26738,0.26817,0.2685,0.26878,0.2693,0.2674
2007,6,18,6/18/2007,0.2668,6.0,2007-06-18,0.26696,0.26717,0.26672,0.26738,0.26817,0.2685,0.26878,0.26738
2007,6,19,6/19/2007,0.26678,6.0,2007-06-19,0.2668,0.26696,0.26717,0.26672,0.26738,0.26817,0.2685,0.26768
2007,6,20,6/20/2007,0.26679,6.0,2007-06-20,0.26678,0.2668,0.26696,0.26717,0.26672,0.26738,0.26817,0.26753
2007,6,21,6/21/2007,0.26662,6.0,2007-06-21,0.26679,0.26678,0.2668,0.26696,0.26717,0.26672,0.26738,0.26755
2007,6,22,6/22/2007,0.26666,6.0,2007-06-22,0.26662,0.26679,0.26678,0.2668,0.26696,0.26717,0.26672,0.26716
2007,6,23,6/23/2007,0.26649,6.0,2007-06-23,0.26666,0.26662,0.26679,0.26678,0.2668,0.26696,0.26717,0.26707
2007,6,24,6/24/2007,0.26659,6.0,2007-06-24,0.26649,0.26666,0.26662,0.26679,0.26678,0.2668,0.26696,0.26699
2007,6,25,6/25/2007,0.26641,6.0,2007-06-25,0.26659,0.26649,0.26666,0.26662,0.26679,0.26678,0.2668,0.26718
2007,6,26,6/26/2007,0.26658,6.0,2007-06-26,0.26641,0.26659,0.26649,0.26666,0.26662,0.26679,0.26678,0.2672
2007,6,27,6/27/2007,0.26672,6.0,2007-06-27,0.26658,0.26641,0.26659,0.26649,0.26666,0.26662,0.26679,0.26728
2007,6,28,6/28/2007,0.2673,6.0,2007-06-28,0.26672,0.26658,0.26641,0.26659,0.26649,0.26666,0.26662,0.26756
2007,6,29,6/29/2007,0.26767,6.0,2007-06-29,0.2673,0.26672,0.26658,0.26641,0.26659,0.26649,0.26666,0.26781
2007,6,30,6/30/2007,0.26798,6.0,2007-06-30,0.26767,0.2673,0.26672,0.26658,0.26641,0.26659,0.26649,0.26842
2007,7,1,7/01/2007,0.26808,6.0,2007-07-01,0.26798,0.26767,0.2673,0.26672,0.26658,0.26641,0.26659,0.2685
2007,7,2,7/02/2007,0.268,6.0,2007-07-02,0.26808,0.26798,0.26767,0.2673,0.26672,0.26658,0.26641,0.26899
2007,7,3,7/03/2007,0.26806,6.0,2007-07-03,0.268,0.26808,0.26798,0.26767,0.2673,0.26672,0.26658,0.26919
2007,7,4,7/04/2007,0.26818,6.0,2007-07-04,0.26806,0.268,0.26808,0.26798,0.26767,0.2673,0.26672,0.26973
2007,7,5,7/05/2007,0.26818,6.0,2007-07-05,0.26818,0.26806,0.268,0.26808,0.26798,0.26767,0.2673,0.26977
2007,7,6,7/06/2007,-999.0,0.0,2007-07-06,0.26818,0.26818,0.26806,0.268,0.26808,0.26798,0.26767,0.26966
2007,7,7,7/07/2007,0.26783,6.0,2007-07-07,-999.0,0.26818,0.26818,0.26806,0.268,0.26808,0.26798,0.2693
2007,7,8,7/08/2007,0.26765,6.0,2007-07-08,0.26783,-999.0,0.26818,0.26818,0.26806,0.268,0.26808,0.26878
2007,7,9,7/09/2007,0.26728,6.0,2007-07-09,0.26765,0.26783,-999.0,0.26818,0.26818,0.26806,0.268,0.2685
2007,7,10,7/10/2007,0.26756,6.0,2007-07-10,0.26728,0.26765,0.26783,-999.0,0.26818,0.26818,0.26806,0.26817
2007,7,10,7/10/2007,0.26646,6.0,2007-07-10,0.26756,0.26728,0.26765,0.26783,-999.0,0.26818,0.26818,0.26738
2007,7,11,7/11/2007,0.26725,6.0,2007-07-11,0.26646,0.26756,0.26728,0.26765,0.26783,-999.0,0.26818,0.26672
2007,7,12,7/12/2007,0.26736,6.0,2007-07-12,0.26725,0.26646,0.26756,0.26728,0.26765,0.26783,-999.0,0.26717
2007,7,13,7/13/2007,0.26781,6.0,2007-07-13,0.26736,0.26725,0.26646,0.26756,0.26728,0.26765,0.26783,0.26696
2007,7,14,7/14/2007,0.26814,6.0,2007-07-14,0.26781,0.26736,0.26725,0.26646,0.26756,0.26728,0.26765,0.2668
2007,7,15,7/15/2007,0.26825,6.0,2007-07-15,0.26814,0.26781,0.26736,0.26725,0.26646,0.26756,0.26728,0.26678
2007,7,16,7/16/2007,0.26802,6.0,2007-07-16,0.26825,0.26814,0.26781,0.26736,0.26725,0.26646,0.26756,0.26679
2007,7,17,7/17/2007,0.26757,6.0,2007-07-17,0.26802,0.26825,0.26814,0.26781,0.26736,0.26725,0.26646,0.26662
2007,7,18,7/18/2007,0.26742,6.0,2007-07-18,0.26757,0.26802,0.26825,0.26814,0.26781,0.26736,0.26725,0.26666
2007,7,19,7/19/2007,0.26723,6.0,2007-07-19,0.26742,0.26757,0.26802,0.26825,0.26814,0.26781,0.26736,0.26649
2007,7,20,7/20/2007,0.26673,6.0,2007-07-20,0.26723,0.26742,0.26757,0.26802,0.26825,0.26814,0.26781,0.26659
2007,7,21,7/21/2007,0.26652,6.0,2007-07-21,0.26673,0.26723,0.26742,0.26757,0.26802,0.26825,0.26814,0.26641
2007,7,22,7/22/2007,0.26631,6.0,2007-07-22,0.26652,0.26673,0.26723,0.26742,0.26757,0.26802,0.26825,0.26658
2007,7,23,7/23/2007,0.26627,6.0,2007-07-23,0.26631,0.26652,0.26673,0.26723,0.26742,0.26757,0.26802,0.26672
2007,7,24,7/24/2007,0.26658,6.0,2007-07-24,0.26627,0.26631,0.26652,0.26673,0.26723,0.26742,0.26757,0.2673
2007,7,25,7/25/2007,0.26667,6.0,2007-07-25,0.26658,0.26627,0.26631,0.26652,0.26673,0.26723,0.26742,0.26767
2007,7,26,7/26/2007,0.2668,6.0,2007-07-26,0.26667,0.26658,0.26627,0.26631,0.26652,0.26673,0.26723,0.26798
2007,7,27,7/27/2007,0.2671,6.0,2007-07-27,0.2668,0.26667,0.26658,0.26627,0.26631,0.26652,0.26673,0.26808
2007,7,28,7/28/2007,0.26728,6.0,2007-07-28,0.2671,0.2668,0.26667,0.26658,0.26627,0.26631,0.26652,0.268
2007,7,29,7/29/2007,0.26759,6.0,2007-07-29,0.26728,0.2671,0.2668,0.26667,0.26658,0.26627,0.26631,0.26806
2007,7,30,7/30/2007,0.26761,6.0,2007-07-30,0.26759,0.26728,0.2671,0.2668,0.26667,0.26658,0.26627,0.26818
2007,7,31,7/31/2007,0.26759,6.0,2007-07-31,0.26761,0.26759,0.26728,0.2671,0.2668,0.26667,0.26658,0.26818
2007,8,1,8/01/2007,0.26735,6.0,2007-08-01,0.26759,0.26761,0.26759,0.26728,0.2671,0.2668,0.26667,-999.0
2007,8,2,8/02/2007,0.26735,6.0,2007-08-02,0.26735,0.26759,0.26761,0.26759,0.26728,0.2671,0.2668,0.26783
2007,8,3,8/03/2007,0.26737,6.0,2007-08-03,0.26735,0.26735,0.26759,0.26761,0.26759,0.26728,0.2671,0.26765
2007,8,4,8/04/2007,0.26738,6.0,2007-08-04,0.26737,0.26735,0.26735,0.26759,0.26761,0.26759,0.26728,0.26728
2007,8,5,8/05/2007,0.26715,6.0,2007-08-05,0.26738,0.26737,0.26735,0.26735,0.26759,0.26761,0.26759,0.26756
2007,8,6,8/06/2007,0.26708,6.0,2007-08-06,0.26715,0.26738,0.26737,0.26735,0.26735,0.26759,0.26761,0.26646
2007,8,7,8/07/2007,0.267,6.0,2007-08-07,0.26708,0.26715,0.26738,0.26737,0.26735,0.26735,0.26759,0.26725
2007,8,8,8/08/2007,0.26705,6.0,2007-08-08,0.267,0.26708,0.26715,0.26738,0.26737,0.26735,0.26735,0.26736
2007,8,9,8/09/2007,0.26669,6.0,2007-08-09,0.26705,0.267,0.26708,0.26715,0.26738,0.26737,0.26735,0.26781
2007,8,10,8/10/2007,-999.0,0.0,2007-08-10,0.26669,0.26705,0.267,0.26708,0.26715,0.26738,0.26737,0.26814
2007,8,11,8/11/2007,0.26682,6.0,2007-08-11,-999.0,0.26669,0.26705,0.267,0.26708,0.26715,0.26738,0.26825
2007,8,12,8/12/2007,0.26694,6.0,2007-08-12,0.26682,-999.0,0.26669,0.26705,0.267,0.26708,0.26715,0.26802
2007,8,13,8/13/2007,0.26695,6.0,2007-08-13,0.26694,0.26682,-999.0,0.26669,0.26705,0.267,0.26708,0.26757
2007,8,14,8/14/2007,0.26705,6.0,2007-08-14,0.26695,0.26694,0.26682,-999.0,0.26669,0.26705,0.267,0.26742
2007,8,15,8/15/2007,-999.0,0.0,2007-08-15,0.26705,0.26695,0.26694,0.26682,-999.0,0.26669,0.26705,0.26723
2007,8,16,8/16/2007,0.26676,6.0,2007-08-16,-999.0,0.26705,0.26695,0.26694,0.26682,-999.0,0.26669,0.26673
2007,8,17,8/17/2007,0.2665,6.0,2007-08-17,0.26676,-999.0,0.26705,0.26695,0.26694,0.26682,-999.0,0.26652
2007,8,18,8/18/2007,-999.0,0.0,2007-08-18,0.2665,0.26676,-999.0,0.26705,0.26695,0.26694,0.26682,0.26631
2007,8,19,8/19/2007,0.26623,6.0,2007-08-19,-999.0,0.2665,0.26676,-999.0,0.26705,0.26695,0.26694,0.26627
2007,8,20,8/20/2007,0.26642,6.0,2007-08-20,0.26623,-999.0,0.2665,0.26676,-999.0,0.26705,0.26695,0.26658
2007,8,21,8/21/2007,0.26657,6.0,2007-08-21,0.26642,0.26623,-999.0,0.2665,0.26676,-999.0,0.26705,0.26667
2007,8,22,8/22/2007,0.2668,6.0,2007-08-22,0.26657,0.26642,0.26623,-999.0,0.2665,0.26676,-999.0,0.2668
2007,8,23,8/23/2007,0.26695,6.0,2007-08-23,0.2668,0.26657,0.26642,0.26623,-999.0,0.2665,0.26676,0.2671
2007,8,24,8/24/2007,0.2672,6.0,2007-08-24,0.26695,0.2668,0.26657,0.26642,0.26623,-999.0,0.2665,0.26728
2007,8,25,8/25/2007,0.26718,6.0,2007-08-25,0.2672,0.26695,0.2668,0.26657,0.26642,0.26623,-999.0,0.26759
2007,8,26,8/26/2007,0.26729,6.0,2007-08-26,0.26718,0.2672,0.26695,0.2668,0.26657,0.26642,0.26623,0.26761
2007,8,27,8/27/2007,0.26718,6.0,2007-08-27,0.26729,0.26718,0.2672,0.26695,0.2668,0.26657,0.26642,0.26759
2007,8,28,8/28/2007,0.26719,6.0,2007-08-28,0.26718,0.26729,0.26718,0.2672,0.26695,0.2668,0.26657,0.26735
2007,8,29,8/29/2007,0.26733,6.0,2007-08-29,0.26719,0.26718,0.26729,0.26718,0.2672,0.26695,0.2668,0.26735
2007,8,30,8/30/2007,0.26692,6.0,2007-08-30,0.26733,0.26719,0.26718,0.26729,0.26718,0.2672,0.26695,0.26737
2007,8,31,8/31/2007,0.2669,6.0,2007-08-31,0.26692,0.26733,0.26719,0.26718,0.26729,0.26718,0.2672,0.26738
2007,9,1,9/01/2007,0.26707,6.0,2007-09-01,0.2669,0.26692,0.26733,0.26719,0.26718,0.26729,0.26718,0.26715
2007,9,2,9/02/2007,0.26686,6.0,2007-09-02,0.26707,0.2669,0.26692,0.26733,0.26719,0.26718,0.26729,0.26708
2007,9,3,9/03/2007,0.26634,6.0,2007-09-03,0.26686,0.26707,0.2669,0.26692,0.26733,0.26719,0.26718,0.267
2007,9,4,9/04/2007,0.26619,6.0,2007-09-04,0.26634,0.26686,0.26707,0.2669,0.26692,0.26733,0.26719,0.26705
2007,9,5,9/05/2007,0.26605,6.0,2007-09-05,0.26619,0.26634,0.26686,0.26707,0.2669,0.26692,0.26733,0.26669
2007,9,6,9/06/2007,0.26597,6.0,2007-09-06,0.26605,0.26619,0.26634,0.26686,0.26707,0.2669,0.26692,-999.0
2007,9,7,9/07/2007,0.26592,6.0,2007-09-07,0.26597,0.26605,0.26619,0.26634,0.26686,0.26707,0.2669,0.26682
2007,9,8,9/08/2007,0.26588,6.0,2007-09-08,0.26592,0.26597,0.26605,0.26619,0.26634,0.26686,0.26707,0.26694
2007,9,9,9/09/2007,0.2658,6.0,2007-09-09,0.26588,0.26592,0.26597,0.26605,0.26619,0.26634,0.26686,0.26695
2007,9,10,9/10/2007,0.26585,6.0,2007-09-10,0.2658,0.26588,0.26592,0.26597,0.26605,0.26619,0.26634,0.26705
2007,9,11,9/11/2007,0.26588,6.0,2007-09-11,0.26585,0.2658,0.26588,0.26592,0.26597,0.26605,0.26619,-999.0
2007,9,12,9/12/2007,0.26578,6.0,2007-09-12,0.26588,0.26585,0.2658,0.26588,0.26592,0.26597,0.26605,0.26676
2007,9,13,9/13/2007,0.2659,6.0,2007-09-13,0.26578,0.26588,0.26585,0.2658,0.26588,0.26592,0.26597,0.2665
2007,9,14,9/14/2007,0.26567,6.0,2007-09-14,0.2659,0.26578,0.26588,0.26585,0.2658,0.26588,0.26592,-999.0
2007,9,15,9/15/2007,0.26564,6.0,2007-09-15,0.26567,0.2659,0.26578,0.26588,0.26585,0.2658,0.26588,0.26623
2007,9,16,9/16/2007,0.26573,6.0,2007-09-16,0.26564,0.26567,0.2659,0.26578,0.26588,0.26585,0.2658,0.26642
2007,9,17,9/17/2007,0.26574,6.0,2007-09-17,0.26573,0.26564,0.26567,0.2659,0.26578,0.26588,0.26585,0.26657
2007,9,18,9/18/2007,0.26564,6.0,2007-09-18,0.26574,0.26573,0.26564,0.26567,0.2659,0.26578,0.26588,0.2668
2007,9,19,9/19/2007,0.26502,6.0,2007-09-19,0.26564,0.26574,0.26573,0.26564,0.26567,0.2659,0.26578,0.26695
2007,9,20,9/20/2007,0.26574,6.0,2007-09-20,0.26502,0.26564,0.26574,0.26573,0.26564,0.26567,0.2659,0.2672
2007,9,21,9/21/2007,0.26413,6.0,2007-09-21,0.26574,0.26502,0.26564,0.26574,0.26573,0.26564,0.26567,0.26718
2007,9,22,9/22/2007,0.26469,6.0,2007-09-22,0.26413,0.26574,0.26502,0.26564,0.26574,0.26573,0.26564,0.26729
2007,9,23,9/23/2007,0.26868,6.0,2007-09-23,0.26469,0.26413,0.26574,0.26502,0.26564,0.26574,0.26573,0.26718
2007,9,24,9/24/2007,0.26619,6.0,2007-09-24,0.26868,0.26469,0.26413,0.26574,0.26502,0.26564,0.26574,0.26719
2007,9,25,9/25/2007,-999.0,0.0,2007-09-25,0.26619,0.26868,0.26469,0.26413,0.26574,0.26502,0.26564,0.26733
2007,9,26,9/26/2007,0.26697,6.0,2007-09-26,-999.0,0.26619,0.26868,0.26469,0.26413,0.26574,0.26502,0.26692
2007,9,27,9/27/2007,0.26661,6.0,2007-09-27,0.26697,-999.0,0.26619,0.26868,0.26469,0.26413,0.26574,0.2669
2007,9,28,9/28/2007,0.26563,6.0,2007-09-28,0.26661,0.26697,-999.0,0.26619,0.26868,0.26469,0.26413,0.26707
2007,9,28,9/28/2007,0.26563,6.0,2007-09-28,0.26563,0.26661,0.26697,-999.0,0.26619,0.26868,0.26469,0.26686
2007,9,29,9/29/2007,0.26491,6.0,2007-09-29,0.26563,0.26563,0.26661,0.26697,-999.0,0.26619,0.26868,0.26634
2007,9,30,9/30/2007,0.26667,6.0,2007-09-30,0.26491,0.26563,0.26563,0.26661,0.26697,-999.0,0.26619,0.26619
2007,10,1,10/01/2007,-999.0,0.0,2007-10-01,0.26667,0.26491,0.26563,0.26563,0.26661,0.26697,-999.0,0.26605
2007,10,2,10/02/2007,0.26679,6.0,2007-10-02,-999.0,0.26667,0.26491,0.26563,0.26563,0.26661,0.26697,0.26597
2007,10,3,10/03/2007,0.26354,6.0,2007-10-03,0.26679,-999.0,0.26667,0.26491,0.26563,0.26563,0.26661,0.26592
2007,10,4,10/04/2007,0.2661,6.0,2007-10-04,0.26354,0.26679,-999.0,0.26667,0.26491,0.26563,0.26563,0.26588
2007,10,5,10/05/2007,-999.0,0.0,2007-10-05,0.2661,0.26354,0.26679,-999.0,0.26667,0.26491,0.26563,0.2658
2007,10,6,10/06/2007,0.26146,6.0,2007-10-06,-999.0,0.2661,0.26354,0.26679,-999.0,0.26667,0.26491,0.26585
2007,10,7,10/07/2007,0.26447,6.0,2007-10-07,0.26146,-999.0,0.2661,0.26354,0.26679,-999.0,0.26667,0.26588
2007,10,8,10/08/2007,0.26537,6.0,2007-10-08,0.26447,0.26146,-999.0,0.2661,0.26354,0.26679,-999.0,0.26578
2007,10,9,10/09/2007,-999.0,0.0,2007-10-09,0.26537,0.26447,0.26146,-999.0,0.2661,0.26354,0.26679,0.2659
